source_id	target_id
D006394	DOID:0001816
MESH:D006394	DOID:0001816
D008659	DOID:0014667
MESH:D008659	DOID:0014667
D000081012	DOID:0040091
MESH:D000081012	DOID:0040091
C000730515	DOID:0040093
MESH:C000730515	DOID:0040093
D012373	DOID:0050052
MESH:D012373	DOID:0050052
D004887	DOID:0050061
MESH:D004887	DOID:0050061
C000656784	DOID:0050072
MESH:C000656784	DOID:0050072
C536166	DOID:0050083
MESH:C536166	DOID:0050083
C000656825	DOID:0050096
MESH:C000656825	DOID:0050096
D004670	DOID:0050118
MESH:D004670	DOID:0050118
D051359	DOID:0050120
MESH:D051359	DOID:0050120
D010854	DOID:0050133
MESH:D010854	DOID:0050133
D004604	DOID:0050138
MESH:D004604	DOID:0050138
D007619	DOID:0050144
MESH:D007619	DOID:0050144
D059249	DOID:0050147
MESH:D059249	DOID:0050147
D011015	DOID:0050152
MESH:D011015	DOID:0050152
D054990	DOID:0050156
MESH:D054990	DOID:0050156
D018549	DOID:0050157
MESH:D018549	DOID:0050157
C562470	DOID:0050158
MESH:C562470	DOID:0050158
C562489	DOID:0050159
MESH:C562489	DOID:0050159
C571912	DOID:0050160
MESH:C571912	DOID:0050160
D004675	DOID:0050175
MESH:D004675	DOID:0050175
D004892	DOID:0050185
MESH:D004892	DOID:0050185
D045464	DOID:0050192
MESH:D045464	DOID:0050192
C000723471	DOID:0050202
MESH:C000723471	DOID:0050202
D015624	DOID:0050214
MESH:D015624	DOID:0050214
C536369	DOID:0050256
MESH:C536369	DOID:0050256
D058285	DOID:0050266
MESH:D058285	DOID:0050266
D014247	DOID:0050269
MESH:D014247	DOID:0050269
D060585	DOID:0050289
MESH:D060585	DOID:0050289
D060586	DOID:0050290
MESH:D060586	DOID:0050290
D000839	DOID:0050304
MESH:D000839	DOID:0050304
D003409	DOID:0050328
MESH:D003409	DOID:0050328
C564243	DOID:0050335
MESH:C564243	DOID:0050335
D017674	DOID:0050336
MESH:D017674	DOID:0050336
C572568	DOID:0050419
MESH:C572568	DOID:0050419
D011125	DOID:0050424
MESH:D011125	DOID:0050424
D012148	DOID:0050425
MESH:D012148	DOID:0050425
D013262	DOID:0050426
MESH:D013262	DOID:0050426
D014983	DOID:0050427
MESH:D014983	DOID:0050427
C563422	DOID:0050428
MESH:C563422	DOID:0050428
D016506	DOID:0050429
MESH:D016506	DOID:0050429
D018813	DOID:0050430
MESH:D018813	DOID:0050430
D019571	DOID:0050431
MESH:D019571	DOID:0050431
D020817	DOID:0050432
MESH:D020817	DOID:0050432
D034062	DOID:0050433
MESH:D034062	DOID:0050433
D050030	DOID:0050434
MESH:D050030	DOID:0050434
D050336	DOID:0050436
MESH:D050336	DOID:0050436
D052120	DOID:0050437
MESH:D052120	DOID:0050437
D052159	DOID:0050438
MESH:D052159	DOID:0050438
D052245	DOID:0050439
MESH:D052245	DOID:0050439
D052496	DOID:0050440
MESH:D052496	DOID:0050440
D052517	DOID:0050441
MESH:D052517	DOID:0050441
D052919	DOID:0050444
MESH:D052919	DOID:0050444
D053098	DOID:0050445
MESH:D053098	DOID:0050445
D053529	DOID:0050448
MESH:D053529	DOID:0050448
D053549	DOID:0050449
MESH:D053549	DOID:0050449
D053579	DOID:0050450
MESH:D053579	DOID:0050450
D053840	DOID:0050451
MESH:D053840	DOID:0050451
D054078	DOID:0050452
MESH:D054078	DOID:0050452
D054082	DOID:0050453
MESH:D054082	DOID:0050453
D054091	DOID:0050454
MESH:D054091	DOID:0050454
D054312	DOID:0050456
MESH:D054312	DOID:0050456
D054331	DOID:0050457
MESH:D054331	DOID:0050457
D054429	DOID:0050458
MESH:D054429	DOID:0050458
D054559	DOID:0050459
MESH:D054559	DOID:0050459
D054877	DOID:0050460
MESH:D054877	DOID:0050460
D054880	DOID:0050461
MESH:D054880	DOID:0050461
D055036	DOID:0050463
MESH:D055036	DOID:0050463
D055577	DOID:0050464
MESH:D055577	DOID:0050464
D055653	DOID:0050465
MESH:D055653	DOID:0050465
D055947	DOID:0050466
MESH:D055947	DOID:0050466
D056266	DOID:0050467
MESH:D056266	DOID:0050467
D056684	DOID:0050468
MESH:D056684	DOID:0050468
D056685	DOID:0050469
MESH:D056685	DOID:0050469
D056731	DOID:0050470
MESH:D056731	DOID:0050470
D056733	DOID:0050471
MESH:D056733	DOID:0050471
D056734	DOID:0050472
MESH:D056734	DOID:0050472
D056769	DOID:0050473
MESH:D056769	DOID:0050473
D056846	DOID:0050475
MESH:D056846	DOID:0050475
D056889	DOID:0050476
MESH:D056889	DOID:0050476
D056929	DOID:0050477
MESH:D056929	DOID:0050477
C537582	DOID:0050485
MESH:C537582	DOID:0050485
D005076	DOID:0050486
MESH:D005076	DOID:0050486
D005077	DOID:0050495
MESH:D005077	DOID:0050495
D002044	DOID:0050521
MESH:D002044	DOID:0050521
D015459	DOID:0050523
MESH:D015459	DOID:0050523
C562772	DOID:0050524
MESH:C562772	DOID:0050524
C563948	DOID:0050529
MESH:C563948	DOID:0050529
D014897	DOID:0050530
MESH:D014897	DOID:0050530
C537743	DOID:0050534
MESH:C537743	DOID:0050534
C564683	DOID:0050544
MESH:C564683	DOID:0050544
C536911	DOID:0050547
MESH:C536911	DOID:0050547
D009477	DOID:0050548
MESH:D009477	DOID:0050548
D058494	DOID:0050560
MESH:D058494	DOID:0050560
D065768	DOID:0050561
MESH:D065768	DOID:0050561
D013036	DOID:0050562
MESH:D013036	DOID:0050562
C580334	DOID:0050563
MESH:C580334	DOID:0050563
C535747	DOID:0050571
MESH:C535747	DOID:0050571
C535306	DOID:0050573
MESH:C535306	DOID:0050573
C537580	DOID:0050576
MESH:C537580	DOID:0050576
C562966	DOID:0050577
MESH:C562966	DOID:0050577
D059327	DOID:0050581
MESH:D059327	DOID:0050581
D014256	DOID:0050587
MESH:D014256	DOID:0050587
D015212	DOID:0050589
MESH:D015212	DOID:0050589
D000848	DOID:0050591
MESH:D000848	DOID:0050591
D012554	DOID:0050597
MESH:D012554	DOID:0050597
D012555	DOID:0050597
MESH:D012555	DOID:0050597
C535334	DOID:0050600
MESH:C535334	DOID:0050600
C564334	DOID:0050604
MESH:C564334	DOID:0050604
C538178	DOID:0050605
MESH:C538178	DOID:0050605
D010255	DOID:0050619
MESH:D010255	DOID:0050619
C562664	DOID:0050630
MESH:C562664	DOID:0050630
C537047	DOID:0050631
MESH:C537047	DOID:0050631
D016115	DOID:0050632
MESH:D016115	DOID:0050632
D016117	DOID:0050633
MESH:D016117	DOID:0050633
C537055	DOID:0050634
MESH:C537055	DOID:0050634
C536589	DOID:0050635
MESH:C536589	DOID:0050635
C562717	DOID:0050641
MESH:C562717	DOID:0050641
C537440	DOID:0050644
MESH:C537440	DOID:0050644
C565942	DOID:0050645
MESH:C565942	DOID:0050645
C535388	DOID:0050647
MESH:C535388	DOID:0050647
D004694	DOID:0050651
MESH:D004694	DOID:0050651
C536788	DOID:0050654
MESH:C536788	DOID:0050654
D006223	DOID:0050657
MESH:D006223	DOID:0050657
D016715	DOID:0050657
MESH:D016715	DOID:0050657
C537658	DOID:0050659
MESH:C537658	DOID:0050659
D057826	DOID:0050661
MESH:D057826	DOID:0050661
C567518	DOID:0050662
MESH:C567518	DOID:0050662
C535436	DOID:0050663
MESH:C535436	DOID:0050663
C567357	DOID:0050675
MESH:C567357	DOID:0050675
D058249	DOID:0050676
MESH:D058249	DOID:0050676
C537633	DOID:0050677
MESH:C537633	DOID:0050677
C538157	DOID:0050678
MESH:C538157	DOID:0050678
C536573	DOID:0050680
MESH:C536573	DOID:0050680
C536575	DOID:0050681
MESH:C536575	DOID:0050681
C564392	DOID:0050683
MESH:C564392	DOID:0050683
C537081	DOID:0050684
MESH:C537081	DOID:0050684
D009371	DOID:0050686
MESH:D009371	DOID:0050686
C565193	DOID:0050689
MESH:C565193	DOID:0050689
C537098	DOID:0050690
MESH:C537098	DOID:0050690
C536607	DOID:0050692
MESH:C536607	DOID:0050692
C537111	DOID:0050694
MESH:C537111	DOID:0050694
D002821	DOID:0050697
MESH:D002821	DOID:0050697
D057973	DOID:0050699
MESH:D057973	DOID:0050699
D009202	DOID:0050700
MESH:D009202	DOID:0050700
C566618	DOID:0050722
MESH:C566618	DOID:0050722
D014806	DOID:0050731
MESH:D014806	DOID:0050731
C536259	DOID:0050740
MESH:C536259	DOID:0050740
D014029	DOID:0050742
MESH:D014029	DOID:0050742
D016403	DOID:0050745
MESH:D016403	DOID:0050745
D020522	DOID:0050746
MESH:D020522	DOID:0050746
D018442	DOID:0050748
MESH:D018442	DOID:0050748
D002524	DOID:0050753
MESH:D002524	DOID:0050753
C535808	DOID:0050757
MESH:C535808	DOID:0050757
D020967	DOID:0050759
MESH:D020967	DOID:0050759
D054546	DOID:0050765
MESH:D054546	DOID:0050765
D054546	DOID:0050766
MESH:D054546	DOID:0050766
C536108	DOID:0050769
MESH:C536108	DOID:0050769
C536330	DOID:0050770
MESH:C536330	DOID:0050770
D010673	DOID:0050771
MESH:D010673	DOID:0050771
D010235	DOID:0050773
MESH:D010235	DOID:0050773
C535288	DOID:0050774
MESH:C535288	DOID:0050774
C536637	DOID:0050775
MESH:C536637	DOID:0050775
C536079	DOID:0050779
MESH:C536079	DOID:0050779
D015043	DOID:0050782
MESH:D015043	DOID:0050782
D020528	DOID:0050783
MESH:D020528	DOID:0050783
D020528	DOID:0050784
MESH:D020528	DOID:0050784
D020528	DOID:0050785
MESH:D020528	DOID:0050785
C537702	DOID:0050787
MESH:C537702	DOID:0050787
C537931	DOID:0050790
MESH:C537931	DOID:0050790
C536665	DOID:0050791
MESH:C536665	DOID:0050791
C563977	DOID:0050792
MESH:C563977	DOID:0050792
D000077765	DOID:0050795
MESH:D000077765	DOID:0050795
C536010	DOID:0050796
MESH:C536010	DOID:0050796
C536662	DOID:0050797
MESH:C536662	DOID:0050797
C537622	DOID:0050799
MESH:C537622	DOID:0050799
C567196	DOID:0050807
MESH:C567196	DOID:0050807
C531633	DOID:0050810
MESH:C531633	DOID:0050810
C567551	DOID:0050812
MESH:C567551	DOID:0050812
C536958	DOID:0050814
MESH:C536958	DOID:0050814
C536480	DOID:0050816
MESH:C536480	DOID:0050816
D000080362	DOID:0050817
MESH:D000080362	DOID:0050817
D054537	DOID:0050820
MESH:D054537	DOID:0050820
D012214	DOID:0050827
MESH:D012214	DOID:0050827
D058729	DOID:0050830
MESH:D058729	DOID:0050830
C536841	DOID:0050831
MESH:C536841	DOID:0050831
D058747	DOID:0050834
MESH:D058747	DOID:0050834
D004422	DOID:0050835
MESH:D004422	DOID:0050835
D020821	DOID:0050835
MESH:D020821	DOID:0050835
D012891	DOID:0050847
MESH:D012891	DOID:0050847
D020181	DOID:0050848
MESH:D020181	DOID:0050848
D056587	DOID:0050854
MESH:D056587	DOID:0050854
C536026	DOID:0050858
MESH:C536026	DOID:0050858
D005350	DOID:0050871
MESH:D005350	DOID:0050871
D008224	DOID:0050873
MESH:D008224	DOID:0050873
D016767	DOID:0050876
MESH:D016767	DOID:0050876
C563476	DOID:0050881
MESH:C563476	DOID:0050881
C566029	DOID:0050884
MESH:C566029	DOID:0050884
C536974	DOID:0050887
MESH:C536974	DOID:0050887
D000564	DOID:0050894
MESH:D000564	DOID:0050894
D008527	DOID:0050902
MESH:D008527	DOID:0050902
D018242	DOID:0050902
MESH:D018242	DOID:0050902
D009190	DOID:0050908
MESH:D009190	DOID:0050908
C536787	DOID:0050946
MESH:C536787	DOID:0050946
C564815	DOID:0050952
MESH:C564815	DOID:0050952
D020754	DOID:0050957
MESH:D020754	DOID:0050957
C537202	DOID:0050974
MESH:C537202	DOID:0050974
C537203	DOID:0050975
MESH:C537203	DOID:0050975
C535506	DOID:0050990
MESH:C535506	DOID:0050990
D001017	DOID:0051054
MESH:D001017	DOID:0051054
C563003	DOID:0051060
MESH:C563003	DOID:0051060
D053632	DOID:0060013
MESH:D053632	DOID:0060013
C538361	DOID:0060020
MESH:C538361	DOID:0060020
D053306	DOID:0060023
MESH:D053306	DOID:0060023
D017098	DOID:0060025
MESH:D017098	DOID:0060025
D000067877	DOID:0060041
MESH:D000067877	DOID:0060041
D001037	DOID:0060046
MESH:D001037	DOID:0060046
D008223	DOID:0060058
MESH:D008223	DOID:0060058
D008228	DOID:0060060
MESH:D008228	DOID:0060060
D016410	DOID:0060061
MESH:D016410	DOID:0060061
D059905	DOID:0060068
MESH:D059905	DOID:0060068
D018215	DOID:0060098
MESH:D018215	DOID:0060098
D010610	DOID:0060119
MESH:D010610	DOID:0060119
D012983	DOID:0060123
MESH:D012983	DOID:0060123
D006362	DOID:0060125
MESH:D006362	DOID:0060125
D001072	DOID:0060135
MESH:D001072	DOID:0060135
C531604	DOID:0060155
MESH:C531604	DOID:0060155
D014897	DOID:0060160
MESH:D014897	DOID:0060160
D055534	DOID:0060161
MESH:D055534	DOID:0060161
D020191	DOID:0060162
MESH:D020191	DOID:0060162
D017593	DOID:0060165
MESH:D017593	DOID:0060165
D016574	DOID:0060167
MESH:D016574	DOID:0060167
C538320	DOID:0060168
MESH:C538320	DOID:0060168
C565808	DOID:0060170
MESH:C565808	DOID:0060170
C536962	DOID:0060173
MESH:C536962	DOID:0060173
C535803	DOID:0060175
MESH:C535803	DOID:0060175
C535328	DOID:0060177
MESH:C535328	DOID:0060177
D003092	DOID:0060180
MESH:D003092	DOID:0060180
D017091	DOID:0060181
MESH:D017091	DOID:0060181
D046728	DOID:0060182
MESH:D046728	DOID:0060182
D046729	DOID:0060183
MESH:D046729	DOID:0060183
D046730	DOID:0060184
MESH:D046730	DOID:0060184
D004761	DOID:0060185
MESH:D004761	DOID:0060185
D007079	DOID:0060189
MESH:D007079	DOID:0060189
D003424	DOID:0060192
MESH:D003424	DOID:0060192
D002549	DOID:0060215
MESH:D002549	DOID:0060215
D055952	DOID:0060216
MESH:D055952	DOID:0060216
D017675	DOID:0060218
MESH:D017675	DOID:0060218
D000381	DOID:0060223
MESH:D000381	DOID:0060223
D001281	DOID:0060224
MESH:D001281	DOID:0060224
C538186	DOID:0060226
MESH:C538186	DOID:0060226
C536275	DOID:0060230
MESH:C536275	DOID:0060230
C537104	DOID:0060232
MESH:C537104	DOID:0060232
C535579	DOID:0060233
MESH:C535579	DOID:0060233
C563187	DOID:0060234
MESH:C563187	DOID:0060234
C535589	DOID:0060235
MESH:C535589	DOID:0060235
C536681	DOID:0060237
MESH:C536681	DOID:0060237
C536530	DOID:0060238
MESH:C536530	DOID:0060238
C536528	DOID:0060239
MESH:C536528	DOID:0060239
C563466	DOID:0060240
MESH:C563466	DOID:0060240
C535314	DOID:0060241
MESH:C535314	DOID:0060241
C538153	DOID:0060242
MESH:C538153	DOID:0060242
D013342	DOID:0060243
MESH:D013342	DOID:0060243
C565409	DOID:0060245
MESH:C565409	DOID:0060245
C536029	DOID:0060246
MESH:C536029	DOID:0060246
C564589	DOID:0060247
MESH:C564589	DOID:0060247
C537340	DOID:0060248
MESH:C537340	DOID:0060248
D012600	DOID:0060249
MESH:D012600	DOID:0060249
C537525	DOID:0060251
MESH:C537525	DOID:0060251
C565209	DOID:0060252
MESH:C565209	DOID:0060252
C536624	DOID:0060253
MESH:C536624	DOID:0060253
C562492	DOID:0060254
MESH:C562492	DOID:0060254
C562924	DOID:0060256
MESH:C562924	DOID:0060256
C535729	DOID:0060257
MESH:C535729	DOID:0060257
C567142	DOID:0060259
MESH:C567142	DOID:0060259
D001763	DOID:0060260
MESH:D001763	DOID:0060260
D005705	DOID:0060262
MESH:D005705	DOID:0060262
D065708	DOID:0060263
MESH:D065708	DOID:0060263
C580383	DOID:0060264
MESH:C580383	DOID:0060264
C564738	DOID:0060267
MESH:C564738	DOID:0060267
C567325	DOID:0060268
MESH:C567325	DOID:0060268
C567324	DOID:0060269
MESH:C567324	DOID:0060269
C548072	DOID:0060272
MESH:C548072	DOID:0060272
C536716	DOID:0060273
MESH:C536716	DOID:0060273
C537745	DOID:0060274
MESH:C537745	DOID:0060274
C548074	DOID:0060275
MESH:C548074	DOID:0060275
D054514	DOID:0060282
MESH:D054514	DOID:0060282
C564818	DOID:0060283
MESH:C564818	DOID:0060283
D006457	DOID:0060284
MESH:D006457	DOID:0060284
C566826	DOID:0060285
MESH:C566826	DOID:0060285
C536232	DOID:0060289
MESH:C536232	DOID:0060289
C536717	DOID:0060290
MESH:C536717	DOID:0060290
C563160	DOID:0060291
MESH:C563160	DOID:0060291
C580533	DOID:0060292
MESH:C580533	DOID:0060292
C536214	DOID:0060294
MESH:C536214	DOID:0060294
C536210	DOID:0060296
MESH:C536210	DOID:0060296
C565167	DOID:0060297
MESH:C565167	DOID:0060297
C567307	DOID:0060299
MESH:C567307	DOID:0060299
C566443	DOID:0060300
MESH:C566443	DOID:0060300
C535730	DOID:0060304
MESH:C535730	DOID:0060304
C538012	DOID:0060306
MESH:C538012	DOID:0060306
C557675	DOID:0060313
MESH:C557675	DOID:0060313
D017733	DOID:0060315
MESH:D017733	DOID:0060315
D009958	DOID:0060316
MESH:D009958	DOID:0060316
D008169	DOID:0060317
MESH:D008169	DOID:0060317
D015473	DOID:0060318
MESH:D015473	DOID:0060318
D006323	DOID:0060319
MESH:D006323	DOID:0060319
D006552	DOID:0060320
MESH:D006552	DOID:0060320
D000099245	DOID:0060321
MESH:D000099245	DOID:0060321
D008417	DOID:0060322
MESH:D008417	DOID:0060322
D008591	DOID:0060326
MESH:D008591	DOID:0060326
D000099245	DOID:0060327
MESH:D000099245	DOID:0060327
D012003	DOID:0060328
MESH:D012003	DOID:0060328
D011271	DOID:0060329
MESH:D011271	DOID:0060329
C535289	DOID:0060330
MESH:C535289	DOID:0060330
C579867	DOID:0060336
MESH:C579867	DOID:0060336
C537943	DOID:0060337
MESH:C537943	DOID:0060337
C562503	DOID:0060341
MESH:C562503	DOID:0060341
C566345	DOID:0060342
MESH:C566345	DOID:0060342
D016917	DOID:0060345
MESH:D016917	DOID:0060345
C538343	DOID:0060346
MESH:C538343	DOID:0060346
C563159	DOID:0060347
MESH:C563159	DOID:0060347
C537157	DOID:0060348
MESH:C537157	DOID:0060348
C537711	DOID:0060349
MESH:C537711	DOID:0060349
C538228	DOID:0060350
MESH:C538228	DOID:0060350
C563043	DOID:0060352
MESH:C563043	DOID:0060352
C566108	DOID:0060354
MESH:C566108	DOID:0060354
C535566	DOID:0060356
MESH:C535566	DOID:0060356
C535460	DOID:0060357
MESH:C535460	DOID:0060357
D054069	DOID:0060358
MESH:D054069	DOID:0060358
C537227	DOID:0060359
MESH:C537227	DOID:0060359
C566323	DOID:0060360
MESH:C566323	DOID:0060360
C535653	DOID:0060362
MESH:C535653	DOID:0060362
C537255	DOID:0060366
MESH:C537255	DOID:0060366
C557817	DOID:0060373
MESH:C557817	DOID:0060373
C537133	DOID:0060374
MESH:C537133	DOID:0060374
C557819	DOID:0060375
MESH:C557819	DOID:0060375
C536531	DOID:0060376
MESH:C536531	DOID:0060376
C563104	DOID:0060377
MESH:C563104	DOID:0060377
C557820	DOID:0060378
MESH:C557820	DOID:0060378
C563491	DOID:0060380
MESH:C563491	DOID:0060380
C557821	DOID:0060381
MESH:C557821	DOID:0060381
C557818	DOID:0060382
MESH:C557818	DOID:0060382
C538183	DOID:0060383
MESH:C538183	DOID:0060383
C538182	DOID:0060384
MESH:C538182	DOID:0060384
C538185	DOID:0060385
MESH:C538185	DOID:0060385
C535924	DOID:0060386
MESH:C535924	DOID:0060386
C537914	DOID:0060387
MESH:C537914	DOID:0060387
C567385	DOID:0060389
MESH:C567385	DOID:0060389
C567182	DOID:0060390
MESH:C567182	DOID:0060390
C567439	DOID:0060394
MESH:C567439	DOID:0060394
C579849	DOID:0060395
MESH:C579849	DOID:0060395
C567232	DOID:0060397
MESH:C567232	DOID:0060397
D054221	DOID:0060402
MESH:D054221	DOID:0060402
C563524	DOID:0060403
MESH:C563524	DOID:0060403
C538309	DOID:0060406
MESH:C538309	DOID:0060406
C536580	DOID:0060407
MESH:C536580	DOID:0060407
C567810	DOID:0060408
MESH:C567810	DOID:0060408
C535594	DOID:0060409
MESH:C535594	DOID:0060409
C535362	DOID:0060410
MESH:C535362	DOID:0060410
C567511	DOID:0060413
MESH:C567511	DOID:0060413
C567289	DOID:0060415
MESH:C567289	DOID:0060415
C567344	DOID:0060416
MESH:C567344	DOID:0060416
C536808	DOID:0060418
MESH:C536808	DOID:0060418
C567184	DOID:0060419
MESH:C567184	DOID:0060419
C567239	DOID:0060422
MESH:C567239	DOID:0060422
C567350	DOID:0060428
MESH:C567350	DOID:0060428
C567705	DOID:0060432
MESH:C567705	DOID:0060432
C567290	DOID:0060435
MESH:C567290	DOID:0060435
C567224	DOID:0060436
MESH:C567224	DOID:0060436
C535963	DOID:0060438
MESH:C535963	DOID:0060438
C562687	DOID:0060439
MESH:C562687	DOID:0060439
C535474	DOID:0060444
MESH:C535474	DOID:0060444
C566452	DOID:0060445
MESH:C566452	DOID:0060445
C567587	DOID:0060446
MESH:C567587	DOID:0060446
C535477	DOID:0060447
MESH:C535477	DOID:0060447
C563256	DOID:0060448
MESH:C563256	DOID:0060448
C535480	DOID:0060449
MESH:C535480	DOID:0060449
C567588	DOID:0060450
MESH:C567588	DOID:0060450
D053559	DOID:0060451
MESH:D053559	DOID:0060451
C567546	DOID:0060452
MESH:C567546	DOID:0060452
C535476	DOID:0060453
MESH:C535476	DOID:0060453
C567547	DOID:0060454
MESH:C567547	DOID:0060454
C535942	DOID:0060455
MESH:C535942	DOID:0060455
C535475	DOID:0060456
MESH:C535475	DOID:0060456
C562745	DOID:0060457
MESH:C562745	DOID:0060457
C567626	DOID:0060459
MESH:C567626	DOID:0060459
C567717	DOID:0060460
MESH:C567717	DOID:0060460
C567585	DOID:0060461
MESH:C567585	DOID:0060461
C535943	DOID:0060462
MESH:C535943	DOID:0060462
C537734	DOID:0060464
MESH:C537734	DOID:0060464
C562524	DOID:0060465
MESH:C562524	DOID:0060465
C562884	DOID:0060466
MESH:C562884	DOID:0060466
C535284	DOID:0060467
MESH:C535284	DOID:0060467
C535326	DOID:0060468
MESH:C535326	DOID:0060468
D054221	DOID:0060469
MESH:D054221	DOID:0060469
C536525	DOID:0060471
MESH:C536525	DOID:0060471
C536321	DOID:0060472
MESH:C536321	DOID:0060472
C537705	DOID:0060473
MESH:C537705	DOID:0060473
C536399	DOID:0060476
MESH:C536399	DOID:0060476
D000071243	DOID:0060478
MESH:D000071243	DOID:0060478
D000081003	DOID:0060479
MESH:D000081003	DOID:0060479
C537279	DOID:0060481
MESH:C537279	DOID:0060481
C567416	DOID:0060482
MESH:C567416	DOID:0060482
C557674	DOID:0060484
MESH:C557674	DOID:0060484
C536990	DOID:0060485
MESH:C536990	DOID:0060485
C566822	DOID:0060486
MESH:C566822	DOID:0060486
C537403	DOID:0060488
MESH:C537403	DOID:0060488
C536629	DOID:0060490
MESH:C536629	DOID:0060490
C563702	DOID:0060491
MESH:C563702	DOID:0060491
C537475	DOID:0060536
MESH:C537475	DOID:0060536
C565375	DOID:0060537
MESH:C565375	DOID:0060537
D055665	DOID:0060538
MESH:D055665	DOID:0060538
C537709	DOID:0060540
MESH:C537709	DOID:0060540
C537908	DOID:0060549
MESH:C537908	DOID:0060549
C535557	DOID:0060550
MESH:C535557	DOID:0060550
C565820	DOID:0060551
MESH:C565820	DOID:0060551
C537177	DOID:0060556
MESH:C537177	DOID:0060556
C537194	DOID:0060559
MESH:C537194	DOID:0060559
C564369	DOID:0060560
MESH:C564369	DOID:0060560
D063748	DOID:0060562
MESH:D063748	DOID:0060562
C566815	DOID:0060563
MESH:C566815	DOID:0060563
C535313	DOID:0060565
MESH:C535313	DOID:0060565
C535327	DOID:0060566
MESH:C535327	DOID:0060566
C535509	DOID:0060567
MESH:C535509	DOID:0060567
C535572	DOID:0060569
MESH:C535572	DOID:0060569
D014381	DOID:0060570
MESH:D014381	DOID:0060570
D056725	DOID:0060573
MESH:D056725	DOID:0060573
D056728	DOID:0060574
MESH:D056728	DOID:0060574
C548081	DOID:0060580
MESH:C548081	DOID:0060580
C537847	DOID:0060581
MESH:C537847	DOID:0060581
C548082	DOID:0060582
MESH:C548082	DOID:0060582
C548083	DOID:0060583
MESH:C548083	DOID:0060583
C548084	DOID:0060584
MESH:C548084	DOID:0060584
C536719	DOID:0060589
MESH:C536719	DOID:0060589
C567043	DOID:0060590
MESH:C567043	DOID:0060590
C536697	DOID:0060591
MESH:C536697	DOID:0060591
D054438	DOID:0060597
MESH:D054438	DOID:0060597
C538336	DOID:0060599
MESH:C538336	DOID:0060599
C565768	DOID:0060602
MESH:C565768	DOID:0060602
D000072676	DOID:0060604
MESH:D000072676	DOID:0060604
C537577	DOID:0060608
MESH:C537577	DOID:0060608
C565898	DOID:0060609
MESH:C565898	DOID:0060609
C536138	DOID:0060610
MESH:C536138	DOID:0060610
C535554	DOID:0060611
MESH:C535554	DOID:0060611
C536937	DOID:0060614
MESH:C536937	DOID:0060614
C535737	DOID:0060640
MESH:C535737	DOID:0060640
D015209	DOID:0060643
MESH:D015209	DOID:0060643
C536123	DOID:0060644
MESH:C536123	DOID:0060644
C535456	DOID:0060645
MESH:C535456	DOID:0060645
C536171	DOID:0060650
MESH:C536171	DOID:0060650
D017490	DOID:0060655
MESH:D017490	DOID:0060655
D000757	DOID:0060668
MESH:D000757	DOID:0060668
C537884	DOID:0060673
MESH:C537884	DOID:0060673
C563184	DOID:0060680
MESH:C563184	DOID:0060680
C579932	DOID:0060681
MESH:C579932	DOID:0060681
D002538	DOID:0060688
MESH:D002538	DOID:0060688
C565924	DOID:0060689
MESH:C565924	DOID:0060689
C563156	DOID:0060693
MESH:C563156	DOID:0060693
C563363	DOID:0060694
MESH:C563363	DOID:0060694
D000071017	DOID:0060695
MESH:D000071017	DOID:0060695
D000071017	DOID:0060696
MESH:D000071017	DOID:0060696
C537369	DOID:0060703
MESH:C537369	DOID:0060703
C000626124	DOID:0060728
MESH:C000626124	DOID:0060728
C536209	DOID:0060731
MESH:C536209	DOID:0060731
C538024	DOID:0060732
MESH:C538024	DOID:0060732
C565390	DOID:0060740
MESH:C565390	DOID:0060740
C536648	DOID:0060744
MESH:C536648	DOID:0060744
C535602	DOID:0060745
MESH:C535602	DOID:0060745
C563034	DOID:0060746
MESH:C563034	DOID:0060746
D053306	DOID:0060758
MESH:D053306	DOID:0060758
D053306	DOID:0060759
MESH:D053306	DOID:0060759
C564277	DOID:0060760
MESH:C564277	DOID:0060760
C536920	DOID:0060762
MESH:C536920	DOID:0060762
D058496	DOID:0060768
MESH:D058496	DOID:0060768
C536781	DOID:0060769
MESH:C536781	DOID:0060769
C537470	DOID:0060775
MESH:C537470	DOID:0060775
C536189	DOID:0060782
MESH:C536189	DOID:0060782
C536189	DOID:0060783
MESH:C536189	DOID:0060783
C536189	DOID:0060784
MESH:C536189	DOID:0060784
C537723	DOID:0060799
MESH:C537723	DOID:0060799
C535773	DOID:0060800
MESH:C535773	DOID:0060800
C537451	DOID:0060801
MESH:C537451	DOID:0060801
C537449	DOID:0060808
MESH:C537449	DOID:0060808
C537333	DOID:0060812
MESH:C537333	DOID:0060812
C535556	DOID:0060818
MESH:C535556	DOID:0060818
C537724	DOID:0060821
MESH:C537724	DOID:0060821
C537450	DOID:0060825
MESH:C537450	DOID:0060825
C537301	DOID:0060832
MESH:C537301	DOID:0060832
C537302	DOID:0060833
MESH:C537302	DOID:0060833
C537303	DOID:0060834
MESH:C537303	DOID:0060834
C536965	DOID:0060843
MESH:C536965	DOID:0060843
C537849	DOID:0060844
MESH:C537849	DOID:0060844
C537119	DOID:0060847
MESH:C537119	DOID:0060847
C536063	DOID:0060849
MESH:C536063	DOID:0060849
C536376	DOID:0060850
MESH:C536376	DOID:0060850
D010392	DOID:0060851
MESH:D010392	DOID:0060851
C537185	DOID:0060852
MESH:C537185	DOID:0060852
C538355	DOID:0060853
MESH:C538355	DOID:0060853
D011546	DOID:0060854
MESH:D011546	DOID:0060854
D011546	DOID:0060855
MESH:D011546	DOID:0060855
D025962	DOID:0060857
MESH:D025962	DOID:0060857
C564710	DOID:0060858
MESH:C564710	DOID:0060858
C565454	DOID:0060862
MESH:C565454	DOID:0060862
C565342	DOID:0060867
MESH:C565342	DOID:0060867
C565309	DOID:0060869
MESH:C565309	DOID:0060869
D004393	DOID:0060870
MESH:D004393	DOID:0060870
C562704	DOID:0060872
MESH:C562704	DOID:0060872
D053560	DOID:0060877
MESH:D053560	DOID:0060877
C537907	DOID:0060878
MESH:C537907	DOID:0060878
C536148	DOID:0060881
MESH:C536148	DOID:0060881
C536053	DOID:0060886
MESH:C536053	DOID:0060886
D011535	DOID:0060889
MESH:D011535	DOID:0060889
C567844	DOID:0060900
MESH:C567844	DOID:0060900
D008258	DOID:0060901
MESH:D008258	DOID:0060901
C537848	DOID:0060902
MESH:C537848	DOID:0060902
D013927	DOID:0060903
MESH:D013927	DOID:0060903
D000082602	DOID:0060930
MESH:D000082602	DOID:0060930
C536343	DOID:0061157
MESH:C536343	DOID:0061157
C564948	DOID:0061188
MESH:C564948	DOID:0061188
C537533	DOID:0070007
MESH:C537533	DOID:0070007
C537534	DOID:0070013
MESH:C537534	DOID:0070013
C537729	DOID:0070095
MESH:C537729	DOID:0070095
C537730	DOID:0070096
MESH:C537730	DOID:0070096
C537756	DOID:0070121
MESH:C537756	DOID:0070121
C567716	DOID:0070139
MESH:C567716	DOID:0070139
C535990	DOID:0070143
MESH:C535990	DOID:0070143
C562628	DOID:0070144
MESH:C562628	DOID:0070144
C000726747	DOID:0070148
MESH:C000726747	DOID:0070148
C564296	DOID:0070148
MESH:C564296	DOID:0070148
C567738	DOID:0070150
MESH:C567738	DOID:0070150
C580162	DOID:0070158
MESH:C580162	DOID:0070158
D000072660	DOID:0070167
MESH:D000072660	DOID:0070167
C567832	DOID:0070173
MESH:C567832	DOID:0070173
C562903	DOID:0070183
MESH:C562903	DOID:0070183
C564030	DOID:0070187
MESH:C564030	DOID:0070187
C537480	DOID:0070198
MESH:C537480	DOID:0070198
C567646	DOID:0070200
MESH:C567646	DOID:0070200
C567645	DOID:0070201
MESH:C567645	DOID:0070201
D052496	DOID:0070202
MESH:D052496	DOID:0070202
D052496	DOID:0070204
MESH:D052496	DOID:0070204
D052496	DOID:0070207
MESH:D052496	DOID:0070207
D008209	DOID:0070212
MESH:D008209	DOID:0070212
C562467	DOID:0070213
MESH:C562467	DOID:0070213
C538376	DOID:0070214
MESH:C538376	DOID:0070214
C535934	DOID:0070222
MESH:C535934	DOID:0070222
C535935	DOID:0070223
MESH:C535935	DOID:0070223
C535933	DOID:0070226
MESH:C535933	DOID:0070226
C535932	DOID:0070227
MESH:C535932	DOID:0070227
C535934	DOID:0070232
MESH:C535934	DOID:0070232
C535752	DOID:0070253
MESH:C535752	DOID:0070253
C565264	DOID:0070254
MESH:C565264	DOID:0070254
C535755	DOID:0070255
MESH:C535755	DOID:0070255
C535753	DOID:0070256
MESH:C535753	DOID:0070256
C535754	DOID:0070257
MESH:C535754	DOID:0070257
C567040	DOID:0070258
MESH:C567040	DOID:0070258
C535756	DOID:0070259
MESH:C535756	DOID:0070259
C566987	DOID:0070260
MESH:C566987	DOID:0070260
D003123	DOID:0070271
MESH:D003123	DOID:0070271
C535505	DOID:0070299
MESH:C535505	DOID:0070299
C535504	DOID:0070300
MESH:C535504	DOID:0070300
C535501	DOID:0070303
MESH:C535501	DOID:0070303
D000080942	DOID:0070306
MESH:D000080942	DOID:0070306
C564332	DOID:0070307
MESH:C564332	DOID:0070307
C535686	DOID:0070308
MESH:C535686	DOID:0070308
D004832	DOID:0070309
MESH:D004832	DOID:0070309
C565304	DOID:0070330
MESH:C565304	DOID:0070330
C536350	DOID:0070331
MESH:C536350	DOID:0070331
C565155	DOID:0070337
MESH:C565155	DOID:0070337
C562568	DOID:0070338
MESH:C562568	DOID:0070338
D053201	DOID:0070355
MESH:D053201	DOID:0070355
D005128	DOID:0070356
MESH:D005128	DOID:0070356
C563936	DOID:0070419
MESH:C563936	DOID:0070419
C565495	DOID:0070431
MESH:C565495	DOID:0070431
C537835	DOID:0070439
MESH:C537835	DOID:0070439
C562584	DOID:0070452
MESH:C562584	DOID:0070452
C566358	DOID:0070453
MESH:C566358	DOID:0070453
C548032	DOID:0070484
MESH:C548032	DOID:0070484
C567730	DOID:0070489
MESH:C567730	DOID:0070489
C536632	DOID:0070509
MESH:C536632	DOID:0070509
C567020	DOID:0070511
MESH:C567020	DOID:0070511
C562746	DOID:0070517
MESH:C562746	DOID:0070517
D000071070	DOID:0070518
MESH:D000071070	DOID:0070518
C536316	DOID:0070521
MESH:C536316	DOID:0070521
C564309	DOID:0070523
MESH:C564309	DOID:0070523
C538324	DOID:0070541
MESH:C538324	DOID:0070541
C566469	DOID:0070546
MESH:C566469	DOID:0070546
C566472	DOID:0070547
MESH:C566472	DOID:0070547
C536157	DOID:0070553
MESH:C536157	DOID:0070553
C535731	DOID:0070556
MESH:C535731	DOID:0070556
C567656	DOID:0070557
MESH:C567656	DOID:0070557
C567690	DOID:0070558
MESH:C567690	DOID:0070558
C536830	DOID:0070560
MESH:C536830	DOID:0070560
D005198	DOID:0070562
MESH:D005198	DOID:0070562
C562602	DOID:0070563
MESH:C562602	DOID:0070563
D006030	DOID:0070613
MESH:D006030	DOID:0070613
D012303	DOID:0070620
MESH:D012303	DOID:0070620
C535487	DOID:0070621
MESH:C535487	DOID:0070621
C580424	DOID:0070622
MESH:C580424	DOID:0070622
D002636	DOID:0070648
MESH:D002636	DOID:0070648
C535285	DOID:0070650
MESH:C535285	DOID:0070650
C566555	DOID:0070654
MESH:C566555	DOID:0070654
C536485	DOID:0070655
MESH:C536485	DOID:0070655
D008108	DOID:0070658
MESH:D008108	DOID:0070658
C000655084	DOID:0070659
MESH:C000655084	DOID:0070659
C537503	DOID:0070662
MESH:C537503	DOID:0070662
D000077195	DOID:0070664
MESH:D000077195	DOID:0070664
C000729467	DOID:0070668
MESH:C000729467	DOID:0070668
C535301	DOID:0070678
MESH:C535301	DOID:0070678
C536078	DOID:0070686
MESH:C536078	DOID:0070686
C566076	DOID:0070690
MESH:C566076	DOID:0070690
D000071075	DOID:0070701
MESH:D000071075	DOID:0070701
D001847	DOID:0080001
MESH:D001847	DOID:0080001
D001862	DOID:0080011
MESH:D001862	DOID:0080011
D016135	DOID:0080016
MESH:D016135	DOID:0080016
C566574	DOID:0080030
MESH:C566574	DOID:0080030
C562940	DOID:0080032
MESH:C562940	DOID:0080032
C536748	DOID:0080037
MESH:C536748	DOID:0080037
D058631	DOID:0080038
MESH:D058631	DOID:0080038
C537791	DOID:0080039
MESH:C537791	DOID:0080039
C562937	DOID:0080041
MESH:C562937	DOID:0080041
C579878	DOID:0080043
MESH:C579878	DOID:0080043
C563007	DOID:0080044
MESH:C563007	DOID:0080044
C537207	DOID:0080045
MESH:C537207	DOID:0080045
C535819	DOID:0080047
MESH:C535819	DOID:0080047
C535658	DOID:0080049
MESH:C535658	DOID:0080049
C535661	DOID:0080050
MESH:C535661	DOID:0080050
C536017	DOID:0080056
MESH:C536017	DOID:0080056
D007418	DOID:0080072
MESH:D007418	DOID:0080072
D016136	DOID:0080073
MESH:D016136	DOID:0080073
C567363	DOID:0080077
MESH:C567363	DOID:0080077
C567362	DOID:0080078
MESH:C567362	DOID:0080078
C536377	DOID:0080082
MESH:C536377	DOID:0080082
C000598645	DOID:0080094
MESH:C000598645	DOID:0080094
C535906	DOID:0080094
MESH:C535906	DOID:0080094
D009212	DOID:0080108
MESH:D009212	DOID:0080108
C562978	DOID:0080109
MESH:C562978	DOID:0080109
C537377	DOID:0080110
MESH:C537377	DOID:0080110
C536350	DOID:0080119
MESH:C536350	DOID:0080119
C563698	DOID:0080120
MESH:C563698	DOID:0080120
C580039	DOID:0080121
MESH:C580039	DOID:0080121
D002549	DOID:0080122
MESH:D002549	DOID:0080122
C567624	DOID:0080124
MESH:C567624	DOID:0080124
C580473	DOID:0080124
MESH:C580473	DOID:0080124
C538344	DOID:0080125
MESH:C538344	DOID:0080125
C535523	DOID:0080126
MESH:C535523	DOID:0080126
C536350	DOID:0080127
MESH:C536350	DOID:0080127
C580473	DOID:0080128
MESH:C580473	DOID:0080128
C538280	DOID:0080132
MESH:C538280	DOID:0080132
C567059	DOID:0080137
MESH:C567059	DOID:0080137
C580012	DOID:0080143
MESH:C580012	DOID:0080143
C535668	DOID:0080150
MESH:C535668	DOID:0080150
C536038	DOID:0080153
MESH:C536038	DOID:0080153
D007635	DOID:0080158
MESH:D007635	DOID:0080158
D016849	DOID:0080158
MESH:D016849	DOID:0080158
D016919	DOID:0080159
MESH:D016919	DOID:0080159
D017726	DOID:0080160
MESH:D017726	DOID:0080160
D002179	DOID:0080161
MESH:D002179	DOID:0080161
D008181	DOID:0080162
MESH:D008181	DOID:0080162
D018785	DOID:0080169
MESH:D018785	DOID:0080169
C536512	DOID:0080172
MESH:C536512	DOID:0080172
D001746	DOID:0080174
MESH:D001746	DOID:0080174
D008585	DOID:0080176
MESH:D008585	DOID:0080176
D006504	DOID:0080177
MESH:D006504	DOID:0080177
D052016	DOID:0080178
MESH:D052016	DOID:0080178
D008583	DOID:0080179
MESH:D008583	DOID:0080179
D000071243	DOID:0080180
MESH:D000071243	DOID:0080180
D015179	DOID:0080199
MESH:D015179	DOID:0080199
D003528	DOID:0080202
MESH:D003528	DOID:0080202
C566906	DOID:0080205
MESH:C566906	DOID:0080205
D065626	DOID:0080208
MESH:D065626	DOID:0080208
C535720	DOID:0080216
MESH:C535720	DOID:0080216
D053546	DOID:0080223
MESH:D053546	DOID:0080223
C536208	DOID:0080234
MESH:C536208	DOID:0080234
D065766	DOID:0080301
MESH:D065766	DOID:0080301
D012891	DOID:0080302
MESH:D012891	DOID:0080302
C580316	DOID:0080307
MESH:C580316	DOID:0080307
C563047	DOID:0080313
MESH:C563047	DOID:0080313
C566579	DOID:0080314
MESH:C566579	DOID:0080314
C536141	DOID:0080315
MESH:C536141	DOID:0080315
C536141	DOID:0080316
MESH:C536141	DOID:0080316
C565346	DOID:0080324
MESH:C565346	DOID:0080324
C566021	DOID:0080325
MESH:C566021	DOID:0080325
D024741	DOID:0080326
MESH:D024741	DOID:0080326
D000082882	DOID:0080332
MESH:D000082882	DOID:0080332
C536188	DOID:0080344
MESH:C536188	DOID:0080344
C567847	DOID:0080349
MESH:C567847	DOID:0080349
C536561	DOID:0080361
MESH:C536561	DOID:0080361
D004714	DOID:0080365
MESH:D004714	DOID:0080365
C566121	DOID:0080395
MESH:C566121	DOID:0080395
C566419	DOID:0080396
MESH:C566419	DOID:0080396
C563448	DOID:0080397
MESH:C563448	DOID:0080397
C564251	DOID:0080398
MESH:C564251	DOID:0080398
C563843	DOID:0080399
MESH:C563843	DOID:0080399
C563464	DOID:0080400
MESH:C563464	DOID:0080400
C563675	DOID:0080402
MESH:C563675	DOID:0080402
C566605	DOID:0080403
MESH:C566605	DOID:0080403
C567410	DOID:0080404
MESH:C567410	DOID:0080404
C567548	DOID:0080405
MESH:C567548	DOID:0080405
C564499	DOID:0080494
MESH:C564499	DOID:0080494
C564650	DOID:0080533
MESH:C564650	DOID:0080533
C536317	DOID:0080539
MESH:C536317	DOID:0080539
C538385	DOID:0080543
MESH:C538385	DOID:0080543
D053306	DOID:0080544
MESH:D053306	DOID:0080544
C537117	DOID:0080549
MESH:C537117	DOID:0080549
C538346	DOID:0080551
MESH:C538346	DOID:0080551
C535785	DOID:0080576
MESH:C535785	DOID:0080576
C535308	DOID:0080579
MESH:C535308	DOID:0080579
C535309	DOID:0080580
MESH:C535309	DOID:0080580
C564012	DOID:0080583
MESH:C564012	DOID:0080583
D000086382	DOID:0080600
MESH:D000086382	DOID:0080600
C563668	DOID:0080629
MESH:C563668	DOID:0080629
D018352	DOID:0080642
MESH:D018352	DOID:0080642
D052878	DOID:0080653
MESH:D052878	DOID:0080653
C536169	DOID:0080664
MESH:C536169	DOID:0080664
C567080	DOID:0080666
MESH:C567080	DOID:0080666
C565367	DOID:0080678
MESH:C565367	DOID:0080678
C536987	DOID:0080688
MESH:C536987	DOID:0080688
C537548	DOID:0080694
MESH:C537548	DOID:0080694
C537411	DOID:0080695
MESH:C537411	DOID:0080695
C536709	DOID:0080696
MESH:C536709	DOID:0080696
C536835	DOID:0080699
MESH:C536835	DOID:0080699
C536816	DOID:0080718
MESH:C536816	DOID:0080718
C538329	DOID:0080718
MESH:C538329	DOID:0080718
C537659	DOID:0080725
MESH:C537659	DOID:0080725
D020363	DOID:0080741
MESH:D020363	DOID:0080741
C537778	DOID:0080744
MESH:C537778	DOID:0080744
D017285	DOID:0080745
MESH:D017285	DOID:0080745
D016463	DOID:0080746
MESH:D016463	DOID:0080746
D000080223	DOID:0080747
MESH:D000080223	DOID:0080747
D004893	DOID:0080750
MESH:D004893	DOID:0080750
C536254	DOID:0080768
MESH:C536254	DOID:0080768
D013734	DOID:0080775
MESH:D013734	DOID:0080775
D000069293	DOID:0080779
MESH:D000069293	DOID:0080779
D014552	DOID:0080784
MESH:D014552	DOID:0080784
C537344	DOID:0080799
MESH:C537344	DOID:0080799
D000069295	DOID:0080808
MESH:D000069295	DOID:0080808
D003586	DOID:0080827
MESH:D003586	DOID:0080827
D008579	DOID:0080842
MESH:D008579	DOID:0080842
C537746	DOID:0080844
MESH:C537746	DOID:0080844
C567664	DOID:0080845
MESH:C567664	DOID:0080845
D000071698	DOID:0080846
MESH:D000071698	DOID:0080846
D010392	DOID:0080850
MESH:D010392	DOID:0080850
D018242	DOID:0080903
MESH:D018242	DOID:0080903
D064129	DOID:0080909
MESH:D064129	DOID:0080909
C565185	DOID:0080912
MESH:C565185	DOID:0080912
C565035	DOID:0080913
MESH:C565035	DOID:0080913
C565184	DOID:0080914
MESH:C565184	DOID:0080914
D054747	DOID:0080915
MESH:D054747	DOID:0080915
D065706	DOID:0080918
MESH:D065706	DOID:0080918
D000075363	DOID:0080933
MESH:D000075363	DOID:0080933
D056828	DOID:0080940
MESH:D056828	DOID:0080940
C538173	DOID:0080941
MESH:C538173	DOID:0080941
C538256	DOID:0080942
MESH:C538256	DOID:0080942
C000629404	DOID:0080947
MESH:C000629404	DOID:0080947
C536883	DOID:0080990
MESH:C536883	DOID:0080990
D019283	DOID:0080998
MESH:D019283	DOID:0080998
D000081032	DOID:0080999
MESH:D000081032	DOID:0080999
C536925	DOID:0081021
MESH:C536925	DOID:0081021
C563678	DOID:0081022
MESH:C563678	DOID:0081022
C566470	DOID:0081023
MESH:C566470	DOID:0081023
C566719	DOID:0081024
MESH:C566719	DOID:0081024
C566483	DOID:0081025
MESH:C566483	DOID:0081025
C538065	DOID:0081044
MESH:C538065	DOID:0081044
C548014	DOID:0081057
MESH:C548014	DOID:0081057
C548013	DOID:0081058
MESH:C548013	DOID:0081058
D015479	DOID:0081082
MESH:D015479	DOID:0081082
D015470	DOID:0081086
MESH:D015470	DOID:0081086
D015470	DOID:0081087
MESH:D015470	DOID:0081087
D015464	DOID:0081088
MESH:D015464	DOID:0081088
C536692	DOID:0081100
MESH:C536692	DOID:0081100
C536162	DOID:0081108
MESH:C536162	DOID:0081108
C565102	DOID:0081109
MESH:C565102	DOID:0081109
C536163	DOID:0081110
MESH:C536163	DOID:0081110
D049970	DOID:0081120
MESH:D049970	DOID:0081120
C535347	DOID:0081122
MESH:C535347	DOID:0081122
D006086	DOID:0081267
MESH:D006086	DOID:0081267
D008230	DOID:0081307
MESH:D008230	DOID:0081307
D016399	DOID:0081312
MESH:D016399	DOID:0081312
D005953	DOID:0081329
MESH:D005953	DOID:0081329
D006450	DOID:0081445
MESH:D006450	DOID:0081445
C538212	DOID:0081453
MESH:C538212	DOID:0081453
C564487	DOID:0081454
MESH:C564487	DOID:0081454
D058497	DOID:0090001
MESH:D058497	DOID:0090001
C536919	DOID:0090002
MESH:C536919	DOID:0090002
C537589	DOID:0090012
MESH:C537589	DOID:0090012
C563311	DOID:0090013
MESH:C563311	DOID:0090013
C563822	DOID:0090014
MESH:C563822	DOID:0090014
C535323	DOID:0090016
MESH:C535323	DOID:0090016
C537345	DOID:0090019
MESH:C537345	DOID:0090019
C574275	DOID:0090020
MESH:C574275	DOID:0090020
C574275	DOID:0090022
MESH:C574275	DOID:0090022
C574275	DOID:0090023
MESH:C574275	DOID:0090023
C574275	DOID:0090025
MESH:C574275	DOID:0090025
C574275	DOID:0090026
MESH:C574275	DOID:0090026
C574275	DOID:0090027
MESH:C574275	DOID:0090027
C535393	DOID:0090028
MESH:C535393	DOID:0090028
C565152	DOID:0090030
MESH:C565152	DOID:0090030
C536096	DOID:0090033
MESH:C536096	DOID:0090033
C563401	DOID:0090044
MESH:C563401	DOID:0090044
C564288	DOID:0090045
MESH:C564288	DOID:0090045
C567001	DOID:0090047
MESH:C567001	DOID:0090047
C567430	DOID:0090048
MESH:C567430	DOID:0090048
C567026	DOID:0090054
MESH:C567026	DOID:0090054
C538001	DOID:0090056
MESH:C538001	DOID:0090056
C536969	DOID:0090058
MESH:C536969	DOID:0090058
C564835	DOID:0090059
MESH:C564835	DOID:0090059
C536739	DOID:0090060
MESH:C536739	DOID:0090060
C567090	DOID:0090063
MESH:C567090	DOID:0090063
C536855	DOID:0090066
MESH:C536855	DOID:0090066
C538189	DOID:0090067
MESH:C538189	DOID:0090067
D056768	DOID:0090068
MESH:D056768	DOID:0090068
C535325	DOID:0090106
MESH:C535325	DOID:0090106
C580192	DOID:0090110
MESH:C580192	DOID:0090110
C536329	DOID:0090112
MESH:C536329	DOID:0090112
C567453	DOID:0090113
MESH:C567453	DOID:0090113
C536510	DOID:0090117
MESH:C536510	DOID:0090117
C535982	DOID:0090118
MESH:C535982	DOID:0090118
C535289	DOID:0090119
MESH:C535289	DOID:0090119
C563010	DOID:0090120
MESH:C563010	DOID:0090120
C537437	DOID:0090123
MESH:C537437	DOID:0090123
C536614	DOID:0090124
MESH:C536614	DOID:0090124
C537560	DOID:0090127
MESH:C537560	DOID:0090127
C535581	DOID:0090128
MESH:C535581	DOID:0090128
C567657	DOID:0090130
MESH:C567657	DOID:0090130
C536447	DOID:0090139
MESH:C536447	DOID:0090139
C535408	DOID:0090142
MESH:C535408	DOID:0090142
C536390	DOID:0090144
MESH:C536390	DOID:0090144
C535600	DOID:0090145
MESH:C535600	DOID:0090145
C562801	DOID:0110002
MESH:C562801	DOID:0110002
C565393	DOID:0110006
MESH:C565393	DOID:0110006
C536128	DOID:0110007
MESH:C536128	DOID:0110007
C536129	DOID:0110008
MESH:C536129	DOID:0110008
C564206	DOID:0110010
MESH:C564206	DOID:0110010
C536932	DOID:0110070
MESH:C536932	DOID:0110070
C565697	DOID:0110080
MESH:C565697	DOID:0110080
C566982	DOID:0110086
MESH:C566982	DOID:0110086
C565833	DOID:0110115
MESH:C565833	DOID:0110115
C537909	DOID:0110123
MESH:C537909	DOID:0110123
C537910	DOID:0110124
MESH:C537910	DOID:0110124
C537911	DOID:0110125
MESH:C537911	DOID:0110125
C537912	DOID:0110126
MESH:C537912	DOID:0110126
C565738	DOID:0110128
MESH:C565738	DOID:0110128
C565916	DOID:0110129
MESH:C565916	DOID:0110129
C565917	DOID:0110130
MESH:C565917	DOID:0110130
C565918	DOID:0110131
MESH:C565918	DOID:0110131
C565919	DOID:0110132
MESH:C565919	DOID:0110132
C565920	DOID:0110133
MESH:C565920	DOID:0110133
C565921	DOID:0110134
MESH:C565921	DOID:0110134
C567140	DOID:0110135
MESH:C567140	DOID:0110135
C567141	DOID:0110136
MESH:C567141	DOID:0110136
C537985	DOID:0110150
MESH:C537985	DOID:0110150
C537984	DOID:0110151
MESH:C537984	DOID:0110151
C537990	DOID:0110156
MESH:C537990	DOID:0110156
C535416	DOID:0110158
MESH:C535416	DOID:0110158
C537989	DOID:0110159
MESH:C537989	DOID:0110159
C537991	DOID:0110179
MESH:C537991	DOID:0110179
C535419	DOID:0110185
MESH:C535419	DOID:0110185
C567636	DOID:0110188
MESH:C567636	DOID:0110188
C535421	DOID:0110190
MESH:C535421	DOID:0110190
C535420	DOID:0110191
MESH:C535420	DOID:0110191
C564703	DOID:0110197
MESH:C564703	DOID:0110197
C564257	DOID:0110199
MESH:C564257	DOID:0110199
C564333	DOID:0110200
MESH:C564333	DOID:0110200
C564256	DOID:0110201
MESH:C564256	DOID:0110201
C564702	DOID:0110202
MESH:C564702	DOID:0110202
C535302	DOID:0110208
MESH:C535302	DOID:0110208
C535303	DOID:0110211
MESH:C535303	DOID:0110211
C562950	DOID:0110214
MESH:C562950	DOID:0110214
C564140	DOID:0110216
MESH:C564140	DOID:0110216
C567087	DOID:0110219
MESH:C567087	DOID:0110219
C567509	DOID:0110220
MESH:C567509	DOID:0110220
C567508	DOID:0110221
MESH:C567508	DOID:0110221
C567556	DOID:0110222
MESH:C567556	DOID:0110222
C567735	DOID:0110223
MESH:C567735	DOID:0110223
C567734	DOID:0110224
MESH:C567734	DOID:0110224
C567732	DOID:0110225
MESH:C567732	DOID:0110225
C565720	DOID:0110291
MESH:C565720	DOID:0110291
C565327	DOID:0110329
MESH:C565327	DOID:0110329
C567197	DOID:0110330
MESH:C567197	DOID:0110330
C565814	DOID:0110331
MESH:C565814	DOID:0110331
C565778	DOID:0110332
MESH:C565778	DOID:0110332
D010013	DOID:0110334
MESH:D010013	DOID:0110334
C565200	DOID:0110337
MESH:C565200	DOID:0110337
C566718	DOID:0110353
MESH:C566718	DOID:0110353
C566637	DOID:0110354
MESH:C566637	DOID:0110354
C563689	DOID:0110355
MESH:C563689	DOID:0110355
C563320	DOID:0110356
MESH:C563320	DOID:0110356
C565206	DOID:0110357
MESH:C565206	DOID:0110357
C563999	DOID:0110358
MESH:C563999	DOID:0110358
C563676	DOID:0110366
MESH:C563676	DOID:0110366
C564249	DOID:0110368
MESH:C564249	DOID:0110368
C566706	DOID:0110372
MESH:C566706	DOID:0110372
C567422	DOID:0110376
MESH:C567422	DOID:0110376
C567403	DOID:0110378
MESH:C567403	DOID:0110378
C563992	DOID:0110381
MESH:C563992	DOID:0110381
C564284	DOID:0110383
MESH:C564284	DOID:0110383
C566425	DOID:0110384
MESH:C566425	DOID:0110384
C567854	DOID:0110386
MESH:C567854	DOID:0110386
C566716	DOID:0110387
MESH:C566716	DOID:0110387
C566715	DOID:0110388
MESH:C566715	DOID:0110388
C538365	DOID:0110390
MESH:C538365	DOID:0110390
C563685	DOID:0110391
MESH:C563685	DOID:0110391
C563526	DOID:0110397
MESH:C563526	DOID:0110397
C567005	DOID:0110399
MESH:C567005	DOID:0110399
C564008	DOID:0110403
MESH:C564008	DOID:0110403
C563437	DOID:0110404
MESH:C563437	DOID:0110404
C566431	DOID:0110405
MESH:C566431	DOID:0110405
C564310	DOID:0110406
MESH:C564310	DOID:0110406
C563991	DOID:0110408
MESH:C563991	DOID:0110408
C567249	DOID:0110409
MESH:C567249	DOID:0110409
C564065	DOID:0110413
MESH:C564065	DOID:0110413
C564520	DOID:0110414
MESH:C564520	DOID:0110414
C567523	DOID:0110415
MESH:C567523	DOID:0110415
C564475	DOID:0110417
MESH:C564475	DOID:0110417
C580047	DOID:0110461
MESH:C580047	DOID:0110461
C565733	DOID:0110630
MESH:C565733	DOID:0110630
C535683	DOID:0110633
MESH:C535683	DOID:0110633
C537384	DOID:0110636
MESH:C537384	DOID:0110636
C563614	DOID:0110645
MESH:C563614	DOID:0110645
C565840	DOID:0110646
MESH:C565840	DOID:0110646
C566766	DOID:0110647
MESH:C566766	DOID:0110647
C566333	DOID:0110648
MESH:C566333	DOID:0110648
C567515	DOID:0110650
MESH:C567515	DOID:0110650
C567514	DOID:0110651
MESH:C567514	DOID:0110651
C567513	DOID:0110652
MESH:C567513	DOID:0110652
C567842	DOID:0110653
MESH:C567842	DOID:0110653
C567554	DOID:0110702
MESH:C567554	DOID:0110702
C538421	DOID:0110734
MESH:C538421	DOID:0110734
C548080	DOID:0110737
MESH:C548080	DOID:0110737
D052245	DOID:0110827
MESH:D052245	DOID:0110827
D052245	DOID:0110828
MESH:D052245	DOID:0110828
D052245	DOID:0110829
MESH:D052245	DOID:0110829
C536766	DOID:0110847
MESH:C536766	DOID:0110847
C537607	DOID:0110852
MESH:C537607	DOID:0110852
C537608	DOID:0110853
MESH:C537608	DOID:0110853
D017044	DOID:0110861
MESH:D017044	DOID:0110861
C563579	DOID:0110872
MESH:C563579	DOID:0110872
C563659	DOID:0110873
MESH:C563659	DOID:0110873
C565274	DOID:0110874
MESH:C565274	DOID:0110874
C564181	DOID:0110875
MESH:C564181	DOID:0110875
C563660	DOID:0110876
MESH:C563660	DOID:0110876
C566464	DOID:0110878
MESH:C566464	DOID:0110878
C563723	DOID:0110879
MESH:C563723	DOID:0110879
C564180	DOID:0110880
MESH:C564180	DOID:0110880
C565353	DOID:0110882
MESH:C565353	DOID:0110882
C567378	DOID:0110883
MESH:C567378	DOID:0110883
C567326	DOID:0110884
MESH:C567326	DOID:0110884
C567021	DOID:0110885
MESH:C567021	DOID:0110885
C563926	DOID:0110886
MESH:C563926	DOID:0110886
C567388	DOID:0110887
MESH:C567388	DOID:0110887
C567377	DOID:0110888
MESH:C567377	DOID:0110888
C565234	DOID:0110889
MESH:C565234	DOID:0110889
C567372	DOID:0110890
MESH:C567372	DOID:0110890
C565764	DOID:0110891
MESH:C565764	DOID:0110891
C567384	DOID:0110893
MESH:C567384	DOID:0110893
C567154	DOID:0110894
MESH:C567154	DOID:0110894
C567383	DOID:0110895
MESH:C567383	DOID:0110895
C567380	DOID:0110896
MESH:C567380	DOID:0110896
C567381	DOID:0110897
MESH:C567381	DOID:0110897
C567361	DOID:0110898
MESH:C567361	DOID:0110898
C563310	DOID:0110900
MESH:C563310	DOID:0110900
C567217	DOID:0110901
MESH:C567217	DOID:0110901
C567559	DOID:0110902
MESH:C567559	DOID:0110902
C564680	DOID:0110903
MESH:C564680	DOID:0110903
C564682	DOID:0110904
MESH:C564682	DOID:0110904
C567327	DOID:0110905
MESH:C567327	DOID:0110905
C567338	DOID:0110906
MESH:C567338	DOID:0110906
C564681	DOID:0110907
MESH:C564681	DOID:0110907
C567252	DOID:0110908
MESH:C567252	DOID:0110908
C538348	DOID:0110926
MESH:C538348	DOID:0110926
C538349	DOID:0110928
MESH:C538349	DOID:0110928
C538351	DOID:0110932
MESH:C538351	DOID:0110932
C565198	DOID:0110934
MESH:C565198	DOID:0110934
C538398	DOID:0110935
MESH:C538398	DOID:0110935
C538397	DOID:0110936
MESH:C538397	DOID:0110936
C536056	DOID:0110937
MESH:C536056	DOID:0110937
D010022	DOID:0110938
MESH:D010022	DOID:0110938
C536465	DOID:0110947
MESH:C536465	DOID:0110947
D014849	DOID:0110948
MESH:D014849	DOID:0110948
C536464	DOID:0110950
MESH:C536464	DOID:0110950
C537088	DOID:0110964
MESH:C537088	DOID:0110964
C537089	DOID:0110965
MESH:C537089	DOID:0110965
C537090	DOID:0110966
MESH:C537090	DOID:0110966
C537092	DOID:0110968
MESH:C537092	DOID:0110968
C537093	DOID:0110970
MESH:C537093	DOID:0110970
C535914	DOID:0110973
MESH:C535914	DOID:0110973
C567582	DOID:0110981
MESH:C567582	DOID:0110981
C536294	DOID:0110988
MESH:C536294	DOID:0110988
C536295	DOID:0110998
MESH:C536295	DOID:0110998
C536296	DOID:0110999
MESH:C536296	DOID:0110999
C537688	DOID:0111000
MESH:C537688	DOID:0111000
C537689	DOID:0111001
MESH:C537689	DOID:0111001
C566916	DOID:0111002
MESH:C566916	DOID:0111002
C567358	DOID:0111003
MESH:C567358	DOID:0111003
C567364	DOID:0111004
MESH:C567364	DOID:0111004
C563469	DOID:0111009
MESH:C563469	DOID:0111009
C563415	DOID:0111010
MESH:C563415	DOID:0111010
C566350	DOID:0111012
MESH:C566350	DOID:0111012
C565827	DOID:0111013
MESH:C565827	DOID:0111013
C565322	DOID:0111014
MESH:C565322	DOID:0111014
C567698	DOID:0111016
MESH:C567698	DOID:0111016
C564597	DOID:0111017
MESH:C564597	DOID:0111017
C563671	DOID:0111018
MESH:C563671	DOID:0111018
C567206	DOID:0111019
MESH:C567206	DOID:0111019
C537249	DOID:0111028
MESH:C537249	DOID:0111028
C537248	DOID:0111030
MESH:C537248	DOID:0111030
C537247	DOID:0111034
MESH:C537247	DOID:0111034
C563008	DOID:0111041
MESH:C563008	DOID:0111041
C567809	DOID:0111043
MESH:C567809	DOID:0111043
D055652	DOID:0111044
MESH:D055652	DOID:0111044
D055652	DOID:0111049
MESH:D055652	DOID:0111049
C536260	DOID:0111050
MESH:C536260	DOID:0111050
C563120	DOID:0111052
MESH:C563120	DOID:0111052
D056729	DOID:0111054
MESH:D056729	DOID:0111054
C536605	DOID:0111060
MESH:C536605	DOID:0111060
C535715	DOID:0111065
MESH:C535715	DOID:0111065
C535444	DOID:0111068
MESH:C535444	DOID:0111068
C535443	DOID:0111069
MESH:C535443	DOID:0111069
C566340	DOID:0111070
MESH:C566340	DOID:0111070
C535442	DOID:0111071
MESH:C535442	DOID:0111071
C536106	DOID:0111072
MESH:C536106	DOID:0111072
C564202	DOID:0111075
MESH:C564202	DOID:0111075
C567037	DOID:0111076
MESH:C567037	DOID:0111076
C564858	DOID:0111077
MESH:C564858	DOID:0111077
D049310	DOID:0111078
MESH:D049310	DOID:0111078
D000080365	DOID:0111079
MESH:D000080365	DOID:0111079
C563451	DOID:0111103
MESH:C563451	DOID:0111103
C566582	DOID:0111113
MESH:C566582	DOID:0111113
C565780	DOID:0111114
MESH:C565780	DOID:0111114
C564640	DOID:0111115
MESH:C564640	DOID:0111115
C566930	DOID:0111116
MESH:C566930	DOID:0111116
C565831	DOID:0111129
MESH:C565831	DOID:0111129
C567687	DOID:0111130
MESH:C567687	DOID:0111130
C565128	DOID:0111139
MESH:C565128	DOID:0111139
C563032	DOID:0111144
MESH:C563032	DOID:0111144
D007119	DOID:0111147
MESH:D007119	DOID:0111147
C536184	DOID:0111148
MESH:C536184	DOID:0111148
D004479	DOID:0111148
MESH:D004479	DOID:0111148
D000788	DOID:0111151
MESH:D000788	DOID:0111151
C537372	DOID:0111152
MESH:C537372	DOID:0111152
D054972	DOID:0111154
MESH:D054972	DOID:0111154
C536362	DOID:0111157
MESH:C536362	DOID:0111157
D005871	DOID:0111157
MESH:D005871	DOID:0111157
D000130	DOID:0111158
MESH:D000130	DOID:0111158
C537975	DOID:0111160
MESH:C537975	DOID:0111160
C580062	DOID:0111162
MESH:C580062	DOID:0111162
C565373	DOID:0111163
MESH:C565373	DOID:0111163
C565372	DOID:0111164
MESH:C565372	DOID:0111164
C535811	DOID:0111165
MESH:C535811	DOID:0111165
C565374	DOID:0111166
MESH:C565374	DOID:0111166
C562657	DOID:0111168
MESH:C562657	DOID:0111168
D054221	DOID:0111169
MESH:D054221	DOID:0111169
C537004	DOID:0111180
MESH:C537004	DOID:0111180
C564506	DOID:0111196
MESH:C564506	DOID:0111196
C566675	DOID:0111200
MESH:C566675	DOID:0111200
C563443	DOID:0111203
MESH:C563443	DOID:0111203
C580044	DOID:0111206
MESH:C580044	DOID:0111206
C564626	DOID:0111211
MESH:C564626	DOID:0111211
C567023	DOID:0111213
MESH:C567023	DOID:0111213
D020914	DOID:0111217
MESH:D020914	DOID:0111217
C565561	DOID:0111218
MESH:C565561	DOID:0111218
C566594	DOID:0111219
MESH:C566594	DOID:0111219
C562934	DOID:0111220
MESH:C562934	DOID:0111220
D020914	DOID:0111225
MESH:D020914	DOID:0111225
C579991	DOID:0111227
MESH:C579991	DOID:0111227
C566236	DOID:0111228
MESH:C566236	DOID:0111228
C535662	DOID:0111243
MESH:C535662	DOID:0111243
C537050	DOID:0111244
MESH:C537050	DOID:0111244
C535336	DOID:0111245
MESH:C535336	DOID:0111245
D000690	DOID:0111246
MESH:D000690	DOID:0111246
C537095	DOID:0111247
MESH:C537095	DOID:0111247
C562538	DOID:0111248
MESH:C562538	DOID:0111248
C535971	DOID:0111249
MESH:C535971	DOID:0111249
D016518	DOID:0111252
MESH:D016518	DOID:0111252
D009456	DOID:0111253
MESH:D009456	DOID:0111253
C536833	DOID:0111254
MESH:C536833	DOID:0111254
C538159	DOID:0111255
MESH:C538159	DOID:0111255
C538137	DOID:0111256
MESH:C538137	DOID:0111256
C536836	DOID:0111257
MESH:C536836	DOID:0111257
C536652	DOID:0111258
MESH:C536652	DOID:0111258
C537680	DOID:0111259
MESH:C537680	DOID:0111259
C567064	DOID:0111260
MESH:C567064	DOID:0111260
C538191	DOID:0111261
MESH:C538191	DOID:0111261
C580002	DOID:0111263
MESH:C580002	DOID:0111263
C565850	DOID:0111265
MESH:C565850	DOID:0111265
C537799	DOID:0111266
MESH:C537799	DOID:0111266
C538141	DOID:0111270
MESH:C538141	DOID:0111270
C536554	DOID:0111271
MESH:C536554	DOID:0111271
C537860	DOID:0111272
MESH:C537860	DOID:0111272
C537396	DOID:0111273
MESH:C537396	DOID:0111273
C536434	DOID:0111274
MESH:C536434	DOID:0111274
C537583	DOID:0111276
MESH:C537583	DOID:0111276
C566945	DOID:0111277
MESH:C566945	DOID:0111277
C567827	DOID:0111295
MESH:C567827	DOID:0111295
C566449	DOID:0111329
MESH:C566449	DOID:0111329
C567125	DOID:0111330
MESH:C567125	DOID:0111330
C536453	DOID:0111336
MESH:C536453	DOID:0111336
C537559	DOID:0111337
MESH:C537559	DOID:0111337
C536457	DOID:0111339
MESH:C536457	DOID:0111339
C565114	DOID:0111341
MESH:C565114	DOID:0111341
C535374	DOID:0111342
MESH:C535374	DOID:0111342
C537878	DOID:0111343
MESH:C537878	DOID:0111343
C536979	DOID:0111345
MESH:C536979	DOID:0111345
C535959	DOID:0111346
MESH:C535959	DOID:0111346
C562638	DOID:0111347
MESH:C562638	DOID:0111347
C565046	DOID:0111348
MESH:C565046	DOID:0111348
C535944	DOID:0111349
MESH:C535944	DOID:0111349
C535689	DOID:0111350
MESH:C535689	DOID:0111350
C565504	DOID:0111355
MESH:C565504	DOID:0111355
C537062	DOID:0111358
MESH:C537062	DOID:0111358
C536819	DOID:0111359
MESH:C536819	DOID:0111359
C564327	DOID:0111361
MESH:C564327	DOID:0111361
C535845	DOID:0111362
MESH:C535845	DOID:0111362
C564185	DOID:0111367
MESH:C564185	DOID:0111367
C564591	DOID:0111369
MESH:C564591	DOID:0111369
C566270	DOID:0111370
MESH:C566270	DOID:0111370
C564154	DOID:0111374
MESH:C564154	DOID:0111374
C536647	DOID:0111375
MESH:C536647	DOID:0111375
C535544	DOID:0111381
MESH:C535544	DOID:0111381
C535540	DOID:0111382
MESH:C535540	DOID:0111382
C536307	DOID:0111382
MESH:C536307	DOID:0111382
C537022	DOID:0111383
MESH:C537022	DOID:0111383
D008059	DOID:0111389
MESH:D008059	DOID:0111389
D008059	DOID:0111390
MESH:D008059	DOID:0111390
D009085	DOID:0111391
MESH:D009085	DOID:0111391
D009085	DOID:0111392
MESH:D009085	DOID:0111392
D009084	DOID:0111393
MESH:D009084	DOID:0111393
D009084	DOID:0111394
MESH:D009084	DOID:0111394
D009084	DOID:0111395
MESH:D009084	DOID:0111395
D000742	DOID:0111397
MESH:D000742	DOID:0111397
D000742	DOID:0111399
MESH:D000742	DOID:0111399
D000742	DOID:0111401
MESH:D000742	DOID:0111401
D009084	DOID:0111402
MESH:D009084	DOID:0111402
C000596385	DOID:0111404
MESH:C000596385	DOID:0111404
C567648	DOID:0111408
MESH:C567648	DOID:0111408
C565297	DOID:0111409
MESH:C565297	DOID:0111409
C566619	DOID:0111411
MESH:C566619	DOID:0111411
C536382	DOID:0111412
MESH:C536382	DOID:0111412
C565627	DOID:0111414
MESH:C565627	DOID:0111414
D008072	DOID:0111418
MESH:D008072	DOID:0111418
C537128	DOID:0111433
MESH:C537128	DOID:0111433
C537127	DOID:0111435
MESH:C537127	DOID:0111435
C567833	DOID:0111437
MESH:C567833	DOID:0111437
C537126	DOID:0111438
MESH:C537126	DOID:0111438
C565343	DOID:0111440
MESH:C565343	DOID:0111440
D020191	DOID:0111444
MESH:D020191	DOID:0111444
C567095	DOID:0111446
MESH:C567095	DOID:0111446
C537327	DOID:0111454
MESH:C537327	DOID:0111454
C537934	DOID:0111455
MESH:C537934	DOID:0111455
C537013	DOID:0111456
MESH:C537013	DOID:0111456
D005693	DOID:0111458
MESH:D005693	DOID:0111458
D005693	DOID:0111459
MESH:D005693	DOID:0111459
C567126	DOID:0111473
MESH:C567126	DOID:0111473
C563797	DOID:0111474
MESH:C563797	DOID:0111474
C566468	DOID:0111483
MESH:C566468	DOID:0111483
C566467	DOID:0111486
MESH:C566467	DOID:0111486
C565690	DOID:0111494
MESH:C565690	DOID:0111494
C563755	DOID:0111504
MESH:C563755	DOID:0111504
C536152	DOID:0111505
MESH:C536152	DOID:0111505
C536164	DOID:0111506
MESH:C536164	DOID:0111506
C537115	DOID:0111507
MESH:C537115	DOID:0111507
C563627	DOID:0111508
MESH:C563627	DOID:0111508
C537710	DOID:0111509
MESH:C537710	DOID:0111509
C536025	DOID:0111510
MESH:C536025	DOID:0111510
C536149	DOID:0111511
MESH:C536149	DOID:0111511
C562938	DOID:0111512
MESH:C562938	DOID:0111512
C537356	DOID:0111514
MESH:C537356	DOID:0111514
C567186	DOID:0111526
MESH:C567186	DOID:0111526
C537563	DOID:0111527
MESH:C537563	DOID:0111527
C538331	DOID:0111528
MESH:C538331	DOID:0111528
C535816	DOID:0111529
MESH:C535816	DOID:0111529
D000080344	DOID:0111531
MESH:D000080344	DOID:0111531
C536050	DOID:0111532
MESH:C536050	DOID:0111532
C536039	DOID:0111533
MESH:C536039	DOID:0111533
C567171	DOID:0111534
MESH:C567171	DOID:0111534
C562735	DOID:0111535
MESH:C562735	DOID:0111535
C537415	DOID:0111536
MESH:C537415	DOID:0111536
C563475	DOID:0111537
MESH:C563475	DOID:0111537
D020967	DOID:0111538
MESH:D020967	DOID:0111538
C537172	DOID:0111539
MESH:C537172	DOID:0111539
D056732	DOID:0111540
MESH:D056732	DOID:0111540
C566801	DOID:0111541
MESH:C566801	DOID:0111541
C536335	DOID:0111542
MESH:C536335	DOID:0111542
C538278	DOID:0111544
MESH:C538278	DOID:0111544
C536961	DOID:0111545
MESH:C536961	DOID:0111545
D011629	DOID:0111545
MESH:D011629	DOID:0111545
C536221	DOID:0111546
MESH:C536221	DOID:0111546
C535684	DOID:0111548
MESH:C535684	DOID:0111548
C562407	DOID:0111549
MESH:C562407	DOID:0111549
C536623	DOID:0111550
MESH:C536623	DOID:0111550
C566695	DOID:0111551
MESH:C566695	DOID:0111551
D009134	DOID:0111552
MESH:D009134	DOID:0111552
C535797	DOID:0111554
MESH:C535797	DOID:0111554
D062685	DOID:0111556
MESH:D062685	DOID:0111556
C566112	DOID:0111561
MESH:C566112	DOID:0111561
D013341	DOID:0111563
MESH:D013341	DOID:0111563
C535564	DOID:0111564
MESH:C535564	DOID:0111564
C536549	DOID:0111565
MESH:C536549	DOID:0111565
C566007	DOID:0111567
MESH:C566007	DOID:0111567
D005413	DOID:0111568
MESH:D005413	DOID:0111568
C536352	DOID:0111569
MESH:C536352	DOID:0111569
C536677	DOID:0111570
MESH:C536677	DOID:0111570
C536695	DOID:0111571
MESH:C536695	DOID:0111571
C536764	DOID:0111575
MESH:C536764	DOID:0111575
C536370	DOID:0111578
MESH:C536370	DOID:0111578
C565935	DOID:0111579
MESH:C565935	DOID:0111579
C537669	DOID:0111580
MESH:C537669	DOID:0111580
C537418	DOID:0111581
MESH:C537418	DOID:0111581
C562876	DOID:0111583
MESH:C562876	DOID:0111583
C535580	DOID:0111584
MESH:C535580	DOID:0111584
C535703	DOID:0111584
MESH:C535703	DOID:0111584
C562812	DOID:0111585
MESH:C562812	DOID:0111585
C536028	DOID:0111586
MESH:C536028	DOID:0111586
C565870	DOID:0111587
MESH:C565870	DOID:0111587
C535858	DOID:0111588
MESH:C535858	DOID:0111588
C536430	DOID:0111589
MESH:C536430	DOID:0111589
C536438	DOID:0111590
MESH:C536438	DOID:0111590
C535849	DOID:0111591
MESH:C535849	DOID:0111591
C566897	DOID:0111592
MESH:C566897	DOID:0111592
C580017	DOID:0111592
MESH:C580017	DOID:0111592
C566069	DOID:0111593
MESH:C566069	DOID:0111593
C536211	DOID:0111595
MESH:C536211	DOID:0111595
C565097	DOID:0111596
MESH:C565097	DOID:0111596
C535378	DOID:0111597
MESH:C535378	DOID:0111597
C538400	DOID:0111599
MESH:C538400	DOID:0111599
C535857	DOID:0111603
MESH:C535857	DOID:0111603
C535483	DOID:0111604
MESH:C535483	DOID:0111604
C537288	DOID:0111607
MESH:C537288	DOID:0111607
C537737	DOID:0111608
MESH:C537737	DOID:0111608
C535386	DOID:0111609
MESH:C535386	DOID:0111609
C563791	DOID:0111610
MESH:C563791	DOID:0111610
C537310	DOID:0111611
MESH:C537310	DOID:0111611
C537312	DOID:0111617
MESH:C537312	DOID:0111617
C565188	DOID:0111618
MESH:C565188	DOID:0111618
C535473	DOID:0111620
MESH:C535473	DOID:0111620
C536959	DOID:0111621
MESH:C536959	DOID:0111621
C565657	DOID:0111625
MESH:C565657	DOID:0111625
C535767	DOID:0111626
MESH:C535767	DOID:0111626
C538204	DOID:0111627
MESH:C538204	DOID:0111627
C562815	DOID:0111629
MESH:C562815	DOID:0111629
C538139	DOID:0111633
MESH:C538139	DOID:0111633
C562600	DOID:0111646
MESH:C562600	DOID:0111646
C565607	DOID:0111647
MESH:C565607	DOID:0111647
C563268	DOID:0111648
MESH:C563268	DOID:0111648
C566592	DOID:0111655
MESH:C566592	DOID:0111655
D053358	DOID:0111664
MESH:D053358	DOID:0111664
C565593	DOID:0111666
MESH:C565593	DOID:0111666
C562649	DOID:0111667
MESH:C562649	DOID:0111667
C537213	DOID:0111668
MESH:C537213	DOID:0111668
D057770	DOID:0111669
MESH:D057770	DOID:0111669
C536414	DOID:0111670
MESH:C536414	DOID:0111670
C536415	DOID:0111671
MESH:C536415	DOID:0111671
C537060	DOID:0111676
MESH:C537060	DOID:0111676
C565564	DOID:0111677
MESH:C565564	DOID:0111677
C562799	DOID:0111678
MESH:C562799	DOID:0111678
C537425	DOID:0111679
MESH:C537425	DOID:0111679
C538068	DOID:0111680
MESH:C538068	DOID:0111680
C565557	DOID:0111681
MESH:C565557	DOID:0111681
C537393	DOID:0111683
MESH:C537393	DOID:0111683
C538356	DOID:0111687
MESH:C538356	DOID:0111687
C563390	DOID:0111688
MESH:C563390	DOID:0111688
C563414	DOID:0111697
MESH:C563414	DOID:0111697
C563423	DOID:0111698
MESH:C563423	DOID:0111698
C535909	DOID:0111699
MESH:C535909	DOID:0111699
C563428	DOID:0111701
MESH:C563428	DOID:0111701
D058247	DOID:0111702
MESH:D058247	DOID:0111702
C563467	DOID:0111703
MESH:C563467	DOID:0111703
C538317	DOID:0111704
MESH:C538317	DOID:0111704
C563969	DOID:0111705
MESH:C563969	DOID:0111705
C536173	DOID:0111707
MESH:C536173	DOID:0111707
C538682	DOID:0111708
MESH:C538682	DOID:0111708
C000726750	DOID:0111713
MESH:C000726750	DOID:0111713
C565138	DOID:0111717
MESH:C565138	DOID:0111717
C562880	DOID:0111721
MESH:C562880	DOID:0111721
D054868	DOID:0111723
MESH:D054868	DOID:0111723
C564010	DOID:0111732
MESH:C564010	DOID:0111732
D058531	DOID:0111760
MESH:D058531	DOID:0111760
C536197	DOID:0111765
MESH:C536197	DOID:0111765
C564050	DOID:0111767
MESH:C564050	DOID:0111767
C537241	DOID:0111768
MESH:C537241	DOID:0111768
C567887	DOID:0111771
MESH:C567887	DOID:0111771
C567766	DOID:0111776
MESH:C567766	DOID:0111776
C536942	DOID:0111780
MESH:C536942	DOID:0111780
C536065	DOID:0111783
MESH:C536065	DOID:0111783
C538089	DOID:0111784
MESH:C538089	DOID:0111784
C538064	DOID:0111785
MESH:C538064	DOID:0111785
D010009	DOID:0111788
MESH:D010009	DOID:0111788
C537274	DOID:0111789
MESH:C537274	DOID:0111789
C565948	DOID:0111801
MESH:C565948	DOID:0111801
C537686	DOID:0111803
MESH:C537686	DOID:0111803
C566440	DOID:0111805
MESH:C566440	DOID:0111805
C566441	DOID:0111806
MESH:C566441	DOID:0111806
C537768	DOID:0111807
MESH:C537768	DOID:0111807
C537466	DOID:0111808
MESH:C537466	DOID:0111808
C537465	DOID:0111809
MESH:C537465	DOID:0111809
C564100	DOID:0111813
MESH:C564100	DOID:0111813
C538154	DOID:0111817
MESH:C538154	DOID:0111817
C566092	DOID:0111818
MESH:C566092	DOID:0111818
C538155	DOID:0111819
MESH:C538155	DOID:0111819
C565223	DOID:0111820
MESH:C565223	DOID:0111820
C536085	DOID:0111821
MESH:C536085	DOID:0111821
C562515	DOID:0111822
MESH:C562515	DOID:0111822
C535559	DOID:0111826
MESH:C535559	DOID:0111826
C535380	DOID:0111827
MESH:C535380	DOID:0111827
C537315	DOID:0111831
MESH:C537315	DOID:0111831
C537316	DOID:0111832
MESH:C537316	DOID:0111832
C567478	DOID:0111833
MESH:C567478	DOID:0111833
C564461	DOID:0111834
MESH:C564461	DOID:0111834
C538337	DOID:0111842
MESH:C538337	DOID:0111842
C564570	DOID:0111860
MESH:C564570	DOID:0111860
D054463	DOID:0111866
MESH:D054463	DOID:0111866
D054463	DOID:0111868
MESH:D054463	DOID:0111868
C536320	DOID:0111874
MESH:C536320	DOID:0111874
C567254	DOID:0111878
MESH:C567254	DOID:0111878
C538442	DOID:0111879
MESH:C538442	DOID:0111879
C567253	DOID:0111881
MESH:C567253	DOID:0111881
C567280	DOID:0111883
MESH:C567280	DOID:0111883
C567650	DOID:0111884
MESH:C567650	DOID:0111884
C536130	DOID:0111885
MESH:C536130	DOID:0111885
C536355	DOID:0111887
MESH:C536355	DOID:0111887
C567649	DOID:0111888
MESH:C567649	DOID:0111888
C567281	DOID:0111890
MESH:C567281	DOID:0111890
C567302	DOID:0111895
MESH:C567302	DOID:0111895
C567581	DOID:0111899
MESH:C567581	DOID:0111899
C562865	DOID:0111901
MESH:C562865	DOID:0111901
C566056	DOID:0111902
MESH:C566056	DOID:0111902
C567353	DOID:0111904
MESH:C567353	DOID:0111904
C567341	DOID:0111906
MESH:C567341	DOID:0111906
C566057	DOID:0111908
MESH:C566057	DOID:0111908
C567163	DOID:0111909
MESH:C567163	DOID:0111909
C567475	DOID:0111931
MESH:C567475	DOID:0111931
C566878	DOID:0111932
MESH:C566878	DOID:0111932
C567067	DOID:0111933
MESH:C567067	DOID:0111933
C585640	DOID:0111936
MESH:C585640	DOID:0111936
C565712	DOID:0111942
MESH:C565712	DOID:0111942
C537590	DOID:0111943
MESH:C537590	DOID:0111943
D000077428	DOID:0111947
MESH:D000077428	DOID:0111947
C535530	DOID:0111955
MESH:C535530	DOID:0111955
C566492	DOID:0111967
MESH:C566492	DOID:0111967
C565232	DOID:0111968
MESH:C565232	DOID:0111968
C557827	DOID:0111970
MESH:C557827	DOID:0111970
C565535	DOID:0111974
MESH:C565535	DOID:0111974
C557826	DOID:0111976
MESH:C557826	DOID:0111976
C565476	DOID:0111981
MESH:C565476	DOID:0111981
C566928	DOID:0111989
MESH:C566928	DOID:0111989
C538057	DOID:0111999
MESH:C538057	DOID:0111999
C567068	DOID:0112000
MESH:C567068	DOID:0112000
C564275	DOID:0112064
MESH:C564275	DOID:0112064
C567006	DOID:0112072
MESH:C567006	DOID:0112072
C564038	DOID:0112107
MESH:C564038	DOID:0112107
C564491	DOID:0112121
MESH:C564491	DOID:0112121
C564505	DOID:0112122
MESH:C564505	DOID:0112122
C563023	DOID:0112125
MESH:C563023	DOID:0112125
C564539	DOID:0112128
MESH:C564539	DOID:0112128
C564544	DOID:0112148
MESH:C564544	DOID:0112148
C564554	DOID:0112149
MESH:C564554	DOID:0112149
C564714	DOID:0112150
MESH:C564714	DOID:0112150
C536729	DOID:0112152
MESH:C536729	DOID:0112152
C535992	DOID:0112158
MESH:C535992	DOID:0112158
C536750	DOID:0112171
MESH:C536750	DOID:0112171
C564741	DOID:0112173
MESH:C564741	DOID:0112173
C564393	DOID:0112174
MESH:C564393	DOID:0112174
C536479	DOID:0112180
MESH:C536479	DOID:0112180
C562771	DOID:0112184
MESH:C562771	DOID:0112184
C564766	DOID:0112185
MESH:C564766	DOID:0112185
C563206	DOID:0112186
MESH:C563206	DOID:0112186
C562769	DOID:0112187
MESH:C562769	DOID:0112187
C562770	DOID:0112188
MESH:C562770	DOID:0112188
C564608	DOID:0112189
MESH:C564608	DOID:0112189
C538152	DOID:0112194
MESH:C538152	DOID:0112194
C564794	DOID:0112196
MESH:C564794	DOID:0112196
C562968	DOID:0112197
MESH:C562968	DOID:0112197
C566908	DOID:0112232
MESH:C566908	DOID:0112232
C567425	DOID:0112244
MESH:C567425	DOID:0112244
C567115	DOID:0112253
MESH:C567115	DOID:0112253
C537257	DOID:0112254
MESH:C537257	DOID:0112254
C536081	DOID:0112257
MESH:C536081	DOID:0112257
C562567	DOID:0112259
MESH:C562567	DOID:0112259
C536742	DOID:0112264
MESH:C536742	DOID:0112264
C536285	DOID:0112265
MESH:C536285	DOID:0112265
C564252	DOID:0112282
MESH:C564252	DOID:0112282
C566660	DOID:0112286
MESH:C566660	DOID:0112286
C567128	DOID:0112287
MESH:C567128	DOID:0112287
C564003	DOID:0112289
MESH:C564003	DOID:0112289
C564796	DOID:0112292
MESH:C564796	DOID:0112292
C535794	DOID:0112296
MESH:C535794	DOID:0112296
C535793	DOID:0112297
MESH:C535793	DOID:0112297
C535798	DOID:0112298
MESH:C535798	DOID:0112298
C535795	DOID:0112299
MESH:C535795	DOID:0112299
C563825	DOID:0112300
MESH:C563825	DOID:0112300
C563803	DOID:0112301
MESH:C563803	DOID:0112301
C535791	DOID:0112305
MESH:C535791	DOID:0112305
C537236	DOID:0112307
MESH:C537236	DOID:0112307
D011629	DOID:0112308
MESH:D011629	DOID:0112308
C548069	DOID:0112322
MESH:C548069	DOID:0112322
C548070	DOID:0112328
MESH:C548070	DOID:0112328
D006319	DOID:10003
MESH:D006319	DOID:10003
D018814	DOID:10016
MESH:D018814	DOID:10016
D018761	DOID:10017
MESH:D018761	DOID:10017
D004716	DOID:1002
MESH:D004716	DOID:1002
D004379	DOID:10021
MESH:D004379	DOID:10021
D020325	DOID:10024
MESH:D020325	DOID:10024
D013606	DOID:10027
MESH:D013606	DOID:10027
D000292	DOID:1003
MESH:D000292	DOID:1003
D008478	DOID:10030
MESH:D008478	DOID:10030
D019568	DOID:10032
MESH:D019568	DOID:10032
D009494	DOID:10035
MESH:D009494	DOID:10035
D009494	DOID:10039
MESH:D009494	DOID:10039
D004416	DOID:10041
MESH:D004416	DOID:10041
C536775	DOID:10073
MESH:C536775	DOID:10073
D006925	DOID:10074
MESH:D006925	DOID:10074
D004169	DOID:10075
MESH:D004169	DOID:10075
D003551	DOID:10079
MESH:D003551	DOID:10079
D013031	DOID:10080
MESH:D013031	DOID:10080
D014353	DOID:10112
MESH:D014353	DOID:10112
D014352	DOID:10113
MESH:D014352	DOID:10113
C562400	DOID:10122
MESH:C562400	DOID:10122
D003316	DOID:10124
MESH:D003316	DOID:10124
D007640	DOID:10126
MESH:D007640	DOID:10126
D014689	DOID:10128
MESH:D014689	DOID:10128
D014985	DOID:10138
MESH:D014985	DOID:10138
D015352	DOID:10140
MESH:D015352	DOID:10140
D007414	DOID:10155
MESH:D007414	DOID:10155
D007078	DOID:10156
MESH:D007078	DOID:10156
D010020	DOID:10159
MESH:D010020	DOID:10159
D010211	DOID:10175
MESH:D010211	DOID:10175
D012173	DOID:10176
MESH:D012173	DOID:10176
D008067	DOID:10192
MESH:D008067	DOID:10192
D010874	DOID:1022
MESH:D010874	DOID:1022
D003882	DOID:10223
MESH:D003882	DOID:10223
D015439	DOID:1023
MESH:D015439	DOID:1023
D015835	DOID:10235
MESH:D015835	DOID:10235
D005084	DOID:10236
MESH:D005084	DOID:10236
D007918	DOID:1024
MESH:D007918	DOID:1024
D013789	DOID:10241
MESH:D013789	DOID:10241
D016873	DOID:10242
MESH:D016873	DOID:10242
D015441	DOID:1025
MESH:D015441	DOID:1025
D008146	DOID:10250
MESH:D008146	DOID:10250
D009107	DOID:10264
MESH:D009107	DOID:10264
D011471	DOID:10283
MESH:D011471	DOID:10283
C549759	DOID:10289
MESH:C549759	DOID:10289
D010245	DOID:1029
MESH:D010245	DOID:1029
D004948	DOID:10293
MESH:D004948	DOID:10293
D011928	DOID:10300
MESH:D011928	DOID:10300
D010309	DOID:10301
MESH:D010309	DOID:10301
D010305	DOID:10302
MESH:D010305	DOID:10302
D012793	DOID:10303
MESH:D012793	DOID:10303
D008587	DOID:10310
MESH:D008587	DOID:10310
D004696	DOID:10314
MESH:D004696	DOID:10314
D011009	DOID:10316
MESH:D011009	DOID:10316
D001195	DOID:10320
MESH:D001195	DOID:10320
C537080	DOID:10321
MESH:C537080	DOID:10321
D001607	DOID:10322
MESH:D001607	DOID:10322
D002095	DOID:10323
MESH:D002095	DOID:10323
D000874	DOID:10324
MESH:D000874	DOID:10324
D012829	DOID:10325
MESH:D012829	DOID:10325
D002205	DOID:10326
MESH:D002205	DOID:10326
D055008	DOID:10327
MESH:D055008	DOID:10327
D012806	DOID:10328
MESH:D012806	DOID:10328
D016569	DOID:10348
MESH:D016569	DOID:10348
D047688	DOID:10350
MESH:D047688	DOID:10350
D005348	DOID:10354
MESH:D005348	DOID:10354
D007945	DOID:1037
MESH:D007945	DOID:1037
D015001	DOID:10371
MESH:D015001	DOID:10371
D000550	DOID:10375
MESH:D000550	DOID:10375
D000550	DOID:10376
MESH:D000550	DOID:10376
D020968	DOID:10383
MESH:D020968	DOID:10383
D015463	DOID:1039
MESH:D015463	DOID:1039
D010005	DOID:10393
MESH:D010005	DOID:10393
D010930	DOID:10398
MESH:D010930	DOID:10398
D001424	DOID:104
MESH:D001424	DOID:104
D015451	DOID:1040
MESH:D015451	DOID:1040
D007714	DOID:10426
MESH:D007714	DOID:10426
D014069	DOID:10456
MESH:D014069	DOID:10456
D007877	DOID:10457
MESH:D007877	DOID:10457
D007876	DOID:10458
MESH:D007876	DOID:10458
D003139	DOID:10459
MESH:D003139	DOID:10459
D009304	DOID:10460
MESH:D009304	DOID:10460
D003965	DOID:10480
MESH:D003965	DOID:10480
D004933	DOID:10485
MESH:D004933	DOID:10485
D007409	DOID:10486
MESH:D007409	DOID:10486
D006627	DOID:10487
MESH:D006627	DOID:10487
D001006	DOID:10488
MESH:D001006	DOID:10488
D011024	DOID:10533
MESH:D011024	DOID:10533
D013274	DOID:10534
MESH:D013274	DOID:10534
D008590	DOID:10554
MESH:D008590	DOID:10554
D009800	DOID:1056
MESH:D009800	DOID:1056
D002128	DOID:10575
MESH:D002128	DOID:10575
D007966	DOID:10581
MESH:D007966	DOID:10581
D012035	DOID:10582
MESH:D012035	DOID:10582
C538365	DOID:10584
MESH:C538365	DOID:10584
D012174	DOID:10584
MESH:D012174	DOID:10584
D007965	DOID:10587
MESH:D007965	DOID:10587
D000326	DOID:10588
MESH:D000326	DOID:10588
D011225	DOID:10591
MESH:D011225	DOID:10591
D002607	DOID:10595
MESH:D002607	DOID:10595
D014396	DOID:106
MESH:D014396	DOID:106
D006250	DOID:1060
MESH:D006250	DOID:1060
D013981	DOID:10600
MESH:D013981	DOID:10600
D018149	DOID:10603
MESH:D018149	DOID:10603
D007787	DOID:10604
MESH:D007787	DOID:10604
D012778	DOID:10605
MESH:D012778	DOID:10605
D001765	DOID:10606
MESH:D001765	DOID:10606
D013182	DOID:10607
MESH:D013182	DOID:10607
D002446	DOID:10608
MESH:D002446	DOID:10608
D012279	DOID:10609
MESH:D012279	DOID:10609
D011504	DOID:10611
MESH:D011504	DOID:10611
D005198	DOID:1062
MESH:D005198	DOID:1062
D008850	DOID:10629
MESH:D008850	DOID:10629
D009395	DOID:1063
MESH:D009395	DOID:1063
D014929	DOID:10632
MESH:D014929	DOID:10632
D003554	DOID:1064
MESH:D003554	DOID:1064
D012569	DOID:10646
MESH:D012569	DOID:10646
D000544	DOID:10652
MESH:D000544	DOID:10652
D005902	DOID:1067
MESH:D005902	DOID:1067
C535998	DOID:10686
MESH:C535998	DOID:10686
D008413	DOID:10690
MESH:D008413	DOID:10690
D010237	DOID:10699
MESH:D010237	DOID:10699
D005902	DOID:1070
MESH:D005902	DOID:1070
D005873	DOID:10718
MESH:D005873	DOID:10718
D006977	DOID:1073
MESH:D006977	DOID:1073
D051437	DOID:1074
MESH:D051437	DOID:1074
D010033	DOID:10754
MESH:D010033	DOID:10754
D059270	DOID:10755
MESH:D059270	DOID:10755
D006975	DOID:10762
MESH:D006975	DOID:10762
D006973	DOID:10763
MESH:D006973	DOID:10763
D011697	DOID:10772
MESH:D011697	DOID:10772
D010930	DOID:10773
MESH:D010930	DOID:10773
D008640	DOID:10782
MESH:D008640	DOID:10782
D008708	DOID:10783
MESH:D008708	DOID:10783
D008594	DOID:10787
MESH:D008594	DOID:10787
D012719	DOID:1079
MESH:D012719	DOID:1079
D015522	DOID:10791
MESH:D015522	DOID:10791
D015524	DOID:10794
MESH:D015524	DOID:10794
D005368	DOID:1080
MESH:D005368	DOID:1080
D013276	DOID:10808
MESH:D013276	DOID:10808
D008368	DOID:1081
MESH:D008368	DOID:1081
D012448	DOID:10817
MESH:D012448	DOID:10817
D004184	DOID:1082
MESH:D004184	DOID:1082
D006974	DOID:10824
MESH:D006974	DOID:10824
D000075222	DOID:10825
MESH:D000075222	DOID:10825
D014843	DOID:10834
MESH:D014843	DOID:10834
D020242	DOID:10841
MESH:D020242	DOID:10841
D004671	DOID:10842
MESH:D004671	DOID:10842
D020241	DOID:10843
MESH:D020241	DOID:10843
D004672	DOID:10844
MESH:D004672	DOID:10844
D004674	DOID:10845
MESH:D004674	DOID:10845
D008398	DOID:10849
MESH:D008398	DOID:10849
D000073842	DOID:1085
MESH:D000073842	DOID:1085
D015840	DOID:10864
MESH:D015840	DOID:10864
D020434	DOID:10865
MESH:D020434	DOID:10865
D015840	DOID:10866
MESH:D015840	DOID:10866
D008268	DOID:10871
MESH:D008268	DOID:10871
D006232	DOID:10881
MESH:D006232	DOID:10881
D011000	DOID:10882
MESH:D011000	DOID:10882
D006557	DOID:10883
MESH:D006557	DOID:10883
D015440	DOID:10887
MESH:D015440	DOID:10887
D007021	DOID:10892
MESH:D007021	DOID:10892
D008831	DOID:10907
MESH:D008831	DOID:10907
D006849	DOID:10908
MESH:D006849	DOID:10908
D014076	DOID:1091
MESH:D014076	DOID:1091
D000647	DOID:10914
MESH:D000647	DOID:10914
D020915	DOID:10915
MESH:D020915	DOID:10915
D000073605	DOID:10921
MESH:D000073605	DOID:10921
D000755	DOID:10923
MESH:D000755	DOID:10923
D001883	DOID:10930
MESH:D001883	DOID:10930
D003859	DOID:10931
MESH:D003859	DOID:10931
D003193	DOID:10932
MESH:D003193	DOID:10932
D009771	DOID:10933
MESH:D009771	DOID:10933
D009105	DOID:10934
MESH:D009105	DOID:10934
D004213	DOID:10935
MESH:D004213	DOID:10935
D012557	DOID:10936
MESH:D012557	DOID:10936
D007174	DOID:10937
MESH:D007174	DOID:10937
D010260	DOID:10938
MESH:D010260	DOID:10938
D000987	DOID:10939
MESH:D000987	DOID:10939
D001289	DOID:1094
MESH:D001289	DOID:1094
D002532	DOID:10941
MESH:D002532	DOID:10941
D014060	DOID:10944
MESH:D014060	DOID:10944
D009393	DOID:10952
MESH:D009393	DOID:10952
D013322	DOID:10955
MESH:D013322	DOID:10955
D018424	DOID:10964
MESH:D018424	DOID:10964
D002547	DOID:10965
MESH:D002547	DOID:10965
D009402	DOID:10966
MESH:D009402	DOID:10966
D002547	DOID:10968
MESH:D002547	DOID:10968
D006429	DOID:10969
MESH:D006429	DOID:10969
D002547	DOID:10970
MESH:D002547	DOID:10970
D009869	DOID:10974
MESH:D009869	DOID:10974
D015433	DOID:10976
MESH:D015433	DOID:10976
D004899	DOID:1098
MESH:D004899	DOID:1098
D009394	DOID:10983
MESH:D009394	DOID:10983
D015299	DOID:10986
MESH:D015299	DOID:10986
D017085	DOID:1099
MESH:D017085	DOID:1099
D020144	DOID:10991
MESH:D020144	DOID:10991
D004684	DOID:10992
MESH:D004684	DOID:10992
D007905	DOID:110
MESH:D007905	DOID:110
D010049	DOID:1100
MESH:D010049	DOID:1100
D059407	DOID:11029
MESH:D059407	DOID:11029
D015715	DOID:11030
MESH:D015715	DOID:11030
D000647	DOID:11037
MESH:D000647	DOID:11037
D003861	DOID:11038
MESH:D003861	DOID:11038
D005258	DOID:11042
MESH:D005258	DOID:11042
D020139	DOID:11044
MESH:D020139	DOID:11044
D008471	DOID:11049
MESH:D008471	DOID:11049
D001749	DOID:11054
MESH:D001749	DOID:11054
D010326	DOID:11055
MESH:D010326	DOID:11055
D010923	DOID:11060
MESH:D010923	DOID:11060
D002006	DOID:11077
MESH:D002006	DOID:11077
D009198	DOID:11080
MESH:D009198	DOID:11080
D001238	DOID:11088
MESH:D001238	DOID:11088
D011778	DOID:11100
MESH:D011778	DOID:11100
D014205	DOID:11101
MESH:D014205	DOID:11101
D001474	DOID:11102
MESH:D001474	DOID:11102
D000073605	DOID:11103
MESH:D000073605	DOID:11103
D000073605	DOID:11104
MESH:D000073605	DOID:11104
C562733	DOID:11105
MESH:C562733	DOID:11105
D006869	DOID:11111
MESH:D006869	DOID:11111
D005879	DOID:11119
MESH:D005879	DOID:11119
D011671	DOID:11121
MESH:D011671	DOID:11121
D011695	DOID:11123
MESH:D011695	DOID:11123
D041761	DOID:11151
MESH:D041761	DOID:11151
D008883	DOID:11153
MESH:D008883	DOID:11153
D007007	DOID:11155
MESH:D007007	DOID:11155
D007007	DOID:11156
MESH:D007007	DOID:11156
D001885	DOID:1116
MESH:D001885	DOID:1116
C562399	DOID:11164
MESH:C562399	DOID:11164
D030361	DOID:11166
MESH:D030361	DOID:11166
D003218	DOID:11168
MESH:D003218	DOID:11168
D015841	DOID:11175
MESH:D015841	DOID:11175
D013576	DOID:11193
MESH:D013576	DOID:11193
D004062	DOID:11198
MESH:D004062	DOID:11198
D007011	DOID:11199
MESH:D007011	DOID:11199
D010279	DOID:11201
MESH:D010279	DOID:11201
D049950	DOID:11202
MESH:D049950	DOID:11202
D003233	DOID:11204
MESH:D003233	DOID:11204
D009293	DOID:11206
MESH:D009293	DOID:11206
D006871	DOID:11212
MESH:D006871	DOID:11212
D003232	DOID:11227
MESH:D003232	DOID:11227
D025242	DOID:1123
MESH:D025242	DOID:1123
D054517	DOID:11234
MESH:D054517	DOID:11234
D001063	DOID:11239
MESH:D001063	DOID:11239
D001063	DOID:11240
MESH:D001063	DOID:11240
D000751	DOID:11244
MESH:D000751	DOID:11244
D004211	DOID:11247
MESH:D004211	DOID:11247
D014813	DOID:11249
MESH:D014813	DOID:11249
C562385	DOID:11252
MESH:C562385	DOID:11252
D014438	DOID:11254
MESH:D014438	DOID:11254
D014437	DOID:11256
MESH:D014437	DOID:11256
D014438	DOID:11256
MESH:D014438	DOID:11256
D000072861	DOID:11257
MESH:D000072861	DOID:11257
D002372	DOID:11258
MESH:D002372	DOID:11258
D011818	DOID:11260
MESH:D011818	DOID:11260
D009956	DOID:11262
MESH:D009956	DOID:11262
D002689	DOID:11263
MESH:D002689	DOID:11263
D014141	DOID:11265
MESH:D014141	DOID:11265
D006480	DOID:11266
MESH:D006480	DOID:11266
C536156	DOID:11267
MESH:C536156	DOID:11267
D000099070	DOID:11282
MESH:D000099070	DOID:11282
D013985	DOID:11285
MESH:D013985	DOID:11285
D010899	DOID:1129
MESH:D010899	DOID:1129
D000071071	DOID:11295
MESH:D000071071	DOID:11295
D007733	DOID:11320
MESH:D007733	DOID:11320
D011618	DOID:11328
MESH:D011618	DOID:11328
D000387	DOID:11329
MESH:D000387	DOID:11329
D004886	DOID:11330
MESH:D004886	DOID:11330
D012507	DOID:11335
MESH:D012507	DOID:11335
D012226	DOID:11336
MESH:D012226	DOID:11336
D005674	DOID:11337
MESH:D005674	DOID:11337
D013742	DOID:11338
MESH:D013742	DOID:11338
D011020	DOID:11339
MESH:D011020	DOID:11339
D005889	DOID:1134
MESH:D005889	DOID:1134
D001112	DOID:11342
MESH:D001112	DOID:11342
D015422	DOID:11343
MESH:D015422	DOID:11343
C562406	DOID:11353
MESH:C562406	DOID:11353
D001744	DOID:11355
MESH:D001744	DOID:11355
D010217	DOID:11360
MESH:D010217	DOID:11360
D007906	DOID:11364
MESH:D007906	DOID:11364
D008531	DOID:11372
MESH:D008531	DOID:11372
D058429	DOID:11379
MESH:D058429	DOID:11379
D008579	DOID:1138
MESH:D008579	DOID:1138
D016510	DOID:11382
MESH:D016510	DOID:11382
D003456	DOID:11383
MESH:D003456	DOID:11383
D020802	DOID:11387
MESH:D020802	DOID:11387
D013354	DOID:11389
MESH:D013354	DOID:11389
D012128	DOID:11394
MESH:D012128	DOID:11394
D011654	DOID:11396
MESH:D011654	DOID:11396
D006331	DOID:114
MESH:D006331	DOID:114
D011704	DOID:11400
MESH:D011704	DOID:11400
D011705	DOID:11401
MESH:D011705	DOID:11401
D003354	DOID:11405
MESH:D003354	DOID:11405
D002833	DOID:11406
MESH:D002833	DOID:11406
D005099	DOID:1142
MESH:D005099	DOID:1142
D005099	DOID:1143
MESH:D005099	DOID:1143
D020426	DOID:11446
MESH:D020426	DOID:11446
D011559	DOID:11459
MESH:D011559	DOID:11459
D010024	DOID:11476
MESH:D010024	DOID:11476
C562429	DOID:1148
MESH:C562429	DOID:1148
D017689	DOID:1148
MESH:D017689	DOID:1148
D010494	DOID:11481
MESH:D010494	DOID:11481
D010490	DOID:11482
MESH:D010490	DOID:11482
D006732	DOID:11486
MESH:D006732	DOID:11486
D002305	DOID:115
MESH:D002305	DOID:115
D008944	DOID:11502
MESH:D008944	DOID:11502
D003929	DOID:11503
MESH:D003929	DOID:11503
D010035	DOID:11506
MESH:D010035	DOID:11506
D000079562	DOID:11507
MESH:D000079562	DOID:11507
D006502	DOID:11512
MESH:D006502	DOID:11512
D014063	DOID:11514
MESH:D014063	DOID:11514
D007829	DOID:11527
MESH:D007829	DOID:11527
D000270	DOID:11549
MESH:D000270	DOID:11549
D015840	DOID:11550
MESH:D015840	DOID:11550
D057129	DOID:11554
MESH:D057129	DOID:11554
D005642	DOID:11555
MESH:D005642	DOID:11555
D058437	DOID:11561
MESH:D058437	DOID:11561
D031300	DOID:11563
MESH:D031300	DOID:11563
D009449	DOID:11569
MESH:D009449	DOID:11569
D008584	DOID:11572
MESH:D008584	DOID:11572
D008088	DOID:11573
MESH:D008088	DOID:11573
D000077684	DOID:11577
MESH:D000077684	DOID:11577
D004402	DOID:11589
MESH:D004402	DOID:11589
D013547	DOID:11599
MESH:D013547	DOID:11599
D006177	DOID:11603
MESH:D006177	DOID:11603
D016921	DOID:11608
MESH:D016921	DOID:11608
D011085	DOID:11612
MESH:D011085	DOID:11612
D017588	DOID:11613
MESH:D017588	DOID:11613
D010412	DOID:11615
MESH:D010412	DOID:11615
D003790	DOID:11623
MESH:D003790	DOID:11623
D010412	DOID:11624
MESH:D010412	DOID:11624
D018382	DOID:11633
MESH:D018382	DOID:11633
D009230	DOID:11634
MESH:D009230	DOID:11634
D011305	DOID:11638
MESH:D011305	DOID:11638
D001997	DOID:11650
MESH:D001997	DOID:11650
D010390	DOID:11656
MESH:D010390	DOID:11656
C538103	DOID:1166
MESH:C538103	DOID:1166
D003117	DOID:11661
MESH:D003117	DOID:11661
D009400	DOID:11664
MESH:D009400	DOID:11664
D000073839	DOID:11665
MESH:D000073839	DOID:11665
D009855	DOID:11678
MESH:D009855	DOID:11678
D006949	DOID:1168
MESH:D006949	DOID:1168
D006951	DOID:1168
MESH:D006951	DOID:1168
D006338	DOID:117
MESH:D006338	DOID:117
D017098	DOID:11701
MESH:D017098	DOID:11701
D004406	DOID:11702
MESH:D004406	DOID:11702
D006954	DOID:1171
MESH:D006954	DOID:1171
D003923	DOID:11712
MESH:D003923	DOID:11712
D003925	DOID:11713
MESH:D003925	DOID:11713
D016640	DOID:11714
MESH:D016640	DOID:11714
D011236	DOID:11716
MESH:D011236	DOID:11716
D039141	DOID:11719
MESH:D039141	DOID:11719
D006953	DOID:1172
MESH:D006953	DOID:1172
D049310	DOID:11720
MESH:D049310	DOID:11720
D006014	DOID:11721
MESH:D006014	DOID:11721
D009223	DOID:11722
MESH:D009223	DOID:11722
D020388	DOID:11723
MESH:D020388	DOID:11723
D049288	DOID:11724
MESH:D049288	DOID:11724
D003635	DOID:11725
MESH:D003635	DOID:11725
D020389	DOID:11726
MESH:D020389	DOID:11726
D020391	DOID:11727
MESH:D020391	DOID:11727
D008193	DOID:11729
MESH:D008193	DOID:11729
D020852	DOID:11729
MESH:D020852	DOID:11729
D042883	DOID:11755
MESH:D042883	DOID:11755
D000747	DOID:11759
MESH:D000747	DOID:11759
D001982	DOID:1176
MESH:D001982	DOID:1176
D009759	DOID:11771
MESH:D009759	DOID:11771
D001251	DOID:11782
MESH:D001251	DOID:11782
D010490	DOID:118
MESH:D010490	DOID:118
D011502	DOID:11801
MESH:D011502	DOID:11801
D014516	DOID:11819
MESH:D014516	DOID:11819
D006530	DOID:11823
MESH:D006530	DOID:11823
D047728	DOID:11829
MESH:D047728	DOID:11829
D009216	DOID:11830
MESH:D009216	DOID:11830
D019575	DOID:11831
MESH:D019575	DOID:11831
D012640	DOID:11832
MESH:D012640	DOID:11832
D003025	DOID:11836
MESH:D003025	DOID:11836
D009404	DOID:1184
MESH:D009404	DOID:1184
D003329	DOID:11840
MESH:D003329	DOID:11840
D003328	DOID:11847
MESH:D003328	DOID:11847
D005099	DOID:11853
MESH:D005099	DOID:11853
D020429	DOID:1187
MESH:D020429	DOID:1187
D020774	DOID:11870
MESH:D020774	DOID:11870
D013282	DOID:11875
MESH:D013282	DOID:11875
D020422	DOID:1188
MESH:D020422	DOID:1188
D014516	DOID:11885
MESH:D014516	DOID:11885
D014625	DOID:119
MESH:D014625	DOID:119
D004473	DOID:11907
MESH:D004473	DOID:11907
D018589	DOID:11914
MESH:D018589	DOID:11914
D010524	DOID:1192
MESH:D010524	DOID:1192
D018317	DOID:1192
MESH:D018317	DOID:1192
D006258	DOID:11934
MESH:D006258	DOID:11934
D007562	DOID:11949
MESH:D007562	DOID:11949
D004941	DOID:11963
MESH:D004941	DOID:11963
D013580	DOID:11971
MESH:D013580	DOID:11971
C535970	DOID:11975
MESH:C535970	DOID:11975
D001906	DOID:11976
MESH:D001906	DOID:11976
D009767	DOID:11981
MESH:D009767	DOID:11981
D011218	DOID:11983
MESH:D011218	DOID:11983
D002312	DOID:11984
MESH:D002312	DOID:11984
D010023	DOID:11991
MESH:D010023	DOID:11991
D013086	DOID:11996
MESH:D013086	DOID:11996
D013088	DOID:11997
MESH:D013088	DOID:11997
D005833	DOID:120
MESH:D005833	DOID:120
D018917	DOID:12010
MESH:D018917	DOID:12010
D006929	DOID:12028
MESH:D006929	DOID:12028
D009879	DOID:12029
MESH:D009879	DOID:12029
D015864	DOID:12030
MESH:D015864	DOID:12030
D006967	DOID:1205
MESH:D006967	DOID:1205
D003453	DOID:12053
MESH:D003453	DOID:12053
D015518	DOID:1206
MESH:D015518	DOID:1206
D011906	DOID:12096
MESH:D011906	DOID:12096
D014277	DOID:12098
MESH:D014277	DOID:12098
D014623	DOID:121
MESH:D014623	DOID:121
D009902	DOID:1210
MESH:D009902	DOID:1210
C562405	DOID:12117
MESH:C562405	DOID:12117
D000097545	DOID:12118
MESH:D000097545	DOID:12118
D006486	DOID:12119
MESH:D006486	DOID:12119
D011649	DOID:12120
MESH:D011649	DOID:12120
D010842	DOID:12128
MESH:D010842	DOID:12128
D002032	DOID:12129
MESH:D002032	DOID:12129
D014890	DOID:12132
MESH:D014890	DOID:12132
D006467	DOID:12134
MESH:D006467	DOID:12134
D019263	DOID:12139
MESH:D019263	DOID:12139
D014355	DOID:12140
MESH:D014355	DOID:12140
D001750	DOID:12143
MESH:D001750	DOID:12143
C536591	DOID:12148
MESH:C536591	DOID:12148
D008216	DOID:12155
MESH:D008216	DOID:12155
D001100	DOID:12156
MESH:D001100	DOID:12156
D008582	DOID:12157
MESH:D008582	DOID:12157
D002349	DOID:12169
MESH:D002349	DOID:12169
D005213	DOID:1217
MESH:D005213	DOID:1217
D020425	DOID:12171
MESH:D020425	DOID:12171
D006042	DOID:12176
MESH:D006042	DOID:12176
D017074	DOID:12177
MESH:D017074	DOID:12177
D004451	DOID:1218
MESH:D004451	DOID:1218
D004011	DOID:1219
MESH:D004011	DOID:1219
D012811	DOID:12192
MESH:D012811	DOID:12192
D003715	DOID:12205
MESH:D003715	DOID:12205
D019595	DOID:12206
MESH:D019595	DOID:12206
D004605	DOID:12211
MESH:D004605	DOID:12211
D016104	DOID:12215
MESH:D016104	DOID:12215
D020961	DOID:12217
MESH:D020961	DOID:12217
D002357	DOID:1222
MESH:D002357	DOID:1222
D013585	DOID:12225
MESH:D013585	DOID:12225
D008105	DOID:12236
MESH:D008105	DOID:12236
D001655	DOID:12237
MESH:D001655	DOID:12237
D017086	DOID:12241
MESH:D017086	DOID:12241
D002836	DOID:12259
MESH:D002836	DOID:12259
D009503	DOID:1227
MESH:D009503	DOID:1227
D003103	DOID:12270
MESH:D003103	DOID:12270
D015783	DOID:12271
MESH:D015783	DOID:12271
D015858	DOID:12273
MESH:D015858	DOID:12273
D006479	DOID:12287
MESH:D006479	DOID:12287
D012563	DOID:1229
MESH:D012563	DOID:1229
D014607	DOID:12297
MESH:D014607	DOID:12297
D007184	DOID:12305
MESH:D007184	DOID:12305
D014820	DOID:12306
MESH:D014820	DOID:12306
D007566	DOID:12308
MESH:D007566	DOID:12308
D014582	DOID:12309
MESH:D014582	DOID:12309
D003317	DOID:12318
MESH:D003317	DOID:12318
D000096823	DOID:12323
MESH:D000096823	DOID:12323
D011502	DOID:12328
MESH:D011502	DOID:12328
D014190	DOID:1233
MESH:D014190	DOID:1233
D006398	DOID:12332
MESH:D006398	DOID:12332
D007248	DOID:12336
MESH:D007248	DOID:12336
D014646	DOID:12337
MESH:D014646	DOID:12337
D010013	DOID:12347
MESH:D010013	DOID:12347
D005329	DOID:1235
MESH:D005329	DOID:1235
D006111	DOID:12361
MESH:D006111	DOID:12361
D008288	DOID:12365
MESH:D008288	DOID:12365
D001996	DOID:12375
MESH:D001996	DOID:12375
D014897	DOID:12376
MESH:D014897	DOID:12376
D009134	DOID:12377
MESH:D009134	DOID:12377
D017029	DOID:12382
MESH:D017029	DOID:12382
D004403	DOID:12384
MESH:D004403	DOID:12384
D004405	DOID:12385
MESH:D004405	DOID:12385
D001447	DOID:12386
MESH:D001447	DOID:12386
D018500	DOID:12387
MESH:D018500	DOID:12387
D020790	DOID:12388
MESH:D020790	DOID:12388
D004774	DOID:12397
MESH:D004774	DOID:12397
D005715	DOID:12399
MESH:D005715	DOID:12399
D007938	DOID:1240
MESH:D007938	DOID:1240
D007174	DOID:12400
MESH:D007174	DOID:12400
D007174	DOID:12401
MESH:D007174	DOID:12401
D005391	DOID:12402
MESH:D005391	DOID:12402
D014008	DOID:12403
MESH:D014008	DOID:12403
D000741	DOID:12449
MESH:D000741	DOID:12449
D014846	DOID:1245
MESH:D014846	DOID:1245
D010198	DOID:12450
MESH:D010198	DOID:12450
D013436	DOID:12451
MESH:D013436	DOID:12451
D006962	DOID:12466
MESH:D006962	DOID:12466
D001778	DOID:1247
MESH:D001778	DOID:1247
D017189	DOID:12474
MESH:D017189	DOID:12474
D020421	DOID:12491
MESH:D020421	DOID:12491
D020330	DOID:12506
MESH:D020330	DOID:12506
D012167	DOID:12514
MESH:D012167	DOID:12514
D014257	DOID:1252
MESH:D014257	DOID:1252
D011009	DOID:12522
MESH:D011009	DOID:12522
D013641	DOID:12526
MESH:D013641	DOID:12526
D020426	DOID:12528
MESH:D020426	DOID:12528
D014842	DOID:12531
MESH:D014842	DOID:12531
D014253	DOID:1254
MESH:D014253	DOID:1254
D006506	DOID:12549
MESH:D006506	DOID:12549
D014252	DOID:1255
MESH:D014252	DOID:1255
D006501	DOID:12550
MESH:D006501	DOID:12550
D006463	DOID:12554
MESH:D006463	DOID:12554
D007683	DOID:12556
MESH:D007683	DOID:12556
D004370	DOID:12557
MESH:D004370	DOID:12557
D017246	DOID:12558
MESH:D017246	DOID:12558
D060705	DOID:12568
MESH:D060705	DOID:12568
D015866	DOID:12574
MESH:D015866	DOID:12574
D014524	DOID:12577
MESH:D014524	DOID:12577
D003410	DOID:12580
MESH:D003410	DOID:12580
D004062	DOID:12583
MESH:D004062	DOID:12583
D010249	DOID:1260
MESH:D010249	DOID:1260
D046248	DOID:12638
MESH:D046248	DOID:12638
D011707	DOID:12639
MESH:D011707	DOID:12639
D006551	DOID:12642
MESH:D006551	DOID:12642
D000160	DOID:12657
MESH:D000160	DOID:12657
D020254	DOID:12661
MESH:D020254	DOID:12661
D010229	DOID:12662
MESH:D010229	DOID:12662
D001759	DOID:12663
MESH:D001759	DOID:12663
D006934	DOID:12678
MESH:D006934	DOID:12678
D009397	DOID:12679
MESH:D009397	DOID:12679
D020828	DOID:12680
MESH:D020828	DOID:12680
D020338	DOID:12683
MESH:D020338	DOID:12683
D009464	DOID:12689
MESH:D009464	DOID:12689
D000080422	DOID:12697
MESH:D000080422	DOID:12697
D006177	DOID:12698
MESH:D006177	DOID:12698
D007889	DOID:127
MESH:D007889	DOID:127
D013683	DOID:1270
MESH:D013683	DOID:1270
D002640	DOID:12700
MESH:D002640	DOID:12700
D006966	DOID:12700
MESH:D006966	DOID:12700
D001260	DOID:12704
MESH:D001260	DOID:12704
D005621	DOID:12705
MESH:D005621	DOID:12705
D002527	DOID:12707
MESH:D002527	DOID:12707
D010854	DOID:12711
MESH:D010854	DOID:12711
D004613	DOID:12714
MESH:D004613	DOID:12714
D006819	DOID:12716
MESH:D006819	DOID:12716
D013684	DOID:1272
MESH:D013684	DOID:1272
D002537	DOID:12720
MESH:D002537	DOID:12720
D010009	DOID:12721
MESH:D010009	DOID:12721
D018357	DOID:1273
MESH:D018357	DOID:1273
D015868	DOID:12731
MESH:D015868	DOID:12731
D015867	DOID:12732
MESH:D015867	DOID:12732
D006936	DOID:12733
MESH:D006936	DOID:12733
D021866	DOID:12750
MESH:D021866	DOID:12750
D002830	DOID:12759
MESH:D002830	DOID:12759
D020333	DOID:1278
MESH:D020333	DOID:1278
D020326	DOID:12783
MESH:D020326	DOID:12783
D003929	DOID:12785
MESH:D003929	DOID:12785
D015835	DOID:1279
MESH:D015835	DOID:1279
D009083	DOID:12798
MESH:D009083	DOID:12798
D016532	DOID:12799
MESH:D016532	DOID:12799
D009087	DOID:12800
MESH:D009087	DOID:12800
D009084	DOID:12801
MESH:D009084	DOID:12801
D008059	DOID:12802
MESH:D008059	DOID:12802
D016538	DOID:12803
MESH:D016538	DOID:12803
D009085	DOID:12804
MESH:D009085	DOID:12804
D006547	DOID:1283
MESH:D006547	DOID:1283
D011782	DOID:12835
MESH:D011782	DOID:12835
D013958	DOID:12837
MESH:D013958	DOID:12837
D000724	DOID:12841
MESH:D000724	DOID:12841
D020275	DOID:12842
MESH:D020275	DOID:12842
D001321	DOID:12849
MESH:D001321	DOID:12849
D012002	DOID:1285
MESH:D012002	DOID:1285
D006816	DOID:12858
MESH:D006816	DOID:12858
D002318	DOID:1287
MESH:D002318	DOID:1287
D006998	DOID:12883
MESH:D006998	DOID:12883
D019846	DOID:12889
MESH:D019846	DOID:12889
D019636	DOID:1289
MESH:D019636	DOID:1289
D012859	DOID:12894
MESH:D012859	DOID:12894
D007638	DOID:12895
MESH:D007638	DOID:12895
D013364	DOID:12897
MESH:D013364	DOID:12897
D008882	DOID:12900
MESH:D008882	DOID:12900
D012797	DOID:12901
MESH:D012797	DOID:12901
D015494	DOID:12905
MESH:D015494	DOID:12905
D013919	DOID:12918
MESH:D013919	DOID:12918
D007000	DOID:12926
MESH:D007000	DOID:12926
D012610	DOID:12927
MESH:D012610	DOID:12927
D004695	DOID:12929
MESH:D004695	DOID:12929
D002311	DOID:12930
MESH:D002311	DOID:12930
D004719	DOID:12932
MESH:D004719	DOID:12932
D007625	DOID:12934
MESH:D007625	DOID:12934
D002310	DOID:12935
MESH:D002310	DOID:12935
D000092164	DOID:12958
MESH:D000092164	DOID:12958
D000092164	DOID:12959
MESH:D000092164	DOID:12959
D000168	DOID:12960
MESH:D000168	DOID:12960
D011045	DOID:12961
MESH:D011045	DOID:12961
D013103	DOID:12971
MESH:D013103	DOID:12971
D016780	DOID:12978
MESH:D016780	DOID:12978
D018921	DOID:12986
MESH:D018921	DOID:12986
D000380	DOID:12987
MESH:D000380	DOID:12987
D019955	DOID:12995
MESH:D019955	DOID:12995
D016893	DOID:13001
MESH:D016893	DOID:13001
D013349	DOID:13002
MESH:D013349	DOID:13002
D014715	DOID:13003
MESH:D014715	DOID:13003
D012178	DOID:13025
MESH:D012178	DOID:13025
D060368	DOID:13026
MESH:D060368	DOID:13026
D020236	DOID:13027
MESH:D020236	DOID:13027
D001446	DOID:13033
MESH:D001446	DOID:13033
D012061	DOID:13034
MESH:D012061	DOID:13034
D012061	DOID:13035
MESH:D012061	DOID:13035
D000092164	DOID:13038
MESH:D000092164	DOID:13038
D010547	DOID:13042
MESH:D010547	DOID:13042
D012080	DOID:13068
MESH:D012080	DOID:13068
D008271	DOID:13078
MESH:D008271	DOID:13078
D008151	DOID:13087
MESH:D008151	DOID:13087
D007969	DOID:13088
MESH:D007969	DOID:13088
D020765	DOID:13089
MESH:D020765	DOID:13089
D015356	DOID:13094
MESH:D015356	DOID:13094
D014715	DOID:13095
MESH:D014715	DOID:13095
D018860	DOID:13096
MESH:D018860	DOID:13096
D002537	DOID:13097
MESH:D002537	DOID:13097
D015356	DOID:13098
MESH:D015356	DOID:13098
D009072	DOID:13099
MESH:D009072	DOID:13099
D020301	DOID:13100
MESH:D020301	DOID:13100
D010304	DOID:13117
MESH:D010304	DOID:13117
D005923	DOID:1312
MESH:D005923	DOID:1312
D017359	DOID:13133
MESH:D017359	DOID:13133
D015417	DOID:13137
MESH:D015417	DOID:13137
D015829	DOID:13140
MESH:D015829	DOID:13140
D014605	DOID:13141
MESH:D014605	DOID:13141
D001229	DOID:13166
MESH:D001229	DOID:13166
D009759	DOID:13174
MESH:D009759	DOID:13174
D045723	DOID:13185
MESH:D045723	DOID:13185
D004931	DOID:13186
MESH:D004931	DOID:13186
D006073	DOID:13189
MESH:D006073	DOID:13189
D015210	DOID:13189
MESH:D015210	DOID:13189
D001932	DOID:1319
MESH:D001932	DOID:1319
D047268	DOID:13196
MESH:D047268	DOID:13196
D006044	DOID:13197
MESH:D006044	DOID:13197
D006043	DOID:13198
MESH:D006043	DOID:13198
D006045	DOID:13200
MESH:D006045	DOID:13200
D007889	DOID:13223
MESH:D007889	DOID:13223
D014091	DOID:13240
MESH:D014091	DOID:13240
D001528	DOID:13241
MESH:D001528	DOID:13241
D011006	DOID:13249
MESH:D011006	DOID:13249
D004403	DOID:13250
MESH:D004403	DOID:13250
D008641	DOID:13252
MESH:D008641	DOID:13252
D004239	DOID:13254
MESH:D004239	DOID:13254
D014435	DOID:13258
MESH:D014435	DOID:13258
D046349	DOID:13269
MESH:D046349	DOID:13269
D046351	DOID:13270
MESH:D046351	DOID:13270
D007710	DOID:13272
MESH:D007710	DOID:13272
D011019	DOID:13276
MESH:D011019	DOID:13276
D012295	DOID:1328
MESH:D012295	DOID:1328
D012544	DOID:13300
MESH:D012544	DOID:13300
D010188	DOID:13316
MESH:D010188	DOID:13316
D046768	DOID:13317
MESH:D046768	DOID:13317
D000081028	DOID:13329
MESH:D000081028	DOID:13329
D014125	DOID:13336
MESH:D014125	DOID:13336
D010378	DOID:13351
MESH:D010378	DOID:13351
D046789	DOID:13357
MESH:D046789	DOID:13357
D004535	DOID:13359
MESH:D004535	DOID:13359
D016750	DOID:13366
MESH:D016750	DOID:13366
C000656824	DOID:13369
MESH:C000656824	DOID:13369
D012612	DOID:13371
MESH:D012612	DOID:13371
D019896	DOID:13372
MESH:D019896	DOID:13372
D009221	DOID:13374
MESH:D009221	DOID:13374
D013700	DOID:13375
MESH:D013700	DOID:13375
D009080	DOID:13378
MESH:D009080	DOID:13378
D000742	DOID:1338
MESH:D000742	DOID:1338
D000752	DOID:13381
MESH:D000752	DOID:13381
D000749	DOID:13382
MESH:D000749	DOID:13382
C571911	DOID:13386
MESH:C571911	DOID:13386
D029503	DOID:1339
MESH:D029503	DOID:1339
D003117	DOID:13399
MESH:D003117	DOID:13399
D012010	DOID:1340
MESH:D012010	DOID:1340
D000793	DOID:13401
MESH:D000793	DOID:13401
D014608	DOID:13404
MESH:D014608	DOID:13404
D017565	DOID:13406
MESH:D017565	DOID:13406
D006501	DOID:13413
MESH:D006501	DOID:13413
D004410	DOID:13417
MESH:D004410	DOID:13417
D004411	DOID:13417
MESH:D004411	DOID:13417
D055496	DOID:13419
MESH:D055496	DOID:13419
D029502	DOID:1342
MESH:D029502	DOID:1342
D014526	DOID:1343
MESH:D014526	DOID:1343
D014211	DOID:13431
MESH:D014211	DOID:13431
D005896	DOID:13444
MESH:D005896	DOID:13444
D003047	DOID:13450
MESH:D003047	DOID:13450
D015423	DOID:13452
MESH:D015423	DOID:13452
D013796	DOID:13481
MESH:D013796	DOID:13481
D016715	DOID:13482
MESH:D016715	DOID:13482
D007580	DOID:13499
MESH:D007580	DOID:13499
D010255	DOID:1350
MESH:D010255	DOID:1350
D014064	DOID:13500
MESH:D014064	DOID:13500
D020331	DOID:13501
MESH:D020331	DOID:13501
D012170	DOID:13514
MESH:D012170	DOID:13514
D014402	DOID:13515
MESH:D014402	DOID:13515
D010254	DOID:1352
MESH:D010254	DOID:1352
D008118	DOID:13523
MESH:D008118	DOID:13523
D010022	DOID:13533
MESH:D010022	DOID:13533
D006961	DOID:13543
MESH:D006961	DOID:13543
D057066	DOID:13544
MESH:D057066	DOID:13544
D010302	DOID:13548
MESH:D010302	DOID:13548
D015812	DOID:13550
MESH:D015812	DOID:13550
D015594	DOID:13561
MESH:D015594	DOID:13561
D001228	DOID:13564
MESH:D001228	DOID:13564
D020953	DOID:13565
MESH:D020953	DOID:13565
D005330	DOID:13576
MESH:D005330	DOID:13576
D007732	DOID:13579
MESH:D007732	DOID:13579
D008444	DOID:1358
MESH:D008444	DOID:1358
D002779	DOID:13580
MESH:D002779	DOID:13580
D004368	DOID:13585
MESH:D004368	DOID:13585
D004461	DOID:13593
MESH:D004461	DOID:13593
D041781	DOID:13603
MESH:D041781	DOID:13603
D001656	DOID:13608
MESH:D001656	DOID:13608
D001651	DOID:13619
MESH:D001651	DOID:13619
D054092	DOID:13620
MESH:D054092	DOID:13620
D002169	DOID:13622
MESH:D002169	DOID:13622
D005236	DOID:13628
MESH:D005236	DOID:13628
D005199	DOID:13636
MESH:D005199	DOID:13636
D017889	DOID:13641
MESH:D017889	DOID:13641
D004673	DOID:13664
MESH:D004673	DOID:13664
D020083	DOID:13677
MESH:D020083	DOID:13677
D061686	DOID:13709
MESH:D061686	DOID:13709
D009050	DOID:13711
MESH:D009050	DOID:13711
D000848	DOID:13714
MESH:D000848	DOID:13714
D020818	DOID:13722
MESH:D020818	DOID:13722
D012614	DOID:13724
MESH:D012614	DOID:13724
D001602	DOID:13725
MESH:D001602	DOID:13725
D010202	DOID:13732
MESH:D010202	DOID:13732
D000081011	DOID:13738
MESH:D000081011	DOID:13738
D007766	DOID:13757
MESH:D007766	DOID:13757
D003003	DOID:13767
MESH:D003003	DOID:13767
D009889	DOID:13768
MESH:D009889	DOID:13768
D000224	DOID:13774
MESH:D000224	DOID:13774
D004819	DOID:13777
MESH:D004819	DOID:13777
D002602	DOID:13778
MESH:D002602	DOID:13778
D016889	DOID:1380
MESH:D016889	DOID:1380
D003235	DOID:13800
MESH:D003235	DOID:13800
D000258	DOID:13801
MESH:D000258	DOID:13801
D006950	DOID:13809
MESH:D006950	DOID:13809
D005588	DOID:1381
MESH:D005588	DOID:1381
D006938	DOID:13810
MESH:D006938	DOID:13810
D020437	DOID:13814
MESH:D020437	DOID:13814
D008219	DOID:13819
MESH:D008219	DOID:13819
D008883	DOID:1382
MESH:D008883	DOID:1382
D013543	DOID:1383
MESH:D013543	DOID:1383
D004374	DOID:13832
MESH:D004374	DOID:13832
D000012	DOID:1386
MESH:D000012	DOID:1386
D020432	DOID:13864
MESH:D020432	DOID:13864
D005156	DOID:13865
MESH:D005156	DOID:13865
D020018	DOID:13868
MESH:D020018	DOID:13868
D007009	DOID:1387
MESH:D007009	DOID:1387
D013631	DOID:1388
MESH:D013631	DOID:1388
D012804	DOID:13884
MESH:D012804	DOID:13884
D011115	DOID:1389
MESH:D011115	DOID:1389
D001716	DOID:13891
MESH:D001716	DOID:13891
D010212	DOID:139
MESH:D010212	DOID:139
D010854	DOID:13902
MESH:D010854	DOID:13902
D003117	DOID:13909
MESH:D003117	DOID:13909
D007863	DOID:1391
MESH:D007863	DOID:1391
D003117	DOID:13910
MESH:D003117	DOID:13910
D003117	DOID:13911
MESH:D003117	DOID:13911
D003117	DOID:13912
MESH:D003117	DOID:13912
D013001	DOID:13918
MESH:D013001	DOID:13918
C562401	DOID:1392
MESH:C562401	DOID:1392
D057765	DOID:13922
MESH:D057765	DOID:13922
D005892	DOID:13924
MESH:D005892	DOID:13924
D007767	DOID:13929
MESH:D007767	DOID:13929
D005158	DOID:13934
MESH:D005158	DOID:13934
D000568	DOID:13938
MESH:D000568	DOID:13938
D012553	DOID:1394
MESH:D012553	DOID:1394
D065635	DOID:13941
MESH:D065635	DOID:13941
D046589	DOID:13945
MESH:D046589	DOID:13945
D001748	DOID:13948
MESH:D001748	DOID:13948
D018856	DOID:13949
MESH:D018856	DOID:13949
D004942	DOID:13976
MESH:D004942	DOID:13976
D002973	DOID:13994
MESH:D002973	DOID:13994
D007766	DOID:1400
MESH:D007766	DOID:1400
D017545	DOID:14004
MESH:D017545	DOID:14004
D008104	DOID:14018
MESH:D008104	DOID:14018
D013991	DOID:14021
MESH:D013991	DOID:14021
D016878	DOID:14039
MESH:D016878	DOID:14039
D016884	DOID:14040
MESH:D016884	DOID:14040
D020941	DOID:14043
MESH:D020941	DOID:14043
D060446	DOID:14049
MESH:D060446	DOID:14049
D007500	DOID:1406
MESH:D007500	DOID:1406
D016778	DOID:14067
MESH:D016778	DOID:14067
D001742	DOID:14068
MESH:D001742	DOID:14068
D016779	DOID:14069
MESH:D016779	DOID:14069
D014606	DOID:1407
MESH:D014606	DOID:1407
D005155	DOID:14075
MESH:D005155	DOID:14075
C563177	DOID:14080
MESH:C563177	DOID:14080
D000070639	DOID:14087
MESH:D000070639	DOID:14087
D013716	DOID:14087
MESH:D013716	DOID:14087
D017213	DOID:14089
MESH:D017213	DOID:14089
D001907	DOID:14095
MESH:D001907	DOID:14095
D053684	DOID:14107
MESH:D053684	DOID:14107
D012772	DOID:14115
MESH:D012772	DOID:14115
D008069	DOID:14116
MESH:D008069	DOID:14116
D008072	DOID:14118
MESH:D008072	DOID:14118
D001437	DOID:1412
MESH:D001437	DOID:1412
D018438	DOID:14121
MESH:D018438	DOID:14121
D053039	DOID:14146
MESH:D053039	DOID:14146
D015799	DOID:1415
MESH:D015799	DOID:1415
D015862	DOID:1417
MESH:D015862	DOID:1417
D018306	DOID:14174
MESH:D018306	DOID:14174
D006623	DOID:14175
MESH:D006623	DOID:14175
D017099	DOID:14176
MESH:D017099	DOID:14176
C537409	DOID:14179
MESH:C537409	DOID:14179
D020269	DOID:14183
MESH:D020269	DOID:14183
D002062	DOID:14188
MESH:D002062	DOID:14188
D003882	DOID:14203
MESH:D003882	DOID:14203
C562440	DOID:14213
MESH:C562440	DOID:14213
D007014	DOID:14213
MESH:D007014	DOID:14213
D054067	DOID:14218
MESH:D054067	DOID:14218
D000141	DOID:14219
MESH:D000141	DOID:14219
D024821	DOID:14221
MESH:D024821	DOID:14221
D009794	DOID:14223
MESH:D009794	DOID:14223
D053713	DOID:14227
MESH:D053713	DOID:14227
D009845	DOID:14228
MESH:D009845	DOID:14228
D004314	DOID:14250
MESH:D004314	DOID:14250
D016706	DOID:14256
MESH:D016706	DOID:14256
D014515	DOID:1426
MESH:D014515	DOID:1426
D005600	DOID:14261
MESH:D005600	DOID:14261
D002180	DOID:14262
MESH:D002180	DOID:14262
D020936	DOID:14264
MESH:D020936	DOID:14264
D011665	DOID:14265
MESH:D011665	DOID:14265
D015209	DOID:14268
MESH:D015209	DOID:14268
D019534	DOID:14276
MESH:D019534	DOID:14276
D010004	DOID:14283
MESH:D010004	DOID:14283
D046788	DOID:14284
MESH:D046788	DOID:14284
D001177	DOID:14286
MESH:D001177	DOID:14286
D004437	DOID:14289
MESH:D004437	DOID:14289
D044542	DOID:14291
MESH:D044542	DOID:14291
D004654	DOID:14305
MESH:D004654	DOID:14305
D000796	DOID:14308
MESH:D000796	DOID:14308
D011001	DOID:14319
MESH:D011001	DOID:14319
D000098647	DOID:14320
MESH:D000098647	DOID:14320
D008382	DOID:14323
MESH:D008382	DOID:14323
D010300	DOID:14330
MESH:D010300	DOID:14330
D010301	DOID:14332
MESH:D010301	DOID:14332
D013969	DOID:14350
MESH:D013969	DOID:14350
C536778	DOID:14365
MESH:C536778	DOID:14365
D011776	DOID:1439
MESH:D011776	DOID:1439
D017827	DOID:1440
MESH:D017827	DOID:1440
D019559	DOID:14400
MESH:D019559	DOID:14400
D011115	DOID:14402
MESH:D011115	DOID:14402
D020754	DOID:1441
MESH:D020754	DOID:1441
D004320	DOID:14418
MESH:D004320	DOID:14418
D004154	DOID:14422
MESH:D004154	DOID:14422
D020435	DOID:14423
MESH:D020435	DOID:14423
D006059	DOID:14447
MESH:D006059	DOID:14447
D006061	DOID:14448
MESH:D006061	DOID:14448
D006060	DOID:14449
MESH:D006060	DOID:14449
D023961	DOID:14450
MESH:D023961	DOID:14450
D020513	DOID:14451
MESH:D020513	DOID:14451
D020514	DOID:14452
MESH:D020514	DOID:14452
D005203	DOID:14453
MESH:D005203	DOID:14453
D002007	DOID:14457
MESH:D002007	DOID:14457
D009459	DOID:14464
MESH:D009459	DOID:14464
D018804	DOID:14472
MESH:D018804	DOID:14472
D006559	DOID:14482
MESH:D006559	DOID:14482
D020150	DOID:14483
MESH:D020150	DOID:14483
D013174	DOID:14484
MESH:D013174	DOID:14484
D004377	DOID:14495
MESH:D004377	DOID:14495
D015223	DOID:14497
MESH:D015223	DOID:14497
D008065	DOID:14498
MESH:D008065	DOID:14498
D000795	DOID:14499
MESH:D000795	DOID:14499
D005645	DOID:14500
MESH:D005645	DOID:14500
D016111	DOID:14501
MESH:D016111	DOID:14501
D015217	DOID:14502
MESH:D015217	DOID:14502
D009472	DOID:14503
MESH:D009472	DOID:14503
D009542	DOID:14504
MESH:D009542	DOID:14504
D017624	DOID:14515
MESH:D017624	DOID:14515
D012202	DOID:14525
MESH:D012202	DOID:14525
D005929	DOID:1455
MESH:D005929	DOID:1455
D012391	DOID:14550
MESH:D012391	DOID:14550
D009901	DOID:14555
MESH:D009901	DOID:14555
D005928	DOID:1456
MESH:D005928	DOID:1456
D007037	DOID:1459
MESH:D007037	DOID:1459
D010211	DOID:146
MESH:D010211	DOID:146
D017700	DOID:1461
MESH:D017700	DOID:1461
D011472	DOID:14654
MESH:D011472	DOID:14654
C538179	DOID:14669
MESH:C538179	DOID:14669
C537632	DOID:14670
MESH:C537632	DOID:14670
C562441	DOID:14671
MESH:C562441	DOID:14671
C536534	DOID:14679
MESH:C536534	DOID:14679
D007762	DOID:1468
MESH:D007762	DOID:1468
D056730	DOID:14681
MESH:D056730	DOID:14681
C536036	DOID:14683
MESH:C536036	DOID:14683
C536170	DOID:14687
MESH:C536170	DOID:14687
D019082	DOID:14692
MESH:D019082	DOID:14692
D004476	DOID:14693
MESH:D004476	DOID:14693
C535880	DOID:14694
MESH:C535880	DOID:14694
D005693	DOID:14695
MESH:D005693	DOID:14695
C536940	DOID:14699
MESH:C536940	DOID:14699
D056693	DOID:14701
MESH:D056693	DOID:14701
D019280	DOID:14702
MESH:D019280	DOID:14702
D000168	DOID:14705
MESH:D000168	DOID:14705
C537923	DOID:14711
MESH:C537923	DOID:14711
D020914	DOID:14717
MESH:D020914	DOID:14717
C536194	DOID:14720
MESH:C536194	DOID:14720
C535818	DOID:14723
MESH:C535818	DOID:14723
C537323	DOID:14725
MESH:C537323	DOID:14725
C562443	DOID:14731
MESH:C562443	DOID:14731
D054179	DOID:14735
MESH:D054179	DOID:14735
C536456	DOID:14737
MESH:C536456	DOID:14737
D010520	DOID:1474
MESH:D010520	DOID:1474
C536820	DOID:14743
MESH:C536820	DOID:14743
C562446	DOID:14744
MESH:C562446	DOID:14744
D058495	DOID:14748
MESH:D058495	DOID:14748
C537358	DOID:14749
MESH:C537358	DOID:14749
D008202	DOID:1475
MESH:D008202	DOID:1475
C538167	DOID:14753
MESH:C538167	DOID:14753
D056807	DOID:14755
MESH:D056807	DOID:14755
C536196	DOID:14757
MESH:C536196	DOID:14757
C537300	DOID:14761
MESH:C537300	DOID:14761
C580241	DOID:14764
MESH:C580241	DOID:14764
C563261	DOID:14766
MESH:C563261	DOID:14766
D000168	DOID:14768
MESH:D000168	DOID:14768
C535916	DOID:14773
MESH:C535916	DOID:14773
C536198	DOID:14775
MESH:C536198	DOID:14775
D020936	DOID:14777
MESH:D020936	DOID:14777
C562419	DOID:14778
MESH:C562419	DOID:14778
C537015	DOID:14780
MESH:C537015	DOID:14780
D009849	DOID:14784
MESH:D009849	DOID:14784
C535788	DOID:14789
MESH:C535788	DOID:14789
D057130	DOID:14791
MESH:D057130	DOID:14791
D053358	DOID:14793
MESH:D053358	DOID:14793
C535718	DOID:14796
MESH:C535718	DOID:14796
D005882	DOID:1483
MESH:D005882	DOID:1483
D003550	DOID:1485
MESH:D003550	DOID:1485
D004443	DOID:1496
MESH:D004443	DOID:1496
D002771	DOID:1498
MESH:D002771	DOID:1498
D001523	DOID:150
MESH:D001523	DOID:150
D002177	DOID:1508
MESH:D002177	DOID:1508
D010554	DOID:1509
MESH:D010554	DOID:1509
D002430	DOID:1517
MESH:D002430	DOID:1517
D002429	DOID:1518
MESH:D002429	DOID:1518
D002430	DOID:1521
MESH:D002430	DOID:1521
D010201	DOID:1525
MESH:D010201	DOID:1525
D015434	DOID:1526
MESH:D015434	DOID:1526
D010995	DOID:1532
MESH:D010995	DOID:1532
D018198	DOID:154
MESH:D018198	DOID:154
D010282	DOID:1540
MESH:D010282	DOID:1540
D000094482	DOID:1554
MESH:D000094482	DOID:1554
D001183	DOID:1556
MESH:D001183	DOID:1556
D007105	DOID:1557
MESH:D007105	DOID:1557
D000799	DOID:1558
MESH:D000799	DOID:1558
D019965	DOID:1561
MESH:D019965	DOID:1561
D002862	DOID:1562
MESH:D002862	DOID:1562
D003881	DOID:1563
MESH:D003881	DOID:1563
D009181	DOID:1564
MESH:D009181	DOID:1564
D004483	DOID:1570
MESH:D004483	DOID:1570
D006850	DOID:1572
MESH:D006850	DOID:1572
D000437	DOID:1574
MESH:D000437	DOID:1574
D045745	DOID:1577
MESH:D045745	DOID:1577
D045743	DOID:1580
MESH:D045743	DOID:1580
D014387	DOID:1583
MESH:D014387	DOID:1583
D056586	DOID:1584
MESH:D056586	DOID:1584
D012213	DOID:1586
MESH:D012213	DOID:1586
D013921	DOID:1588
MESH:D013921	DOID:1588
D006978	DOID:1591
MESH:D006978	DOID:1591
D003866	DOID:1595
MESH:D003866	DOID:1595
D003863	DOID:1596
MESH:D003863	DOID:1596
D008199	DOID:1602
MESH:D008199	DOID:1602
D007642	DOID:161
MESH:D007642	DOID:161
D001943	DOID:1612
MESH:D001943	DOID:1612
D018567	DOID:1614
MESH:D018567	DOID:1614
D018226	DOID:1618
MESH:D018226	DOID:1618
D009369	DOID:162
MESH:D009369	DOID:162
D018300	DOID:1627
MESH:D018300	DOID:1627
D003557	DOID:1631
MESH:D003557	DOID:1631
D016862	DOID:1638
MESH:D016862	DOID:1638
D014394	DOID:1639
MESH:D014394	DOID:1639
D006345	DOID:1657
MESH:D006345	DOID:1657
D015173	DOID:1659
MESH:D015173	DOID:1659
D017600	DOID:166
MESH:D017600	DOID:166
D010871	DOID:1664
MESH:D010871	DOID:1664
D018856	DOID:1678
MESH:D018856	DOID:1678
D003556	DOID:1679
MESH:D003556	DOID:1679
D006343	DOID:1681
MESH:D006343	DOID:1681
D006330	DOID:1682
MESH:D006330	DOID:1682
D005901	DOID:1686
MESH:D005901	DOID:1686
D015355	DOID:1687
MESH:D015355	DOID:1687
D018358	DOID:169
MESH:D018358	DOID:169
D007057	DOID:1697
MESH:D007057	DOID:1697
D009140	DOID:17
MESH:D009140	DOID:17
D004701	DOID:170
MESH:D004701	DOID:170
D016114	DOID:1700
MESH:D016114	DOID:1700
D043202	DOID:1701
MESH:D043202	DOID:1701
D016112	DOID:1702
MESH:D016112	DOID:1702
D017599	DOID:171
MESH:D017599	DOID:171
D001024	DOID:1712
MESH:D001024	DOID:1712
D049309	DOID:172
MESH:D049309	DOID:172
D004381	DOID:1724
MESH:D004381	DOID:1724
D012170	DOID:1727
MESH:D012170	DOID:1727
C538362	DOID:1731
MESH:C538362	DOID:1731
D006660	DOID:1731
MESH:D006660	DOID:1731
D003457	DOID:1733
MESH:D003457	DOID:1733
D004379	DOID:1737
MESH:D004379	DOID:1737
D049309	DOID:174
MESH:D049309	DOID:174
D011605	DOID:1742
MESH:D011605	DOID:1742
D002294	DOID:1749
MESH:D002294	DOID:1749
D018307	DOID:1749
MESH:D018307	DOID:1749
D019043	DOID:175
MESH:D019043	DOID:175
D008946	DOID:1754
MESH:D008946	DOID:1754
D005155	DOID:1756
MESH:D005155	DOID:1756
D005150	DOID:1757
MESH:D005150	DOID:1757
D006660	DOID:1759
MESH:D006660	DOID:1759
D008556	DOID:1761
MESH:D008556	DOID:1761
D002613	DOID:1762
MESH:D002613	DOID:1762
D003291	DOID:1768
MESH:D003291	DOID:1768
D008532	DOID:1770
MESH:D008532	DOID:1770
D000783	DOID:178
MESH:D000783	DOID:178
D014652	DOID:178
MESH:D014652	DOID:178
D020758	DOID:178
MESH:D020758	DOID:178
D020760	DOID:178
MESH:D020760	DOID:178
D013964	DOID:1781
MESH:D013964	DOID:1781
D010911	DOID:1785
MESH:D010911	DOID:1785
D000314	DOID:1786
MESH:D000314	DOID:1786
D010493	DOID:1787
MESH:D010493	DOID:1787
D000086002	DOID:1790
MESH:D000086002	DOID:1790
D010190	DOID:1793
MESH:D010190	DOID:1793
D018273	DOID:1798
MESH:D018273	DOID:1798
D007516	DOID:1799
MESH:D007516	DOID:1799
D018214	DOID:180
MESH:D018214	DOID:180
D018278	DOID:1800
MESH:D018278	DOID:1800
D020422	DOID:1802
MESH:D020422	DOID:1802
D009443	DOID:1803
MESH:D009443	DOID:1803
D012019	DOID:1811
MESH:D012019	DOID:1811
D002114	DOID:182
MESH:D002114	DOID:182
D013226	DOID:1824
MESH:D013226	DOID:1824
D004832	DOID:1825
MESH:D004832	DOID:1825
D004827	DOID:1826
MESH:D004827	DOID:1826
D004829	DOID:1827
MESH:D004829	DOID:1827
D020422	DOID:1835
MESH:D020422	DOID:1835
D016883	DOID:1837
MESH:D016883	DOID:1837
D007706	DOID:1838
MESH:D007706	DOID:1838
D001859	DOID:184
MESH:D001859	DOID:184
D002189	DOID:1849
MESH:D002189	DOID:1849
D002780	DOID:1852
MESH:D002780	DOID:1852
D005359	DOID:1858
MESH:D005359	DOID:1858
D007573	DOID:1862
MESH:D007573	DOID:1862
D012888	DOID:1863
MESH:D012888	DOID:1863
D006101	DOID:1866
MESH:D006101	DOID:1866
D006344	DOID:1882
MESH:D006344	DOID:1882
D006526	DOID:1883
MESH:D006526	DOID:1883
D006524	DOID:1884
MESH:D006524	DOID:1884
D009901	DOID:1891
MESH:D009901	DOID:1891
D012811	DOID:1896
MESH:D012811	DOID:1896
D012810	DOID:1897
MESH:D012810	DOID:1897
D051677	DOID:1907
MESH:D051677	DOID:1907
D008545	DOID:1909
MESH:D008545	DOID:1909
D018240	DOID:1911
MESH:D018240	DOID:1911
D007926	DOID:1919
MESH:D007926	DOID:1919
D018312	DOID:192
MESH:D018312	DOID:192
D033461	DOID:1920
MESH:D033461	DOID:1920
D007713	DOID:1921
MESH:D007713	DOID:1921
D012734	DOID:1923
MESH:D012734	DOID:1923
D007006	DOID:1924
MESH:D007006	DOID:1924
C536436	DOID:1925
MESH:C536436	DOID:1925
D005776	DOID:1926
MESH:D005776	DOID:1926
D013106	DOID:1927
MESH:D013106	DOID:1927
D018980	DOID:1928
MESH:D018980	DOID:1928
D021921	DOID:1929
MESH:D021921	DOID:1929
D007849	DOID:1930
MESH:D007849	DOID:1930
D007027	DOID:1931
MESH:D007027	DOID:1931
D017204	DOID:1932
MESH:D017204	DOID:1932
D012415	DOID:1933
MESH:D012415	DOID:1933
D004413	DOID:1934
MESH:D004413	DOID:1934
D020788	DOID:1935
MESH:D020788	DOID:1935
D050197	DOID:1936
MESH:D050197	DOID:1936
D014245	DOID:1947
MESH:D014245	DOID:1947
D002764	DOID:1949
MESH:D002764	DOID:1949
D005184	DOID:1962
MESH:D005184	DOID:1962
D005185	DOID:1963
MESH:D005185	DOID:1963
D005185	DOID:1964
MESH:D005185	DOID:1964
D007890	DOID:1967
MESH:D007890	DOID:1967
D002547	DOID:1969
MESH:D002547	DOID:1969
D018195	DOID:1974
MESH:D018195	DOID:1974
D012004	DOID:1984
MESH:D012004	DOID:1984
D012004	DOID:1993
MESH:D012004	DOID:1993
D008185	DOID:1998
MESH:D008185	DOID:1998
D005870	DOID:200
MESH:D005870	DOID:200
D009463	DOID:2001
MESH:D009463	DOID:2001
D019773	DOID:2006
MESH:D019773	DOID:2006
D009372	DOID:201
MESH:D009372	DOID:201
D006946	DOID:2018
MESH:D006946	DOID:2018
D005096	DOID:203
MESH:D005096	DOID:203
D001008	DOID:2030
MESH:D001008	DOID:2030
D003147	DOID:2033
MESH:D003147	DOID:2033
D004678	DOID:2034
MESH:D004678	DOID:2034
D000070676	DOID:204
MESH:D000070676	DOID:204
D006509	DOID:2043
MESH:D006509	DOID:2043
D056487	DOID:2044
MESH:D056487	DOID:2044
D003699	DOID:2047
MESH:D003699	DOID:2047
D019693	DOID:2048
MESH:D019693	DOID:2048
D015576	DOID:205
MESH:D015576	DOID:205
D015523	DOID:2051
MESH:D015523	DOID:2051
D013313	DOID:2055
MESH:D013313	DOID:2055
D002178	DOID:2058
MESH:D002178	DOID:2058
D014845	DOID:2059
MESH:D014845	DOID:2059
D005097	DOID:206
MESH:D005097	DOID:206
D018252	DOID:2065
MESH:D018252	DOID:2065
D007416	DOID:2074
MESH:D007416	DOID:2074
D036982	DOID:210
MESH:D036982	DOID:210
D009224	DOID:2106
MESH:D009224	DOID:2106
D021865	DOID:2112
MESH:D021865	DOID:2112
D003048	DOID:2113
MESH:D003048	DOID:2113
D005489	DOID:2120
MESH:D005489	DOID:2120
D004476	DOID:2121
MESH:D004476	DOID:2121
D014401	DOID:2149
MESH:D014401	DOID:2149
D009396	DOID:2154
MESH:D009396	DOID:2154
C562841	DOID:2155
MESH:C562841	DOID:2155
D003731	DOID:216
MESH:D003731	DOID:216
D014627	DOID:2170
MESH:D014627	DOID:2170
D005142	DOID:2173
MESH:D005142	DOID:2173
D005134	DOID:2174
MESH:D005134	DOID:2174
D000567	DOID:2187
MESH:D000567	DOID:2187
D003110	DOID:219
MESH:D003110	DOID:219
D005177	DOID:2211
MESH:D005177	DOID:2211
D006474	DOID:2213
MESH:D006474	DOID:2213
D005168	DOID:2215
MESH:D005168	DOID:2215
D005166	DOID:2216
MESH:D005166	DOID:2216
D001606	DOID:2217
MESH:D001606	DOID:2217
D001791	DOID:2218
MESH:D001791	DOID:2218
D013915	DOID:2219
MESH:D013915	DOID:2219
D005171	DOID:2222
MESH:D005171	DOID:2222
D010981	DOID:2223
MESH:D010981	DOID:2223
D013920	DOID:2224
MESH:D013920	DOID:2224
D013922	DOID:2228
MESH:D013922	DOID:2228
D005173	DOID:2229
MESH:D005173	DOID:2229
D014715	DOID:223
MESH:D014715	DOID:223
D005175	DOID:2231
MESH:D005175	DOID:2231
D004828	DOID:2234
MESH:D004828	DOID:2234
C562724	DOID:2235
MESH:C562724	DOID:2235
D000347	DOID:2236
MESH:D000347	DOID:2236
D006521	DOID:2237
MESH:D006521	DOID:2237
D002546	DOID:224
MESH:D002546	DOID:224
D055009	DOID:2247
MESH:D055009	DOID:2247
D013577	DOID:225
MESH:D013577	DOID:225
D002577	DOID:2253
MESH:D002577	DOID:2253
D010009	DOID:2256
MESH:D010009	DOID:2256
D000844	DOID:227
MESH:D000844	DOID:227
D002181	DOID:2272
MESH:D002181	DOID:2272
D014848	DOID:2273
MESH:D014848	DOID:2273
D010608	DOID:2275
MESH:D010608	DOID:2275
D010612	DOID:2275
MESH:D010612	DOID:2275
D006058	DOID:2277
MESH:D006058	DOID:2277
D017497	DOID:2280
MESH:D017497	DOID:2280
D016575	DOID:2282
MESH:D016575	DOID:2282
D005831	DOID:229
MESH:D005831	DOID:229
D007922	DOID:2297
MESH:D007922	DOID:2297
D014895	DOID:2297
MESH:D014895	DOID:2297
D016472	DOID:230
MESH:D016472	DOID:230
D013169	DOID:2300
MESH:D013169	DOID:2300
D019956	DOID:2303
MESH:D019956	DOID:2303
D016472	DOID:231
MESH:D016472	DOID:231
D009617	DOID:2312
MESH:D009617	DOID:2312
D002545	DOID:2316
MESH:D002545	DOID:2316
D008173	DOID:2320
MESH:D008173	DOID:2320
D005759	DOID:2326
MESH:D005759	DOID:2326
D008339	DOID:2338
MESH:D008339	DOID:2338
D003394	DOID:2339
MESH:D003394	DOID:2339
D003110	DOID:234
MESH:D003110	DOID:234
D003398	DOID:2340
MESH:D003398	DOID:2340
D001161	DOID:2349
MESH:D001161	DOID:2349
D003110	DOID:235
MESH:D003110	DOID:235
D019189	DOID:2351
MESH:D019189	DOID:2351
D006432	DOID:2352
MESH:D006432	DOID:2352
D000750	DOID:2354
MESH:D000750	DOID:2354
D000740	DOID:2355
MESH:D000740	DOID:2355
D000748	DOID:2361
MESH:D000748	DOID:2361
D011186	DOID:2364
MESH:D011186	DOID:2364
D014901	DOID:2365
MESH:D014901	DOID:2365
D014901	DOID:2366
MESH:D014901	DOID:2366
D019150	DOID:2367
MESH:D019150	DOID:2367
D005733	DOID:2368
MESH:D005733	DOID:2368
D004612	DOID:2373
MESH:D004612	DOID:2373
D009103	DOID:2377
MESH:D009103	DOID:2377
D020529	DOID:2378
MESH:D020529	DOID:2378
D011681	DOID:238
MESH:D011681	DOID:238
D007647	DOID:2382
MESH:D007647	DOID:2382
D007567	DOID:2383
MESH:D007567	DOID:2383
D014899	DOID:2384
MESH:D014899	DOID:2384
D010051	DOID:2394
MESH:D010051	DOID:2394
D007499	DOID:240
MESH:D007499	DOID:240
D012227	DOID:2409
MESH:D012227	DOID:2409
D016586	DOID:2411
MESH:D016586	DOID:2411
D005729	DOID:2426
MESH:D005729	DOID:2426
D005918	DOID:2431
MESH:D005918	DOID:2431
D005918	DOID:2436
MESH:D005918	DOID:2436
D006964	DOID:2444
MESH:D006964	DOID:2444
D000172	DOID:2449
MESH:D000172	DOID:2449
D012170	DOID:2450
MESH:D012170	DOID:2450
D018455	DOID:2451
MESH:D018455	DOID:2451
D019851	DOID:2452
MESH:D019851	DOID:2452
D003233	DOID:2457
MESH:D003233	DOID:2457
D003233	DOID:2474
MESH:D003233	DOID:2474
D015419	DOID:2476
MESH:D015419	DOID:2476
D015417	DOID:2477
MESH:D015417	DOID:2477
D014717	DOID:2479
MESH:D014717	DOID:2479
D014134	DOID:248
MESH:D014134	DOID:248
D010760	DOID:2485
MESH:D010760	DOID:2485
D009477	DOID:2491
MESH:D009477	DOID:2491
D020252	DOID:2493
MESH:D020252	DOID:2493
D016888	DOID:2494
MESH:D016888	DOID:2494
D014077	DOID:2498
MESH:D014077	DOID:2498
D001015	DOID:2508
MESH:D001015	DOID:2508
D013625	DOID:2508
MESH:D013625	DOID:2508
D020232	DOID:2510
MESH:D020232	DOID:2510
D001478	DOID:2512
MESH:D001478	DOID:2512
D018295	DOID:2513
MESH:D018295	DOID:2513
D009920	DOID:2518
MESH:D009920	DOID:2518
D013733	DOID:2519
MESH:D013733	DOID:2519
D011604	DOID:252
MESH:D011604	DOID:252
D009401	DOID:2527
MESH:D009401	DOID:2527
D013158	DOID:2529
MESH:D013158	DOID:2529
D019337	DOID:2531
MESH:D019337	DOID:2531
D013159	DOID:2533
MESH:D013159	DOID:2533
D020277	DOID:2536
MESH:D020277	DOID:2536
D018887	DOID:2538
MESH:D018887	DOID:2538
D020195	DOID:2548
MESH:D020195	DOID:2548
D006391	DOID:255
MESH:D006391	DOID:255
D020293	DOID:2555
MESH:D020293	DOID:2555
D011081	DOID:2556
MESH:D011081	DOID:2556
D002357	DOID:2557
MESH:D002357	DOID:2557
D009021	DOID:2560
MESH:D009021	DOID:2560
D010482	DOID:2562
MESH:D010482	DOID:2562
D003317	DOID:2565
MESH:D003317	DOID:2565
D003317	DOID:2566
MESH:D003317	DOID:2566
D002575	DOID:2568
MESH:D002575	DOID:2568
D015593	DOID:2569
MESH:D015593	DOID:2569
D015620	DOID:2570
MESH:D015620	DOID:2570
D006646	DOID:2571
MESH:D006646	DOID:2571
D018902	DOID:2580
MESH:D018902	DOID:2580
D002806	DOID:2581
MESH:D002806	DOID:2581
D020642	DOID:2582
MESH:D020642	DOID:2582
D000361	DOID:2583
MESH:D000361	DOID:2583
C535761	DOID:2590
MESH:C535761	DOID:2590
D007822	DOID:2596
MESH:D007822	DOID:2596
D007822	DOID:2598
MESH:D007822	DOID:2598
D002812	DOID:2602
MESH:D002812	DOID:2602
D018194	DOID:2609
MESH:D018194	DOID:2609
D010212	DOID:2615
MESH:D010212	DOID:2615
D020288	DOID:2626
MESH:D020288	DOID:2626
D007680	DOID:263
MESH:D007680	DOID:263
D003537	DOID:2634
MESH:D003537	DOID:2634
D001948	DOID:2636
MESH:D001948	DOID:2636
D006393	DOID:264
MESH:D006393	DOID:264
D013330	DOID:2640
MESH:D013330	DOID:2640
D054973	DOID:2643
MESH:D054973	DOID:2643
D008654	DOID:2645
MESH:D008654	DOID:2645
D002804	DOID:2649
MESH:D002804	DOID:2649
D054363	DOID:2653
MESH:D054363	DOID:2653
D003884	DOID:2658
MESH:D003884	DOID:2658
D009208	DOID:2661
MESH:D009208	DOID:2661
D013544	DOID:2664
MESH:D013544	DOID:2664
D008637	DOID:2668
MESH:D008637	DOID:2668
D002295	DOID:2671
MESH:D002295	DOID:2671
D000232	DOID:2683
MESH:D000232	DOID:2683
C537491	DOID:2689
MESH:C537491	DOID:2689
D008204	DOID:2689
MESH:D008204	DOID:2689
D009214	DOID:2691
MESH:D009214	DOID:2691
D007984	DOID:2696
MESH:D007984	DOID:2696
D000070779	DOID:2701
MESH:D000070779	DOID:2701
D013586	DOID:2702
MESH:D013586	DOID:2702
D013585	DOID:2703
MESH:D013585	DOID:2703
D005203	DOID:2708
MESH:D005203	DOID:2708
D018877	DOID:2710
MESH:D018877	DOID:2710
D010688	DOID:2712
MESH:D010688	DOID:2712
D001816	DOID:2717
MESH:D001816	DOID:2717
D006468	DOID:2718
MESH:D006468	DOID:2718
D000169	DOID:2722
MESH:D000169	DOID:2722
D003872	DOID:2723
MESH:D003872	DOID:2723
D018324	DOID:2725
MESH:D018324	DOID:2725
D019871	DOID:2729
MESH:D019871	DOID:2729
D004820	DOID:2730
MESH:D004820	DOID:2730
D012872	DOID:2731
MESH:D012872	DOID:2731
D011038	DOID:2732
MESH:D011038	DOID:2732
D007644	DOID:2734
MESH:D007644	DOID:2734
D030981	DOID:2736
MESH:D030981	DOID:2736
D031845	DOID:2736
MESH:D031845	DOID:2736
D011561	DOID:2738
MESH:D011561	DOID:2738
D005878	DOID:2739
MESH:D005878	DOID:2739
D006932	DOID:2741
MESH:D006932	DOID:2741
D006933	DOID:2741
MESH:D006933	DOID:2741
D004427	DOID:2742
MESH:D004427	DOID:2742
D011702	DOID:2744
MESH:D011702	DOID:2744
D000097165	DOID:2745
MESH:D000097165	DOID:2745
D006012	DOID:2746
MESH:D006012	DOID:2746
D006008	DOID:2747
MESH:D006008	DOID:2747
D006010	DOID:2748
MESH:D006010	DOID:2748
D006011	DOID:2750
MESH:D006011	DOID:2750
D006015	DOID:2751
MESH:D006015	DOID:2751
D006009	DOID:2752
MESH:D006009	DOID:2752
D006013	DOID:2754
MESH:D006013	DOID:2754
D015270	DOID:2755
MESH:D015270	DOID:2755
D013981	DOID:2768
MESH:D013981	DOID:2768
D013981	DOID:2769
MESH:D013981	DOID:2769
D006391	DOID:277
MESH:D006391	DOID:277
D017453	DOID:2772
MESH:D017453	DOID:2772
D003877	DOID:2773
MESH:D003877	DOID:2773
D050398	DOID:2775
MESH:D050398	DOID:2775
D050398	DOID:2776
MESH:D050398	DOID:2776
D003616	DOID:2785
MESH:D003616	DOID:2785
D002526	DOID:2786
MESH:D002526	DOID:2786
D011528	DOID:2789
MESH:D011528	DOID:2789
D009332	DOID:2790
MESH:D009332	DOID:2790
D000080203	DOID:2797
MESH:D000080203	DOID:2797
D001989	DOID:2799
MESH:D001989	DOID:2799
D004700	DOID:28
MESH:D004700	DOID:28
D000080203	DOID:2800
MESH:D000080203	DOID:2800
D008878	DOID:2810
MESH:D008878	DOID:2810
D003390	DOID:2815
MESH:D003390	DOID:2815
D009668	DOID:2825
MESH:D009668	DOID:2825
D042101	DOID:2828
MESH:D042101	DOID:2828
D005847	DOID:2832
MESH:D005847	DOID:2832
D001249	DOID:2841
MESH:D001249	DOID:2841
D029593	DOID:2842
MESH:D029593	DOID:2842
D008133	DOID:2843
MESH:D008133	DOID:2843
D002012	DOID:2846
MESH:D002012	DOID:2846
D020186	DOID:2846
MESH:D020186	DOID:2846
D007943	DOID:285
MESH:D007943	DOID:285
D006981	DOID:2855
MESH:D006981	DOID:2855
D005067	DOID:2856
MESH:D005067	DOID:2856
D006445	DOID:2859
MESH:D006445	DOID:2859
D006453	DOID:2860
MESH:D006453	DOID:2860
D000746	DOID:2861
MESH:D000746	DOID:2861
D005955	DOID:2862
MESH:D005955	DOID:2862
D016889	DOID:2871
MESH:D016889	DOID:2871
D018269	DOID:2871
MESH:D018269	DOID:2871
D000077195	DOID:2876
MESH:D000077195	DOID:2876
D011470	DOID:2883
MESH:D011470	DOID:2883
D012181	DOID:2889
MESH:D012181	DOID:2889
D004715	DOID:289
MESH:D004715	DOID:289
D006053	DOID:2907
MESH:D006053	DOID:2907
D008342	DOID:2908
MESH:D008342	DOID:2908
D010195	DOID:2913
MESH:D010195	DOID:2913
D007160	DOID:2916
MESH:D007160	DOID:2916
D003449	DOID:2917
MESH:D003449	DOID:2917
D015432	DOID:2920
MESH:D015432	DOID:2920
D005921	DOID:2921
MESH:D005921	DOID:2921
D007715	DOID:2926
MESH:D007715	DOID:2926
D009521	DOID:2929
MESH:D009521	DOID:2929
D000453	DOID:2934
MESH:D000453	DOID:2934
D002609	DOID:2935
MESH:D002609	DOID:2935
D020031	DOID:2938
MESH:D020031	DOID:2938
D001988	DOID:2942
MESH:D001988	DOID:2942
D045169	DOID:2945
MESH:D045169	DOID:2945
D009041	DOID:2951
MESH:D009041	DOID:2951
D007759	DOID:2952
MESH:D007759	DOID:2952
D014397	DOID:2957
MESH:D014397	DOID:2957
D054463	DOID:2960
MESH:D054463	DOID:2960
D003057	DOID:2962
MESH:D003057	DOID:2962
D010489	DOID:2964
MESH:D010489	DOID:2964
D002062	DOID:2965
MESH:D002062	DOID:2965
D012078	DOID:2972
MESH:D012078	DOID:2972
D007673	DOID:2973
MESH:D007673	DOID:2973
D052177	DOID:2975
MESH:D052177	DOID:2975
D006959	DOID:2977
MESH:D006959	DOID:2977
D006960	DOID:2977
MESH:D006960	DOID:2977
D002239	DOID:2978
MESH:D002239	DOID:2978
D007681	DOID:2981
MESH:D007681	DOID:2981
D010501	DOID:2982
MESH:D010501	DOID:2982
D001002	DOID:2983
MESH:D001002	DOID:2983
D005922	DOID:2986
MESH:D005922	DOID:2986
D010505	DOID:2987
MESH:D010505	DOID:2987
D016736	DOID:2988
MESH:D016736	DOID:2988
D000230	DOID:299
MESH:D000230	DOID:299
D009373	DOID:2994
MESH:D009373	DOID:2994
D018310	DOID:2997
MESH:D018310	DOID:2997
D013736	DOID:2998
MESH:D013736	DOID:2998
D006106	DOID:2999
MESH:D006106	DOID:2999
D044584	DOID:3007
MESH:D044584	DOID:3007
D016864	DOID:3012
MESH:D016864	DOID:3012
D003557	DOID:3016
MESH:D003557	DOID:3016
D019966	DOID:302
MESH:D019966	DOID:302
D058186	DOID:3021
MESH:D058186	DOID:3021
D018267	DOID:3025
MESH:D018267	DOID:3025
D019966	DOID:303
MESH:D019966	DOID:303
D002288	DOID:3030
MESH:D002288	DOID:3030
D017449	DOID:3042
MESH:D017449	DOID:3042
D005512	DOID:3044
MESH:D005512	DOID:3044
D014924	DOID:3047
MESH:D014924	DOID:3047
D015267	DOID:3049
MESH:D015267	DOID:3049
D002277	DOID:305
MESH:D002277	DOID:305
D009375	DOID:305
MESH:D009375	DOID:305
D001449	DOID:3052
MESH:D001449	DOID:3052
D010284	DOID:3055
MESH:D010284	DOID:3055
D005909	DOID:3068
MESH:D005909	DOID:3068
D001254	DOID:3069
MESH:D001254	DOID:3069
D005910	DOID:3070
MESH:D005910	DOID:3070
D018316	DOID:3071
MESH:D018316	DOID:3071
D005909	DOID:3074
MESH:D005909	DOID:3074
D001254	DOID:3078
MESH:D001254	DOID:3078
D004831	DOID:308
MESH:D004831	DOID:308
D018191	DOID:3081
MESH:D018191	DOID:3081
D017563	DOID:3082
MESH:D017563	DOID:3082
D029424	DOID:3083
MESH:D029424	DOID:3083
D019214	DOID:3086
MESH:D019214	DOID:3086
D005891	DOID:3087
MESH:D005891	DOID:3087
D009380	DOID:3093
MESH:D009380	DOID:3093
D009373	DOID:3095
MESH:D009373	DOID:3095
D018228	DOID:3098
MESH:D018228	DOID:3098
D017243	DOID:310
MESH:D017243	DOID:310
D013901	DOID:3103
MESH:D013901	DOID:3103
D017227	DOID:3107
MESH:D017227	DOID:3107
D001198	DOID:3108
MESH:D001198	DOID:3108
D018344	DOID:3109
MESH:D018344	DOID:3109
D018283	DOID:3110
MESH:D018283	DOID:3110
D003536	DOID:3111
MESH:D003536	DOID:3111
D000231	DOID:3112
MESH:D000231	DOID:3112
D002291	DOID:3113
MESH:D002291	DOID:3113
D018284	DOID:3114
MESH:D018284	DOID:3114
D004066	DOID:3118
MESH:D004066	DOID:3118
D004067	DOID:3119
MESH:D004067	DOID:3119
D005770	DOID:3119
MESH:D005770	DOID:3119
D005706	DOID:3121
MESH:D005706	DOID:3121
D017219	DOID:3122
MESH:D017219	DOID:3122
D009377	DOID:3125
MESH:D009377	DOID:3125
D011349	DOID:3127
MESH:D011349	DOID:3127
D001004	DOID:3128
MESH:D001004	DOID:3128
D017119	DOID:3132
MESH:D017119	DOID:3132
D017094	DOID:3133
MESH:D017094	DOID:3133
D005148	DOID:3134
MESH:D005148	DOID:3134
D012536	DOID:3136
MESH:D012536	DOID:3136
D000052	DOID:3138
MESH:D000052	DOID:3138
D000070779	DOID:314
MESH:D000070779	DOID:314
D012592	DOID:3140
MESH:D012592	DOID:3140
D017520	DOID:3141
MESH:D017520	DOID:3141
D007868	DOID:3142
MESH:D007868	DOID:3142
D003483	DOID:3144
MESH:D003483	DOID:3144
D006952	DOID:3145
MESH:D006952	DOID:3145
D008052	DOID:3146
MESH:D008052	DOID:3146
D007636	DOID:3149
MESH:D007636	DOID:3149
D000099314	DOID:3151
MESH:D000099314	DOID:3151
D008068	DOID:3153
MESH:D008068	DOID:3153
D010859	DOID:3156
MESH:D010859	DOID:3156
D006229	DOID:3158
MESH:D006229	DOID:3158
D010787	DOID:3159
MESH:D010787	DOID:3159
D012878	DOID:3165
MESH:D012878	DOID:3165
D018307	DOID:3168
MESH:D018307	DOID:3168
D000236	DOID:3172
MESH:D000236	DOID:3172
D018308	DOID:3179
MESH:D018308	DOID:3179
D009134	DOID:318
MESH:D009134	DOID:318
D009837	DOID:3181
MESH:D009837	DOID:3181
D009837	DOID:3183
MESH:D009837	DOID:3183
D009837	DOID:3186
MESH:D009837	DOID:3186
D013118	DOID:319
MESH:D013118	DOID:319
D017696	DOID:3191
MESH:D017696	DOID:3191
D009442	DOID:3192
MESH:D009442	DOID:3192
D018317	DOID:3193
MESH:D018317	DOID:3193
C536641	DOID:3204
MESH:C536641	DOID:3204
D016109	DOID:3209
MESH:D016109	DOID:3209
D015493	DOID:321
MESH:D015493	DOID:321
D020371	DOID:3210
MESH:D020371	DOID:3210
D016464	DOID:3211
MESH:D016464	DOID:3211
D003711	DOID:3213
MESH:D003711	DOID:3213
D007580	DOID:3218
MESH:D007580	DOID:3218
D009187	DOID:322
MESH:D009187	DOID:322
D002422	DOID:3222
MESH:D002422	DOID:3222
D020918	DOID:3223
MESH:D020918	DOID:3223
D014133	DOID:3225
MESH:D014133	DOID:3225
D014135	DOID:3227
MESH:D014135	DOID:3227
D013271	DOID:3229
MESH:D013271	DOID:3229
D006610	DOID:3230
MESH:D006610	DOID:3230
D011015	DOID:3240
MESH:D011015	DOID:3240
D011017	DOID:3241
MESH:D011017	DOID:3241
D018233	DOID:3246
MESH:D018233	DOID:3246
D012208	DOID:3247
MESH:D012208	DOID:3247
C537605	DOID:3259
MESH:C537605	DOID:3259
D007511	DOID:326
MESH:D007511	DOID:326
D007589	DOID:3261
MESH:D007589	DOID:3261
D010585	DOID:3262
MESH:D010585	DOID:3262
D016116	DOID:3263
MESH:D016116	DOID:3263
D006105	DOID:3265
MESH:D006105	DOID:3265
D013595	DOID:327
MESH:D013595	DOID:327
D013945	DOID:3275
MESH:D013945	DOID:3275
D013953	DOID:3277
MESH:D013953	DOID:3277
D013945	DOID:3284
MESH:D013945	DOID:3284
D045908	DOID:3292
MESH:D045908	DOID:3292
D014615	DOID:3298
MESH:D014615	DOID:3298
D018238	DOID:3301
MESH:D018238	DOID:3301
D002817	DOID:3302
MESH:D002817	DOID:3302
D018237	DOID:3304
MESH:D018237	DOID:3304
D018243	DOID:3305
MESH:D018243	DOID:3305
D013724	DOID:3307
MESH:D013724	DOID:3307
D018236	DOID:3308
MESH:D018236	DOID:3308
D009450	DOID:3309
MESH:D009450	DOID:3309
D002493	DOID:331
MESH:D002493	DOID:331
D003876	DOID:3310
MESH:D003876	DOID:3310
D001714	DOID:3312
MESH:D001714	DOID:3312
D018207	DOID:3314
MESH:D018207	DOID:3314
D008067	DOID:3315
MESH:D008067	DOID:3315
D018205	DOID:3315
MESH:D018205	DOID:3315
D000690	DOID:332
MESH:D000690	DOID:332
D013661	DOID:3320
MESH:D013661	DOID:3320
D020143	DOID:3321
MESH:D020143	DOID:3321
D016537	DOID:3322
MESH:D016537	DOID:3322
D012497	DOID:3323
MESH:D012497	DOID:3323
D019964	DOID:3324
MESH:D019964	DOID:3324
D011694	DOID:3325
MESH:D011694	DOID:3325
D011693	DOID:3326
MESH:D011693	DOID:3326
D020938	DOID:3327
MESH:D020938	DOID:3327
D004833	DOID:3328
MESH:D004833	DOID:3328
D019305	DOID:3329
MESH:D019305	DOID:3329
D020937	DOID:3330
MESH:D020937	DOID:3330
D017034	DOID:3331
MESH:D017034	DOID:3331
D006188	DOID:3332
MESH:D006188	DOID:3332
D006677	DOID:334
MESH:D006677	DOID:334
D010002	DOID:3341
MESH:D010002	DOID:3341
D010000	DOID:3342
MESH:D010000	DOID:3342
D009081	DOID:3343
MESH:D009081	DOID:3343
D014973	DOID:3345
MESH:D014973	DOID:3345
D012516	DOID:3347
MESH:D012516	DOID:3347
D018213	DOID:3347
MESH:D018213	DOID:3347
D005354	DOID:3355
MESH:D005354	DOID:3355
D018218	DOID:3355
MESH:D018218	DOID:3355
D003323	DOID:3362
MESH:D003323	DOID:3362
C563168	DOID:3369
MESH:C563168	DOID:3369
D012512	DOID:3369
MESH:D012512	DOID:3369
D018241	DOID:3369
MESH:D018241	DOID:3369
D002813	DOID:3371
MESH:D002813	DOID:3371
D018217	DOID:3373
MESH:D018217	DOID:3373
D008080	DOID:3382
MESH:D008080	DOID:3382
D016585	DOID:3385
MESH:D016585	DOID:3385
D010510	DOID:3388
MESH:D010510	DOID:3388
D010214	DOID:3389
MESH:D010214	DOID:3389
D020436	DOID:339
MESH:D020436	DOID:339
D003324	DOID:3393
MESH:D003324	DOID:3393
D003327	DOID:3393
MESH:D003327	DOID:3393
D017202	DOID:3393
MESH:D017202	DOID:3393
D007177	DOID:3401
MESH:D007177	DOID:3401
D015614	DOID:3405
MESH:D015614	DOID:3405
D002340	DOID:3407
MESH:D002340	DOID:3407
D001157	DOID:341
MESH:D001157	DOID:341
D002341	DOID:3410
MESH:D002341	DOID:3410
D008363	DOID:3413
MESH:D008363	DOID:3413
D019574	DOID:3419
MESH:D019574	DOID:3419
D015837	DOID:3426
MESH:D015837	DOID:3426
D018979	DOID:3429
MESH:D018979	DOID:3429
D007827	DOID:3437
MESH:D007827	DOID:3437
D010144	DOID:3443
MESH:D010144	DOID:3443
D014591	DOID:345
MESH:D014591	DOID:345
D010145	DOID:3450
MESH:D010145	DOID:3450
D020520	DOID:3454
MESH:D020520	DOID:3454
D002579	DOID:3456
MESH:D002579	DOID:3456
D018275	DOID:3457
MESH:D018275	DOID:3457
D001943	DOID:3459
MESH:D001943	DOID:3459
D006222	DOID:3462
MESH:D006222	DOID:3462
D001941	DOID:3463
MESH:D001941	DOID:3463
D015811	DOID:3478
MESH:D015811	DOID:3478
D014603	DOID:3480
MESH:D014603	DOID:3480
D010930	DOID:3481
MESH:D010930	DOID:3481
D010930	DOID:3482
MESH:D010930	DOID:3482
D009335	DOID:3486
MESH:D009335	DOID:3486
D002481	DOID:3488
MESH:D002481	DOID:3488
D034721	DOID:349
MESH:D034721	DOID:349
D009634	DOID:3490
MESH:D009634	DOID:3490
D014424	DOID:3491
MESH:D014424	DOID:3491
D008947	DOID:3492
MESH:D008947	DOID:3492
D018279	DOID:3493
MESH:D018279	DOID:3493
D008415	DOID:350
MESH:D008415	DOID:350
D018223	DOID:3507
MESH:D018223	DOID:3507
D018319	DOID:3512
MESH:D018319	DOID:3512
D014854	DOID:3522
MESH:D014854	DOID:3522
D020526	DOID:3523
MESH:D020526	DOID:3523
D020244	DOID:3525
MESH:D020244	DOID:3525
D002544	DOID:3526
MESH:D002544	DOID:3526
D002539	DOID:3527
MESH:D002539	DOID:3527
D020243	DOID:3528
MESH:D020243	DOID:3528
D020512	DOID:3529
MESH:D020512	DOID:3529
D034081	DOID:3530
MESH:D034081	DOID:3530
D020192	DOID:3534
MESH:D020192	DOID:3534
D020194	DOID:3535
MESH:D020194	DOID:3535
D016545	DOID:3540
MESH:D016545	DOID:3540
D002551	DOID:3541
MESH:D002551	DOID:3541
D012515	DOID:355
MESH:D012515	DOID:355
D013478	DOID:3557
MESH:D013478	DOID:3557
D004380	DOID:3558
MESH:D004380	DOID:3558
D011553	DOID:3559
MESH:D011553	DOID:3559
D008579	DOID:3565
MESH:D008579	DOID:3565
D008113	DOID:3571
MESH:D008113	DOID:3571
D012851	DOID:3572
MESH:D012851	DOID:3572
D020227	DOID:3574
MESH:D020227	DOID:3574
D020226	DOID:3575
MESH:D020226	DOID:3575
D020225	DOID:3576
MESH:D020225	DOID:3576
D012707	DOID:3577
MESH:D012707	DOID:3577
D021441	DOID:3587
MESH:D021441	DOID:3587
D006828	DOID:3590
MESH:D006828	DOID:3590
D031901	DOID:3590
MESH:D031901	DOID:3590
D002822	DOID:3594
MESH:D002822	DOID:3594
D018245	DOID:3596
MESH:D018245	DOID:3596
D020258	DOID:3602
MESH:D020258	DOID:3602
D018282	DOID:3603
MESH:D018282	DOID:3603
D015882	DOID:3611
MESH:D015882	DOID:3611
D012173	DOID:3612
MESH:D012173	DOID:3612
D017825	DOID:3613
MESH:D017825	DOID:3613
D017436	DOID:3614
MESH:D017436	DOID:3614
D018206	DOID:3616
MESH:D018206	DOID:3616
D015174	DOID:3618
MESH:D015174	DOID:3618
D016543	DOID:3620
MESH:D016543	DOID:3620
D001014	DOID:3627
MESH:D001014	DOID:3627
D001019	DOID:3627
MESH:D001019	DOID:3627
D014594	DOID:363
MESH:D014594	DOID:363
D044905	DOID:3633
MESH:D044905	DOID:3633
D020294	DOID:3635
MESH:D020294	DOID:3635
D004652	DOID:3642
MESH:D004652	DOID:3642
D007029	DOID:3644
MESH:D007029	DOID:3644
D015325	DOID:3649
MESH:D015325	DOID:3649
D001745	DOID:365
MESH:D001745	DOID:365
D000140	DOID:3650
MESH:D000140	DOID:3650
D015324	DOID:3651
MESH:D015324	DOID:3651
D007888	DOID:3652
MESH:D007888	DOID:3652
D029461	DOID:3659
MESH:D029461	DOID:3659
D021182	DOID:3660
MESH:D021182	DOID:3660
D034701	DOID:3663
MESH:D034701	DOID:3663
D034701	DOID:3665
MESH:D034701	DOID:3665
D054705	DOID:3666
MESH:D054705	DOID:3666
D007383	DOID:3669
MESH:D007383	DOID:3669
D020431	DOID:367
MESH:D020431	DOID:367
D010497	DOID:3671
MESH:D010497	DOID:3671
D018335	DOID:3672
MESH:D018335	DOID:3672
D016726	DOID:3677
MESH:D016726	DOID:3677
D008175	DOID:3683
MESH:D008175	DOID:3683
D017241	DOID:3687
MESH:D017241	DOID:3687
D020968	DOID:3689
MESH:D020968	DOID:3689
D018304	DOID:369
MESH:D018304	DOID:369
D020516	DOID:3690
MESH:D020516	DOID:3690
D012871	DOID:37
MESH:D012871	DOID:37
D012873	DOID:37
MESH:D012873	DOID:37
D010954	DOID:3721
MESH:D010954	DOID:3721
D013801	DOID:3733
MESH:D013801	DOID:3733
D018289	DOID:3737
MESH:D018289	DOID:3737
D009748	DOID:374
MESH:D009748	DOID:374
D000077277	DOID:3748
MESH:D000077277	DOID:3748
D022861	DOID:3753
MESH:D022861	DOID:3753
D020152	DOID:3755
MESH:D020152	DOID:3755
D020151	DOID:3756
MESH:D020151	DOID:3756
D030401	DOID:3762
MESH:D030401	DOID:3762
D012734	DOID:3763
MESH:D012734	DOID:3763
D030321	DOID:3764
MESH:D030321	DOID:3764
D012734	DOID:3765
MESH:D012734	DOID:3765
D007973	DOID:3766
MESH:D007973	DOID:3766
D019522	DOID:3767
MESH:D019522	DOID:3767
D011658	DOID:3770
MESH:D011658	DOID:3770
D008579	DOID:3772
MESH:D008579	DOID:3772
D016460	DOID:3777
MESH:D016460	DOID:3777
D000858	DOID:3781
MESH:D000858	DOID:3781
D038921	DOID:3783
MESH:D038921	DOID:3783
D016724	DOID:3798
MESH:D016724	DOID:3798
D003414	DOID:3803
MESH:D003414	DOID:3803
D017499	DOID:3805
MESH:D017499	DOID:3805
D007592	DOID:381
MESH:D007592	DOID:381
D003389	DOID:3817
MESH:D003389	DOID:3817
D017454	DOID:3818
MESH:D017454	DOID:3818
D011040	DOID:3819
MESH:D011040	DOID:3819
D020762	DOID:3821
MESH:D020762	DOID:3821
D012790	DOID:3825
MESH:D012790	DOID:3825
D006548	DOID:3827
MESH:D006548	DOID:3827
D000238	DOID:3828
MESH:D000238	DOID:3828
D010911	DOID:3829
MESH:D010911	DOID:3829
D014927	DOID:384
MESH:D014927	DOID:384
D003397	DOID:3840
MESH:D003397	DOID:3840
D019292	DOID:3842
MESH:D019292	DOID:3842
D003397	DOID:3846
MESH:D003397	DOID:3846
D003397	DOID:3847
MESH:D003397	DOID:3847
D010580	DOID:3852
MESH:D010580	DOID:3852
D005834	DOID:3856
MESH:D005834	DOID:3856
D008527	DOID:3861
MESH:D008527	DOID:3861
D008527	DOID:3864
MESH:D008527	DOID:3864
D008527	DOID:3868
MESH:D008527	DOID:3868
D008527	DOID:3869
MESH:D008527	DOID:3869
D013924	DOID:3875
MESH:D013924	DOID:3875
D003112	DOID:3876
MESH:D003112	DOID:3876
D003109	DOID:3877
MESH:D003109	DOID:3877
D003123	DOID:3883
MESH:D003123	DOID:3883
D017118	DOID:3890
MESH:D017118	DOID:3890
D010927	DOID:3891
MESH:D010927	DOID:3891
D007340	DOID:3892
MESH:D007340	DOID:3892
D007516	DOID:3892
MESH:D007516	DOID:3892
D018251	DOID:3893
MESH:D018251	DOID:3893
D006607	DOID:3896
MESH:D006607	DOID:3896
D014847	DOID:3901
MESH:D014847	DOID:3901
D002283	DOID:3904
MESH:D002283	DOID:3904
D001984	DOID:3906
MESH:D001984	DOID:3906
D002289	DOID:3908
MESH:D002289	DOID:3908
D000077192	DOID:3910
MESH:D000077192	DOID:3910
D011371	DOID:3911
MESH:D011371	DOID:3911
C535549	DOID:3927
MESH:C535549	DOID:3927
D000274	DOID:3928
MESH:D000274	DOID:3928
D000868	DOID:3933
MESH:D000868	DOID:3933
D047748	DOID:3946
MESH:D047748	DOID:3946
D000308	DOID:3947
MESH:D000308	DOID:3947
D018268	DOID:3948
MESH:D018268	DOID:3948
D000303	DOID:3952
MESH:D000303	DOID:3952
D000310	DOID:3953
MESH:D000310	DOID:3953
D018263	DOID:3962
MESH:D018263	DOID:3962
D013964	DOID:3963
MESH:D013964	DOID:3963
D000077273	DOID:3969
MESH:D000077273	DOID:3969
D002313	DOID:397
MESH:D002313	DOID:397
C536914	DOID:3973
MESH:C536914	DOID:3973
D006211	DOID:3981
MESH:D006211	DOID:3981
D008538	DOID:3982
MESH:D008538	DOID:3982
D009814	DOID:3983
MESH:D009814	DOID:3983
D010029	DOID:3985
MESH:D010029	DOID:3985
D014375	DOID:399
MESH:D014375	DOID:399
D004194	DOID:4
MESH:D004194	DOID:4
D018088	DOID:401
MESH:D018088	DOID:401
D002277	DOID:4015
MESH:D002277	DOID:4015
D014393	DOID:402
MESH:D014393	DOID:402
D014518	DOID:4022
MESH:D014518	DOID:4022
D008039	DOID:4023
MESH:D008039	DOID:4023
D002293	DOID:4024
MESH:D002293	DOID:4024
D005756	DOID:4029
MESH:D005756	DOID:4029
D009059	DOID:403
MESH:D009059	DOID:403
D014385	DOID:404
MESH:D014385	DOID:404
D009217	DOID:4045
MESH:D009217	DOID:4045
D019042	DOID:4045
MESH:D019042	DOID:4045
D018232	DOID:4051
MESH:D018232	DOID:4051
D014386	DOID:407
MESH:D014386	DOID:407
D004383	DOID:4071
MESH:D004383	DOID:4071
D004378	DOID:4072
MESH:D004378	DOID:4072
D014264	DOID:4078
MESH:D014264	DOID:4078
D006349	DOID:4079
MESH:D006349	DOID:4079
D016127	DOID:4079
MESH:D016127	DOID:4079
D014262	DOID:4080
MESH:D014262	DOID:4080
D014328	DOID:4085
MESH:D014328	DOID:4085
D008107	DOID:409
MESH:D008107	DOID:409
D000377	DOID:4090
MESH:D000377	DOID:4090
D013984	DOID:4109
MESH:D013984	DOID:4109
D004478	DOID:4110
MESH:D004478	DOID:4110
D009260	DOID:4123
MESH:D009260	DOID:4123
D004894	DOID:4131
MESH:D004894	DOID:4131
D009236	DOID:4136
MESH:D009236	DOID:4136
D003137	DOID:4137
MESH:D003137	DOID:4137
D001649	DOID:4138
MESH:D001649	DOID:4138
D001657	DOID:4140
MESH:D001657	DOID:4140
D008579	DOID:4141
MESH:D008579	DOID:4141
D009918	DOID:4143
MESH:D009918	DOID:4143
D003811	DOID:4154
MESH:D003811	DOID:4154
C536773	DOID:4157
MESH:C536773	DOID:4157
D012878	DOID:4159
MESH:D012878	DOID:4159
D018305	DOID:4163
MESH:D018305	DOID:4163
D002601	DOID:4166
MESH:D002601	DOID:4166
D012203	DOID:4175
MESH:D012203	DOID:4175
D001787	DOID:4176
MESH:D001787	DOID:4176
D012595	DOID:418
MESH:D012595	DOID:418
D011556	DOID:4183
MESH:D011556	DOID:4183
D011547	DOID:4184
MESH:D011547	DOID:4184
D001184	DOID:4186
MESH:D001184	DOID:4186
D004454	DOID:4188
MESH:D004454	DOID:4188
D009155	DOID:4189
MESH:D009155	DOID:4189
D012594	DOID:419
MESH:D012594	DOID:419
D020767	DOID:4193
MESH:D020767	DOID:4193
D044882	DOID:4194
MESH:D044882	DOID:4194
D006943	DOID:4195
MESH:D006943	DOID:4195
D020428	DOID:4196
MESH:D020428	DOID:4196
D006983	DOID:420
MESH:D006983	DOID:420
D020427	DOID:4201
MESH:D020427	DOID:4201
D020295	DOID:4203
MESH:D020295	DOID:4203
D002528	DOID:4205
MESH:D002528	DOID:4205
D006201	DOID:421
MESH:D006201	DOID:421
D008579	DOID:4210
MESH:D008579	DOID:4210
D008579	DOID:4211
MESH:D008579	DOID:4211
D001948	DOID:4217
MESH:D001948	DOID:4217
D020914	DOID:422
MESH:D020914	DOID:422
D011711	DOID:4223
MESH:D011711	DOID:4223
D018203	DOID:4226
MESH:D018203	DOID:4226
D009135	DOID:423
MESH:D009135	DOID:423
D051642	DOID:4231
MESH:D051642	DOID:4231
D018227	DOID:4233
MESH:D018227	DOID:4233
D012509	DOID:4235
MESH:D012509	DOID:4235
D002296	DOID:4236
MESH:D002296	DOID:4236
D018199	DOID:4236
MESH:D018199	DOID:4236
D018200	DOID:4236
MESH:D018200	DOID:4236
D018234	DOID:4239
MESH:D018234	DOID:4239
D023903	DOID:4247
MESH:D023903	DOID:4247
D023921	DOID:4248
MESH:D023921	DOID:4248
D016098	DOID:4249
MESH:D016098	DOID:4249
D003229	DOID:4251
MESH:D003229	DOID:4251
D038261	DOID:4252
MESH:D038261	DOID:4252
D008557	DOID:4253
MESH:D008557	DOID:4253
D010026	DOID:4254
MESH:D010026	DOID:4254
D006958	DOID:4257
MESH:D006958	DOID:4257
D010855	DOID:4258
MESH:D010855	DOID:4258
D020235	DOID:4260
MESH:D020235	DOID:4260
D018229	DOID:4265
MESH:D018229	DOID:4265
D000405	DOID:4267
MESH:D000405	DOID:4267
D016890	DOID:4270
MESH:D016890	DOID:4270
D016881	DOID:4271
MESH:D016881	DOID:4271
D006175	DOID:429
MESH:D006175	DOID:429
D012587	DOID:4297
MESH:D012587	DOID:4297
D018212	DOID:4305
MESH:D018212	DOID:4305
D011843	DOID:4306
MESH:D011843	DOID:4306
D011128	DOID:4307
MESH:D011128	DOID:4307
D011129	DOID:4308
MESH:D011129	DOID:4308
D009209	DOID:431
MESH:D009209	DOID:431
D018235	DOID:4310
MESH:D018235	DOID:4310
D016107	DOID:4313
MESH:D016107	DOID:4313
D031954	DOID:4320
MESH:D031954	DOID:4320
D049309	DOID:4322
MESH:D049309	DOID:4322
D019142	DOID:4325
MESH:D019142	DOID:4325
D008379	DOID:4327
MESH:D008379	DOID:4327
D031249	DOID:4329
MESH:D031249	DOID:4329
D015616	DOID:4330
MESH:D015616	DOID:4330
D002054	DOID:4331
MESH:D002054	DOID:4331
D010310	DOID:4333
MESH:D010310	DOID:4333
D014007	DOID:4336
MESH:D014007	DOID:4336
D046350	DOID:4346
MESH:D046350	DOID:4346
D008210	DOID:4347
MESH:D008210	DOID:4347
D018328	DOID:4359
MESH:D018328	DOID:4359
D002583	DOID:4362
MESH:D002583	DOID:4362
D043204	DOID:4367
MESH:D043204	DOID:4367
D009157	DOID:437
MESH:D009157	DOID:437
D045724	DOID:4370
MESH:D045724	DOID:4370
D019873	DOID:4371
MESH:D019873	DOID:4371
D020766	DOID:4372
MESH:D020766	DOID:4372
D012832	DOID:4374
MESH:D012832	DOID:4374
D016269	DOID:4376
MESH:D016269	DOID:4376
D021181	DOID:4377
MESH:D021181	DOID:4377
D021183	DOID:4378
MESH:D021183	DOID:4378
D021184	DOID:4379
MESH:D021184	DOID:4379
D020274	DOID:438
MESH:D020274	DOID:438
D047708	DOID:4386
MESH:D047708	DOID:4386
D020511	DOID:439
MESH:D020511	DOID:439
D015616	DOID:4394
MESH:D015616	DOID:4394
D011565	DOID:4398
MESH:D011565	DOID:4398
D009468	DOID:440
MESH:D009468	DOID:440
C562379	DOID:4400
MESH:C562379	DOID:4400
D009783	DOID:4404
MESH:D009783	DOID:4404
D017484	DOID:4407
MESH:D017484	DOID:4407
D005499	DOID:4409
MESH:D005499	DOID:4409
D016751	DOID:4411
MESH:D016751	DOID:4411
D018219	DOID:4415
MESH:D018219	DOID:4415
D018219	DOID:4418
MESH:D018219	DOID:4418
D012618	DOID:4423
MESH:D012618	DOID:4423
D014972	DOID:4424
MESH:D014972	DOID:4424
D004410	DOID:4428
MESH:D004410	DOID:4428
D013005	DOID:4430
MESH:D013005	DOID:4430
D018239	DOID:4440
MESH:D018239	DOID:4440
D004407	DOID:4441
MESH:D004407	DOID:4441
D008269	DOID:4447
MESH:D008269	DOID:4447
D008268	DOID:4448
MESH:D008268	DOID:4448
D008269	DOID:4449
MESH:D008269	DOID:4449
D001477	DOID:445
MESH:D001477	DOID:445
D002292	DOID:4450
MESH:D002292	DOID:4450
D003480	DOID:446
MESH:D003480	DOID:446
D006929	DOID:446
MESH:D006929	DOID:446
D002292	DOID:4464
MESH:D002292	DOID:4464
C538614	DOID:4465
MESH:C538614	DOID:4465
D002292	DOID:4465
MESH:D002292	DOID:4465
D002292	DOID:4467
MESH:D002292	DOID:4467
D008649	DOID:4468
MESH:D008649	DOID:4468
D018262	DOID:4468
MESH:D018262	DOID:4468
D015499	DOID:447
MESH:D015499	DOID:447
D002292	DOID:4471
MESH:D002292	DOID:4471
D002292	DOID:4473
MESH:D002292	DOID:4473
D011546	DOID:4479
MESH:D011546	DOID:4479
C531599	DOID:4480
MESH:C531599	DOID:4480
D000130	DOID:4480
MESH:D000130	DOID:4480
D012220	DOID:4483
MESH:D012220	DOID:4483
D018923	DOID:4491
MESH:D018923	DOID:4491
D005585	DOID:4492
MESH:D005585	DOID:4492
D020967	DOID:450
MESH:D020967	DOID:450
D009958	DOID:4501
MESH:D009958	DOID:4501
C536368	DOID:4511
MESH:C536368	DOID:4511
D008949	DOID:452
MESH:D008949	DOID:452
D018277	DOID:4531
MESH:D018277	DOID:4531
D006210	DOID:4534
MESH:D006210	DOID:4534
D007039	DOID:4535
MESH:D007039	DOID:4535
D000381	DOID:4540
MESH:D000381	DOID:4540
D000849	DOID:4541
MESH:D000849	DOID:4541
D000237	DOID:4542
MESH:D000237	DOID:4542
D000648	DOID:4543
MESH:D000648	DOID:4543
D018211	DOID:4545
MESH:D018211	DOID:4545
C563195	DOID:4549
MESH:C563195	DOID:4549
D000694	DOID:4550
MESH:D000694	DOID:4550
D001005	DOID:4551
MESH:D001005	DOID:4551
D018287	DOID:4552
MESH:D018287	DOID:4552
D007967	DOID:4557
MESH:D007967	DOID:4557
D008158	DOID:4558
MESH:D008158	DOID:4558
D001196	DOID:456
MESH:D001196	DOID:456
D004698	DOID:4562
MESH:D004698	DOID:4562
C537443	DOID:4586
MESH:C537443	DOID:4586
D008579	DOID:4587
MESH:D008579	DOID:4587
D008579	DOID:4588
MESH:D008579	DOID:4588
D008579	DOID:4594
MESH:D008579	DOID:4594
D017488	DOID:4603
MESH:D017488	DOID:4603
D001650	DOID:4606
MESH:D001650	DOID:4606
D001661	DOID:4607
MESH:D001661	DOID:4607
D003138	DOID:4608
MESH:D003138	DOID:4608
D009379	DOID:461
MESH:D009379	DOID:461
D007414	DOID:4610
MESH:D007414	DOID:4610
D020424	DOID:4613
MESH:D020424	DOID:4613
D010484	DOID:4617
MESH:D010484	DOID:4617
D008441	DOID:4618
MESH:D008441	DOID:4618
D016142	DOID:4621
MESH:D016142	DOID:4621
D004687	DOID:4624
MESH:D004687	DOID:4624
D006832	DOID:4626
MESH:D006832	DOID:4626
D020240	DOID:4627
MESH:D020240	DOID:4627
D016110	DOID:4644
MESH:D016110	DOID:4644
D019572	DOID:4645
MESH:D019572	DOID:4645
D012175	DOID:4648
MESH:D012175	DOID:4648
D034801	DOID:4659
MESH:D034801	DOID:4659
D034721	DOID:4660
MESH:D034721	DOID:4660
D018777	DOID:4661
MESH:D018777	DOID:4661
D013786	DOID:4662
MESH:D013786	DOID:4662
D005611	DOID:4671
MESH:D005611	DOID:4671
D013734	DOID:4674
MESH:D013734	DOID:4674
D014511	DOID:4676
MESH:D014511	DOID:4676
D007634	DOID:4677
MESH:D007634	DOID:4677
D006391	DOID:468
MESH:D006391	DOID:468
D009877	DOID:4692
MESH:D009877	DOID:4692
D018317	DOID:4697
MESH:D018317	DOID:4697
D011469	DOID:47
MESH:D011469	DOID:47
D049328	DOID:4702
MESH:D049328	DOID:4702
D015192	DOID:4706
MESH:D015192	DOID:4706
D019585	DOID:4723
MESH:D019585	DOID:4723
D001929	DOID:4724
MESH:D001929	DOID:4724
D012223	DOID:4730
MESH:D012223	DOID:4730
D012222	DOID:4731
MESH:D012222	DOID:4731
D002115	DOID:4734
MESH:D002115	DOID:4734
D013001	DOID:4737
MESH:D013001	DOID:4737
D006391	DOID:474
MESH:D006391	DOID:474
D010921	DOID:4744
MESH:D010921	DOID:4744
D020955	DOID:4751
MESH:D020955	DOID:4751
D012791	DOID:4752
MESH:D012791	DOID:4752
D019578	DOID:4752
MESH:D019578	DOID:4752
D018783	DOID:4762
MESH:D018783	DOID:4762
D018202	DOID:4765
MESH:D018202	DOID:4765
C537516	DOID:4769
MESH:C537516	DOID:4769
D018201	DOID:4773
MESH:D018201	DOID:4773
D000794	DOID:479
MESH:D000794	DOID:479
D018242	DOID:4790
MESH:D018242	DOID:4790
D049290	DOID:4795
MESH:D049290	DOID:4795
D018489	DOID:4796
MESH:D018489	DOID:4796
D034721	DOID:4798
MESH:D034721	DOID:4798
D005832	DOID:48
MESH:D005832	DOID:48
D009069	DOID:480
MESH:D009069	DOID:480
D019294	DOID:4810
MESH:D019294	DOID:4810
D005729	DOID:4817
MESH:D005729	DOID:4817
D006392	DOID:483
MESH:D006392	DOID:483
D018196	DOID:4830
MESH:D018196	DOID:4830
D010015	DOID:4837
MESH:D010015	DOID:4837
D018266	DOID:4839
MESH:D018266	DOID:4839
D020141	DOID:484
MESH:D020141	DOID:484
D018315	DOID:4843
MESH:D018315	DOID:4843
D004806	DOID:4844
MESH:D004806	DOID:4844
D001254	DOID:4851
MESH:D001254	DOID:4851
D003528	DOID:4866
MESH:D003528	DOID:4866
D016472	DOID:4873
MESH:D016472	DOID:4873
D003121	DOID:4885
MESH:D003121	DOID:4885
D014388	DOID:4889
MESH:D014388	DOID:4889
D018601	DOID:4889
MESH:D018601	DOID:4889
D020190	DOID:4890
MESH:D020190	DOID:4890
D001650	DOID:4897
MESH:D001650	DOID:4897
D000230	DOID:4903
MESH:D000230	DOID:4903
D010190	DOID:4905
MESH:D010190	DOID:4905
D001005	DOID:4908
MESH:D001005	DOID:4908
C562730	DOID:4914
MESH:C562730	DOID:4914
D010911	DOID:4916
MESH:D010911	DOID:4916
C537535	DOID:4922
MESH:C537535	DOID:4922
D002282	DOID:4926
MESH:D002282	DOID:4926
D018285	DOID:4927
MESH:D018285	DOID:4927
D018281	DOID:4928
MESH:D018281	DOID:4928
D000230	DOID:4929
MESH:D000230	DOID:4929
D065311	DOID:4943
MESH:D065311	DOID:4943
D018281	DOID:4947
MESH:D018281	DOID:4947
D016262	DOID:4952
MESH:D016262	DOID:4952
D011051	DOID:4953
MESH:D011051	DOID:4953
D016108	DOID:4959
MESH:D016108	DOID:4959
D009196	DOID:4960
MESH:D009196	DOID:4960
D001855	DOID:4961
MESH:D001855	DOID:4961
D010495	DOID:4962
MESH:D010495	DOID:4962
D000275	DOID:4964
MESH:D000275	DOID:4964
D003866	DOID:4964
MESH:D003866	DOID:4964
D009497	DOID:4964
MESH:D009497	DOID:4964
D009347	DOID:4968
MESH:D009347	DOID:4968
D005862	DOID:4969
MESH:D005862	DOID:4969
D020238	DOID:4970
MESH:D020238	DOID:4970
D055728	DOID:4971
MESH:D055728	DOID:4971
D054437	DOID:4972
MESH:D054437	DOID:4972
D000187	DOID:4974
MESH:D000187	DOID:4974
D004604	DOID:4976
MESH:D004604	DOID:4976
D008209	DOID:4977
MESH:D008209	DOID:4977
D019512	DOID:4988
MESH:D019512	DOID:4988
D010195	DOID:4989
MESH:D010195	DOID:4989
D020329	DOID:4990
MESH:D020329	DOID:4990
D020339	DOID:4992
MESH:D020339	DOID:4992
D003966	DOID:4997
MESH:D003966	DOID:4997
D015826	DOID:4998
MESH:D015826	DOID:4998
D013959	DOID:50
MESH:D013959	DOID:50
D005058	DOID:5003
MESH:D005058	DOID:5003
C537258	DOID:5015
MESH:C537258	DOID:5015
D010871	DOID:5032
MESH:D010871	DOID:5032
D009379	DOID:5039
MESH:D009379	DOID:5039
D004938	DOID:5041
MESH:D004938	DOID:5041
D002286	DOID:5050
MESH:D002286	DOID:5050
D008554	DOID:5052
MESH:D008554	DOID:5052
D010623	DOID:5062
MESH:D010623	DOID:5062
D002281	DOID:5063
MESH:D002281	DOID:5063
D004806	DOID:5075
MESH:D004806	DOID:5075
D005910	DOID:5076
MESH:D005910	DOID:5076
D001254	DOID:5077
MESH:D001254	DOID:5077
D018303	DOID:5078
MESH:D018303	DOID:5078
D008103	DOID:5082
MESH:D008103	DOID:5082
D013899	DOID:5093
MESH:D013899	DOID:5093
D004428	DOID:5101
MESH:D004428	DOID:5101
D013540	DOID:5112
MESH:D013540	DOID:5112
D003677	DOID:5113
MESH:D003677	DOID:5113
C562731	DOID:5117
MESH:C562731	DOID:5117
D018231	DOID:5138
MESH:D018231	DOID:5138
D018318	DOID:5151
MESH:D018318	DOID:5151
D001890	DOID:5154
MESH:D001890	DOID:5154
D010997	DOID:5158
MESH:D010997	DOID:5158
D001162	DOID:5160
MESH:D001162	DOID:5160
D050379	DOID:5162
MESH:D050379	DOID:5162
D036821	DOID:5166
MESH:D036821	DOID:5166
D001025	DOID:519
MESH:D001025	DOID:519
D001018	DOID:520
MESH:D001018	DOID:520
D015319	DOID:5204
MESH:D015319	DOID:5204
D018981	DOID:5212
MESH:D018981	DOID:5212
D020277	DOID:5213
MESH:D020277	DOID:5213
D004684	DOID:5222
MESH:D004684	DOID:5222
D007246	DOID:5223
MESH:D007246	DOID:5223
D017121	DOID:5230
MESH:D017121	DOID:5230
D001023	DOID:5232
MESH:D001023	DOID:5232
D018325	DOID:5241
MESH:D018325	DOID:5241
D020293	DOID:525
MESH:D020293	DOID:525
D015658	DOID:526
MESH:D015658	DOID:526
D007890	DOID:5264
MESH:D007890	DOID:5264
D007890	DOID:5268
MESH:D007890	DOID:5268
D001764	DOID:529
MESH:D001764	DOID:529
D007410	DOID:5295
MESH:D007410	DOID:5295
D005141	DOID:530
MESH:D005141	DOID:530
C535687	DOID:5325
MESH:C535687	DOID:5325
D012163	DOID:5327
MESH:D012163	DOID:5327
D003788	DOID:5330
MESH:D003788	DOID:5330
D010263	DOID:5334
MESH:D010263	DOID:5334
D005882	DOID:5337
MESH:D005882	DOID:5337
D005886	DOID:5338
MESH:D005886	DOID:5338
C536227	DOID:5339
MESH:C536227	DOID:5339
D020324	DOID:5340
MESH:D020324	DOID:5340
D003108	DOID:5353
MESH:D003108	DOID:5353
D017573	DOID:5362
MESH:D017573	DOID:5362
D018208	DOID:5363
MESH:D018208	DOID:5363
D003074	DOID:5364
MESH:D003074	DOID:5364
D018296	DOID:5374
MESH:D018296	DOID:5374
D015835	DOID:538
MESH:D015835	DOID:538
D002759	DOID:5381
MESH:D002759	DOID:5381
D018249	DOID:5389
MESH:D018249	DOID:5389
D009886	DOID:539
MESH:D009886	DOID:539
D000239	DOID:5392
MESH:D000239	DOID:5392
D015175	DOID:5394
MESH:D015175	DOID:5394
D000236	DOID:5403
MESH:D000236	DOID:5403
D010001	DOID:5408
MESH:D010001	DOID:5408
D055752	DOID:5409
MESH:D055752	DOID:5409
D018288	DOID:5411
MESH:D018288	DOID:5411
D011618	DOID:5418
MESH:D011618	DOID:5418
D012559	DOID:5419
MESH:D012559	DOID:5419
D016471	DOID:5425
MESH:D016471	DOID:5425
D016649	DOID:5426
MESH:D016649	DOID:5426
D004421	DOID:543
MESH:D004421	DOID:543
D020821	DOID:543
MESH:D020821	DOID:543
D012608	DOID:5434
MESH:D012608	DOID:5434
D016643	DOID:5435
MESH:D016643	DOID:5435
D000074009	DOID:5439
MESH:D000074009	DOID:5439
D018250	DOID:5442
MESH:D018250	DOID:5442
D000074009	DOID:5445
MESH:D000074009	DOID:5445
D011668	DOID:5453
MESH:D011668	DOID:5453
D015834	DOID:5463
MESH:D015834	DOID:5463
D003230	DOID:5467
MESH:D003230	DOID:5467
D062625	DOID:5477
MESH:D062625	DOID:5477
D062625	DOID:5482
MESH:D062625	DOID:5482
D013584	DOID:5485
MESH:D013584	DOID:5485
D010373	DOID:5502
MESH:D010373	DOID:5502
D004806	DOID:5505
MESH:D004806	DOID:5505
D000077195	DOID:5515
MESH:D000077195	DOID:5515
D011014	DOID:552
MESH:D011014	DOID:552
D000077195	DOID:5520
MESH:D000077195	DOID:5520
D005266	DOID:5546
MESH:D005266	DOID:5546
C563236	DOID:5557
MESH:C563236	DOID:5557
D008479	DOID:5559
MESH:D008479	DOID:5559
D013724	DOID:5563
MESH:D013724	DOID:5563
D007674	DOID:557
MESH:D007674	DOID:557
D001506	DOID:5572
MESH:D001506	DOID:5572
D003969	DOID:5574
MESH:D003969	DOID:5574
D015408	DOID:5577
MESH:D015408	DOID:5577
D018286	DOID:5583
MESH:D018286	DOID:5583
C536150	DOID:5585
MESH:C536150	DOID:5585
D054061	DOID:5587
MESH:D054061	DOID:5587
C535908	DOID:560
MESH:C535908	DOID:560
D015458	DOID:5603
MESH:D015458	DOID:5603
D003784	DOID:5608
MESH:D003784	DOID:5608
D013120	DOID:5612
MESH:D013120	DOID:5612
D013125	DOID:5612
MESH:D013125	DOID:5612
D005128	DOID:5614
MESH:D005128	DOID:5614
D014263	DOID:5644
MESH:D014263	DOID:5644
C562943	DOID:5648
MESH:C562943	DOID:5648
D003389	DOID:5656
MESH:D003389	DOID:5656
D000230	DOID:5675
MESH:D000230	DOID:5675
D012164	DOID:5679
MESH:D012164	DOID:5679
D061325	DOID:5683
MESH:D061325	DOID:5683
C535786	DOID:5684
MESH:C535786	DOID:5684
D014898	DOID:5688
MESH:D014898	DOID:5688
D008080	DOID:5690
MESH:D008080	DOID:5690
D001022	DOID:57
MESH:D001022	DOID:57
D008080	DOID:5702
MESH:D008080	DOID:5702
D009896	DOID:5723
MESH:D009896	DOID:5723
D009408	DOID:573
MESH:D009408	DOID:573
D012488	DOID:5733
MESH:D012488	DOID:5733
C535700	DOID:5758
MESH:C535700	DOID:5758
D012626	DOID:5759
MESH:D012626	DOID:5759
D011507	DOID:576
MESH:D011507	DOID:576
D047868	DOID:5766
MESH:D047868	DOID:5766
D009914	DOID:5773
MESH:D009914	DOID:5773
D021922	DOID:5804
MESH:D021922	DOID:5804
D001020	DOID:5805
MESH:D001020	DOID:5805
D016511	DOID:5812
MESH:D016511	DOID:5812
C562587	DOID:5813
MESH:C562587	DOID:5813
D006456	DOID:582
MESH:D006456	DOID:582
D058617	DOID:5820
MESH:D058617	DOID:5820
D000743	DOID:583
MESH:D000743	DOID:583
D018239	DOID:5842
MESH:D018239	DOID:5842
D009203	DOID:5844
MESH:D009203	DOID:5844
D056988	DOID:5845
MESH:D056988	DOID:5845
D056989	DOID:5850
MESH:D056989	DOID:5850
D056988	DOID:5855
MESH:D056988	DOID:5855
D000077207	DOID:5867
MESH:D000077207	DOID:5867
D011657	DOID:5870
MESH:D011657	DOID:5870
D012186	DOID:5875
MESH:D012186	DOID:5875
D000745	DOID:589
MESH:D000745	DOID:589
D010698	DOID:591
MESH:D010698	DOID:591
D000379	DOID:593
MESH:D000379	DOID:593
D016584	DOID:594
MESH:D016584	DOID:594
D018319	DOID:5940
MESH:D018319	DOID:5940
C536475	DOID:5958
MESH:C536475	DOID:5958
C562465	DOID:599
MESH:C562465	DOID:599
D005348	DOID:5998
MESH:D005348	DOID:5998
C000719220	DOID:600
MESH:C000719220	DOID:600
D006333	DOID:6000
MESH:D006333	DOID:6000
D000098943	DOID:6039
MESH:D000098943	DOID:6039
C000719189	DOID:605
MESH:C000719189	DOID:605
D004935	DOID:6050
MESH:D004935	DOID:6050
D018437	DOID:606
MESH:D018437	DOID:606
D010264	DOID:607
MESH:D010264	DOID:607
D008579	DOID:6114
MESH:D008579	DOID:6114
D007153	DOID:612
MESH:D007153	DOID:612
C563020	DOID:6126
MESH:C563020	DOID:6126
D018302	DOID:6128
MESH:D018302	DOID:6128
D001991	DOID:6132
MESH:D001991	DOID:6132
D029481	DOID:6132
MESH:D029481	DOID:6132
D008231	DOID:614
MESH:D008231	DOID:614
D007970	DOID:615
MESH:D007970	DOID:615
D012509	DOID:6193
MESH:D012509	DOID:6193
D003231	DOID:6195
MESH:D003231	DOID:6195
D016918	DOID:6196
MESH:D016918	DOID:6196
D000082862	DOID:62
MESH:D000082862	DOID:62
D001796	DOID:620
MESH:D001796	DOID:620
D000236	DOID:6203
MESH:D000236	DOID:6203
D000236	DOID:6204
MESH:D000236	DOID:6204
C537750	DOID:6245
MESH:C537750	DOID:6245
D049912	DOID:6255
MESH:D049912	DOID:6255
D000081208	DOID:626
MESH:D000081208	DOID:626
D054740	DOID:6262
MESH:D054740	DOID:6262
D058922	DOID:6263
MESH:D058922	DOID:6263
D016511	DOID:627
MESH:D016511	DOID:627
D030342	DOID:630
MESH:D030342	DOID:630
D005356	DOID:631
MESH:D005356	DOID:631
D009220	DOID:633
MESH:D009220	DOID:633
C000608854	DOID:6335
MESH:C000608854	DOID:6335
D000163	DOID:635
MESH:D000163	DOID:635
D017590	DOID:636
MESH:D017590	DOID:636
D008881	DOID:6364
MESH:D008881	DOID:6364
D006971	DOID:6376
MESH:D006971	DOID:6376
D004673	DOID:639
MESH:D004673	DOID:639
D004679	DOID:640
MESH:D004679	DOID:640
D004310	DOID:6406
MESH:D004310	DOID:6406
D013771	DOID:6419
MESH:D013771	DOID:6419
D011666	DOID:6420
MESH:D011666	DOID:6420
D007968	DOID:643
MESH:D007968	DOID:643
D006976	DOID:6432
MESH:D006976	DOID:6432
D000098943	DOID:6438
MESH:D000098943	DOID:6438
D006223	DOID:6457
MESH:D006223	DOID:6457
D004671	DOID:646
MESH:D004671	DOID:646
D007729	DOID:648
MESH:D007729	DOID:648
D017096	DOID:649
MESH:D017096	DOID:649
D017492	DOID:6498
MESH:D017492	DOID:6498
D003240	DOID:65
MESH:D003240	DOID:65
D000098943	DOID:6524
MESH:D000098943	DOID:6524
D010265	DOID:6536
MESH:D010265	DOID:6536
D044343	DOID:654
MESH:D044343	DOID:654
D000152	DOID:6543
MESH:D000152	DOID:6543
D008579	DOID:6548
MESH:D008579	DOID:6548
D008661	DOID:655
MESH:D008661	DOID:655
D000236	DOID:657
MESH:D000236	DOID:657
D020339	DOID:6576
MESH:D020339	DOID:6576
D000306	DOID:660
MESH:D000306	DOID:660
D018370	DOID:6612
MESH:D018370	DOID:6612
D053307	DOID:6620
MESH:D053307	DOID:6620
D004057	DOID:6652
MESH:D004057	DOID:6652
D007027	DOID:6676
MESH:D007027	DOID:6676
C536736	DOID:6678
MESH:C536736	DOID:6678
D009221	DOID:668
MESH:D009221	DOID:668
D002194	DOID:6680
MESH:D002194	DOID:6680
D013168	DOID:6682
MESH:D013168	DOID:6682
C535331	DOID:6683
MESH:C535331	DOID:6683
C536012	DOID:6686
MESH:C536012	DOID:6686
D056735	DOID:6688
MESH:D056735	DOID:6688
C535330	DOID:6691
MESH:C535330	DOID:6691
D055010	DOID:6692
MESH:D055010	DOID:6692
D020759	DOID:6712
MESH:D020759	DOID:6712
D002561	DOID:6713
MESH:D002561	DOID:6713
D013160	DOID:672
MESH:D013160	DOID:672
D013130	DOID:6725
MESH:D013130	DOID:6725
D001254	DOID:6726
MESH:D001254	DOID:6726
D002972	DOID:674
MESH:D002972	DOID:674
D013494	DOID:678
MESH:D013494	DOID:678
D001480	DOID:679
MESH:D001480	DOID:679
D024801	DOID:680
MESH:D024801	DOID:680
D010244	DOID:681
MESH:D010244	DOID:681
D001254	DOID:6811
MESH:D001254	DOID:6811
D003161	DOID:682
MESH:D003161	DOID:682
C537162	DOID:6823
MESH:C537162	DOID:6823
D009443	DOID:683
MESH:D009443	DOID:683
D006528	DOID:684
MESH:D006528	DOID:684
D008579	DOID:6869
MESH:D008579	DOID:6869
D018197	DOID:687
MESH:D018197	DOID:687
D009373	DOID:688
MESH:D009373	DOID:688
D020427	DOID:6925
MESH:D020427	DOID:6925
D010211	DOID:6929
MESH:D010211	DOID:6929
D003744	DOID:693
MESH:D003744	DOID:693
D003130	DOID:6950
MESH:D003130	DOID:6950
D003969	DOID:6977
MESH:D003969	DOID:6977
D003807	DOID:698
MESH:D003807	DOID:698
D017240	DOID:699
MESH:D017240	DOID:699
D000098943	DOID:6994
MESH:D000098943	DOID:6994
D028361	DOID:700
MESH:D028361	DOID:700
D049913	DOID:7004
MESH:D049913	DOID:7004
D001254	DOID:7005
MESH:D001254	DOID:7005
D001254	DOID:7007
MESH:D001254	DOID:7007
D001254	DOID:7008
MESH:D001254	DOID:7008
D003805	DOID:701
MESH:D003805	DOID:701
D017129	DOID:7033
MESH:D017129	DOID:7033
D029242	DOID:705
MESH:D029242	DOID:705
D016393	DOID:707
MESH:D016393	DOID:707
D054752	DOID:7146
MESH:D054752	DOID:7146
D013167	DOID:7147
MESH:D013167	DOID:7147
D001172	DOID:7148
MESH:D001172	DOID:7148
D013968	DOID:7165
MESH:D013968	DOID:7165
D013966	DOID:7166
MESH:D013966	DOID:7166
D000744	DOID:718
MESH:D000744	DOID:718
D013967	DOID:7188
MESH:D013967	DOID:7188
D008579	DOID:7210
MESH:D008579	DOID:7210
D008579	DOID:7211
MESH:D008579	DOID:7211
D008579	DOID:7212
MESH:D008579	DOID:7212
D008579	DOID:7213
MESH:D008579	DOID:7213
D011293	DOID:727
MESH:D011293	DOID:727
D005887	DOID:7280
MESH:D005887	DOID:7280
D014523	DOID:730
MESH:D014523	DOID:730
D018302	DOID:7305
MESH:D018302	DOID:7305
D014571	DOID:731
MESH:D014571	DOID:731
D014522	DOID:732
MESH:D014522	DOID:732
D014523	DOID:734
MESH:D014523	DOID:734
D000082242	DOID:7365
MESH:D000082242	DOID:7365
D000093284	DOID:7371
MESH:D000093284	DOID:7371
D018242	DOID:7398
MESH:D018242	DOID:7398
D006402	DOID:74
MESH:D006402	DOID:74
D049932	DOID:7400
MESH:D049932	DOID:7400
C531621	DOID:7426
MESH:C531621	DOID:7426
D000881	DOID:7427
MESH:D000881	DOID:7427
D010123	DOID:7457
MESH:D010123	DOID:7457
D018254	DOID:746
MESH:D018254	DOID:746
D000086002	DOID:7474
MESH:D000086002	DOID:7474
D004238	DOID:7475
MESH:D004238	DOID:7475
D055034	DOID:7489
MESH:D055034	DOID:7489
D008206	DOID:75
MESH:D008206	DOID:75
D010437	DOID:750
MESH:D010437	DOID:750
C536741	DOID:7514
MESH:C536741	DOID:7514
D010439	DOID:752
MESH:D010439	DOID:752
D006069	DOID:7551
MESH:D006069	DOID:7551
D020435	DOID:7558
MESH:D020435	DOID:7558
D057090	DOID:7566
MESH:D057090	DOID:7566
D012857	DOID:758
MESH:D012857	DOID:758
D013272	DOID:76
MESH:D013272	DOID:76
D010282	DOID:7608
MESH:D010282	DOID:7608
D012167	DOID:7633
MESH:D012167	DOID:7633
D009133	DOID:767
MESH:D009133	DOID:767
D012175	DOID:768
MESH:D012175	DOID:768
D009447	DOID:769
MESH:D009447	DOID:769
D017544	DOID:7693
MESH:D017544	DOID:7693
C536474	DOID:7694
MESH:C536474	DOID:7694
C536126	DOID:7698
MESH:C536126	DOID:7698
D004066	DOID:77
MESH:D004066	DOID:77
D004830	DOID:7725
MESH:D004830	DOID:7725
D064090	DOID:775
MESH:D064090	DOID:775
D012563	DOID:778
MESH:D012563	DOID:778
D010922	DOID:780
MESH:D010922	DOID:780
D011248	DOID:780
MESH:D011248	DOID:780
D007676	DOID:784
MESH:D007676	DOID:784
D054739	DOID:7848
MESH:D054739	DOID:7848
D007818	DOID:786
MESH:D007818	DOID:786
D018311	DOID:7880
MESH:D018311	DOID:7880
D008924	DOID:7894
MESH:D008924	DOID:7894
D015814	DOID:790
MESH:D015814	DOID:790
D009837	DOID:7912
MESH:D009837	DOID:7912
D014648	DOID:799
MESH:D014648	DOID:799
D013971	DOID:7997
MESH:D013971	DOID:7997
D006980	DOID:7998
MESH:D006980	DOID:7998
D010178	DOID:8007
MESH:D010178	DOID:8007
D006395	DOID:801
MESH:D006395	DOID:801
D008579	DOID:8057
MESH:D008579	DOID:8057
D019970	DOID:809
MESH:D019970	DOID:809
D008060	DOID:811
MESH:D008060	DOID:811
D055034	DOID:8125
MESH:D055034	DOID:8125
D001170	DOID:813
MESH:D001170	DOID:813
C537005	DOID:8158
MESH:C537005	DOID:8158
C536913	DOID:8161
MESH:C536913	DOID:8161
D008480	DOID:819
MESH:D008480	DOID:819
D009205	DOID:820
MESH:D009205	DOID:820
C536774	DOID:8200
MESH:C536774	DOID:8200
D010485	DOID:823
MESH:D010485	DOID:823
D010518	DOID:824
MESH:D010518	DOID:824
D012532	DOID:8295
MESH:D012532	DOID:8295
D004428	DOID:833
MESH:D004428	DOID:833
D001064	DOID:8337
MESH:D001064	DOID:8337
D014323	DOID:8399
MESH:D014323	DOID:8399
D010007	DOID:84
MESH:D010007	DOID:84
D010008	DOID:84
MESH:D010008	DOID:84
D000542	DOID:841
MESH:D000542	DOID:841
D011086	DOID:8432
MESH:D011086	DOID:8432
D007415	DOID:8437
MESH:D007415	DOID:8437
D000343	DOID:8438
MESH:D000343	DOID:8438
D011178	DOID:8439
MESH:D011178	DOID:8439
D045823	DOID:8440
MESH:D045823	DOID:8440
D007418	DOID:8442
MESH:D007418	DOID:8442
D045822	DOID:8445
MESH:D045822	DOID:8445
D007443	DOID:8446
MESH:D007443	DOID:8446
D003527	DOID:845
MESH:D003527	DOID:845
D012257	DOID:8454
MESH:D012257	DOID:8454
D026681	DOID:8455
MESH:D026681	DOID:8455
D002796	DOID:8456
MESH:D002796	DOID:8456
D010383	DOID:8457
MESH:D010383	DOID:8457
D058540	DOID:8461
MESH:D058540	DOID:8461
D003320	DOID:8463
MESH:D003320	DOID:8463
D041441	DOID:8465
MESH:D041441	DOID:8465
D012162	DOID:8466
MESH:D012162	DOID:8466
D007251	DOID:8469
MESH:D007251	DOID:8469
D012594	DOID:8472
MESH:D012594	DOID:8472
D008061	DOID:8476
MESH:D008061	DOID:8476
D000196	DOID:8478
MESH:D000196	DOID:8478
D001168	DOID:848
MESH:D001168	DOID:848
D015356	DOID:8483
MESH:D015356	DOID:8483
D009091	DOID:8485
MESH:D009091	DOID:8485
D006831	DOID:8488
MESH:D006831	DOID:8488
C537743	DOID:8498
MESH:C537743	DOID:8498
D009755	DOID:8499
MESH:D009755	DOID:8499
D008171	DOID:850
MESH:D008171	DOID:850
D058499	DOID:8501
MESH:D058499	DOID:8501
D007169	DOID:8504
MESH:D007169	DOID:8504
D003874	DOID:8505
MESH:D003874	DOID:8505
D010391	DOID:8506
MESH:D010391	DOID:8506
D012872	DOID:8508
MESH:D012872	DOID:8508
D011660	DOID:8515
MESH:D011660	DOID:8515
D011111	DOID:853
MESH:D011111	DOID:853
D007012	DOID:8533
MESH:D007012	DOID:8533
D005764	DOID:8534
MESH:D005764	DOID:8534
D006562	DOID:8536
MESH:D006562	DOID:8536
D008228	DOID:8538
MESH:D008228	DOID:8538
D003095	DOID:854
MESH:D003095	DOID:854
D012751	DOID:8541
MESH:D012751	DOID:8541
D006689	DOID:8543
MESH:D006689	DOID:8543
D015673	DOID:8544
MESH:D015673	DOID:8544
D008305	DOID:8545
MESH:D008305	DOID:8545
D015464	DOID:8552
MESH:D015464	DOID:8552
D017511	DOID:8553
MESH:D017511	DOID:8553
D028921	DOID:856
MESH:D028921	DOID:856
D008048	DOID:8564
MESH:D008048	DOID:8564
D006561	DOID:8566
MESH:D006561	DOID:8566
D006689	DOID:8567
MESH:D006689	DOID:8567
D007244	DOID:8568
MESH:D007244	DOID:8568
D009100	DOID:857
MESH:D009100	DOID:857
D017513	DOID:8573
MESH:D017513	DOID:8573
D003093	DOID:8577
MESH:D003093	DOID:8577
D002051	DOID:8584
MESH:D002051	DOID:8584
D028922	DOID:859
MESH:D028922	DOID:859
D007951	DOID:8593
MESH:D007951	DOID:8593
D012541	DOID:8596
MESH:D012541	DOID:8596
D010411	DOID:8616
MESH:D010411	DOID:8616
D006970	DOID:8619
MESH:D006970	DOID:8619
D008457	DOID:8622
MESH:D008457	DOID:8622
D006689	DOID:8628
MESH:D006689	DOID:8628
D009422	DOID:863
MESH:D009422	DOID:863
D012514	DOID:8632
MESH:D012514	DOID:8632
D010689	DOID:864
MESH:D010689	DOID:864
D006689	DOID:8642
MESH:D006689	DOID:8642
D004382	DOID:8643
MESH:D004382	DOID:8643
D003693	DOID:8645
MESH:D003693	DOID:8645
D014062	DOID:8649
MESH:D014062	DOID:8649
D014657	DOID:865
MESH:D014657	DOID:865
D006689	DOID:8654
MESH:D006689	DOID:8654
D002644	DOID:8659
MESH:D002644	DOID:8659
D001068	DOID:8670
MESH:D001068	DOID:8670
D020345	DOID:8677
MESH:D020345	DOID:8677
D020364	DOID:8681
MESH:D020364	DOID:8681
D023981	DOID:8683
MESH:D023981	DOID:8683
D000856	DOID:8689
MESH:D000856	DOID:8689
D002781	DOID:869
MESH:D002781	DOID:869
D009182	DOID:8691
MESH:D009182	DOID:8691
D007951	DOID:8692
MESH:D007951	DOID:8692
D006558	DOID:8704
MESH:D006558	DOID:8704
D017253	DOID:8712
MESH:D017253	DOID:8712
D003668	DOID:8717
MESH:D003668	DOID:8717
D002278	DOID:8719
MESH:D002278	DOID:8719
D015140	DOID:8725
MESH:D015140	DOID:8725
D015161	DOID:8725
MESH:D015161	DOID:8725
D011213	DOID:8729
MESH:D011213	DOID:8729
D012899	DOID:8736
MESH:D012899	DOID:8736
D052798	DOID:8738
MESH:D052798	DOID:8738
D018410	DOID:874
MESH:D018410	DOID:874
D012628	DOID:8741
MESH:D012628	DOID:8741
D016731	DOID:8743
MESH:D016731	DOID:8743
D005758	DOID:8757
MESH:D005758	DOID:8757
D052880	DOID:876
MESH:D052880	DOID:876
D007947	DOID:8761
MESH:D007947	DOID:8761
D004474	DOID:8771
MESH:D004474	DOID:8771
D003424	DOID:8778
MESH:D003424	DOID:8778
D012409	DOID:8781
MESH:D012409	DOID:8781
D000071960	DOID:8791
MESH:D000071960	DOID:8791
D000789	DOID:8805
MESH:D000789	DOID:8805
D006373	DOID:883
MESH:D006373	DOID:883
D014201	DOID:884
MESH:D014201	DOID:884
D005211	DOID:885
MESH:D005211	DOID:885
D014067	DOID:8858
MESH:D014067	DOID:8858
D011662	DOID:8861
MESH:D011662	DOID:8861
D007948	DOID:8864
MESH:D007948	DOID:8864
D055623	DOID:8866
MESH:D055623	DOID:8866
D008976	DOID:8867
MESH:D008976	DOID:8867
D009471	DOID:8869
MESH:D009471	DOID:8869
D014201	DOID:888
MESH:D014201	DOID:888
D012393	DOID:8881
MESH:D012393	DOID:8881
D002825	DOID:8886
MESH:D002825	DOID:8886
D017515	DOID:8892
MESH:D017515	DOID:8892
D011565	DOID:8893
MESH:D011565	DOID:8893
D017237	DOID:890
MESH:D017237	DOID:890
D020191	DOID:891
MESH:D020191	DOID:891
C000656904	DOID:8912
MESH:C000656904	DOID:8912
D000096142	DOID:8923
MESH:D000096142	DOID:8923
D016553	DOID:8924
MESH:D016553	DOID:8924
D007859	DOID:8927
MESH:D007859	DOID:8927
D005757	DOID:8929
MESH:D005757	DOID:8929
D006527	DOID:893
MESH:D006527	DOID:893
C536380	DOID:8931
MESH:C536380	DOID:8931
D000071380	DOID:8936
MESH:D000071380	DOID:8936
D063807	DOID:8941
MESH:D063807	DOID:8941
C537935	DOID:8943
MESH:C537935	DOID:8943
D003930	DOID:8947
MESH:D003930	DOID:8947
D000756	DOID:8955
MESH:D000756	DOID:8955
D015605	DOID:8956
MESH:D015605	DOID:8956
D008664	DOID:896
MESH:D008664	DOID:896
D013344	DOID:8970
MESH:D013344	DOID:8970
D007690	DOID:898
MESH:D007690	DOID:898
D009290	DOID:8986
MESH:D009290	DOID:8986
D015529	DOID:899
MESH:D015529	DOID:899
D002578	DOID:8991
MESH:D002578	DOID:8991
D011087	DOID:8997
MESH:D011087	DOID:8997
D020065	DOID:900
MESH:D020065	DOID:900
D013398	DOID:9007
MESH:D013398	DOID:9007
D015535	DOID:9008
MESH:D015535	DOID:9008
D010307	DOID:9036
MESH:D010307	DOID:9036
D015211	DOID:905
MESH:D015211	DOID:905
D018901	DOID:906
MESH:D018901	DOID:906
D014010	DOID:9060
MESH:D014010	DOID:9060
D013206	DOID:9063
MESH:D013206	DOID:9063
D007896	DOID:9065
MESH:D007896	DOID:9065
D006103	DOID:9072
MESH:D006103	DOID:9072
D008180	DOID:9074
MESH:D008180	DOID:9074
D010267	DOID:9088
MESH:D010267	DOID:9088
D020187	DOID:9091
MESH:D020187	DOID:9091
D016773	DOID:9111
MESH:D016773	DOID:9111
D006100	DOID:9113
MESH:D006100	DOID:9113
D015470	DOID:9119
MESH:D015470	DOID:9119
D000686	DOID:9120
MESH:D000686	DOID:9120
D007617	DOID:9123
MESH:D007617	DOID:9123
D020966	DOID:913
MESH:D020966	DOID:913
D010382	DOID:914
MESH:D010382	DOID:914
D007898	DOID:9146
MESH:D007898	DOID:9146
D012899	DOID:9153
MESH:D012899	DOID:9153
D007897	DOID:9155
MESH:D007897	DOID:9155
D005738	DOID:9159
MESH:D005738	DOID:9159
D004931	DOID:9164
MESH:D004931	DOID:9164
D014923	DOID:9169
MESH:D014923	DOID:9169
D000562	DOID:9181
MESH:D000562	DOID:9181
D010392	DOID:9182
MESH:D010392	DOID:9182
D015154	DOID:9192
MESH:D015154	DOID:9192
D013064	DOID:92
MESH:D013064	DOID:92
D008010	DOID:9201
MESH:D008010	DOID:9201
D001471	DOID:9206
MESH:D001471	DOID:9206
D020189	DOID:9207
MESH:D020189	DOID:9207
D016697	DOID:9210
MESH:D016697	DOID:9210
D010916	DOID:9212
MESH:D010916	DOID:9212
D020182	DOID:9220
MESH:D020182	DOID:9220
D011146	DOID:9230
MESH:D011146	DOID:9230
D004916	DOID:9240
MESH:D004916	DOID:9240
D016738	DOID:9245
MESH:D016738	DOID:9245
D028243	DOID:9246
MESH:D028243	DOID:9246
D054975	DOID:9248
MESH:D054975	DOID:9248
C537599	DOID:9249
MESH:C537599	DOID:9249
D055673	DOID:9250
MESH:D055673	DOID:9250
D000592	DOID:9252
MESH:D000592	DOID:9252
D046152	DOID:9253
MESH:D046152	DOID:9253
D007946	DOID:9254
MESH:D007946	DOID:9254
C563003	DOID:9255
MESH:C563003	DOID:9255
D015179	DOID:9256
MESH:D015179	DOID:9256
D014849	DOID:9258
MESH:D014849	DOID:9258
D009303	DOID:9261
MESH:D009303	DOID:9261
D006712	DOID:9263
MESH:D006712	DOID:9263
D003555	DOID:9266
MESH:D003555	DOID:9266
D056806	DOID:9267
MESH:D056806	DOID:9267
D020158	DOID:9268
MESH:D020158	DOID:9268
D008375	DOID:9269
MESH:D008375	DOID:9269
D000474	DOID:9270
MESH:D000474	DOID:9270
D020163	DOID:9271
MESH:D020163	DOID:9271
D020159	DOID:9273
MESH:D020159	DOID:9273
D020167	DOID:9274
MESH:D020167	DOID:9274
D013132	DOID:9277
MESH:D013132	DOID:9277
D020162	DOID:9278
MESH:D020162	DOID:9278
D020138	DOID:9279
MESH:D020138	DOID:9279
D020165	DOID:9280
MESH:D020165	DOID:9280
D010661	DOID:9281
MESH:D010661	DOID:9281
D017042	DOID:9281
MESH:D017042	DOID:9281
D009798	DOID:9282
MESH:D009798	DOID:9282
D011317	DOID:9286
MESH:D011317	DOID:9286
D002971	DOID:9296
MESH:D002971	DOID:9296
D008047	DOID:9297
MESH:D008047	DOID:9297
D007806	DOID:93
MESH:D007806	DOID:93
D009916	DOID:930
MESH:D009916	DOID:930
D014400	DOID:9305
MESH:D014400	DOID:9305
D013285	DOID:9306
MESH:D013285	DOID:9306
D012005	DOID:9307
MESH:D012005	DOID:9307
D008989	DOID:931
MESH:D008989	DOID:931
D008205	DOID:9317
MESH:D008205	DOID:9317
D001102	DOID:934
MESH:D001102	DOID:934
D014777	DOID:934
MESH:D014777	DOID:934
D003920	DOID:9351
MESH:D003920	DOID:9351
D003924	DOID:9352
MESH:D003924	DOID:9352
D001927	DOID:936
MESH:D001927	DOID:936
D013224	DOID:9362
MESH:D013224	DOID:9362
D007637	DOID:9368
MESH:D007637	DOID:9368
D016727	DOID:9369
MESH:D016727	DOID:9369
D014136	DOID:9392
MESH:D014136	DOID:9392
D003440	DOID:9395
MESH:D003440	DOID:9395
D004826	DOID:9398
MESH:D004826	DOID:9398
D004823	DOID:9402
MESH:D004823	DOID:9402
D007018	DOID:9406
MESH:D007018	DOID:9406
D003919	DOID:9409
MESH:D003919	DOID:9409
C580003	DOID:9410
MESH:C580003	DOID:9410
D001762	DOID:9423
MESH:D001762	DOID:9423
D020343	DOID:9427
MESH:D020343	DOID:9427
D019586	DOID:9428
MESH:D019586	DOID:9428
D002761	DOID:9446
MESH:D002761	DOID:9446
D005234	DOID:9452
MESH:D005234	DOID:9452
D005235	DOID:9452
MESH:D005235	DOID:9452
D008064	DOID:9455
MESH:D008064	DOID:9455
D004030	DOID:946
MESH:D004030	DOID:946
D009261	DOID:9467
MESH:D009261	DOID:9467
D016920	DOID:9470
MESH:D016920	DOID:9470
D008581	DOID:9471
MESH:D008581	DOID:9471
D007018	DOID:9476
MESH:D007018	DOID:9476
D011655	DOID:9477
MESH:D011655	DOID:9477
D019052	DOID:9478
MESH:D019052	DOID:9478
D008467	DOID:9487
MESH:D008467	DOID:9487
D011657	DOID:9498
MESH:D011657	DOID:9498
D003607	DOID:950
MESH:D003607	DOID:950
D007960	DOID:9500
MESH:D007960	DOID:9500
D011657	DOID:9503
MESH:D011657	DOID:9503
D002189	DOID:9505
MESH:D002189	DOID:9505
D015521	DOID:9507
MESH:D015521	DOID:9507
D007952	DOID:9513
MESH:D007952	DOID:9513
D046150	DOID:9521
MESH:D046150	DOID:9521
D013592	DOID:9531
MESH:D013592	DOID:9531
D007835	DOID:9537
MESH:D007835	DOID:9537
D009101	DOID:9538
MESH:D009101	DOID:9538
D017445	DOID:9540
MESH:D017445	DOID:9540
D000307	DOID:9553
MESH:D000307	DOID:9553
D009302	DOID:9561
MESH:D009302	DOID:9561
D002925	DOID:9562
MESH:D002925	DOID:9562
D001987	DOID:9563
MESH:D001987	DOID:9563
D003914	DOID:9565
MESH:D003914	DOID:9565
C562435	DOID:9574
MESH:C562435	DOID:9574
D002754	DOID:9574
MESH:D002754	DOID:9574
D004685	DOID:9584
MESH:D004685	DOID:9584
D004660	DOID:9588
MESH:D004660	DOID:9588
D007725	DOID:9597
MESH:D007725	DOID:9597
D005208	DOID:9598
MESH:D005208	DOID:9598
D013202	DOID:96
MESH:D013202	DOID:96
D036981	DOID:9600
MESH:D036981	DOID:9600
D019115	DOID:9602
MESH:D019115	DOID:9602
D009455	DOID:962
MESH:D009455	DOID:962
D014718	DOID:9620
MESH:D014718	DOID:9620
C580065	DOID:963
MESH:C580065	DOID:963
D010381	DOID:9631
MESH:D010381	DOID:9631
D013280	DOID:9637
MESH:D013280	DOID:9637
D012523	DOID:9640
MESH:D012523	DOID:9640
D001404	DOID:9643
MESH:D001404	DOID:9643
D020417	DOID:9649
MESH:D020417	DOID:9649
D009759	DOID:9650
MESH:D009759	DOID:9650
D054143	DOID:9651
MESH:D054143	DOID:9651
D013281	DOID:9663
MESH:D013281	DOID:9663
D000033	DOID:9667
MESH:D000033	DOID:9667
D009625	DOID:9672
MESH:D009625	DOID:9672
D005892	DOID:9673
MESH:D005892	DOID:9673
D002581	DOID:9681
MESH:D002581	DOID:9681
D015004	DOID:9682
MESH:D015004	DOID:9682
D013717	DOID:970
MESH:D013717	DOID:970
D003234	DOID:9700
MESH:D003234	DOID:9700
D052256	DOID:971
MESH:D052256	DOID:971
D018630	DOID:9719
MESH:D018630	DOID:9719
D020255	DOID:9726
MESH:D020255	DOID:9726
D014398	DOID:9733
MESH:D014398	DOID:9733
D017562	DOID:9740
MESH:D017562	DOID:9740
D001660	DOID:9741
MESH:D001660	DOID:9741
D003929	DOID:9743
MESH:D003929	DOID:9743
D003922	DOID:9744
MESH:D003922	DOID:9744
D006484	DOID:9746
MESH:D006484	DOID:9746
D041882	DOID:9765
MESH:D041882	DOID:9765
C536762	DOID:9766
MESH:C536762	DOID:9766
D017682	DOID:9767
MESH:D017682	DOID:9767
D006322	DOID:9768
MESH:D006322	DOID:9768
D054144	DOID:9775
MESH:D054144	DOID:9775
D043183	DOID:9778
MESH:D043183	DOID:9778
D014235	DOID:9784
MESH:D014235	DOID:9784
D011052	DOID:9786
MESH:D011052	DOID:9786
D007816	DOID:9790
MESH:D007816	DOID:9790
C535358	DOID:980
MESH:C535358	DOID:980
D014395	DOID:9801
MESH:D014395	DOID:9801
D019867	DOID:9808
MESH:D019867	DOID:9808
D018366	DOID:9809
MESH:D018366	DOID:9809
D010488	DOID:9810
MESH:D010488	DOID:9810
D015794	DOID:9821
MESH:D015794	DOID:9821
C562408	DOID:9827
MESH:C562408	DOID:9827
D009357	DOID:9828
MESH:D009357	DOID:9828
D006956	DOID:9834
MESH:D006956	DOID:9834
D012030	DOID:9835
MESH:D012030	DOID:9835
D013285	DOID:9837
MESH:D013285	DOID:9837
C000721272	DOID:9838
MESH:C000721272	DOID:9838
D004948	DOID:9840
MESH:D004948	DOID:9840
D018159	DOID:9848
MESH:D018159	DOID:9848
D008575	DOID:9849
MESH:D008575	DOID:9849
D020820	DOID:9854
MESH:D020820	DOID:9854
D013590	DOID:9856
MESH:D013590	DOID:9856
D000506	DOID:986
MESH:D000506	DOID:986
D014391	DOID:9861
MESH:D014391	DOID:9861
D005633	DOID:9869
MESH:D005633	DOID:9869
D000505	DOID:987
MESH:D000505	DOID:987
D005693	DOID:9870
MESH:D005693	DOID:9870
D008945	DOID:988
MESH:D008945	DOID:988
D009136	DOID:9884
MESH:D009136	DOID:9884
D000074742	DOID:9892
MESH:D000074742	DOID:9892
D010520	DOID:9893
MESH:D010520	DOID:9893
C535758	DOID:990
MESH:C535758	DOID:990
D017043	DOID:9903
MESH:D017043	DOID:9903
D000507	DOID:9905
MESH:D000507	DOID:9905
D006726	DOID:9909
MESH:D006726	DOID:9909
D006481	DOID:992
MESH:D006481	DOID:992
D019957	DOID:9923
MESH:D019957	DOID:9923
D014884	DOID:9931
MESH:D014884	DOID:9931
D003607	DOID:9938
MESH:D003607	DOID:9938
D015456	DOID:9953
MESH:D015456	DOID:9953
D018636	DOID:9955
MESH:D018636	DOID:9955
D010522	DOID:9957
MESH:D010522	DOID:9957
D006409	DOID:9958
MESH:D006409	DOID:9958
D014123	DOID:9965
MESH:D014123	DOID:9965
D009765	DOID:9970
MESH:D009765	DOID:9970
D006986	DOID:9972
MESH:D006986	DOID:9972
D019970	DOID:9975
MESH:D019970	DOID:9975
D006556	DOID:9976
MESH:D006556	DOID:9976
D016603	DOID:998
MESH:D016603	DOID:998
C537131	DOID:9986
MESH:C537131	DOID:9986
D009494	DOID:9988
MESH:D009494	DOID:9988
D004802	DOID:999
MESH:D004802	DOID:999
D007003	DOID:9993
MESH:D007003	DOID:9993
D000099088	DOID:9997
MESH:D000099088	DOID:9997
