source_id	target_id
MONDO:0000001	DOID:4
MONDO_0000001	DOID:4
MONDO:0000004	DOID:10493
MONDO_0000004	DOID:10493
MONDO:0000009	DOID:2218
MONDO_0000009	DOID:2218
MONDO:0000023	DOID:0080716
MONDO_0000023	DOID:0080716
MONDO:0000030	DOID:0060681
MONDO_0000030	DOID:0060681
MONDO:0000032	DOID:0111297
MONDO_0000032	DOID:0111297
MONDO:0000050	DOID:0060870
MONDO_0000050	DOID:0060870
MONDO:0000062	DOID:0080637
MONDO_0000062	DOID:0080637
MONDO:0000079	DOID:0080655
MONDO_0000079	DOID:0080655
MONDO:0000087	DOID:0080918
MONDO_0000087	DOID:0080918
MONDO:0000127	DOID:0111724
MONDO_0000127	DOID:0111724
MONDO:0000133	DOID:0090007
MONDO_0000133	DOID:0090007
MONDO:0000136	DOID:0080753
MONDO_0000136	DOID:0080753
MONDO:0000141	DOID:0080688
MONDO_0000141	DOID:0080688
MONDO:0000158	DOID:0060930
MONDO_0000158	DOID:0060930
MONDO:0000160	DOID:0111689
MONDO_0000160	DOID:0111689
MONDO:0000171	DOID:0050560
MONDO_0000171	DOID:0050560
MONDO:0000172	DOID:0112375
MONDO_0000172	DOID:0112375
MONDO:0000188	DOID:0070560
MONDO_0000188	DOID:0070560
MONDO:0000193	DOID:0090139
MONDO_0000193	DOID:0090139
MONDO:0000213	DOID:0061159
MONDO_0000213	DOID:0061159
MONDO:0000214	DOID:0080535
MONDO_0000214	DOID:0080535
MONDO:0000222	DOID:0050004
MONDO_0000222	DOID:0050004
MONDO:0000224	DOID:0050013
MONDO_0000224	DOID:0050013
MONDO:0000225	DOID:0050026
MONDO_0000225	DOID:0050026
MONDO:0000227	DOID:0050035
MONDO_0000227	DOID:0050035
MONDO:0000229	DOID:0050042
MONDO_0000229	DOID:0050042
MONDO:0000230	DOID:0050043
MONDO_0000230	DOID:0050043
MONDO:0000231	DOID:0050046
MONDO_0000231	DOID:0050046
MONDO:0000232	DOID:0050047
MONDO_0000232	DOID:0050047
MONDO:0000233	DOID:0050050
MONDO_0000233	DOID:0050050
MONDO:0000234	DOID:0050051
MONDO_0000234	DOID:0050051
MONDO:0000236	DOID:0050059
MONDO_0000236	DOID:0050059
MONDO:0000239	DOID:0050072
MONDO_0000239	DOID:0050072
MONDO:0000240	DOID:0050073
MONDO_0000240	DOID:0050073
MONDO:0000241	DOID:0050083
MONDO_0000241	DOID:0050083
MONDO:0000242	DOID:0050096
MONDO_0000242	DOID:0050096
MONDO:0000243	DOID:0050097
MONDO_0000243	DOID:0050097
MONDO:0000244	DOID:0050105
MONDO_0000244	DOID:0050105
MONDO:0000245	DOID:0050116
MONDO_0000245	DOID:0050116
MONDO:0000248	DOID:0050125
MONDO_0000248	DOID:0050125
MONDO:0000249	DOID:0050129
MONDO_0000249	DOID:0050129
MONDO:0000250	DOID:0050130
MONDO_0000250	DOID:0050130
MONDO:0000252	DOID:0050132
MONDO_0000252	DOID:0050132
MONDO:0000254	DOID:0050134
MONDO_0000254	DOID:0050134
MONDO:0000255	DOID:0050135
MONDO_0000255	DOID:0050135
MONDO:0000256	DOID:0050136
MONDO_0000256	DOID:0050136
MONDO:0000257	DOID:0050140
MONDO_0000257	DOID:0050140
MONDO:0000259	DOID:0050143
MONDO_0000259	DOID:0050143
MONDO:0000261	DOID:0050145
MONDO_0000261	DOID:0050145
MONDO:0000262	DOID:0050147
MONDO_0000262	DOID:0050147
MONDO:0000263	DOID:0050148
MONDO_0000263	DOID:0050148
MONDO:0000265	DOID:0050152
MONDO_0000265	DOID:0050152
MONDO:0000266	DOID:0050153
MONDO_0000266	DOID:0050153
MONDO:0000270	DOID:0050161
MONDO_0000270	DOID:0050161
MONDO:0000271	DOID:0050166
MONDO_0000271	DOID:0050166
MONDO:0000273	DOID:0050174
MONDO_0000273	DOID:0050174
MONDO:0000276	DOID:0050179
MONDO_0000276	DOID:0050179
MONDO:0000282	DOID:0050199
MONDO_0000282	DOID:0050199
MONDO:0000283	DOID:0050200
MONDO_0000283	DOID:0050200
MONDO:0000284	DOID:0050201
MONDO_0000284	DOID:0050201
MONDO:0000286	DOID:0050204
MONDO_0000286	DOID:0050204
MONDO:0000288	DOID:0050218
MONDO_0000288	DOID:0050218
MONDO:0000290	DOID:0050242
MONDO_0000290	DOID:0050242
MONDO:0000291	DOID:0050246
MONDO_0000291	DOID:0050246
MONDO:0000292	DOID:0050250
MONDO_0000292	DOID:0050250
MONDO:0000293	DOID:0050251
MONDO_0000293	DOID:0050251
MONDO:0000294	DOID:0050253
MONDO_0000294	DOID:0050253
MONDO:0000295	DOID:0050254
MONDO_0000295	DOID:0050254
MONDO:0000297	DOID:0050259
MONDO_0000297	DOID:0050259
MONDO:0000298	DOID:0050260
MONDO_0000298	DOID:0050260
MONDO:0000299	DOID:0050261
MONDO_0000299	DOID:0050261
MONDO:0000301	DOID:0050268
MONDO_0000301	DOID:0050268
MONDO:0000302	DOID:0050278
MONDO_0000302	DOID:0050278
MONDO:0000303	DOID:0050279
MONDO_0000303	DOID:0050279
MONDO:0000304	DOID:0050288
MONDO_0000304	DOID:0050288
MONDO:0000306	DOID:0050290
MONDO_0000306	DOID:0050290
MONDO:0000307	DOID:0050291
MONDO_0000307	DOID:0050291
MONDO:0000308	DOID:0050292
MONDO_0000308	DOID:0050292
MONDO:0000309	DOID:0050304
MONDO_0000309	DOID:0050304
MONDO:0000310	DOID:0050308
MONDO_0000310	DOID:0050308
MONDO:0000313	DOID:0050336
MONDO_0000313	DOID:0050336
MONDO:0000314	DOID:0050338
MONDO_0000314	DOID:0050338
MONDO:0000315	DOID:0050339
MONDO_0000315	DOID:0050339
MONDO:0000316	DOID:0050340
MONDO_0000316	DOID:0050340
MONDO:0000320	DOID:0050382
MONDO_0000320	DOID:0050382
MONDO:0000321	DOID:0050383
MONDO_0000321	DOID:0050383
MONDO:0000327	DOID:0050456
MONDO_0000327	DOID:0050456
MONDO:0000328	DOID:0050459
MONDO_0000328	DOID:0050459
MONDO:0000330	DOID:0050481
MONDO_0000330	DOID:0050481
MONDO:0000331	DOID:0050484
MONDO_0000331	DOID:0050484
MONDO:0000332	DOID:0050485
MONDO_0000332	DOID:0050485
MONDO:0000333	DOID:0050488
MONDO_0000333	DOID:0050488
MONDO:0000334	DOID:0050489
MONDO_0000334	DOID:0050489
MONDO:0000335	DOID:0050490
MONDO_0000335	DOID:0050490
MONDO:0000336	DOID:0050491
MONDO_0000336	DOID:0050491
MONDO:0000337	DOID:0050495
MONDO_0000337	DOID:0050495
MONDO:0000338	DOID:0050508
MONDO_0000338	DOID:0050508
MONDO:0000339	DOID:0050513
MONDO_0000339	DOID:0050513
MONDO:0000340	DOID:0050514
MONDO_0000340	DOID:0050514
MONDO:0000341	DOID:0050515
MONDO_0000341	DOID:0050515
MONDO:0000342	DOID:0050516
MONDO_0000342	DOID:0050516
MONDO:0000343	DOID:0050517
MONDO_0000343	DOID:0050517
MONDO:0000344	DOID:0050518
MONDO_0000344	DOID:0050518
MONDO:0000345	DOID:0050521
MONDO_0000345	DOID:0050521
MONDO:0000346	DOID:0050522
MONDO_0000346	DOID:0050522
MONDO:0000351	DOID:0050544
MONDO_0000351	DOID:0050544
MONDO:0000355	DOID:0050558
MONDO_0000355	DOID:0050558
MONDO:0000358	DOID:0050567
MONDO_0000358	DOID:0050567
MONDO:0000359	DOID:0050568
MONDO_0000359	DOID:0050568
MONDO:0000363	DOID:0050584
MONDO_0000363	DOID:0050584
MONDO:0000365	DOID:0050593
MONDO_0000365	DOID:0050593
MONDO:0000367	DOID:0050596
MONDO_0000367	DOID:0050596
MONDO:0000368	DOID:0050598
MONDO_0000368	DOID:0050598
MONDO:0000369	DOID:0050599
MONDO_0000369	DOID:0050599
MONDO:0000371	DOID:0050610
MONDO_0000371	DOID:0050610
MONDO:0000372	DOID:0050611
MONDO_0000372	DOID:0050611
MONDO:0000373	DOID:0050612
MONDO_0000373	DOID:0050612
MONDO:0000374	DOID:0050613
MONDO_0000374	DOID:0050613
MONDO:0000375	DOID:0050614
MONDO_0000375	DOID:0050614
MONDO:0000376	DOID:0050615
MONDO_0000376	DOID:0050615
MONDO:0000377	DOID:0050616
MONDO_0000377	DOID:0050616
MONDO:0000378	DOID:0050617
MONDO_0000378	DOID:0050617
MONDO:0000379	DOID:0050618
MONDO_0000379	DOID:0050618
MONDO:0000380	DOID:0050619
MONDO_0000380	DOID:0050619
MONDO:0000381	DOID:0050620
MONDO_0000381	DOID:0050620
MONDO:0000382	DOID:0050621
MONDO_0000382	DOID:0050621
MONDO:0000383	DOID:0050622
MONDO_0000383	DOID:0050622
MONDO:0000384	DOID:0050623
MONDO_0000384	DOID:0050623
MONDO:0000385	DOID:0050624
MONDO_0000385	DOID:0050624
MONDO:0000386	DOID:0050626
MONDO_0000386	DOID:0050626
MONDO:0000387	DOID:0050642
MONDO_0000387	DOID:0050642
MONDO:0000389	DOID:0050648
MONDO_0000389	DOID:0050648
MONDO:0000390	DOID:0050661
MONDO_0000390	DOID:0050661
MONDO:0000393	DOID:0050666
MONDO_0000393	DOID:0050666
MONDO:0000395	DOID:0050668
MONDO_0000395	DOID:0050668
MONDO:0000396	DOID:0050669
MONDO_0000396	DOID:0050669
MONDO:0000397	DOID:0050670
MONDO_0000397	DOID:0050670
MONDO:0000400	DOID:0050673
MONDO_0000400	DOID:0050673
MONDO:0000402	DOID:0050685
MONDO_0000402	DOID:0050685
MONDO:0000405	DOID:0050688
MONDO_0000405	DOID:0050688
MONDO:0000407	DOID:0050695
MONDO_0000407	DOID:0050695
MONDO:0000408	DOID:0050696
MONDO_0000408	DOID:0050696
MONDO:0000409	DOID:0050697
MONDO_0000409	DOID:0050697
MONDO:0000410	DOID:0050698
MONDO_0000410	DOID:0050698
MONDO:0000415	DOID:0050705
MONDO_0000415	DOID:0050705
MONDO:0000421	DOID:0050721
MONDO_0000421	DOID:0050721
MONDO:0000425	DOID:0050735
MONDO_0000425	DOID:0050735
MONDO:0000426	DOID:0050736
MONDO_0000426	DOID:0050736
MONDO:0000428	DOID:0050738
MONDO_0000428	DOID:0050738
MONDO:0000429	DOID:0050739
MONDO_0000429	DOID:0050739
MONDO:0000430	DOID:0050743
MONDO_0000430	DOID:0050743
MONDO:0000430	DOID:0050749
MONDO_0000430	DOID:0050749
MONDO:0000432	DOID:0050747
MONDO_0000432	DOID:0050747
MONDO:0000437	DOID:0050753
MONDO_0000437	DOID:0050753
MONDO:0000440	DOID:0050758
MONDO_0000440	DOID:0050758
MONDO:0000446	DOID:0050767
MONDO_0000446	DOID:0050767
MONDO:0000447	DOID:0050770
MONDO_0000447	DOID:0050770
MONDO:0000448	DOID:0050773
MONDO_0000448	DOID:0050773
MONDO:0000450	DOID:0050783
MONDO_0000450	DOID:0050783
MONDO:0000451	DOID:0050784
MONDO_0000451	DOID:0050784
MONDO:0000452	DOID:0050785
MONDO_0000452	DOID:0050785
MONDO:0000453	DOID:0050793
MONDO_0000453	DOID:0050793
MONDO:0000455	DOID:0050795
MONDO_0000455	DOID:0050795
MONDO:0000456	DOID:0050798
MONDO_0000456	DOID:0050798
MONDO:0000457	DOID:0050803
MONDO_0000457	DOID:0050803
MONDO:0000458	DOID:0050804
MONDO_0000458	DOID:0050804
MONDO:0000459	DOID:0050805
MONDO_0000459	DOID:0050805
MONDO:0000460	DOID:0050806
MONDO_0000460	DOID:0050806
MONDO:0000461	DOID:0050810
MONDO_0000461	DOID:0050810
MONDO:0000462	DOID:0050815
MONDO_0000462	DOID:0050815
MONDO:0000463	DOID:0050816
MONDO_0000463	DOID:0050816
MONDO:0000465	DOID:0050820
MONDO_0000465	DOID:0050820
MONDO:0000466	DOID:0050821
MONDO_0000466	DOID:0050821
MONDO:0000467	DOID:0050822
MONDO_0000467	DOID:0050822
MONDO:0000468	DOID:0050823
MONDO_0000468	DOID:0050823
MONDO:0000469	DOID:0050824
MONDO_0000469	DOID:0050824
MONDO:0000470	DOID:0050825
MONDO_0000470	DOID:0050825
MONDO:0000471	DOID:0050826
MONDO_0000471	DOID:0050826
MONDO:0000473	DOID:0050828
MONDO_0000473	DOID:0050828
MONDO:0000474	DOID:0050829
MONDO_0000474	DOID:0050829
MONDO:0000476	DOID:0050835
MONDO_0000476	DOID:0050835
MONDO:0000477	DOID:0050836
MONDO_0000477	DOID:0050836
MONDO:0000478	DOID:0050837
MONDO_0000478	DOID:0050837
MONDO:0000479	DOID:0050838
MONDO_0000479	DOID:0050838
MONDO:0000480	DOID:0050839
MONDO_0000480	DOID:0050839
MONDO:0000481	DOID:0050840
MONDO_0000481	DOID:0050840
MONDO:0000482	DOID:0050841
MONDO_0000482	DOID:0050841
MONDO:0000483	DOID:0050842
MONDO_0000483	DOID:0050842
MONDO:0000485	DOID:0050844
MONDO_0000485	DOID:0050844
MONDO:0000486	DOID:0050845
MONDO_0000486	DOID:0050845
MONDO:0000487	DOID:0050846
MONDO_0000487	DOID:0050846
MONDO:0000488	DOID:0050849
MONDO_0000488	DOID:0050849
MONDO:0000489	DOID:0050850
MONDO_0000489	DOID:0050850
MONDO:0000490	DOID:0050851
MONDO_0000490	DOID:0050851
MONDO:0000491	DOID:0050852
MONDO_0000491	DOID:0050852
MONDO:0000492	DOID:0050853
MONDO_0000492	DOID:0050853
MONDO:0000494	DOID:0050855
MONDO_0000494	DOID:0050855
MONDO:0000495	DOID:0050856
MONDO_0000495	DOID:0050856
MONDO:0000496	DOID:0050859
MONDO_0000496	DOID:0050859
MONDO:0000497	DOID:0050862
MONDO_0000497	DOID:0050862
MONDO:0000498	DOID:0050863
MONDO_0000498	DOID:0050863
MONDO:0000499	DOID:0050864
MONDO_0000499	DOID:0050864
MONDO:0000500	DOID:0050865
MONDO_0000500	DOID:0050865
MONDO:0000502	DOID:0050869
MONDO_0000502	DOID:0050869
MONDO:0000503	DOID:0050870
MONDO_0000503	DOID:0050870
MONDO:0000507	DOID:0050881
MONDO_0000507	DOID:0050881
MONDO:0000508	DOID:0050888
MONDO_0000508	DOID:0050888
MONDO:0000509	DOID:0050889
MONDO_0000509	DOID:0050889
MONDO:0000510	DOID:0050890
MONDO_0000510	DOID:0050890
MONDO:0000513	DOID:0050895
MONDO_0000513	DOID:0050895
MONDO:0000514	DOID:0050896
MONDO_0000514	DOID:0050896
MONDO:0000515	DOID:0050897
MONDO_0000515	DOID:0050897
MONDO:0000516	DOID:0050898
MONDO_0000516	DOID:0050898
MONDO:0000517	DOID:0050899
MONDO_0000517	DOID:0050899
MONDO:0000518	DOID:0050900
MONDO_0000518	DOID:0050900
MONDO:0000519	DOID:0050901
MONDO_0000519	DOID:0050901
MONDO:0000520	DOID:0050903
MONDO_0000520	DOID:0050903
MONDO:0000521	DOID:0050904
MONDO_0000521	DOID:0050904
MONDO:0000524	DOID:0050907
MONDO_0000524	DOID:0050907
MONDO:0000525	DOID:0050910
MONDO_0000525	DOID:0050910
MONDO:0000527	DOID:0050912
MONDO_0000527	DOID:0050912
MONDO:0000530	DOID:0050915
MONDO_0000530	DOID:0050915
MONDO:0000531	DOID:0050916
MONDO_0000531	DOID:0050916
MONDO:0000532	DOID:0050917
MONDO_0000532	DOID:0050917
MONDO:0000534	DOID:0050919
MONDO_0000534	DOID:0050919
MONDO:0000536	DOID:0050921
MONDO_0000536	DOID:0050921
MONDO:0000539	DOID:0050924
MONDO_0000539	DOID:0050924
MONDO:0000540	DOID:0050925
MONDO_0000540	DOID:0050925
MONDO:0000541	DOID:0050926
MONDO_0000541	DOID:0050926
MONDO:0000543	DOID:0050928
MONDO_0000543	DOID:0050928
MONDO:0000544	DOID:0050929
MONDO_0000544	DOID:0050929
MONDO:0000545	DOID:0050930
MONDO_0000545	DOID:0050930
MONDO:0000548	DOID:0050934
MONDO_0000548	DOID:0050934
MONDO:0000549	DOID:0050935
MONDO_0000549	DOID:0050935
MONDO:0000550	DOID:0050936
MONDO_0000550	DOID:0050936
MONDO:0000551	DOID:0050937
MONDO_0000551	DOID:0050937
MONDO:0000552	DOID:0050938
MONDO_0000552	DOID:0050938
MONDO:0000553	DOID:0050939
MONDO_0000553	DOID:0050939
MONDO:0000554	DOID:0050940
MONDO_0000554	DOID:0050940
MONDO:0000563	DOID:0050988
MONDO_0000563	DOID:0050988
MONDO:0000565	DOID:0060000
MONDO_0000565	DOID:0060000
MONDO:0000568	DOID:0060004
MONDO_0000568	DOID:0060004
MONDO:0000569	DOID:0060005
MONDO_0000569	DOID:0060005
MONDO:0000572	DOID:0060011
MONDO_0000572	DOID:0060011
MONDO:0000573	DOID:0060012
MONDO_0000573	DOID:0060012
MONDO:0000583	DOID:0060026
MONDO_0000583	DOID:0060026
MONDO:0000586	DOID:0060029
MONDO_0000586	DOID:0060029
MONDO:0000587	DOID:0060030
MONDO_0000587	DOID:0060030
MONDO:0000588	DOID:0060031
MONDO_0000588	DOID:0060031
MONDO:0000589	DOID:0060032
MONDO_0000589	DOID:0060032
MONDO:0000590	DOID:0060033
MONDO_0000590	DOID:0060033
MONDO:0000591	DOID:0060036
MONDO_0000591	DOID:0060036
MONDO:0000592	DOID:0060038
MONDO_0000592	DOID:0060038
MONDO:0000594	DOID:0060040
MONDO_0000594	DOID:0060040
MONDO:0000595	DOID:0060043
MONDO_0000595	DOID:0060043
MONDO:0000596	DOID:0060044
MONDO_0000596	DOID:0060044
MONDO:0000597	DOID:0060045
MONDO_0000597	DOID:0060045
MONDO:0000598	DOID:0060046
MONDO_0000598	DOID:0060046
MONDO:0000599	DOID:0060047
MONDO_0000599	DOID:0060047
MONDO:0000600	DOID:0060048
MONDO_0000600	DOID:0060048
MONDO:0000602	DOID:0060050
MONDO_0000602	DOID:0060050
MONDO:0000603	DOID:0060051
MONDO_0000603	DOID:0060051
MONDO:0000605	DOID:0060056
MONDO_0000605	DOID:0060056
MONDO:0000607	DOID:0060061
MONDO_0000607	DOID:0060061
MONDO:0000608	DOID:0060062
MONDO_0000608	DOID:0060062
MONDO:0000610	DOID:0060068
MONDO_0000610	DOID:0060068
MONDO:0000611	DOID:0060071
MONDO_0000611	DOID:0060071
MONDO:0000612	DOID:0060073
MONDO_0000612	DOID:0060073
MONDO:0000615	DOID:0060077
MONDO_0000615	DOID:0060077
MONDO:0000616	DOID:0060078
MONDO_0000616	DOID:0060078
MONDO:0000618	DOID:0060080
MONDO_0000618	DOID:0060080
MONDO:0000620	DOID:0060082
MONDO_0000620	DOID:0060082
MONDO:0000621	DOID:0060083
MONDO_0000621	DOID:0060083
MONDO:0000624	DOID:0060086
MONDO_0000624	DOID:0060086
MONDO:0000625	DOID:0060087
MONDO_0000625	DOID:0060087
MONDO:0000626	DOID:0060088
MONDO_0000626	DOID:0060088
MONDO:0000627	DOID:0060089
MONDO_0000627	DOID:0060089
MONDO:0000628	DOID:0060090
MONDO_0000628	DOID:0060090
MONDO:0000629	DOID:0060091
MONDO_0000629	DOID:0060091
MONDO:0000630	DOID:0060092
MONDO_0000630	DOID:0060092
MONDO:0000631	DOID:0060094
MONDO_0000631	DOID:0060094
MONDO:0000632	DOID:0060095
MONDO_0000632	DOID:0060095
MONDO:0000633	DOID:0060096
MONDO_0000633	DOID:0060096
MONDO:0000634	DOID:0060097
MONDO_0000634	DOID:0060097
MONDO:0000636	DOID:0060099
MONDO_0000636	DOID:0060099
MONDO:0000637	DOID:0060100
MONDO_0000637	DOID:0060100
MONDO:0000639	DOID:0060102
MONDO_0000639	DOID:0060102
MONDO:0000640	DOID:0060103
MONDO_0000640	DOID:0060103
MONDO:0000643	DOID:0060109
MONDO_0000643	DOID:0060109
MONDO:0000644	DOID:0060110
MONDO_0000644	DOID:0060110
MONDO:0000645	DOID:0060111
MONDO_0000645	DOID:0060111
MONDO:0000646	DOID:0060112
MONDO_0000646	DOID:0060112
MONDO:0000647	DOID:0060114
MONDO_0000647	DOID:0060114
MONDO:0000648	DOID:0060115
MONDO_0000648	DOID:0060115
MONDO:0000649	DOID:0060116
MONDO_0000649	DOID:0060116
MONDO:0000650	DOID:0060117
MONDO_0000650	DOID:0060117
MONDO:0000652	DOID:0060121
MONDO_0000652	DOID:0060121
MONDO:0000653	DOID:0060122
MONDO_0000653	DOID:0060122
MONDO:0000654	DOID:0060123
MONDO_0000654	DOID:0060123
MONDO:0000659	DOID:0060129
MONDO_0000659	DOID:0060129
MONDO:0000660	DOID:0060130
MONDO_0000660	DOID:0060130
MONDO:0000661	DOID:0060131
MONDO_0000661	DOID:0060131
MONDO:0000662	DOID:0060132
MONDO_0000662	DOID:0060132
MONDO:0000663	DOID:0060133
MONDO_0000663	DOID:0060133
MONDO:0000664	DOID:0060134
MONDO_0000664	DOID:0060134
MONDO:0000665	DOID:0060135
MONDO_0000665	DOID:0060135
MONDO:0000666	DOID:0060136
MONDO_0000666	DOID:0060136
MONDO:0000667	DOID:0060137
MONDO_0000667	DOID:0060137
MONDO:0000668	DOID:0060138
MONDO_0000668	DOID:0060138
MONDO:0000669	DOID:0060139
MONDO_0000669	DOID:0060139
MONDO:0000670	DOID:0060140
MONDO_0000670	DOID:0060140
MONDO:0000671	DOID:0060141
MONDO_0000671	DOID:0060141
MONDO:0000672	DOID:0060142
MONDO_0000672	DOID:0060142
MONDO:0000673	DOID:0060143
MONDO_0000673	DOID:0060143
MONDO:0000674	DOID:0060144
MONDO_0000674	DOID:0060144
MONDO:0000675	DOID:0060145
MONDO_0000675	DOID:0060145
MONDO:0000676	DOID:0060146
MONDO_0000676	DOID:0060146
MONDO:0000677	DOID:0060147
MONDO_0000677	DOID:0060147
MONDO:0000678	DOID:0060148
MONDO_0000678	DOID:0060148
MONDO:0000679	DOID:0060149
MONDO_0000679	DOID:0060149
MONDO:0000680	DOID:0060150
MONDO_0000680	DOID:0060150
MONDO:0000681	DOID:0060151
MONDO_0000681	DOID:0060151
MONDO:0000682	DOID:0060152
MONDO_0000682	DOID:0060152
MONDO:0000683	DOID:0060153
MONDO_0000683	DOID:0060153
MONDO:0000684	DOID:0060154
MONDO_0000684	DOID:0060154
MONDO:0000685	DOID:0060155
MONDO_0000685	DOID:0060155
MONDO:0000686	DOID:0060156
MONDO_0000686	DOID:0060156
MONDO:0000687	DOID:0060157
MONDO_0000687	DOID:0060157
MONDO:0000688	DOID:0060159
MONDO_0000688	DOID:0060159
MONDO:0000690	DOID:0060163
MONDO_0000690	DOID:0060163
MONDO:0000693	DOID:0060166
MONDO_0000693	DOID:0060166
MONDO:0000694	DOID:0060167
MONDO_0000694	DOID:0060167
MONDO:0000698	DOID:0060176
MONDO_0000698	DOID:0060176
MONDO:0000700	DOID:0060178
MONDO_0000700	DOID:0060178
MONDO:0000701	DOID:0060181
MONDO_0000701	DOID:0060181
MONDO:0000702	DOID:0060182
MONDO_0000702	DOID:0060182
MONDO:0000703	DOID:0060183
MONDO_0000703	DOID:0060183
MONDO:0000704	DOID:0060184
MONDO_0000704	DOID:0060184
MONDO:0000705	DOID:0060185
MONDO_0000705	DOID:0060185
MONDO:0000706	DOID:0060186
MONDO_0000706	DOID:0060186
MONDO:0000707	DOID:0060187
MONDO_0000707	DOID:0060187
MONDO:0000708	DOID:0060188
MONDO_0000708	DOID:0060188
MONDO:0000709	DOID:0060189
MONDO_0000709	DOID:0060189
MONDO:0000710	DOID:0060191
MONDO_0000710	DOID:0060191
MONDO:0000715	DOID:0060219
MONDO_0000715	DOID:0060219
MONDO:0000716	DOID:0060223
MONDO_0000716	DOID:0060223
MONDO:0000722	DOID:0060242
MONDO_0000722	DOID:0060242
MONDO:0000723	DOID:0060243
MONDO_0000723	DOID:0060243
MONDO:0000724	DOID:0060244
MONDO_0000724	DOID:0060244
MONDO:0000726	DOID:0060250
MONDO_0000726	DOID:0060250
MONDO:0000727	DOID:0060253
MONDO_0000727	DOID:0060253
MONDO:0000728	DOID:0060260
MONDO_0000728	DOID:0060260
MONDO:0000732	DOID:0060286
MONDO_0000732	DOID:0060286
MONDO:0000733	DOID:0060287
MONDO_0000733	DOID:0060287
MONDO:0000734	DOID:0060289
MONDO_0000734	DOID:0060289
MONDO:0000736	DOID:0060304
MONDO_0000736	DOID:0060304
MONDO:0000739	DOID:0060310
MONDO_0000739	DOID:0060310
MONDO:0000740	DOID:0060311
MONDO_0000740	DOID:0060311
MONDO:0000741	DOID:0060312
MONDO_0000741	DOID:0060312
MONDO:0000743	DOID:0060315
MONDO_0000743	DOID:0060315
MONDO:0000744	DOID:0060317
MONDO_0000744	DOID:0060317
MONDO:0000745	DOID:0060319
MONDO_0000745	DOID:0060319
MONDO:0000748	DOID:0060322
MONDO_0000748	DOID:0060322
MONDO:0000749	DOID:0060323
MONDO_0000749	DOID:0060323
MONDO:0000750	DOID:0060324
MONDO_0000750	DOID:0060324
MONDO:0000751	DOID:0060325
MONDO_0000751	DOID:0060325
MONDO:0000754	DOID:0060328
MONDO_0000754	DOID:0060328
MONDO:0000755	DOID:0060329
MONDO_0000755	DOID:0060329
MONDO:0000756	DOID:0060338
MONDO_0000756	DOID:0060338
MONDO:0000757	DOID:0060343
MONDO_0000757	DOID:0060343
MONDO:0000758	DOID:0060345
MONDO_0000758	DOID:0060345
MONDO:0000761	DOID:0060388
MONDO_0000761	DOID:0060388
MONDO:0000762	DOID:0060429
MONDO_0000762	DOID:0060429
MONDO:0000763	DOID:0060440
MONDO_0000763	DOID:0060440
MONDO:0000764	DOID:0060441
MONDO_0000764	DOID:0060441
MONDO:0000766	DOID:0060443
MONDO_0000766	DOID:0060443
MONDO:0000771	DOID:0060496
MONDO_0000771	DOID:0060496
MONDO:0000774	DOID:0040087
MONDO_0000774	DOID:0040087
MONDO:0000774	DOID:0060499
MONDO_0000774	DOID:0060499
MONDO:0000775	DOID:0060500
MONDO_0000775	DOID:0060500
MONDO:0000777	DOID:0060502
MONDO_0000777	DOID:0060502
MONDO:0000807	DOID:0060532
MONDO_0000807	DOID:0060532
MONDO:0000809	DOID:0060538
MONDO_0000809	DOID:0060538
MONDO:0000811	DOID:0060562
MONDO_0000811	DOID:0060562
MONDO:0000812	DOID:0060564
MONDO_0000812	DOID:0060564
MONDO:0000813	DOID:0060570
MONDO_0000813	DOID:0060570
MONDO:0000814	DOID:0060592
MONDO_0000814	DOID:0060592
MONDO:0000815	DOID:0060606
MONDO_0000815	DOID:0060606
MONDO:0000816	DOID:0060611
MONDO_0000816	DOID:0060611
MONDO:0000819	DOID:0060668
MONDO_0000819	DOID:0060668
MONDO:0000820	DOID:0060669
MONDO_0000820	DOID:0060669
MONDO:0000824	DOID:0060774
MONDO_0000824	DOID:0060774
MONDO:0000827	DOID:0060859
MONDO_0000827	DOID:0060859
MONDO:0000828	DOID:0060893
MONDO_0000828	DOID:0060893
MONDO:0000831	DOID:0060903
MONDO_0000831	DOID:0060903
MONDO:0000833	DOID:0080005
MONDO_0000833	DOID:0080005
MONDO:0000836	DOID:0080010
MONDO_0000836	DOID:0080010
MONDO:0000837	DOID:0080011
MONDO_0000837	DOID:0080011
MONDO:0000840	DOID:0080018
MONDO_0000840	DOID:0080018
MONDO:0000845	DOID:0080031
MONDO_0000845	DOID:0080031
MONDO:0000849	DOID:0080040
MONDO_0000849	DOID:0080040
MONDO:0000858	DOID:0080072
MONDO_0000858	DOID:0080072
MONDO:0000859	DOID:0080073
MONDO_0000859	DOID:0080073
MONDO:0000863	DOID:0080099
MONDO_0000863	DOID:0080099
MONDO:0000870	DOID:0080144
MONDO_0000870	DOID:0080144
MONDO:0000871	DOID:0080145
MONDO_0000871	DOID:0080145
MONDO:0000872	DOID:0080146
MONDO_0000872	DOID:0080146
MONDO:0000873	DOID:0080147
MONDO_0000873	DOID:0080147
MONDO:0000874	DOID:0080148
MONDO_0000874	DOID:0080148
MONDO:0000875	DOID:0080149
MONDO_0000875	DOID:0080149
MONDO:0000878	DOID:0080160
MONDO_0000878	DOID:0080160
MONDO:0000879	DOID:0080161
MONDO_0000879	DOID:0080161
MONDO:0000888	DOID:0080178
MONDO_0000888	DOID:0080178
MONDO:0000889	DOID:0080179
MONDO_0000889	DOID:0080179
MONDO:0000890	DOID:0080180
MONDO_0000890	DOID:0080180
MONDO:0000891	DOID:0080182
MONDO_0000891	DOID:0080182
MONDO:0000892	DOID:0080183
MONDO_0000892	DOID:0080183
MONDO:0000893	DOID:0080184
MONDO_0000893	DOID:0080184
MONDO:0000894	DOID:0080185
MONDO_0000894	DOID:0080185
MONDO:0000895	DOID:0080186
MONDO_0000895	DOID:0080186
MONDO:0000898	DOID:0080189
MONDO_0000898	DOID:0080189
MONDO:0000901	DOID:0080192
MONDO_0000901	DOID:0080192
MONDO:0000902	DOID:0060600
MONDO_0000902	DOID:0060600
MONDO:0000902	DOID:0090003
MONDO_0000902	DOID:0090003
MONDO:0000903	DOID:0090033
MONDO_0000903	DOID:0090033
MONDO:0000904	DOID:0090131
MONDO_0000904	DOID:0090131
MONDO:0000908	DOID:0110084
MONDO_0000908	DOID:0110084
MONDO:0000909	DOID:0110146
MONDO_0000909	DOID:0110146
MONDO:0000910	DOID:0110413
MONDO_0000910	DOID:0110413
MONDO:0000912	DOID:0110507
MONDO_0000912	DOID:0110507
MONDO:0000913	DOID:0110917
MONDO_0000913	DOID:0110917
MONDO:0000914	DOID:0111035
MONDO_0000914	DOID:0111035
MONDO:0000916	DOID:100
MONDO_0000916	DOID:100
MONDO:0000918	DOID:1002
MONDO_0000918	DOID:1002
MONDO:0000919	DOID:10020
MONDO_0000919	DOID:10020
MONDO:0000920	DOID:10021
MONDO_0000920	DOID:10021
MONDO:0000921	DOID:10022
MONDO_0000921	DOID:10022
MONDO:0000922	DOID:1003
MONDO_0000922	DOID:1003
MONDO:0000923	DOID:10030
MONDO_0000923	DOID:10030
MONDO:0000924	DOID:10031
MONDO_0000924	DOID:10031
MONDO:0000925	DOID:10032
MONDO_0000925	DOID:10032
MONDO:0000926	DOID:10034
MONDO_0000926	DOID:10034
MONDO:0000927	DOID:10035
MONDO_0000927	DOID:10035
MONDO:0000928	DOID:10040
MONDO_0000928	DOID:10040
MONDO:0000929	DOID:10044
MONDO_0000929	DOID:10044
MONDO:0000930	DOID:10047
MONDO_0000930	DOID:10047
MONDO:0000931	DOID:1005
MONDO_0000931	DOID:1005
MONDO:0000933	DOID:10069
MONDO_0000933	DOID:10069
MONDO:0000934	DOID:10070
MONDO_0000934	DOID:10070
MONDO:0000935	DOID:10071
MONDO_0000935	DOID:10071
MONDO:0000936	DOID:10073
MONDO_0000936	DOID:10073
MONDO:0000937	DOID:10081
MONDO_0000937	DOID:10081
MONDO:0000938	DOID:10087
MONDO_0000938	DOID:10087
MONDO:0000939	DOID:10095
MONDO_0000939	DOID:10095
MONDO:0000940	DOID:10113
MONDO_0000940	DOID:10113
MONDO:0000941	DOID:10120
MONDO_0000941	DOID:10120
MONDO:0000942	DOID:10124
MONDO_0000942	DOID:10124
MONDO:0000943	DOID:10125
MONDO_0000943	DOID:10125
MONDO:0000944	DOID:10127
MONDO_0000944	DOID:10127
MONDO:0000945	DOID:10128
MONDO_0000945	DOID:10128
MONDO:0000946	DOID:10131
MONDO_0000946	DOID:10131
MONDO:0000947	DOID:10132
MONDO_0000947	DOID:10132
MONDO:0000948	DOID:10138
MONDO_0000948	DOID:10138
MONDO:0000949	DOID:10139
MONDO_0000949	DOID:10139
MONDO:0000950	DOID:10141
MONDO_0000950	DOID:10141
MONDO:0000951	DOID:10146
MONDO_0000951	DOID:10146
MONDO:0000952	DOID:10149
MONDO_0000952	DOID:10149
MONDO:0000953	DOID:10151
MONDO_0000953	DOID:10151
MONDO:0000954	DOID:10152
MONDO_0000954	DOID:10152
MONDO:0000955	DOID:10153
MONDO_0000955	DOID:10153
MONDO:0000956	DOID:10154
MONDO_0000956	DOID:10154
MONDO:0000957	DOID:10174
MONDO_0000957	DOID:10174
MONDO:0000958	DOID:10176
MONDO_0000958	DOID:10176
MONDO:0000959	DOID:10177
MONDO_0000959	DOID:10177
MONDO:0000960	DOID:10182
MONDO_0000960	DOID:10182
MONDO:0000960	DOID:11713
MONDO_0000960	DOID:11713
MONDO:0000961	DOID:10183
MONDO_0000961	DOID:10183
MONDO:0000962	DOID:10184
MONDO_0000962	DOID:10184
MONDO:0000963	DOID:10187
MONDO_0000963	DOID:10187
MONDO:0000964	DOID:10188
MONDO_0000964	DOID:10188
MONDO:0000965	DOID:10190
MONDO_0000965	DOID:10190
MONDO:0000966	DOID:10192
MONDO_0000966	DOID:10192
MONDO:0000967	DOID:10193
MONDO_0000967	DOID:10193
MONDO:0000968	DOID:10194
MONDO_0000968	DOID:10194
MONDO:0000969	DOID:10195
MONDO_0000969	DOID:10195
MONDO:0000970	DOID:10199
MONDO_0000970	DOID:10199
MONDO:0000971	DOID:10200
MONDO_0000971	DOID:10200
MONDO:0000972	DOID:10201
MONDO_0000972	DOID:10201
MONDO:0000973	DOID:10203
MONDO_0000973	DOID:10203
MONDO:0000974	DOID:10205
MONDO_0000974	DOID:10205
MONDO:0000975	DOID:10206
MONDO_0000975	DOID:10206
MONDO:0000976	DOID:10207
MONDO_0000976	DOID:10207
MONDO:0000977	DOID:10208
MONDO_0000977	DOID:10208
MONDO:0000978	DOID:10209
MONDO_0000978	DOID:10209
MONDO:0000979	DOID:1022
MONDO_0000979	DOID:1022
MONDO:0000980	DOID:10230
MONDO_0000980	DOID:10230
MONDO:0000981	DOID:10234
MONDO_0000981	DOID:10234
MONDO:0000983	DOID:10236
MONDO_0000983	DOID:10236
MONDO:0000984	DOID:10241
MONDO_0000984	DOID:10241
MONDO:0000986	DOID:10247
MONDO_0000986	DOID:10247
MONDO:0000987	DOID:10254
MONDO_0000987	DOID:10254
MONDO:0000988	DOID:10261
MONDO_0000988	DOID:10261
MONDO:0000989	DOID:10264
MONDO_0000989	DOID:10264
MONDO:0000990	DOID:10266
MONDO_0000990	DOID:10266
MONDO:0000992	DOID:10273
MONDO_0000992	DOID:10273
MONDO:0000993	DOID:10287
MONDO_0000993	DOID:10287
MONDO:0000994	DOID:10289
MONDO_0000994	DOID:10289
MONDO:0000995	DOID:1029
MONDO_0000995	DOID:1029
MONDO:0000996	DOID:10290
MONDO_0000996	DOID:10290
MONDO:0000997	DOID:10293
MONDO_0000997	DOID:10293
MONDO:0001000	DOID:10319
MONDO_0001000	DOID:10319
MONDO:0001001	DOID:10321
MONDO_0001001	DOID:10321
MONDO:0001003	DOID:10329
MONDO_0001003	DOID:10329
MONDO:0001004	DOID:10330
MONDO_0001004	DOID:10330
MONDO:0001005	DOID:10331
MONDO_0001005	DOID:10331
MONDO:0001006	DOID:10337
MONDO_0001006	DOID:10337
MONDO:0001007	DOID:10341
MONDO_0001007	DOID:10341
MONDO:0001008	DOID:10348
MONDO_0001008	DOID:10348
MONDO:0001009	DOID:10349
MONDO_0001009	DOID:10349
MONDO:0001011	DOID:10350
MONDO_0001011	DOID:10350
MONDO:0001014	DOID:1036
MONDO_0001014	DOID:1036
MONDO:0001015	DOID:10361
MONDO_0001015	DOID:10361
MONDO:0001016	DOID:10366
MONDO_0001016	DOID:10366
MONDO:0001017	DOID:10368
MONDO_0001017	DOID:10368
MONDO:0001019	DOID:10375
MONDO_0001019	DOID:10375
MONDO:0001020	DOID:10376
MONDO_0001020	DOID:10376
MONDO:0001021	DOID:10377
MONDO_0001021	DOID:10377
MONDO:0001022	DOID:10378
MONDO_0001022	DOID:10378
MONDO:0001023	DOID:1039
MONDO_0001023	DOID:1039
MONDO:0001024	DOID:10398
MONDO_0001024	DOID:10398
MONDO:0001025	DOID:10399
MONDO_0001025	DOID:10399
MONDO:0001027	DOID:10400
MONDO_0001027	DOID:10400
MONDO:0001028	DOID:10423
MONDO_0001028	DOID:10423
MONDO:0001029	DOID:10426
MONDO_0001029	DOID:10426
MONDO:0001030	DOID:10428
MONDO_0001030	DOID:10428
MONDO:0001031	DOID:10435
MONDO_0001031	DOID:10435
MONDO:0001032	DOID:10439
MONDO_0001032	DOID:10439
MONDO:0001033	DOID:10440
MONDO_0001033	DOID:10440
MONDO:0001034	DOID:10441
MONDO_0001034	DOID:10441
MONDO:0001035	DOID:10442
MONDO_0001035	DOID:10442
MONDO:0001036	DOID:10443
MONDO_0001036	DOID:10443
MONDO:0001037	DOID:10444
MONDO_0001037	DOID:10444
MONDO:0001038	DOID:10445
MONDO_0001038	DOID:10445
MONDO:0001039	DOID:10456
MONDO_0001039	DOID:10456
MONDO:0001040	DOID:10460
MONDO_0001040	DOID:10460
MONDO:0001041	DOID:10461
MONDO_0001041	DOID:10461
MONDO:0001042	DOID:10471
MONDO_0001042	DOID:10471
MONDO:0001044	DOID:10485
MONDO_0001044	DOID:10485
MONDO:0001045	DOID:10486
MONDO_0001045	DOID:10486
MONDO:0001046	DOID:10488
MONDO_0001046	DOID:10488
MONDO:0001048	DOID:10499
MONDO_0001048	DOID:10499
MONDO:0001049	DOID:10507
MONDO_0001049	DOID:10507
MONDO:0001050	DOID:10516
MONDO_0001050	DOID:10516
MONDO:0001051	DOID:10518
MONDO_0001051	DOID:10518
MONDO:0001052	DOID:10519
MONDO_0001052	DOID:10519
MONDO:0001053	DOID:10520
MONDO_0001053	DOID:10520
MONDO:0001054	DOID:10525
MONDO_0001054	DOID:10525
MONDO:0001055	DOID:10526
MONDO_0001055	DOID:10526
MONDO:0001056	DOID:10534
MONDO_0001056	DOID:10534
MONDO:0001057	DOID:10536
MONDO_0001057	DOID:10536
MONDO:0001059	DOID:10540
MONDO_0001059	DOID:10540
MONDO:0001060	DOID:10541
MONDO_0001060	DOID:10541
MONDO:0001061	DOID:10544
MONDO_0001061	DOID:10544
MONDO:0001062	DOID:10547
MONDO_0001062	DOID:10547
MONDO:0001063	DOID:10548
MONDO_0001063	DOID:10548
MONDO:0001064	DOID:10550
MONDO_0001064	DOID:10550
MONDO:0001065	DOID:10556
MONDO_0001065	DOID:10556
MONDO:0001066	DOID:10567
MONDO_0001066	DOID:10567
MONDO:0001067	DOID:10568
MONDO_0001067	DOID:10568
MONDO:0001068	DOID:10573
MONDO_0001068	DOID:10573
MONDO:0001071	DOID:1059
MONDO_0001071	DOID:1059
MONDO:0001072	DOID:10590
MONDO_0001072	DOID:10590
MONDO:0001073	DOID:10593
MONDO_0001073	DOID:10593
MONDO:0001074	DOID:10600
MONDO_0001074	DOID:10600
MONDO:0001075	DOID:10602
MONDO_0001075	DOID:10602
MONDO:0001076	DOID:10603
MONDO_0001076	DOID:10603
MONDO:0001078	DOID:10607
MONDO_0001078	DOID:10607
MONDO:0001079	DOID:10610
MONDO_0001079	DOID:10610
MONDO:0001080	DOID:10615
MONDO_0001080	DOID:10615
MONDO:0001081	DOID:10616
MONDO_0001081	DOID:10616
MONDO:0001082	DOID:10619
MONDO_0001082	DOID:10619
MONDO:0001083	DOID:1062
MONDO_0001083	DOID:1062
MONDO:0001084	DOID:10627
MONDO_0001084	DOID:10627
MONDO:0001085	DOID:1063
MONDO_0001085	DOID:1063
MONDO:0001086	DOID:10631
MONDO_0001086	DOID:10631
MONDO:0001087	DOID:10646
MONDO_0001087	DOID:10646
MONDO:0001088	DOID:10648
MONDO_0001088	DOID:10648
MONDO:0001089	DOID:10649
MONDO_0001089	DOID:10649
MONDO:0001090	DOID:10651
MONDO_0001090	DOID:10651
MONDO:0001091	DOID:10655
MONDO_0001091	DOID:10655
MONDO:0001092	DOID:10656
MONDO_0001092	DOID:10656
MONDO:0001093	DOID:10657
MONDO_0001093	DOID:10657
MONDO:0001094	DOID:1066
MONDO_0001094	DOID:1066
MONDO:0001095	DOID:10660
MONDO_0001095	DOID:10660
MONDO:0001096	DOID:10661
MONDO_0001096	DOID:10661
MONDO:0001098	DOID:10685
MONDO_0001098	DOID:10685
MONDO:0001099	DOID:10686
MONDO_0001099	DOID:10686
MONDO:0001100	DOID:10688
MONDO_0001100	DOID:10688
MONDO:0001101	DOID:10691
MONDO_0001101	DOID:10691
MONDO:0001103	DOID:10718
MONDO_0001103	DOID:10718
MONDO:0001104	DOID:10719
MONDO_0001104	DOID:10719
MONDO:0001105	DOID:1073
MONDO_0001105	DOID:1073
MONDO:0001106	DOID:1074
MONDO_0001106	DOID:1074
MONDO:0001108	DOID:10744
MONDO_0001108	DOID:10744
MONDO:0001109	DOID:10755
MONDO_0001109	DOID:10755
MONDO:0001110	DOID:1076
MONDO_0001110	DOID:1076
MONDO:0001112	DOID:10773
MONDO_0001112	DOID:10773
MONDO:0001113	DOID:10778
MONDO_0001113	DOID:10778
MONDO:0001114	DOID:10779
MONDO_0001114	DOID:10779
MONDO:0001115	DOID:10780
MONDO_0001115	DOID:10780
MONDO:0001116	DOID:10782
MONDO_0001116	DOID:10782
MONDO:0001117	DOID:10783
MONDO_0001117	DOID:10783
MONDO:0001118	DOID:10784
MONDO_0001118	DOID:10784
MONDO:0001119	DOID:10787
MONDO_0001119	DOID:10787
MONDO:0001120	DOID:10790
MONDO_0001120	DOID:10790
MONDO:0001121	DOID:10791
MONDO_0001121	DOID:10791
MONDO:0001122	DOID:10792
MONDO_0001122	DOID:10792
MONDO:0001123	DOID:10793
MONDO_0001123	DOID:10793
MONDO:0001125	DOID:10802
MONDO_0001125	DOID:10802
MONDO:0001126	DOID:10808
MONDO_0001126	DOID:10808
MONDO:0001127	DOID:10810
MONDO_0001127	DOID:10810
MONDO:0001128	DOID:10811
MONDO_0001128	DOID:10811
MONDO:0001129	DOID:10812
MONDO_0001129	DOID:10812
MONDO:0001130	DOID:10813
MONDO_0001130	DOID:10813
MONDO:0001132	DOID:10817
MONDO_0001132	DOID:10817
MONDO:0001133	DOID:10823
MONDO_0001133	DOID:10823
MONDO:0001134	DOID:10825
MONDO_0001134	DOID:10825
MONDO:0001135	DOID:10834
MONDO_0001135	DOID:10834
MONDO:0001136	DOID:10835
MONDO_0001136	DOID:10835
MONDO:0001137	DOID:10842
MONDO_0001137	DOID:10842
MONDO:0001138	DOID:10846
MONDO_0001138	DOID:10846
MONDO:0001139	DOID:10849
MONDO_0001139	DOID:10849
MONDO:0001141	DOID:10852
MONDO_0001141	DOID:10852
MONDO:0001142	DOID:10854
MONDO_0001142	DOID:10854
MONDO:0001143	DOID:10863
MONDO_0001143	DOID:10863
MONDO:0001144	DOID:10864
MONDO_0001144	DOID:10864
MONDO:0001145	DOID:10866
MONDO_0001145	DOID:10866
MONDO:0001146	DOID:10869
MONDO_0001146	DOID:10869
MONDO:0001147	DOID:1088
MONDO_0001147	DOID:1088
MONDO:0001148	DOID:10880
MONDO_0001148	DOID:10880
MONDO:0001149	DOID:10907
MONDO_0001149	DOID:10907
MONDO:0001150	DOID:10908
MONDO_0001150	DOID:10908
MONDO:0001151	DOID:10913
MONDO_0001151	DOID:10913
MONDO:0001152	DOID:10914
MONDO_0001152	DOID:10914
MONDO:0001154	DOID:10921
MONDO_0001154	DOID:10921
MONDO:0001155	DOID:10927
MONDO_0001155	DOID:10927
MONDO:0001156	DOID:10930
MONDO_0001156	DOID:10930
MONDO:0001157	DOID:10931
MONDO_0001157	DOID:10931
MONDO:0001158	DOID:10932
MONDO_0001158	DOID:10932
MONDO:0001159	DOID:10934
MONDO_0001159	DOID:10934
MONDO:0001160	DOID:10935
MONDO_0001160	DOID:10935
MONDO:0001161	DOID:10936
MONDO_0001161	DOID:10936
MONDO:0001162	DOID:10937
MONDO_0001162	DOID:10937
MONDO:0001163	DOID:10938
MONDO_0001163	DOID:10938
MONDO:0001164	DOID:10939
MONDO_0001164	DOID:10939
MONDO:0001165	DOID:10944
MONDO_0001165	DOID:10944
MONDO:0001166	DOID:10952
MONDO_0001166	DOID:10952
MONDO:0001167	DOID:10965
MONDO_0001167	DOID:10965
MONDO:0001168	DOID:10967
MONDO_0001168	DOID:10967
MONDO:0001169	DOID:10968
MONDO_0001169	DOID:10968
MONDO:0001170	DOID:10969
MONDO_0001170	DOID:10969
MONDO:0001171	DOID:10971
MONDO_0001171	DOID:10971
MONDO:0001172	DOID:10972
MONDO_0001172	DOID:10972
MONDO:0001173	DOID:10973
MONDO_0001173	DOID:10973
MONDO:0001174	DOID:10989
MONDO_0001174	DOID:10989
MONDO:0001175	DOID:10997
MONDO_0001175	DOID:10997
MONDO:0001176	DOID:110
MONDO_0001176	DOID:110
MONDO:0001177	DOID:11014
MONDO_0001177	DOID:11014
MONDO:0001178	DOID:11028
MONDO_0001178	DOID:11028
MONDO:0001179	DOID:11029
MONDO_0001179	DOID:11029
MONDO:0001180	DOID:11031
MONDO_0001180	DOID:11031
MONDO:0001181	DOID:11032
MONDO_0001181	DOID:11032
MONDO:0001182	DOID:11033
MONDO_0001182	DOID:11033
MONDO:0001183	DOID:11034
MONDO_0001183	DOID:11034
MONDO:0001184	DOID:11036
MONDO_0001184	DOID:11036
MONDO:0001185	DOID:11037
MONDO_0001185	DOID:11037
MONDO:0001186	DOID:11038
MONDO_0001186	DOID:11038
MONDO:0001187	DOID:11054
MONDO_0001187	DOID:11054
MONDO:0001188	DOID:1106
MONDO_0001188	DOID:1106
MONDO:0001190	DOID:11076
MONDO_0001190	DOID:11076
MONDO:0001191	DOID:11079
MONDO_0001191	DOID:11079
MONDO:0001192	DOID:1108
MONDO_0001192	DOID:1108
MONDO:0001195	DOID:11104
MONDO_0001195	DOID:11104
MONDO:0001196	DOID:11120
MONDO_0001196	DOID:11120
MONDO:0001197	DOID:11125
MONDO_0001197	DOID:11125
MONDO:0001198	DOID:11126
MONDO_0001198	DOID:11126
MONDO:0001199	DOID:11129
MONDO_0001199	DOID:11129
MONDO:0001200	DOID:11130
MONDO_0001200	DOID:11130
MONDO:0001202	DOID:11133
MONDO_0001202	DOID:11133
MONDO:0001203	DOID:11134
MONDO_0001203	DOID:11134
MONDO:0001204	DOID:1114
MONDO_0001204	DOID:1114
MONDO:0001205	DOID:11148
MONDO_0001205	DOID:11148
MONDO:0001206	DOID:11149
MONDO_0001206	DOID:11149
MONDO:0001207	DOID:11161
MONDO_0001207	DOID:11161
MONDO:0001209	DOID:11165
MONDO_0001209	DOID:11165
MONDO:0001210	DOID:11175
MONDO_0001210	DOID:11175
MONDO:0001211	DOID:11177
MONDO_0001211	DOID:11177
MONDO:0001212	DOID:11180
MONDO_0001212	DOID:11180
MONDO:0001213	DOID:11181
MONDO_0001213	DOID:11181
MONDO:0001214	DOID:11184
MONDO_0001214	DOID:11184
MONDO:0001215	DOID:11186
MONDO_0001215	DOID:11186
MONDO:0001216	DOID:11189
MONDO_0001216	DOID:11189
MONDO:0001217	DOID:11190
MONDO_0001217	DOID:11190
MONDO:0001218	DOID:11195
MONDO_0001218	DOID:11195
MONDO:0001219	DOID:11197
MONDO_0001219	DOID:11197
MONDO:0001220	DOID:11199
MONDO_0001220	DOID:11199
MONDO:0001221	DOID:112
MONDO_0001221	DOID:112
MONDO:0001222	DOID:11200
MONDO_0001222	DOID:11200
MONDO:0001223	DOID:11201
MONDO_0001223	DOID:11201
MONDO:0001224	DOID:11203
MONDO_0001224	DOID:11203
MONDO:0001225	DOID:11206
MONDO_0001225	DOID:11206
MONDO:0001226	DOID:11213
MONDO_0001226	DOID:11213
MONDO:0001227	DOID:11217
MONDO_0001227	DOID:11217
MONDO:0001228	DOID:11219
MONDO_0001228	DOID:11219
MONDO:0001229	DOID:11223
MONDO_0001229	DOID:11223
MONDO:0001230	DOID:11230
MONDO_0001230	DOID:11230
MONDO:0001231	DOID:11231
MONDO_0001231	DOID:11231
MONDO:0001232	DOID:11232
MONDO_0001232	DOID:11232
MONDO:0001233	DOID:11233
MONDO_0001233	DOID:11233
MONDO:0001234	DOID:11235
MONDO_0001234	DOID:11235
MONDO:0001235	DOID:11239
MONDO_0001235	DOID:11239
MONDO:0001236	DOID:11240
MONDO_0001236	DOID:11240
MONDO:0001237	DOID:11241
MONDO_0001237	DOID:11241
MONDO:0001238	DOID:11242
MONDO_0001238	DOID:11242
MONDO:0001239	DOID:11243
MONDO_0001239	DOID:11243
MONDO:0001240	DOID:11244
MONDO_0001240	DOID:11244
MONDO:0001241	DOID:11245
MONDO_0001241	DOID:11245
MONDO:0001242	DOID:11246
MONDO_0001242	DOID:11246
MONDO:0001243	DOID:11247
MONDO_0001243	DOID:11247
MONDO:0001244	DOID:11249
MONDO_0001244	DOID:11249
MONDO:0001245	DOID:11252
MONDO_0001245	DOID:11252
MONDO:0001246	DOID:11256
MONDO_0001246	DOID:11256
MONDO:0001247	DOID:11257
MONDO_0001247	DOID:11257
MONDO:0001249	DOID:11265
MONDO_0001249	DOID:11265
MONDO:0001250	DOID:11267
MONDO_0001250	DOID:11267
MONDO:0001251	DOID:11269
MONDO_0001251	DOID:11269
MONDO:0001252	DOID:11277
MONDO_0001252	DOID:11277
MONDO:0001255	DOID:11289
MONDO_0001255	DOID:11289
MONDO:0001256	DOID:11294
MONDO_0001256	DOID:11294
MONDO:0001257	DOID:11295
MONDO_0001257	DOID:11295
MONDO:0001258	DOID:11299
MONDO_0001258	DOID:11299
MONDO:0001259	DOID:1130
MONDO_0001259	DOID:1130
MONDO:0001260	DOID:11302
MONDO_0001260	DOID:11302
MONDO:0001261	DOID:11312
MONDO_0001261	DOID:11312
MONDO:0001262	DOID:11315
MONDO_0001262	DOID:11315
MONDO:0001263	DOID:11316
MONDO_0001263	DOID:11316
MONDO:0001265	DOID:11328
MONDO_0001265	DOID:11328
MONDO:0001266	DOID:11330
MONDO_0001266	DOID:11330
MONDO:0001268	DOID:1134
MONDO_0001268	DOID:1134
MONDO:0001269	DOID:11343
MONDO_0001269	DOID:11343
MONDO:0001270	DOID:11354
MONDO_0001270	DOID:11354
MONDO:0001271	DOID:11364
MONDO_0001271	DOID:11364
MONDO:0001272	DOID:11371
MONDO_0001272	DOID:11371
MONDO:0001273	DOID:11372
MONDO_0001273	DOID:11372
MONDO:0001274	DOID:11374
MONDO_0001274	DOID:11374
MONDO:0001275	DOID:1138
MONDO_0001275	DOID:1138
MONDO:0001276	DOID:11385
MONDO_0001276	DOID:11385
MONDO:0001277	DOID:11390
MONDO_0001277	DOID:11390
MONDO:0001279	DOID:1140
MONDO_0001279	DOID:1140
MONDO:0001280	DOID:11406
MONDO_0001280	DOID:11406
MONDO:0001281	DOID:1142
MONDO_0001281	DOID:1142
MONDO:0001282	DOID:11424
MONDO_0001282	DOID:11424
MONDO:0001283	DOID:11427
MONDO_0001283	DOID:11427
MONDO:0001284	DOID:11428
MONDO_0001284	DOID:11428
MONDO:0001285	DOID:11429
MONDO_0001285	DOID:11429
MONDO:0001286	DOID:1143
MONDO_0001286	DOID:1143
MONDO:0001287	DOID:11430
MONDO_0001287	DOID:11430
MONDO:0001288	DOID:11431
MONDO_0001288	DOID:11431
MONDO:0001290	DOID:11450
MONDO_0001290	DOID:11450
MONDO:0001291	DOID:11457
MONDO_0001291	DOID:11457
MONDO:0001292	DOID:11465
MONDO_0001292	DOID:11465
MONDO:0001293	DOID:11472
MONDO_0001293	DOID:11472
MONDO:0001294	DOID:11486
MONDO_0001294	DOID:11486
MONDO:0001295	DOID:11488
MONDO_0001295	DOID:11488
MONDO:0001296	DOID:11491
MONDO_0001296	DOID:11491
MONDO:0001297	DOID:115
MONDO_0001297	DOID:115
MONDO:0001299	DOID:11503
MONDO_0001299	DOID:11503
MONDO:0001300	DOID:0060054
MONDO_0001300	DOID:0060054
MONDO:0001300	DOID:11504
MONDO_0001300	DOID:11504
MONDO:0001301	DOID:11507
MONDO_0001301	DOID:11507
MONDO:0001302	DOID:11516
MONDO_0001302	DOID:11516
MONDO:0001303	DOID:11518
MONDO_0001303	DOID:11518
MONDO:0001304	DOID:11520
MONDO_0001304	DOID:11520
MONDO:0001305	DOID:11527
MONDO_0001305	DOID:11527
MONDO:0001307	DOID:11543
MONDO_0001307	DOID:11543
MONDO:0001308	DOID:11547
MONDO_0001308	DOID:11547
MONDO:0001309	DOID:11550
MONDO_0001309	DOID:11550
MONDO:0001310	DOID:11552
MONDO_0001310	DOID:11552
MONDO:0001312	DOID:11557
MONDO_0001312	DOID:11557
MONDO:0001313	DOID:11558
MONDO_0001313	DOID:11558
MONDO:0001314	DOID:1156
MONDO_0001314	DOID:1156
MONDO:0001315	DOID:11569
MONDO_0001315	DOID:11569
MONDO:0001316	DOID:11574
MONDO_0001316	DOID:11574
MONDO:0001317	DOID:11581
MONDO_0001317	DOID:11581
MONDO:0001318	DOID:1159
MONDO_0001318	DOID:1159
MONDO:0001319	DOID:11593
MONDO_0001319	DOID:11593
MONDO:0001320	DOID:11594
MONDO_0001320	DOID:11594
MONDO:0001322	DOID:116
MONDO_0001322	DOID:116
MONDO:0001323	DOID:11603
MONDO_0001323	DOID:11603
MONDO:0001325	DOID:11615
MONDO_0001325	DOID:11615
MONDO:0001326	DOID:11623
MONDO_0001326	DOID:11623
MONDO:0001327	DOID:11629
MONDO_0001327	DOID:11629
MONDO:0001328	DOID:11633
MONDO_0001328	DOID:11633
MONDO:0001329	DOID:11637
MONDO_0001329	DOID:11637
MONDO:0001330	DOID:11638
MONDO_0001330	DOID:11638
MONDO:0001331	DOID:11653
MONDO_0001331	DOID:11653
MONDO:0001332	DOID:1166
MONDO_0001332	DOID:1166
MONDO:0001334	DOID:11669
MONDO_0001334	DOID:11669
MONDO:0001335	DOID:11671
MONDO_0001335	DOID:11671
MONDO:0001336	DOID:1168
MONDO_0001336	DOID:1168
MONDO:0001337	DOID:11685
MONDO_0001337	DOID:11685
MONDO:0001338	DOID:11693
MONDO_0001338	DOID:11693
MONDO:0001339	DOID:11695
MONDO_0001339	DOID:11695
MONDO:0001340	DOID:117
MONDO_0001340	DOID:117
MONDO:0001341	DOID:0060025
MONDO_0001341	DOID:0060025
MONDO:0001341	DOID:11701
MONDO_0001341	DOID:11701
MONDO:0001342	DOID:11702
MONDO_0001342	DOID:11702
MONDO:0001343	DOID:11705
MONDO_0001343	DOID:11705
MONDO:0001345	DOID:11718
MONDO_0001345	DOID:11718
MONDO:0001347	DOID:11727
MONDO_0001347	DOID:11727
MONDO:0001349	DOID:11736
MONDO_0001349	DOID:11736
MONDO:0001350	DOID:11746
MONDO_0001350	DOID:11746
MONDO:0001351	DOID:11747
MONDO_0001351	DOID:11747
MONDO:0001352	DOID:11748
MONDO_0001352	DOID:11748
MONDO:0001353	DOID:11750
MONDO_0001353	DOID:11750
MONDO:0001355	DOID:11754
MONDO_0001355	DOID:11754
MONDO:0001356	DOID:11758
MONDO_0001356	DOID:11758
MONDO:0001357	DOID:11759
MONDO_0001357	DOID:11759
MONDO:0001358	DOID:1176
MONDO_0001358	DOID:1176
MONDO:0001360	DOID:11766
MONDO_0001360	DOID:11766
MONDO:0001361	DOID:11771
MONDO_0001361	DOID:11771
MONDO:0001363	DOID:11776
MONDO_0001363	DOID:11776
MONDO:0001364	DOID:11781
MONDO_0001364	DOID:11781
MONDO:0001365	DOID:11783
MONDO_0001365	DOID:11783
MONDO:0001366	DOID:11786
MONDO_0001366	DOID:11786
MONDO:0001367	DOID:11787
MONDO_0001367	DOID:11787
MONDO:0001368	DOID:11793
MONDO_0001368	DOID:11793
MONDO:0001369	DOID:11797
MONDO_0001369	DOID:11797
MONDO:0001370	DOID:118
MONDO_0001370	DOID:118
MONDO:0001371	DOID:11801
MONDO_0001371	DOID:11801
MONDO:0001372	DOID:11809
MONDO_0001372	DOID:11809
MONDO:0001373	DOID:11811
MONDO_0001373	DOID:11811
MONDO:0001374	DOID:11812
MONDO_0001374	DOID:11812
MONDO:0001375	DOID:11813
MONDO_0001375	DOID:11813
MONDO:0001376	DOID:11814
MONDO_0001376	DOID:11814
MONDO:0001377	DOID:11816
MONDO_0001377	DOID:11816
MONDO:0001378	DOID:11817
MONDO_0001378	DOID:11817
MONDO:0001379	DOID:11818
MONDO_0001379	DOID:11818
MONDO:0001380	DOID:11820
MONDO_0001380	DOID:11820
MONDO:0001381	DOID:11821
MONDO_0001381	DOID:11821
MONDO:0001382	DOID:11823
MONDO_0001382	DOID:11823
MONDO:0001383	DOID:11829
MONDO_0001383	DOID:11829
MONDO:0001384	DOID:11830
MONDO_0001384	DOID:11830
MONDO:0001385	DOID:11831
MONDO_0001385	DOID:11831
MONDO:0001386	DOID:11832
MONDO_0001386	DOID:11832
MONDO:0001387	DOID:11838
MONDO_0001387	DOID:11838
MONDO:0001388	DOID:11839
MONDO_0001388	DOID:11839
MONDO:0001390	DOID:11850
MONDO_0001390	DOID:11850
MONDO:0001391	DOID:11851
MONDO_0001391	DOID:11851
MONDO:0001392	DOID:11853
MONDO_0001392	DOID:11853
MONDO:0001393	DOID:11864
MONDO_0001393	DOID:11864
MONDO:0001394	DOID:11868
MONDO_0001394	DOID:11868
MONDO:0001395	DOID:11871
MONDO_0001395	DOID:11871
MONDO:0001396	DOID:11874
MONDO_0001396	DOID:11874
MONDO:0001397	DOID:1188
MONDO_0001397	DOID:1188
MONDO:0001398	DOID:11885
MONDO_0001398	DOID:11885
MONDO:0001399	DOID:11887
MONDO_0001399	DOID:11887
MONDO:0001400	DOID:11888
MONDO_0001400	DOID:11888
MONDO:0001401	DOID:11889
MONDO_0001401	DOID:11889
MONDO:0001402	DOID:119
MONDO_0001402	DOID:119
MONDO:0001403	DOID:11905
MONDO_0001403	DOID:11905
MONDO:0001404	DOID:11907
MONDO_0001404	DOID:11907
MONDO:0001405	DOID:11917
MONDO_0001405	DOID:11917
MONDO:0001406	DOID:1192
MONDO_0001406	DOID:1192
MONDO:0001407	DOID:11920
MONDO_0001407	DOID:11920
MONDO:0001408	DOID:1195
MONDO_0001408	DOID:1195
MONDO:0001409	DOID:11963
MONDO_0001409	DOID:11963
MONDO:0001410	DOID:11968
MONDO_0001410	DOID:11968
MONDO:0001411	DOID:11971
MONDO_0001411	DOID:11971
MONDO:0001412	DOID:11988
MONDO_0001412	DOID:11988
MONDO:0001413	DOID:11990
MONDO_0001413	DOID:11990
MONDO:0001414	DOID:11991
MONDO_0001414	DOID:11991
MONDO:0001415	DOID:11994
MONDO_0001415	DOID:11994
MONDO:0001416	DOID:120
MONDO_0001416	DOID:120
MONDO:0001417	DOID:12001
MONDO_0001417	DOID:12001
MONDO:0001418	DOID:12002
MONDO_0001418	DOID:12002
MONDO:0001419	DOID:12003
MONDO_0001419	DOID:12003
MONDO:0001420	DOID:1201
MONDO_0001420	DOID:1201
MONDO:0001421	DOID:12016
MONDO_0001421	DOID:12016
MONDO:0001422	DOID:12028
MONDO_0001422	DOID:12028
MONDO:0001423	DOID:1203
MONDO_0001423	DOID:1203
MONDO:0001426	DOID:12064
MONDO_0001426	DOID:12064
MONDO:0001427	DOID:12070
MONDO_0001427	DOID:12070
MONDO:0001428	DOID:12072
MONDO_0001428	DOID:12072
MONDO:0001429	DOID:12084
MONDO_0001429	DOID:12084
MONDO:0001430	DOID:12087
MONDO_0001430	DOID:12087
MONDO:0001431	DOID:1209
MONDO_0001431	DOID:1209
MONDO:0001433	DOID:121
MONDO_0001433	DOID:121
MONDO:0001434	DOID:12105
MONDO_0001434	DOID:12105
MONDO:0001435	DOID:12108
MONDO_0001435	DOID:12108
MONDO:0001436	DOID:12119
MONDO_0001436	DOID:12119
MONDO:0001437	DOID:12120
MONDO_0001437	DOID:12120
MONDO:0001438	DOID:12123
MONDO_0001438	DOID:12123
MONDO:0001439	DOID:12124
MONDO_0001439	DOID:12124
MONDO:0001440	DOID:12125
MONDO_0001440	DOID:12125
MONDO:0001441	DOID:12128
MONDO_0001441	DOID:12128
MONDO:0001442	DOID:12139
MONDO_0001442	DOID:12139
MONDO:0001443	DOID:1214
MONDO_0001443	DOID:1214
MONDO:0001444	DOID:12140
MONDO_0001444	DOID:12140
MONDO:0001446	DOID:12144
MONDO_0001446	DOID:12144
MONDO:0001447	DOID:12145
MONDO_0001447	DOID:12145
MONDO:0001449	DOID:12155
MONDO_0001449	DOID:12155
MONDO:0001451	DOID:12161
MONDO_0001451	DOID:12161
MONDO:0001452	DOID:12162
MONDO_0001452	DOID:12162
MONDO:0001453	DOID:12163
MONDO_0001453	DOID:12163
MONDO:0001454	DOID:12164
MONDO_0001454	DOID:12164
MONDO:0001455	DOID:12165
MONDO_0001455	DOID:12165
MONDO:0001456	DOID:12166
MONDO_0001456	DOID:12166
MONDO:0001457	DOID:12167
MONDO_0001457	DOID:12167
MONDO:0001458	DOID:12168
MONDO_0001458	DOID:12168
MONDO:0001459	DOID:12171
MONDO_0001459	DOID:12171
MONDO:0001460	DOID:12175
MONDO_0001460	DOID:12175
MONDO:0001461	DOID:12179
MONDO_0001461	DOID:12179
MONDO:0001462	DOID:12190
MONDO_0001462	DOID:12190
MONDO:0001463	DOID:12191
MONDO_0001463	DOID:12191
MONDO:0001464	DOID:12192
MONDO_0001464	DOID:12192
MONDO:0001465	DOID:12196
MONDO_0001465	DOID:12196
MONDO:0001466	DOID:12197
MONDO_0001466	DOID:12197
MONDO:0001468	DOID:12225
MONDO_0001468	DOID:12225
MONDO:0001469	DOID:12234
MONDO_0001469	DOID:12234
MONDO:0001470	DOID:12239
MONDO_0001470	DOID:12239
MONDO:0001471	DOID:12246
MONDO_0001471	DOID:12246
MONDO:0001472	DOID:12253
MONDO_0001472	DOID:12253
MONDO:0001473	DOID:12257
MONDO_0001473	DOID:12257
MONDO:0001474	DOID:12265
MONDO_0001474	DOID:12265
MONDO:0001475	DOID:1227
MONDO_0001475	DOID:1227
MONDO:0001476	DOID:12270
MONDO_0001476	DOID:12270
MONDO:0001478	DOID:12273
MONDO_0001478	DOID:12273
MONDO:0001479	DOID:12275
MONDO_0001479	DOID:12275
MONDO:0001480	DOID:12276
MONDO_0001480	DOID:12276
MONDO:0001481	DOID:12282
MONDO_0001481	DOID:12282
MONDO:0001482	DOID:12286
MONDO_0001482	DOID:12286
MONDO:0001484	DOID:1229
MONDO_0001484	DOID:1229
MONDO:0001485	DOID:12294
MONDO_0001485	DOID:12294
MONDO:0001487	DOID:12298
MONDO_0001487	DOID:12298
MONDO:0001488	DOID:12307
MONDO_0001488	DOID:12307
MONDO:0001490	DOID:12318
MONDO_0001490	DOID:12318
MONDO:0001491	DOID:12323
MONDO_0001491	DOID:12323
MONDO:0001492	DOID:12325
MONDO_0001492	DOID:12325
MONDO:0001493	DOID:12326
MONDO_0001493	DOID:12326
MONDO:0001495	DOID:12332
MONDO_0001495	DOID:12332
MONDO:0001496	DOID:12333
MONDO_0001496	DOID:12333
MONDO:0001497	DOID:12335
MONDO_0001497	DOID:12335
MONDO:0001498	DOID:12337
MONDO_0001498	DOID:12337
MONDO:0001499	DOID:12339
MONDO_0001499	DOID:12339
MONDO:0001501	DOID:12341
MONDO_0001501	DOID:12341
MONDO:0001502	DOID:12342
MONDO_0001502	DOID:12342
MONDO:0001503	DOID:12349
MONDO_0001503	DOID:12349
MONDO:0001504	DOID:1235
MONDO_0001504	DOID:1235
MONDO:0001505	DOID:12351
MONDO_0001505	DOID:12351
MONDO:0001506	DOID:12355
MONDO_0001506	DOID:12355
MONDO:0001507	DOID:12357
MONDO_0001507	DOID:12357
MONDO:0001508	DOID:12358
MONDO_0001508	DOID:12358
MONDO:0001509	DOID:12359
MONDO_0001509	DOID:12359
MONDO:0001510	DOID:12360
MONDO_0001510	DOID:12360
MONDO:0001511	DOID:12362
MONDO_0001511	DOID:12362
MONDO:0001512	DOID:12363
MONDO_0001512	DOID:12363
MONDO:0001513	DOID:12364
MONDO_0001513	DOID:12364
MONDO:0001514	DOID:12369
MONDO_0001514	DOID:12369
MONDO:0001515	DOID:1237
MONDO_0001515	DOID:1237
MONDO:0001516	DOID:12377
MONDO_0001516	DOID:12377
MONDO:0001517	DOID:12384
MONDO_0001517	DOID:12384
MONDO:0001518	DOID:12395
MONDO_0001518	DOID:12395
MONDO:0001519	DOID:12397
MONDO_0001519	DOID:12397
MONDO:0001520	DOID:12400
MONDO_0001520	DOID:12400
MONDO:0001521	DOID:12401
MONDO_0001521	DOID:12401
MONDO:0001522	DOID:12402
MONDO_0001522	DOID:12402
MONDO:0001523	DOID:1241
MONDO_0001523	DOID:1241
MONDO:0001525	DOID:12424
MONDO_0001525	DOID:12424
MONDO:0001526	DOID:1243
MONDO_0001526	DOID:1243
MONDO:0001527	DOID:12445
MONDO_0001527	DOID:12445
MONDO:0001528	DOID:1245
MONDO_0001528	DOID:1245
MONDO:0001529	DOID:12450
MONDO_0001529	DOID:12450
MONDO:0001530	DOID:12465
MONDO_0001530	DOID:12465
MONDO:0001531	DOID:1247
MONDO_0001531	DOID:1247
MONDO:0001532	DOID:12474
MONDO_0001532	DOID:12474
MONDO:0001533	DOID:12475
MONDO_0001533	DOID:12475
MONDO:0001534	DOID:1248
MONDO_0001534	DOID:1248
MONDO:0001535	DOID:12491
MONDO_0001535	DOID:12491
MONDO:0001536	DOID:125
MONDO_0001536	DOID:125
MONDO:0001537	DOID:1251
MONDO_0001537	DOID:1251
MONDO:0001538	DOID:12510
MONDO_0001538	DOID:12510
MONDO:0001539	DOID:12514
MONDO_0001539	DOID:12514
MONDO:0001540	DOID:12522
MONDO_0001540	DOID:12522
MONDO:0001541	DOID:12524
MONDO_0001541	DOID:12524
MONDO:0001542	DOID:12527
MONDO_0001542	DOID:12527
MONDO:0001543	DOID:12528
MONDO_0001543	DOID:12528
MONDO:0001544	DOID:12529
MONDO_0001544	DOID:12529
MONDO:0001546	DOID:12537
MONDO_0001546	DOID:12537
MONDO:0001547	DOID:12546
MONDO_0001547	DOID:12546
MONDO:0001548	DOID:12550
MONDO_0001548	DOID:12550
MONDO:0001549	DOID:12554
MONDO_0001549	DOID:12554
MONDO:0001551	DOID:12566
MONDO_0001551	DOID:12566
MONDO:0001552	DOID:12568
MONDO_0001552	DOID:12568
MONDO:0001553	DOID:12570
MONDO_0001553	DOID:12570
MONDO:0001554	DOID:12571
MONDO_0001554	DOID:12571
MONDO:0001555	DOID:12573
MONDO_0001555	DOID:12573
MONDO:0001556	DOID:12577
MONDO_0001556	DOID:12577
MONDO:0001557	DOID:12581
MONDO_0001557	DOID:12581
MONDO:0001558	DOID:12594
MONDO_0001558	DOID:12594
MONDO:0001559	DOID:12637
MONDO_0001559	DOID:12637
MONDO:0001560	DOID:12638
MONDO_0001560	DOID:12638
MONDO:0001561	DOID:12639
MONDO_0001561	DOID:12639
MONDO:0001561	DOID:3122
MONDO_0001561	DOID:3122
MONDO:0001562	DOID:12641
MONDO_0001562	DOID:12641
MONDO:0001563	DOID:12657
MONDO_0001563	DOID:12657
MONDO:0001564	DOID:12667
MONDO_0001564	DOID:12667
MONDO:0001565	DOID:12668
MONDO_0001565	DOID:12668
MONDO:0001566	DOID:12678
MONDO_0001566	DOID:12678
MONDO:0001567	DOID:12679
MONDO_0001567	DOID:12679
MONDO:0001568	DOID:12685
MONDO_0001568	DOID:12685
MONDO:0001569	DOID:12689
MONDO_0001569	DOID:12689
MONDO:0001571	DOID:12698
MONDO_0001571	DOID:12698
MONDO:0001572	DOID:127
MONDO_0001572	DOID:127
MONDO:0001574	DOID:1271
MONDO_0001574	DOID:1271
MONDO:0001575	DOID:12718
MONDO_0001575	DOID:12718
MONDO:0001576	DOID:1272
MONDO_0001576	DOID:1272
MONDO:0001577	DOID:1273
MONDO_0001577	DOID:1273
MONDO:0001579	DOID:12753
MONDO_0001579	DOID:12753
MONDO:0001580	DOID:12756
MONDO_0001580	DOID:12756
MONDO:0001582	DOID:12782
MONDO_0001582	DOID:12782
MONDO:0001583	DOID:12785
MONDO_0001583	DOID:12785
MONDO:0001584	DOID:1279
MONDO_0001584	DOID:1279
MONDO:0001585	DOID:12797
MONDO_0001585	DOID:12797
MONDO:0001586	DOID:12802
MONDO_0001586	DOID:12802
MONDO:0001588	DOID:12809
MONDO_0001588	DOID:12809
MONDO:0001590	DOID:12835
MONDO_0001590	DOID:12835
MONDO:0001591	DOID:12836
MONDO_0001591	DOID:12836
MONDO:0001592	DOID:1284
MONDO_0001592	DOID:1284
MONDO:0001593	DOID:1285
MONDO_0001593	DOID:1285
MONDO:0001594	DOID:12857
MONDO_0001594	DOID:12857
MONDO:0001595	DOID:12859
MONDO_0001595	DOID:12859
MONDO:0001596	DOID:12883
MONDO_0001596	DOID:12883
MONDO:0001597	DOID:12897
MONDO_0001597	DOID:12897
MONDO:0001598	DOID:12899
MONDO_0001598	DOID:12899
MONDO:0001600	DOID:12904
MONDO_0001600	DOID:12904
MONDO:0001601	DOID:12919
MONDO_0001601	DOID:12919
MONDO:0001602	DOID:1293
MONDO_0001602	DOID:1293
MONDO:0001603	DOID:12958
MONDO_0001603	DOID:12958
MONDO:0001604	DOID:12959
MONDO_0001604	DOID:12959
MONDO:0001606	DOID:12969
MONDO_0001606	DOID:12969
MONDO:0001607	DOID:12972
MONDO_0001607	DOID:12972
MONDO:0001608	DOID:12984
MONDO_0001608	DOID:12984
MONDO:0001609	DOID:12987
MONDO_0001609	DOID:12987
MONDO:0001610	DOID:12996
MONDO_0001610	DOID:12996
MONDO:0001611	DOID:12997
MONDO_0001611	DOID:12997
MONDO:0001612	DOID:13001
MONDO_0001612	DOID:13001
MONDO:0001613	DOID:13003
MONDO_0001613	DOID:13003
MONDO:0001614	DOID:13005
MONDO_0001614	DOID:13005
MONDO:0001615	DOID:13014
MONDO_0001615	DOID:13014
MONDO:0001616	DOID:13026
MONDO_0001616	DOID:13026
MONDO:0001617	DOID:13027
MONDO_0001617	DOID:13027
MONDO:0001618	DOID:13031
MONDO_0001618	DOID:13031
MONDO:0001620	DOID:13035
MONDO_0001620	DOID:13035
MONDO:0001621	DOID:13036
MONDO_0001621	DOID:13036
MONDO:0001622	DOID:13037
MONDO_0001622	DOID:13037
MONDO:0001623	DOID:13038
MONDO_0001623	DOID:13038
MONDO:0001624	DOID:13046
MONDO_0001624	DOID:13046
MONDO:0001625	DOID:13050
MONDO_0001625	DOID:13050
MONDO:0001626	DOID:13060
MONDO_0001626	DOID:13060
MONDO:0001627	DOID:1307
MONDO_0001627	DOID:1307
MONDO:0001628	DOID:13074
MONDO_0001628	DOID:13074
MONDO:0001629	DOID:13080
MONDO_0001629	DOID:13080
MONDO:0001630	DOID:13094
MONDO_0001630	DOID:13094
MONDO:0001631	DOID:13095
MONDO_0001631	DOID:13095
MONDO:0001632	DOID:13097
MONDO_0001632	DOID:13097
MONDO:0001633	DOID:13098
MONDO_0001633	DOID:13098
MONDO:0001634	DOID:13109
MONDO_0001634	DOID:13109
MONDO:0001635	DOID:13110
MONDO_0001635	DOID:13110
MONDO:0001636	DOID:13112
MONDO_0001636	DOID:13112
MONDO:0001637	DOID:13113
MONDO_0001637	DOID:13113
MONDO:0001638	DOID:13120
MONDO_0001638	DOID:13120
MONDO:0001639	DOID:13121
MONDO_0001639	DOID:13121
MONDO:0001640	DOID:13127
MONDO_0001640	DOID:13127
MONDO:0001641	DOID:13129
MONDO_0001641	DOID:13129
MONDO:0001642	DOID:13134
MONDO_0001642	DOID:13134
MONDO:0001643	DOID:13135
MONDO_0001643	DOID:13135
MONDO:0001644	DOID:13138
MONDO_0001644	DOID:13138
MONDO:0001645	DOID:13139
MONDO_0001645	DOID:13139
MONDO:0001646	DOID:13143
MONDO_0001646	DOID:13143
MONDO:0001647	DOID:13145
MONDO_0001647	DOID:13145
MONDO:0001648	DOID:13146
MONDO_0001648	DOID:13146
MONDO:0001649	DOID:13147
MONDO_0001649	DOID:13147
MONDO:0001650	DOID:13148
MONDO_0001650	DOID:13148
MONDO:0001651	DOID:13159
MONDO_0001651	DOID:13159
MONDO:0001652	DOID:13160
MONDO_0001652	DOID:13160
MONDO:0001653	DOID:13168
MONDO_0001653	DOID:13168
MONDO:0001654	DOID:13169
MONDO_0001654	DOID:13169
MONDO:0001655	DOID:13174
MONDO_0001655	DOID:13174
MONDO:0001656	DOID:13186
MONDO_0001656	DOID:13186
MONDO:0001657	DOID:1319
MONDO_0001657	DOID:1319
MONDO:0001658	DOID:13195
MONDO_0001658	DOID:13195
MONDO:0001660	DOID:13207
MONDO_0001660	DOID:13207
MONDO:0001661	DOID:13208
MONDO_0001661	DOID:13208
MONDO:0001663	DOID:13214
MONDO_0001663	DOID:13214
MONDO:0001664	DOID:13222
MONDO_0001664	DOID:13222
MONDO:0001665	DOID:13226
MONDO_0001665	DOID:13226
MONDO:0001666	DOID:13227
MONDO_0001666	DOID:13227
MONDO:0001668	DOID:13239
MONDO_0001668	DOID:13239
MONDO:0001670	DOID:13240
MONDO_0001670	DOID:13240
MONDO:0001671	DOID:13248
MONDO_0001671	DOID:13248
MONDO:0001672	DOID:1325
MONDO_0001672	DOID:1325
MONDO:0001673	DOID:13250
MONDO_0001673	DOID:13250
MONDO:0001674	DOID:13254
MONDO_0001674	DOID:13254
MONDO:0001676	DOID:13270
MONDO_0001676	DOID:13270
MONDO:0001678	DOID:13282
MONDO_0001678	DOID:13282
MONDO:0001680	DOID:133
MONDO_0001680	DOID:133
MONDO:0001681	DOID:13306
MONDO_0001681	DOID:13306
MONDO:0001682	DOID:13310
MONDO_0001682	DOID:13310
MONDO:0001683	DOID:13313
MONDO_0001683	DOID:13313
MONDO:0001684	DOID:13316
MONDO_0001684	DOID:13316
MONDO:0001685	DOID:13326
MONDO_0001685	DOID:13326
MONDO:0001686	DOID:13327
MONDO_0001686	DOID:13327
MONDO:0001687	DOID:13328
MONDO_0001687	DOID:13328
MONDO:0001688	DOID:13329
MONDO_0001688	DOID:13329
MONDO:0001689	DOID:13333
MONDO_0001689	DOID:13333
MONDO:0001690	DOID:13341
MONDO_0001690	DOID:13341
MONDO:0001691	DOID:13348
MONDO_0001691	DOID:13348
MONDO:0001692	DOID:13351
MONDO_0001692	DOID:13351
MONDO:0001694	DOID:13353
MONDO_0001694	DOID:13353
MONDO:0001695	DOID:13356
MONDO_0001695	DOID:13356
MONDO:0001697	DOID:13365
MONDO_0001697	DOID:13365
MONDO:0001698	DOID:13368
MONDO_0001698	DOID:13368
MONDO:0001699	DOID:13369
MONDO_0001699	DOID:13369
MONDO:0001700	DOID:13382
MONDO_0001700	DOID:13382
MONDO:0001701	DOID:13386
MONDO_0001701	DOID:13386
MONDO:0001702	DOID:13389
MONDO_0001702	DOID:13389
MONDO:0001703	DOID:13399
MONDO_0001703	DOID:13399
MONDO:0001704	DOID:134
MONDO_0001704	DOID:134
MONDO:0001705	DOID:1340
MONDO_0001705	DOID:1340
MONDO:0001706	DOID:13403
MONDO_0001706	DOID:13403
MONDO:0001707	DOID:13405
MONDO_0001707	DOID:13405
MONDO:0001708	DOID:13406
MONDO_0001708	DOID:13406
MONDO:0001709	DOID:13407
MONDO_0001709	DOID:13407
MONDO:0001710	DOID:13409
MONDO_0001710	DOID:13409
MONDO:0001711	DOID:13413
MONDO_0001711	DOID:13413
MONDO:0001712	DOID:13417
MONDO_0001712	DOID:13417
MONDO:0001713	DOID:1342
MONDO_0001713	DOID:1342
MONDO:0001714	DOID:13431
MONDO_0001714	DOID:13431
MONDO:0001715	DOID:13446
MONDO_0001715	DOID:13446
MONDO:0001716	DOID:13447
MONDO_0001716	DOID:13447
MONDO:0001717	DOID:13448
MONDO_0001717	DOID:13448
MONDO:0001718	DOID:13452
MONDO_0001718	DOID:13452
MONDO:0001719	DOID:13453
MONDO_0001719	DOID:13453
MONDO:0001720	DOID:13454
MONDO_0001720	DOID:13454
MONDO:0001721	DOID:13461
MONDO_0001721	DOID:13461
MONDO:0001722	DOID:13473
MONDO_0001722	DOID:13473
MONDO:0001723	DOID:13474
MONDO_0001723	DOID:13474
MONDO:0001724	DOID:13476
MONDO_0001724	DOID:13476
MONDO:0001725	DOID:13477
MONDO_0001725	DOID:13477
MONDO:0001727	DOID:13490
MONDO_0001727	DOID:13490
MONDO:0001728	DOID:13491
MONDO_0001728	DOID:13491
MONDO:0001729	DOID:13492
MONDO_0001729	DOID:13492
MONDO:0001730	DOID:13498
MONDO_0001730	DOID:13498
MONDO:0001731	DOID:135
MONDO_0001731	DOID:135
MONDO:0001732	DOID:13507
MONDO_0001732	DOID:13507
MONDO:0001733	DOID:13514
MONDO_0001733	DOID:13514
MONDO:0001734	DOID:13515
MONDO_0001734	DOID:13515
MONDO:0001735	DOID:1352
MONDO_0001735	DOID:1352
MONDO:0001736	DOID:13520
MONDO_0001736	DOID:13520
MONDO:0001737	DOID:13521
MONDO_0001737	DOID:13521
MONDO:0001739	DOID:13534
MONDO_0001739	DOID:13534
MONDO:0001740	DOID:13538
MONDO_0001740	DOID:13538
MONDO:0001741	DOID:13543
MONDO_0001741	DOID:13543
MONDO:0001742	DOID:13549
MONDO_0001742	DOID:13549
MONDO:0001743	DOID:1355
MONDO_0001743	DOID:1355
MONDO:0001744	DOID:13550
MONDO_0001744	DOID:13550
MONDO:0001745	DOID:13560
MONDO_0001745	DOID:13560
MONDO:0001746	DOID:13561
MONDO_0001746	DOID:13561
MONDO:0001747	DOID:13566
MONDO_0001747	DOID:13566
MONDO:0001748	DOID:1357
MONDO_0001748	DOID:1357
MONDO:0001749	DOID:13574
MONDO_0001749	DOID:13574
MONDO:0001750	DOID:13575
MONDO_0001750	DOID:13575
MONDO:0001751	DOID:13580
MONDO_0001751	DOID:13580
MONDO:0001752	DOID:13585
MONDO_0001752	DOID:13585
MONDO:0001753	DOID:13589
MONDO_0001753	DOID:13589
MONDO:0001754	DOID:13593
MONDO_0001754	DOID:13593
MONDO:0001756	DOID:1360
MONDO_0001756	DOID:1360
MONDO:0001757	DOID:1361
MONDO_0001757	DOID:1361
MONDO:0001758	DOID:1362
MONDO_0001758	DOID:1362
MONDO:0001760	DOID:13626
MONDO_0001760	DOID:13626
MONDO:0001761	DOID:13628
MONDO_0001761	DOID:13628
MONDO:0001762	DOID:13629
MONDO_0001762	DOID:13629
MONDO:0001763	DOID:1363
MONDO_0001763	DOID:1363
MONDO:0001764	DOID:1364
MONDO_0001764	DOID:1364
MONDO:0001765	DOID:13649
MONDO_0001765	DOID:13649
MONDO:0001766	DOID:13651
MONDO_0001766	DOID:13651
MONDO:0001767	DOID:13653
MONDO_0001767	DOID:13653
MONDO:0001768	DOID:13654
MONDO_0001768	DOID:13654
MONDO:0001769	DOID:13655
MONDO_0001769	DOID:13655
MONDO:0001770	DOID:13656
MONDO_0001770	DOID:13656
MONDO:0001771	DOID:13658
MONDO_0001771	DOID:13658
MONDO:0001772	DOID:13662
MONDO_0001772	DOID:13662
MONDO:0001773	DOID:13664
MONDO_0001773	DOID:13664
MONDO:0001774	DOID:13676
MONDO_0001774	DOID:13676
MONDO:0001775	DOID:13687
MONDO_0001775	DOID:13687
MONDO:0001776	DOID:13689
MONDO_0001776	DOID:13689
MONDO:0001777	DOID:13690
MONDO_0001777	DOID:13690
MONDO:0001778	DOID:13691
MONDO_0001778	DOID:13691
MONDO:0001779	DOID:137
MONDO_0001779	DOID:137
MONDO:0001780	DOID:13709
MONDO_0001780	DOID:13709
MONDO:0001781	DOID:1371
MONDO_0001781	DOID:1371
MONDO:0001782	DOID:13717
MONDO_0001782	DOID:13717
MONDO:0001783	DOID:1373
MONDO_0001783	DOID:1373
MONDO:0001784	DOID:13730
MONDO_0001784	DOID:13730
MONDO:0001785	DOID:13731
MONDO_0001785	DOID:13731
MONDO:0001786	DOID:13736
MONDO_0001786	DOID:13736
MONDO:0001787	DOID:13738
MONDO_0001787	DOID:13738
MONDO:0001788	DOID:13739
MONDO_0001788	DOID:13739
MONDO:0001789	DOID:13742
MONDO_0001789	DOID:13742
MONDO:0001790	DOID:13743
MONDO_0001790	DOID:13743
MONDO:0001791	DOID:1375
MONDO_0001791	DOID:1375
MONDO:0001792	DOID:13756
MONDO_0001792	DOID:13756
MONDO:0001793	DOID:13757
MONDO_0001793	DOID:13757
MONDO:0001794	DOID:13760
MONDO_0001794	DOID:13760
MONDO:0001795	DOID:13775
MONDO_0001795	DOID:13775
MONDO:0001797	DOID:13778
MONDO_0001797	DOID:13778
MONDO:0001798	DOID:13781
MONDO_0001798	DOID:13781
MONDO:0001799	DOID:13787
MONDO_0001799	DOID:13787
MONDO:0001800	DOID:13788
MONDO_0001800	DOID:13788
MONDO:0001801	DOID:13789
MONDO_0001801	DOID:13789
MONDO:0001802	DOID:13790
MONDO_0001802	DOID:13790
MONDO:0001803	DOID:13791
MONDO_0001803	DOID:13791
MONDO:0001804	DOID:13794
MONDO_0001804	DOID:13794
MONDO:0001805	DOID:13799
MONDO_0001805	DOID:13799
MONDO:0001806	DOID:138
MONDO_0001806	DOID:138
MONDO:0001808	DOID:13811
MONDO_0001808	DOID:13811
MONDO:0001809	DOID:13812
MONDO_0001809	DOID:13812
MONDO:0001810	DOID:13814
MONDO_0001810	DOID:13814
MONDO:0001811	DOID:13822
MONDO_0001811	DOID:13822
MONDO:0001812	DOID:13823
MONDO_0001812	DOID:13823
MONDO:0001813	DOID:13825
MONDO_0001813	DOID:13825
MONDO:0001815	DOID:13839
MONDO_0001815	DOID:13839
MONDO:0001816	DOID:13861
MONDO_0001816	DOID:13861
MONDO:0001817	DOID:13862
MONDO_0001817	DOID:13862
MONDO:0001818	DOID:13865
MONDO_0001818	DOID:13865
MONDO:0001819	DOID:13866
MONDO_0001819	DOID:13866
MONDO:0001820	DOID:13867
MONDO_0001820	DOID:13867
MONDO:0001821	DOID:13868
MONDO_0001821	DOID:13868
MONDO:0001822	DOID:1387
MONDO_0001822	DOID:1387
MONDO:0001823	DOID:13884
MONDO_0001823	DOID:13884
MONDO:0001824	DOID:1389
MONDO_0001824	DOID:1389
MONDO:0001825	DOID:139
MONDO_0001825	DOID:139
MONDO:0001827	DOID:13902
MONDO_0001827	DOID:13902
MONDO:0001828	DOID:13912
MONDO_0001828	DOID:13912
MONDO:0001829	DOID:13913
MONDO_0001829	DOID:13913
MONDO:0001830	DOID:13918
MONDO_0001830	DOID:13918
MONDO:0001831	DOID:13919
MONDO_0001831	DOID:13919
MONDO:0001832	DOID:13921
MONDO_0001832	DOID:13921
MONDO:0001833	DOID:13929
MONDO_0001833	DOID:13929
MONDO:0001834	DOID:1393
MONDO_0001834	DOID:1393
MONDO:0001835	DOID:13934
MONDO_0001835	DOID:13934
MONDO:0001836	DOID:13938
MONDO_0001836	DOID:13938
MONDO:0001837	DOID:13942
MONDO_0001837	DOID:13942
MONDO:0001838	DOID:13943
MONDO_0001838	DOID:13943
MONDO:0001841	DOID:13951
MONDO_0001841	DOID:13951
MONDO:0001842	DOID:13953
MONDO_0001842	DOID:13953
MONDO:0001843	DOID:13955
MONDO_0001843	DOID:13955
MONDO:0001844	DOID:13956
MONDO_0001844	DOID:13956
MONDO:0001845	DOID:13957
MONDO_0001845	DOID:13957
MONDO:0001846	DOID:13958
MONDO_0001846	DOID:13958
MONDO:0001847	DOID:13963
MONDO_0001847	DOID:13963
MONDO:0001848	DOID:13964
MONDO_0001848	DOID:13964
MONDO:0001849	DOID:1397
MONDO_0001849	DOID:1397
MONDO:0001850	DOID:13972
MONDO_0001850	DOID:13972
MONDO:0001851	DOID:1399
MONDO_0001851	DOID:1399
MONDO:0001852	DOID:13996
MONDO_0001852	DOID:13996
MONDO:0001853	DOID:13999
MONDO_0001853	DOID:13999
MONDO:0001854	DOID:1400
MONDO_0001854	DOID:1400
MONDO:0001855	DOID:14000
MONDO_0001855	DOID:14000
MONDO:0001856	DOID:14006
MONDO_0001856	DOID:14006
MONDO:0001857	DOID:14019
MONDO_0001857	DOID:14019
MONDO:0001858	DOID:14021
MONDO_0001858	DOID:14021
MONDO:0001860	DOID:14026
MONDO_0001860	DOID:14026
MONDO:0001861	DOID:14032
MONDO_0001861	DOID:14032
MONDO:0001862	DOID:14033
MONDO_0001862	DOID:14033
MONDO:0001863	DOID:14037
MONDO_0001863	DOID:14037
MONDO:0001864	DOID:1404
MONDO_0001864	DOID:1404
MONDO:0001866	DOID:14042
MONDO_0001866	DOID:14042
MONDO:0001867	DOID:14049
MONDO_0001867	DOID:14049
MONDO:0001868	DOID:1405
MONDO_0001868	DOID:1405
MONDO:0001869	DOID:14059
MONDO_0001869	DOID:14059
MONDO:0001870	DOID:14064
MONDO_0001870	DOID:14064
MONDO:0001871	DOID:14066
MONDO_0001871	DOID:14066
MONDO:0001873	DOID:14075
MONDO_0001873	DOID:14075
MONDO:0001874	DOID:14081
MONDO_0001874	DOID:14081
MONDO:0001875	DOID:14087
MONDO_0001875	DOID:14087
MONDO:0001876	DOID:14092
MONDO_0001876	DOID:14092
MONDO:0001877	DOID:14096
MONDO_0001877	DOID:14096
MONDO:0001878	DOID:14099
MONDO_0001878	DOID:14099
MONDO:0001879	DOID:14110
MONDO_0001879	DOID:14110
MONDO:0001880	DOID:14111
MONDO_0001880	DOID:14111
MONDO:0001881	DOID:14115
MONDO_0001881	DOID:14115
MONDO:0001882	DOID:1412
MONDO_0001882	DOID:1412
MONDO:0001883	DOID:14121
MONDO_0001883	DOID:14121
MONDO:0001884	DOID:14125
MONDO_0001884	DOID:14125
MONDO:0001885	DOID:14130
MONDO_0001885	DOID:14130
MONDO:0001886	DOID:14131
MONDO_0001886	DOID:14131
MONDO:0001887	DOID:14133
MONDO_0001887	DOID:14133
MONDO:0001888	DOID:14139
MONDO_0001888	DOID:14139
MONDO:0001889	DOID:1414
MONDO_0001889	DOID:1414
MONDO:0001890	DOID:14140
MONDO_0001890	DOID:14140
MONDO:0001892	DOID:14150
MONDO_0001892	DOID:14150
MONDO:0001893	DOID:14151
MONDO_0001893	DOID:14151
MONDO:0001894	DOID:14152
MONDO_0001894	DOID:14152
MONDO:0001895	DOID:14155
MONDO_0001895	DOID:14155
MONDO:0001896	DOID:14159
MONDO_0001896	DOID:14159
MONDO:0001897	DOID:14165
MONDO_0001897	DOID:14165
MONDO:0001898	DOID:1417
MONDO_0001898	DOID:1417
MONDO:0001899	DOID:14172
MONDO_0001899	DOID:14172
MONDO:0001901	DOID:14176
MONDO_0001901	DOID:14176
MONDO:0001902	DOID:14177
MONDO_0001902	DOID:14177
MONDO:0001903	DOID:14181
MONDO_0001903	DOID:14181
MONDO:0001904	DOID:14184
MONDO_0001904	DOID:14184
MONDO:0001905	DOID:14192
MONDO_0001905	DOID:14192
MONDO:0001906	DOID:14199
MONDO_0001906	DOID:14199
MONDO:0001907	DOID:14202
MONDO_0001907	DOID:14202
MONDO:0001909	DOID:14219
MONDO_0001909	DOID:14219
MONDO:0001910	DOID:14223
MONDO_0001910	DOID:14223
MONDO:0001911	DOID:14224
MONDO_0001911	DOID:14224
MONDO:0001912	DOID:14225
MONDO_0001912	DOID:14225
MONDO:0001913	DOID:14228
MONDO_0001913	DOID:14228
MONDO:0001914	DOID:14230
MONDO_0001914	DOID:14230
MONDO:0001915	DOID:14233
MONDO_0001915	DOID:14233
MONDO:0001916	DOID:14239
MONDO_0001916	DOID:14239
MONDO:0001917	DOID:14243
MONDO_0001917	DOID:14243
MONDO:0001918	DOID:14244
MONDO_0001918	DOID:14244
MONDO:0001919	DOID:14245
MONDO_0001919	DOID:14245
MONDO:0001920	DOID:14247
MONDO_0001920	DOID:14247
MONDO:0001921	DOID:14248
MONDO_0001921	DOID:14248
MONDO:0001922	DOID:1425
MONDO_0001922	DOID:1425
MONDO:0001923	DOID:14251
MONDO_0001923	DOID:14251
MONDO:0001924	DOID:14252
MONDO_0001924	DOID:14252
MONDO:0001925	DOID:14253
MONDO_0001925	DOID:14253
MONDO:0001926	DOID:1426
MONDO_0001926	DOID:1426
MONDO:0001927	DOID:14265
MONDO_0001927	DOID:14265
MONDO:0001928	DOID:14269
MONDO_0001928	DOID:14269
MONDO:0001929	DOID:14270
MONDO_0001929	DOID:14270
MONDO:0001930	DOID:14271
MONDO_0001930	DOID:14271
MONDO:0001931	DOID:14272
MONDO_0001931	DOID:14272
MONDO:0001933	DOID:1428
MONDO_0001933	DOID:1428
MONDO:0001935	DOID:14286
MONDO_0001935	DOID:14286
MONDO:0001936	DOID:14287
MONDO_0001936	DOID:14287
MONDO:0001938	DOID:14292
MONDO_0001938	DOID:14292
MONDO:0001939	DOID:14308
MONDO_0001939	DOID:14308
MONDO:0001940	DOID:14319
MONDO_0001940	DOID:14319
MONDO:0001941	DOID:1432
MONDO_0001941	DOID:1432
MONDO:0001942	DOID:14320
MONDO_0001942	DOID:14320
MONDO:0001943	DOID:14324
MONDO_0001943	DOID:14324
MONDO:0001944	DOID:14325
MONDO_0001944	DOID:14325
MONDO:0001945	DOID:14332
MONDO_0001945	DOID:14332
MONDO:0001947	DOID:14350
MONDO_0001947	DOID:14350
MONDO:0001949	DOID:14353
MONDO_0001949	DOID:14353
MONDO:0001950	DOID:1436
MONDO_0001950	DOID:1436
MONDO:0001951	DOID:14374
MONDO_0001951	DOID:14374
MONDO:0001952	DOID:14384
MONDO_0001952	DOID:14384
MONDO:0001953	DOID:1439
MONDO_0001953	DOID:1439
MONDO:0001954	DOID:14392
MONDO_0001954	DOID:14392
MONDO:0001955	DOID:14397
MONDO_0001955	DOID:14397
MONDO:0001956	DOID:14400
MONDO_0001956	DOID:14400
MONDO:0001957	DOID:14402
MONDO_0001957	DOID:14402
MONDO:0001959	DOID:14413
MONDO_0001959	DOID:14413
MONDO:0001962	DOID:14427
MONDO_0001962	DOID:14427
MONDO:0001964	DOID:14435
MONDO_0001964	DOID:14435
MONDO:0001965	DOID:14444
MONDO_0001965	DOID:14444
MONDO:0001966	DOID:14445
MONDO_0001966	DOID:14445
MONDO:0001967	DOID:14447
MONDO_0001967	DOID:14447
MONDO:0001969	DOID:14449
MONDO_0001969	DOID:14449
MONDO:0001971	DOID:14453
MONDO_0001971	DOID:14453
MONDO:0001972	DOID:14456
MONDO_0001972	DOID:14456
MONDO:0001973	DOID:14457
MONDO_0001973	DOID:14457
MONDO:0001974	DOID:14459
MONDO_0001974	DOID:14459
MONDO:0001975	DOID:14463
MONDO_0001975	DOID:14463
MONDO:0001976	DOID:14483
MONDO_0001976	DOID:14483
MONDO:0001977	DOID:14489
MONDO_0001977	DOID:14489
MONDO:0001978	DOID:14491
MONDO_0001978	DOID:14491
MONDO:0001979	DOID:14495
MONDO_0001979	DOID:14495
MONDO:0001982	DOID:14504
MONDO_0001982	DOID:14504
MONDO:0001983	DOID:14507
MONDO_0001983	DOID:14507
MONDO:0001984	DOID:14512
MONDO_0001984	DOID:14512
MONDO:0001985	DOID:14522
MONDO_0001985	DOID:14522
MONDO:0001986	DOID:14523
MONDO_0001986	DOID:14523
MONDO:0001987	DOID:14524
MONDO_0001987	DOID:14524
MONDO:0001988	DOID:14529
MONDO_0001988	DOID:14529
MONDO:0001989	DOID:1453
MONDO_0001989	DOID:1453
MONDO:0001990	DOID:14534
MONDO_0001990	DOID:14534
MONDO:0001991	DOID:14535
MONDO_0001991	DOID:14535
MONDO:0001992	DOID:14544
MONDO_0001992	DOID:14544
MONDO:0001993	DOID:14545
MONDO_0001993	DOID:14545
MONDO:0001994	DOID:14546
MONDO_0001994	DOID:14546
MONDO:0001995	DOID:14547
MONDO_0001995	DOID:14547
MONDO:0001996	DOID:14548
MONDO_0001996	DOID:14548
MONDO:0001997	DOID:14550
MONDO_0001997	DOID:14550
MONDO:0001998	DOID:14555
MONDO_0001998	DOID:14555
MONDO:0001999	DOID:14557
MONDO_0001999	DOID:14557
MONDO:0002000	DOID:14559
MONDO_0002000	DOID:14559
MONDO:0002002	DOID:1458
MONDO_0002002	DOID:1458
MONDO:0002004	DOID:1460
MONDO_0002004	DOID:1460
MONDO:0002006	DOID:1467
MONDO_0002006	DOID:1467
MONDO:0002008	DOID:1468
MONDO_0002008	DOID:1468
MONDO:0002008	DOID:3930
MONDO_0002008	DOID:3930
MONDO:0002009	DOID:1470
MONDO_0002009	DOID:1470
MONDO:0002010	DOID:14711
MONDO_0002010	DOID:14711
MONDO:0002012	DOID:14749
MONDO_0002012	DOID:14749
MONDO:0002013	DOID:1475
MONDO_0002013	DOID:1475
MONDO:0002014	DOID:14759
MONDO_0002014	DOID:14759
MONDO:0002017	DOID:14784
MONDO_0002017	DOID:14784
MONDO:0002021	DOID:1483
MONDO_0002021	DOID:1483
MONDO:0002022	DOID:1492
MONDO_0002022	DOID:1492
MONDO:0002025	DOID:150
MONDO_0002025	DOID:150
MONDO:0002026	DOID:1508
MONDO_0002026	DOID:1508
MONDO:0002027	DOID:1509
MONDO_0002027	DOID:1509
MONDO:0002028	DOID:1510
MONDO_0002028	DOID:1510
MONDO:0002029	DOID:1512
MONDO_0002029	DOID:1512
MONDO:0002030	DOID:1513
MONDO_0002030	DOID:1513
MONDO:0002031	DOID:1518
MONDO_0002031	DOID:1518
MONDO:0002032	DOID:1520
MONDO_0002032	DOID:1520
MONDO:0002033	DOID:1521
MONDO_0002033	DOID:1521
MONDO:0002034	DOID:1522
MONDO_0002034	DOID:1522
MONDO:0002035	DOID:1523
MONDO_0002035	DOID:1523
MONDO:0002036	DOID:1529
MONDO_0002036	DOID:1529
MONDO:0002037	DOID:1532
MONDO_0002037	DOID:1532
MONDO:0002038	DOID:1542
MONDO_0002038	DOID:1542
MONDO:0002039	DOID:1561
MONDO_0002039	DOID:1561
MONDO:0002040	DOID:1563
MONDO_0002040	DOID:1563
MONDO:0002041	DOID:1564
MONDO_0002041	DOID:1564
MONDO:0002042	DOID:1569
MONDO_0002042	DOID:1569
MONDO:0002043	DOID:1570
MONDO_0002043	DOID:1570
MONDO:0002044	DOID:1571
MONDO_0002044	DOID:1571
MONDO:0002045	DOID:1573
MONDO_0002045	DOID:1573
MONDO:0002046	DOID:1574
MONDO_0002046	DOID:1574
MONDO:0002047	DOID:1578
MONDO_0002047	DOID:1578
MONDO:0002048	DOID:1587
MONDO_0002048	DOID:1587
MONDO:0002049	DOID:1588
MONDO_0002049	DOID:1588
MONDO:0002050	DOID:1596
MONDO_0002050	DOID:1596
MONDO:0002051	DOID:16
MONDO_0002051	DOID:16
MONDO:0002052	DOID:1602
MONDO_0002052	DOID:1602
MONDO:0002055	DOID:1616
MONDO_0002055	DOID:1616
MONDO:0002056	DOID:1618
MONDO_0002056	DOID:1618
MONDO:0002057	DOID:1623
MONDO_0002057	DOID:1623
MONDO:0002058	DOID:1625
MONDO_0002058	DOID:1625
MONDO:0002060	DOID:1627
MONDO_0002060	DOID:1627
MONDO:0002061	DOID:1628
MONDO_0002061	DOID:1628
MONDO:0002062	DOID:1629
MONDO_0002062	DOID:1629
MONDO:0002064	DOID:1637
MONDO_0002064	DOID:1637
MONDO:0002065	DOID:1641
MONDO_0002065	DOID:1641
MONDO:0002066	DOID:1642
MONDO_0002066	DOID:1642
MONDO:0002067	DOID:1647
MONDO_0002067	DOID:1647
MONDO:0002068	DOID:1649
MONDO_0002068	DOID:1649
MONDO:0002069	DOID:1650
MONDO_0002069	DOID:1650
MONDO:0002070	DOID:1657
MONDO_0002070	DOID:1657
MONDO:0002071	DOID:1659
MONDO_0002071	DOID:1659
MONDO:0002072	DOID:166
MONDO_0002072	DOID:166
MONDO:0002073	DOID:1660
MONDO_0002073	DOID:1660
MONDO:0002074	DOID:1670
MONDO_0002074	DOID:1670
MONDO:0002075	DOID:1672
MONDO_0002075	DOID:1672
MONDO:0002076	DOID:1673
MONDO_0002076	DOID:1673
MONDO:0002077	DOID:1677
MONDO_0002077	DOID:1677
MONDO:0002078	DOID:1681
MONDO_0002078	DOID:1681
MONDO:0002081	DOID:17
MONDO_0002081	DOID:17
MONDO:0002083	DOID:1703
MONDO_0002083	DOID:1703
MONDO:0002085	DOID:1713
MONDO_0002085	DOID:1713
MONDO:0002086	DOID:172
MONDO_0002086	DOID:172
MONDO:0002087	DOID:1725
MONDO_0002087	DOID:1725
MONDO:0002088	DOID:1726
MONDO_0002088	DOID:1726
MONDO:0002089	DOID:1729
MONDO_0002089	DOID:1729
MONDO:0002090	DOID:173
MONDO_0002090	DOID:173
MONDO:0002092	DOID:1738
MONDO_0002092	DOID:1738
MONDO:0002093	DOID:174
MONDO_0002093	DOID:174
MONDO:0002095	DOID:175
MONDO_0002095	DOID:175
MONDO:0002096	DOID:1751
MONDO_0002096	DOID:1751
MONDO:0002098	DOID:1756
MONDO_0002098	DOID:1756
MONDO:0002099	DOID:1759
MONDO_0002099	DOID:1759
MONDO:0002100	DOID:176
MONDO_0002100	DOID:176
MONDO:0002101	DOID:1760
MONDO_0002101	DOID:1760
MONDO:0002102	DOID:1762
MONDO_0002102	DOID:1762
MONDO:0002103	DOID:1766
MONDO_0002103	DOID:1766
MONDO:0002104	DOID:1768
MONDO_0002104	DOID:1768
MONDO:0002105	DOID:1770
MONDO_0002105	DOID:1770
MONDO:0002106	DOID:1776
MONDO_0002106	DOID:1776
MONDO:0002107	DOID:1777
MONDO_0002107	DOID:1777
MONDO:0002108	DOID:1781
MONDO_0002108	DOID:1781
MONDO:0002109	DOID:1785
MONDO_0002109	DOID:1785
MONDO:0002110	DOID:1786
MONDO_0002110	DOID:1786
MONDO:0002112	DOID:1789
MONDO_0002112	DOID:1789
MONDO:0002113	DOID:1791
MONDO_0002113	DOID:1791
MONDO:0002114	DOID:1792
MONDO_0002114	DOID:1792
MONDO:0002116	DOID:1795
MONDO_0002116	DOID:1795
MONDO:0002117	DOID:1796
MONDO_0002117	DOID:1796
MONDO:0002118	DOID:18
MONDO_0002118	DOID:18
MONDO:0002119	DOID:180
MONDO_0002119	DOID:180
MONDO:0002120	DOID:1800
MONDO_0002120	DOID:1800
MONDO:0002121	DOID:1802
MONDO_0002121	DOID:1802
MONDO:0002122	DOID:1803
MONDO_0002122	DOID:1803
MONDO:0002123	DOID:182
MONDO_0002123	DOID:182
MONDO:0002124	DOID:1822
MONDO_0002124	DOID:1822
MONDO:0002127	DOID:1829
MONDO_0002127	DOID:1829
MONDO:0002128	DOID:1835
MONDO_0002128	DOID:1835
MONDO:0002129	DOID:184
MONDO_0002129	DOID:184
MONDO:0002130	DOID:1844
MONDO_0002130	DOID:1844
MONDO:0002131	DOID:1862
MONDO_0002131	DOID:1862
MONDO:0002132	DOID:1863
MONDO_0002132	DOID:1863
MONDO:0002133	DOID:1869
MONDO_0002133	DOID:1869
MONDO:0002134	DOID:1876
MONDO_0002134	DOID:1876
MONDO:0002135	DOID:1891
MONDO_0002135	DOID:1891
MONDO:0002136	DOID:1893
MONDO_0002136	DOID:1893
MONDO:0002137	DOID:1894
MONDO_0002137	DOID:1894
MONDO:0002138	DOID:1895
MONDO_0002138	DOID:1895
MONDO:0002139	DOID:1897
MONDO_0002139	DOID:1897
MONDO:0002140	DOID:1901
MONDO_0002140	DOID:1901
MONDO:0002141	DOID:1906
MONDO_0002141	DOID:1906
MONDO:0002142	DOID:1907
MONDO_0002142	DOID:1907
MONDO:0002143	DOID:1910
MONDO_0002143	DOID:1910
MONDO:0002145	DOID:1923
MONDO_0002145	DOID:1923
MONDO:0002146	DOID:1924
MONDO_0002146	DOID:1924
MONDO:0002149	DOID:193
MONDO_0002149	DOID:193
MONDO:0002150	DOID:1931
MONDO_0002150	DOID:1931
MONDO:0002152	DOID:1942
MONDO_0002152	DOID:1942
MONDO:0002153	DOID:1943
MONDO_0002153	DOID:1943
MONDO:0002154	DOID:1947
MONDO_0002154	DOID:1947
MONDO:0002155	DOID:1949
MONDO_0002155	DOID:1949
MONDO:0002156	DOID:1962
MONDO_0002156	DOID:1962
MONDO:0002158	DOID:1964
MONDO_0002158	DOID:1964
MONDO:0002159	DOID:1965
MONDO_0002159	DOID:1965
MONDO:0002162	DOID:1973
MONDO_0002162	DOID:1973
MONDO:0002163	DOID:1975
MONDO_0002163	DOID:1975
MONDO:0002164	DOID:1979
MONDO_0002164	DOID:1979
MONDO:0002165	DOID:1984
MONDO_0002165	DOID:1984
MONDO:0002166	DOID:1988
MONDO_0002166	DOID:1988
MONDO:0002167	DOID:1992
MONDO_0002167	DOID:1992
MONDO:0002168	DOID:1995
MONDO_0002168	DOID:1995
MONDO:0002169	DOID:1996
MONDO_0002169	DOID:1996
MONDO:0002170	DOID:1999
MONDO_0002170	DOID:1999
MONDO:0002171	DOID:200
MONDO_0002171	DOID:200
MONDO:0002172	DOID:2000
MONDO_0002172	DOID:2000
MONDO:0002173	DOID:2001
MONDO_0002173	DOID:2001
MONDO:0002174	DOID:2006
MONDO_0002174	DOID:2006
MONDO:0002175	DOID:2007
MONDO_0002175	DOID:2007
MONDO:0002177	DOID:2018
MONDO_0002177	DOID:2018
MONDO:0002178	DOID:2021
MONDO_0002178	DOID:2021
MONDO:0002181	DOID:203
MONDO_0002181	DOID:203
MONDO:0002182	DOID:2033
MONDO_0002182	DOID:2033
MONDO:0002183	DOID:204
MONDO_0002183	DOID:204
MONDO:0002184	DOID:2044
MONDO_0002184	DOID:2044
MONDO:0002185	DOID:205
MONDO_0002185	DOID:205
MONDO:0002186	DOID:2050
MONDO_0002186	DOID:2050
MONDO:0002187	DOID:2059
MONDO_0002187	DOID:2059
MONDO:0002188	DOID:2060
MONDO_0002188	DOID:2060
MONDO:0002189	DOID:2061
MONDO_0002189	DOID:2061
MONDO:0002190	DOID:2064
MONDO_0002190	DOID:2064
MONDO:0002191	DOID:2065
MONDO_0002191	DOID:2065
MONDO:0002192	DOID:2066
MONDO_0002192	DOID:2066
MONDO:0002193	DOID:2068
MONDO_0002193	DOID:2068
MONDO:0002194	DOID:2071
MONDO_0002194	DOID:2071
MONDO:0002195	DOID:2072
MONDO_0002195	DOID:2072
MONDO:0002196	DOID:2073
MONDO_0002196	DOID:2073
MONDO:0002197	DOID:2075
MONDO_0002197	DOID:2075
MONDO:0002198	DOID:2076
MONDO_0002198	DOID:2076
MONDO:0002199	DOID:2078
MONDO_0002199	DOID:2078
MONDO:0002200	DOID:2079
MONDO_0002200	DOID:2079
MONDO:0002201	DOID:2080
MONDO_0002201	DOID:2080
MONDO:0002202	DOID:2088
MONDO_0002202	DOID:2088
MONDO:0002203	DOID:2089
MONDO_0002203	DOID:2089
MONDO:0002204	DOID:2092
MONDO_0002204	DOID:2092
MONDO:0002205	DOID:2093
MONDO_0002205	DOID:2093
MONDO:0002206	DOID:2095
MONDO_0002206	DOID:2095
MONDO:0002207	DOID:2097
MONDO_0002207	DOID:2097
MONDO:0002209	DOID:210
MONDO_0002209	DOID:210
MONDO:0002211	DOID:2115
MONDO_0002211	DOID:2115
MONDO:0002212	DOID:2122
MONDO_0002212	DOID:2122
MONDO:0002214	DOID:2127
MONDO_0002214	DOID:2127
MONDO:0002216	DOID:2132
MONDO_0002216	DOID:2132
MONDO:0002217	DOID:2133
MONDO_0002217	DOID:2133
MONDO:0002218	DOID:2135
MONDO_0002218	DOID:2135
MONDO:0002219	DOID:2139
MONDO_0002219	DOID:2139
MONDO:0002220	DOID:214
MONDO_0002220	DOID:214
MONDO:0002221	DOID:2140
MONDO_0002221	DOID:2140
MONDO:0002222	DOID:2142
MONDO_0002222	DOID:2142
MONDO:0002223	DOID:2143
MONDO_0002223	DOID:2143
MONDO:0002224	DOID:2145
MONDO_0002224	DOID:2145
MONDO:0002225	DOID:2146
MONDO_0002225	DOID:2146
MONDO:0002226	DOID:2148
MONDO_0002226	DOID:2148
MONDO:0002227	DOID:2150
MONDO_0002227	DOID:2150
MONDO:0002229	DOID:2152
MONDO_0002229	DOID:2152
MONDO:0002230	DOID:2153
MONDO_0002230	DOID:2153
MONDO:0002232	DOID:2163
MONDO_0002232	DOID:2163
MONDO:0002233	DOID:217
MONDO_0002233	DOID:217
MONDO:0002234	DOID:2170
MONDO_0002234	DOID:2170
MONDO:0002235	DOID:2173
MONDO_0002235	DOID:2173
MONDO:0002236	DOID:2174
MONDO_0002236	DOID:2174
MONDO:0002237	DOID:2176
MONDO_0002237	DOID:2176
MONDO:0002238	DOID:218
MONDO_0002238	DOID:218
MONDO:0002239	DOID:2181
MONDO_0002239	DOID:2181
MONDO:0002240	DOID:221
MONDO_0002240	DOID:221
MONDO:0002242	DOID:2212
MONDO_0002242	DOID:2212
MONDO:0002243	DOID:2213
MONDO_0002243	DOID:2213
MONDO:0002246	DOID:222
MONDO_0002246	DOID:222
MONDO:0002249	DOID:2228
MONDO_0002249	DOID:2228
MONDO:0002250	DOID:223
MONDO_0002250	DOID:223
MONDO:0002251	DOID:2237
MONDO_0002251	DOID:2237
MONDO:0002252	DOID:2239
MONDO_0002252	DOID:2239
MONDO:0002253	DOID:2247
MONDO_0002253	DOID:2247
MONDO:0002254	DOID:225
MONDO_0002254	DOID:225
MONDO:0002255	DOID:2251
MONDO_0002255	DOID:2251
MONDO:0002256	DOID:2253
MONDO_0002256	DOID:2253
MONDO:0002257	DOID:227
MONDO_0002257	DOID:227
MONDO:0002258	DOID:2275
MONDO_0002258	DOID:2275
MONDO:0002259	DOID:2277
MONDO_0002259	DOID:2277
MONDO:0002260	DOID:2282
MONDO_0002260	DOID:2282
MONDO:0002261	DOID:2283
MONDO_0002261	DOID:2283
MONDO:0002262	DOID:2286
MONDO_0002262	DOID:2286
MONDO:0002263	DOID:229
MONDO_0002263	DOID:229
MONDO:0002265	DOID:2303
MONDO_0002265	DOID:2303
MONDO:0002266	DOID:2314
MONDO_0002266	DOID:2314
MONDO:0002267	DOID:2320
MONDO_0002267	DOID:2320
MONDO:0002268	DOID:2321
MONDO_0002268	DOID:2321
MONDO:0002269	DOID:2326
MONDO_0002269	DOID:2326
MONDO:0002270	DOID:2327
MONDO_0002270	DOID:2327
MONDO:0002271	DOID:234
MONDO_0002271	DOID:234
MONDO:0002272	DOID:2344
MONDO_0002272	DOID:2344
MONDO:0002273	DOID:2345
MONDO_0002273	DOID:2345
MONDO:0002274	DOID:2346
MONDO_0002274	DOID:2346
MONDO:0002275	DOID:2347
MONDO_0002275	DOID:2347
MONDO:0002277	DOID:2348
MONDO_0002277	DOID:2348
MONDO:0002277	DOID:2349
MONDO_0002277	DOID:2349
MONDO:0002278	DOID:235
MONDO_0002278	DOID:235
MONDO:0002279	DOID:2351
MONDO_0002279	DOID:2351
MONDO:0002280	DOID:2355
MONDO_0002280	DOID:2355
MONDO:0002281	DOID:2361
MONDO_0002281	DOID:2361
MONDO:0002282	DOID:2366
MONDO_0002282	DOID:2366
MONDO:0002283	DOID:2367
MONDO_0002283	DOID:2367
MONDO:0002285	DOID:238
MONDO_0002285	DOID:238
MONDO:0002286	DOID:2388
MONDO_0002286	DOID:2388
MONDO:0002287	DOID:2392
MONDO_0002287	DOID:2392
MONDO:0002289	DOID:240
MONDO_0002289	DOID:240
MONDO:0002290	DOID:2401
MONDO_0002290	DOID:2401
MONDO:0002291	DOID:2410
MONDO_0002291	DOID:2410
MONDO:0002293	DOID:2425
MONDO_0002293	DOID:2425
MONDO:0002295	DOID:2430
MONDO_0002295	DOID:2430
MONDO:0002297	DOID:2433
MONDO_0002297	DOID:2433
MONDO:0002298	DOID:2435
MONDO_0002298	DOID:2435
MONDO:0002299	DOID:2436
MONDO_0002299	DOID:2436
MONDO:0002300	DOID:2438
MONDO_0002300	DOID:2438
MONDO:0002301	DOID:2441
MONDO_0002301	DOID:2441
MONDO:0002303	DOID:2450
MONDO_0002303	DOID:2450
MONDO:0002304	DOID:2451
MONDO_0002304	DOID:2451
MONDO:0002305	DOID:2452
MONDO_0002305	DOID:2452
MONDO:0002306	DOID:2455
MONDO_0002306	DOID:2455
MONDO:0002307	DOID:2456
MONDO_0002307	DOID:2456
MONDO:0002308	DOID:2457
MONDO_0002308	DOID:2457
MONDO:0002309	DOID:2458
MONDO_0002309	DOID:2458
MONDO:0002310	DOID:2460
MONDO_0002310	DOID:2460
MONDO:0002311	DOID:2462
MONDO_0002311	DOID:2462
MONDO:0002312	DOID:2473
MONDO_0002312	DOID:2473
MONDO:0002313	DOID:2474
MONDO_0002313	DOID:2474
MONDO:0002314	DOID:2475
MONDO_0002314	DOID:2475
MONDO:0002316	DOID:2477
MONDO_0002316	DOID:2477
MONDO:0002317	DOID:2479
MONDO_0002317	DOID:2479
MONDO:0002318	DOID:248
MONDO_0002318	DOID:248
MONDO:0002319	DOID:2485
MONDO_0002319	DOID:2485
MONDO:0002320	DOID:2490
MONDO_0002320	DOID:2490
MONDO:0002321	DOID:2491
MONDO_0002321	DOID:2491
MONDO:0002322	DOID:2494
MONDO_0002322	DOID:2494
MONDO:0002323	DOID:2495
MONDO_0002323	DOID:2495
MONDO:0002325	DOID:2498
MONDO_0002325	DOID:2498
MONDO:0002326	DOID:251
MONDO_0002326	DOID:251
MONDO:0002327	DOID:2516
MONDO_0002327	DOID:2516
MONDO:0002328	DOID:2517
MONDO_0002328	DOID:2517
MONDO:0002329	DOID:2519
MONDO_0002329	DOID:2519
MONDO:0002330	DOID:252
MONDO_0002330	DOID:252
MONDO:0002331	DOID:2527
MONDO_0002331	DOID:2527
MONDO:0002332	DOID:2529
MONDO_0002332	DOID:2529
MONDO:0002333	DOID:2530
MONDO_0002333	DOID:2530
MONDO:0002334	DOID:2531
MONDO_0002334	DOID:2531
MONDO:0002337	DOID:254
MONDO_0002337	DOID:254
MONDO:0002338	DOID:2544
MONDO_0002338	DOID:2544
MONDO:0002340	DOID:2550
MONDO_0002340	DOID:2550
MONDO:0002341	DOID:2555
MONDO_0002341	DOID:2555
MONDO:0002342	DOID:2557
MONDO_0002342	DOID:2557
MONDO:0002343	DOID:256
MONDO_0002343	DOID:256
MONDO:0002345	DOID:2568
MONDO_0002345	DOID:2568
MONDO:0002347	DOID:2575
MONDO_0002347	DOID:2575
MONDO:0002350	DOID:2590
MONDO_0002350	DOID:2590
MONDO:0002351	DOID:2595
MONDO_0002351	DOID:2595
MONDO:0002352	DOID:2596
MONDO_0002352	DOID:2596
MONDO:0002353	DOID:2597
MONDO_0002353	DOID:2597
MONDO:0002354	DOID:2598
MONDO_0002354	DOID:2598
MONDO:0002355	DOID:2599
MONDO_0002355	DOID:2599
MONDO:0002356	DOID:26
MONDO_0002356	DOID:26
MONDO:0002357	DOID:260
MONDO_0002357	DOID:260
MONDO:0002358	DOID:2600
MONDO_0002358	DOID:2600
MONDO:0002359	DOID:2601
MONDO_0002359	DOID:2601
MONDO:0002360	DOID:2602
MONDO_0002360	DOID:2602
MONDO:0002361	DOID:261
MONDO_0002361	DOID:261
MONDO:0002362	DOID:2614
MONDO_0002362	DOID:2614
MONDO:0002363	DOID:2615
MONDO_0002363	DOID:2615
MONDO:0002365	DOID:262
MONDO_0002365	DOID:262
MONDO:0002366	DOID:2621
MONDO_0002366	DOID:2621
MONDO:0002367	DOID:263
MONDO_0002367	DOID:263
MONDO:0002368	DOID:2632
MONDO_0002368	DOID:2632
MONDO:0002369	DOID:2634
MONDO_0002369	DOID:2634
MONDO:0002370	DOID:2636
MONDO_0002370	DOID:2636
MONDO:0002371	DOID:2639
MONDO_0002371	DOID:2639
MONDO:0002372	DOID:2641
MONDO_0002372	DOID:2641
MONDO:0002373	DOID:2645
MONDO_0002373	DOID:2645
MONDO:0002375	DOID:2648
MONDO_0002375	DOID:2648
MONDO:0002376	DOID:265
MONDO_0002376	DOID:265
MONDO:0002377	DOID:2656
MONDO_0002377	DOID:2656
MONDO:0002378	DOID:2658
MONDO_0002378	DOID:2658
MONDO:0002379	DOID:2660
MONDO_0002379	DOID:2660
MONDO:0002380	DOID:2661
MONDO_0002380	DOID:2661
MONDO:0002381	DOID:2664
MONDO_0002381	DOID:2664
MONDO:0002382	DOID:2667
MONDO_0002382	DOID:2667
MONDO:0002383	DOID:2669
MONDO_0002383	DOID:2669
MONDO:0002385	DOID:2673
MONDO_0002385	DOID:2673
MONDO:0002386	DOID:2678
MONDO_0002386	DOID:2678
MONDO:0002387	DOID:268
MONDO_0002387	DOID:268
MONDO:0002388	DOID:2682
MONDO_0002388	DOID:2682
MONDO:0002395	DOID:2697
MONDO_0002395	DOID:2697
MONDO:0002396	DOID:2698
MONDO_0002396	DOID:2698
MONDO:0002397	DOID:270
MONDO_0002397	DOID:270
MONDO:0002398	DOID:2700
MONDO_0002398	DOID:2700
MONDO:0002399	DOID:2701
MONDO_0002399	DOID:2701
MONDO:0002400	DOID:2703
MONDO_0002400	DOID:2703
MONDO:0002401	DOID:2704
MONDO_0002401	DOID:2704
MONDO:0002402	DOID:2705
MONDO_0002402	DOID:2705
MONDO:0002403	DOID:2706
MONDO_0002403	DOID:2706
MONDO:0002404	DOID:271
MONDO_0002404	DOID:271
MONDO:0002405	DOID:272
MONDO_0002405	DOID:272
MONDO:0002406	DOID:2723
MONDO_0002406	DOID:2723
MONDO:0002407	DOID:2725
MONDO_0002407	DOID:2725
MONDO:0002408	DOID:2741
MONDO_0002408	DOID:2741
MONDO:0002409	DOID:2742
MONDO_0002409	DOID:2742
MONDO:0002410	DOID:2743
MONDO_0002410	DOID:2743
MONDO:0002411	DOID:2745
MONDO_0002411	DOID:2745
MONDO:0002412	DOID:0050728
MONDO_0002412	DOID:0050728
MONDO:0002412	DOID:2747
MONDO_0002412	DOID:2747
MONDO:0002413	DOID:0081329
MONDO_0002413	DOID:0081329
MONDO:0002414	DOID:275
MONDO_0002414	DOID:275
MONDO:0002415	DOID:2762
MONDO_0002415	DOID:2762
MONDO:0002416	DOID:2763
MONDO_0002416	DOID:2763
MONDO:0002418	DOID:2766
MONDO_0002418	DOID:2766
MONDO:0002419	DOID:2768
MONDO_0002419	DOID:2768
MONDO:0002420	DOID:2769
MONDO_0002420	DOID:2769
MONDO:0002422	DOID:2775
MONDO_0002422	DOID:2775
MONDO:0002422	DOID:2776
MONDO_0002422	DOID:2776
MONDO:0002423	DOID:2780
MONDO_0002423	DOID:2780
MONDO:0002424	DOID:2781
MONDO_0002424	DOID:2781
MONDO:0002425	DOID:2782
MONDO_0002425	DOID:2782
MONDO:0002426	DOID:2784
MONDO_0002426	DOID:2784
MONDO:0002427	DOID:2786
MONDO_0002427	DOID:2786
MONDO:0002428	DOID:2789
MONDO_0002428	DOID:2789
MONDO:0002429	DOID:2797
MONDO_0002429	DOID:2797
MONDO:0002432	DOID:2814
MONDO_0002432	DOID:2814
MONDO:0002433	DOID:2815
MONDO_0002433	DOID:2815
MONDO:0002434	DOID:2816
MONDO_0002434	DOID:2816
MONDO:0002435	DOID:2817
MONDO_0002435	DOID:2817
MONDO:0002436	DOID:2825
MONDO_0002436	DOID:2825
MONDO:0002437	DOID:2833
MONDO_0002437	DOID:2833
MONDO:0002438	DOID:2834
MONDO_0002438	DOID:2834
MONDO:0002440	DOID:2839
MONDO_0002440	DOID:2839
MONDO:0002441	DOID:2842
MONDO_0002441	DOID:2842
MONDO:0002442	DOID:2843
MONDO_0002442	DOID:2843
MONDO:0002443	DOID:2846
MONDO_0002443	DOID:2846
MONDO:0002444	DOID:2848
MONDO_0002444	DOID:2848
MONDO:0002447	DOID:2871
MONDO_0002447	DOID:2871
MONDO:0002448	DOID:2877
MONDO_0002448	DOID:2877
MONDO:0002449	DOID:2879
MONDO_0002449	DOID:2879
MONDO:0002450	DOID:2883
MONDO_0002450	DOID:2883
MONDO:0002451	DOID:2885
MONDO_0002451	DOID:2885
MONDO:0002452	DOID:2887
MONDO_0002452	DOID:2887
MONDO:0002453	DOID:2889
MONDO_0002453	DOID:2889
MONDO:0002455	DOID:2892
MONDO_0002455	DOID:2892
MONDO:0002457	DOID:2908
MONDO_0002457	DOID:2908
MONDO:0002459	DOID:2916
MONDO_0002459	DOID:2916
MONDO:0002460	DOID:292
MONDO_0002460	DOID:292
MONDO:0002461	DOID:2920
MONDO_0002461	DOID:2920
MONDO:0002462	DOID:2921
MONDO_0002462	DOID:2921
MONDO:0002463	DOID:293
MONDO_0002463	DOID:293
MONDO:0002464	DOID:294
MONDO_0002464	DOID:294
MONDO:0002465	DOID:2942
MONDO_0002465	DOID:2942
MONDO:0002466	DOID:295
MONDO_0002466	DOID:295
MONDO:0002467	DOID:2952
MONDO_0002467	DOID:2952
MONDO:0002468	DOID:2959
MONDO_0002468	DOID:2959
MONDO:0002469	DOID:296
MONDO_0002469	DOID:296
MONDO:0002470	DOID:2960
MONDO_0002470	DOID:2960
MONDO:0002471	DOID:2965
MONDO_0002471	DOID:2965
MONDO:0002473	DOID:2975
MONDO_0002473	DOID:2975
MONDO:0002474	DOID:2977
MONDO_0002474	DOID:2977
MONDO:0002475	DOID:298
MONDO_0002475	DOID:298
MONDO:0002476	DOID:2983
MONDO_0002476	DOID:2983
MONDO:0002477	DOID:2992
MONDO_0002477	DOID:2992
MONDO:0002478	DOID:2996
MONDO_0002478	DOID:2996
MONDO:0002479	DOID:2997
MONDO_0002479	DOID:2997
MONDO:0002480	DOID:3001
MONDO_0002480	DOID:3001
MONDO:0002481	DOID:3002
MONDO_0002481	DOID:3002
MONDO:0002482	DOID:3003
MONDO_0002482	DOID:3003
MONDO:0002483	DOID:3004
MONDO_0002483	DOID:3004
MONDO:0002485	DOID:3009
MONDO_0002485	DOID:3009
MONDO:0002486	DOID:3010
MONDO_0002486	DOID:3010
MONDO:0002487	DOID:3011
MONDO_0002487	DOID:3011
MONDO:0002488	DOID:3013
MONDO_0002488	DOID:3013
MONDO:0002489	DOID:3016
MONDO_0002489	DOID:3016
MONDO:0002490	DOID:3017
MONDO_0002490	DOID:3017
MONDO:0002491	DOID:302
MONDO_0002491	DOID:302
MONDO:0002492	DOID:3021
MONDO_0002492	DOID:3021
MONDO:0002493	DOID:3024
MONDO_0002493	DOID:3024
MONDO:0002494	DOID:303
MONDO_0002494	DOID:303
MONDO:0002495	DOID:3033
MONDO_0002495	DOID:3033
MONDO:0002496	DOID:3038
MONDO_0002496	DOID:3038
MONDO:0002501	DOID:3073
MONDO_0002501	DOID:3073
MONDO:0002503	DOID:3076
MONDO_0002503	DOID:3076
MONDO:0002505	DOID:3079
MONDO_0002505	DOID:3079
MONDO:0002507	DOID:3086
MONDO_0002507	DOID:3086
MONDO:0002508	DOID:3087
MONDO_0002508	DOID:3087
MONDO:0002509	DOID:3089
MONDO_0002509	DOID:3089
MONDO:0002511	DOID:3096
MONDO_0002511	DOID:3096
MONDO:0002512	DOID:3112
MONDO_0002512	DOID:3112
MONDO:0002513	DOID:3116
MONDO_0002513	DOID:3116
MONDO:0002514	DOID:0080355
MONDO_0002514	DOID:0080355
MONDO:0002515	DOID:3118
MONDO_0002515	DOID:3118
MONDO:0002516	DOID:3119
MONDO_0002516	DOID:3119
MONDO:0002517	DOID:312
MONDO_0002517	DOID:312
MONDO:0002518	DOID:3120
MONDO_0002518	DOID:3120
MONDO:0002519	DOID:3128
MONDO_0002519	DOID:3128
MONDO:0002520	DOID:3133
MONDO_0002520	DOID:3133
MONDO:0002522	DOID:314
MONDO_0002522	DOID:314
MONDO:0002523	DOID:3141
MONDO_0002523	DOID:3141
MONDO:0002525	DOID:3146
MONDO_0002525	DOID:3146
MONDO:0002526	DOID:3148
MONDO_0002526	DOID:3148
MONDO:0002527	DOID:3149
MONDO_0002527	DOID:3149
MONDO:0002528	DOID:315
MONDO_0002528	DOID:315
MONDO:0002529	DOID:3151
MONDO_0002529	DOID:3151
MONDO:0002531	DOID:3165
MONDO_0002531	DOID:3165
MONDO:0002532	DOID:3168
MONDO_0002532	DOID:3168
MONDO:0002533	DOID:3172
MONDO_0002533	DOID:3172
MONDO:0002534	DOID:3173
MONDO_0002534	DOID:3173
MONDO:0002535	DOID:3177
MONDO_0002535	DOID:3177
MONDO:0002536	DOID:3178
MONDO_0002536	DOID:3178
MONDO:0002537	DOID:3179
MONDO_0002537	DOID:3179
MONDO:0002540	DOID:3183
MONDO_0002540	DOID:3183
MONDO:0002541	DOID:3184
MONDO_0002541	DOID:3184
MONDO:0002542	DOID:3185
MONDO_0002542	DOID:3185
MONDO:0002543	DOID:3186
MONDO_0002543	DOID:3186
MONDO:0002544	DOID:3187
MONDO_0002544	DOID:3187
MONDO:0002545	DOID:319
MONDO_0002545	DOID:319
MONDO:0002546	DOID:3192
MONDO_0002546	DOID:3192
MONDO:0002546	DOID:955
MONDO_0002546	DOID:955
MONDO:0002547	DOID:3193
MONDO_0002547	DOID:3193
MONDO:0002548	DOID:3196
MONDO_0002548	DOID:3196
MONDO:0002549	DOID:3197
MONDO_0002549	DOID:3197
MONDO:0002550	DOID:3198
MONDO_0002550	DOID:3198
MONDO:0002551	DOID:3199
MONDO_0002551	DOID:3199
MONDO:0002552	DOID:320
MONDO_0002552	DOID:320
MONDO:0002553	DOID:3200
MONDO_0002553	DOID:3200
MONDO:0002554	DOID:3201
MONDO_0002554	DOID:3201
MONDO:0002555	DOID:3202
MONDO_0002555	DOID:3202
MONDO:0002558	DOID:3205
MONDO_0002558	DOID:3205
MONDO:0002559	DOID:3206
MONDO_0002559	DOID:3206
MONDO:0002561	DOID:3211
MONDO_0002561	DOID:3211
MONDO:0002562	DOID:3213
MONDO_0002562	DOID:3213
MONDO:0002563	DOID:3216
MONDO_0002563	DOID:3216
MONDO:0002564	DOID:3218
MONDO_0002564	DOID:3218
MONDO:0002565	DOID:322
MONDO_0002565	DOID:322
MONDO:0002567	DOID:3225
MONDO_0002567	DOID:3225
MONDO:0002568	DOID:3227
MONDO_0002568	DOID:3227
MONDO:0002569	DOID:3229
MONDO_0002569	DOID:3229
MONDO:0002570	DOID:3230
MONDO_0002570	DOID:3230
MONDO:0002571	DOID:3234
MONDO_0002571	DOID:3234
MONDO:0002572	DOID:3240
MONDO_0002572	DOID:3240
MONDO:0002574	DOID:3251
MONDO_0002574	DOID:3251
MONDO:0002576	DOID:3253
MONDO_0002576	DOID:3253
MONDO:0002577	DOID:3254
MONDO_0002577	DOID:3254
MONDO:0002578	DOID:3255
MONDO_0002578	DOID:3255
MONDO:0002579	DOID:3258
MONDO_0002579	DOID:3258
MONDO:0002580	DOID:3259
MONDO_0002580	DOID:3259
MONDO:0002581	DOID:3260
MONDO_0002581	DOID:3260
MONDO:0002582	DOID:3264
MONDO_0002582	DOID:3264
MONDO:0002583	DOID:3267
MONDO_0002583	DOID:3267
MONDO:0002585	DOID:3274
MONDO_0002585	DOID:3274
MONDO:0002586	DOID:3277
MONDO_0002586	DOID:3277
MONDO:0002587	DOID:3278
MONDO_0002587	DOID:3278
MONDO:0002588	DOID:3279
MONDO_0002588	DOID:3279
MONDO:0002590	DOID:3281
MONDO_0002590	DOID:3281
MONDO:0002592	DOID:3283
MONDO_0002592	DOID:3283
MONDO:0002594	DOID:3292
MONDO_0002594	DOID:3292
MONDO:0002595	DOID:3298
MONDO_0002595	DOID:3298
MONDO:0002597	DOID:3303
MONDO_0002597	DOID:3303
MONDO:0002598	DOID:3304
MONDO_0002598	DOID:3304
MONDO:0002599	DOID:3305
MONDO_0002599	DOID:3305
MONDO:0002601	DOID:3307
MONDO_0002601	DOID:3307
MONDO:0002602	DOID:331
MONDO_0002602	DOID:331
MONDO:0002603	DOID:3314
MONDO_0002603	DOID:3314
MONDO:0002604	DOID:3316
MONDO_0002604	DOID:3316
MONDO:0002605	DOID:3317
MONDO_0002605	DOID:3317
MONDO:0002606	DOID:3318
MONDO_0002606	DOID:3318
MONDO:0002610	DOID:3326
MONDO_0002610	DOID:3326
MONDO:0002612	DOID:3331
MONDO_0002612	DOID:3331
MONDO:0002613	DOID:334
MONDO_0002613	DOID:334
MONDO:0002614	DOID:3342
MONDO_0002614	DOID:3342
MONDO:0002615	DOID:3345
MONDO_0002615	DOID:3345
MONDO:0002616	DOID:3350
MONDO_0002616	DOID:3350
MONDO:0002617	DOID:3351
MONDO_0002617	DOID:3351
MONDO:0002618	DOID:3352
MONDO_0002618	DOID:3352
MONDO:0002619	DOID:3354
MONDO_0002619	DOID:3354
MONDO:0002620	DOID:3356
MONDO_0002620	DOID:3356
MONDO:0002621	DOID:3357
MONDO_0002621	DOID:3357
MONDO:0002622	DOID:3360
MONDO_0002622	DOID:3360
MONDO:0002623	DOID:3361
MONDO_0002623	DOID:3361
MONDO:0002624	DOID:3367
MONDO_0002624	DOID:3367
MONDO:0002625	DOID:3368
MONDO_0002625	DOID:3368
MONDO:0002626	DOID:337
MONDO_0002626	DOID:337
MONDO:0002627	DOID:3372
MONDO_0002627	DOID:3372
MONDO:0002628	DOID:3374
MONDO_0002628	DOID:3374
MONDO:0002629	DOID:3376
MONDO_0002629	DOID:3376
MONDO:0002630	DOID:3377
MONDO_0002630	DOID:3377
MONDO:0002631	DOID:3378
MONDO_0002631	DOID:3378
MONDO:0002631	DOID:7602
MONDO_0002631	DOID:7602
MONDO:0002632	DOID:3379
MONDO_0002632	DOID:3379
MONDO:0002633	DOID:338
MONDO_0002633	DOID:338
MONDO:0002634	DOID:3381
MONDO_0002634	DOID:3381
MONDO:0002635	DOID:3388
MONDO_0002635	DOID:3388
MONDO:0002636	DOID:339
MONDO_0002636	DOID:339
MONDO:0002637	DOID:3405
MONDO_0002637	DOID:3405
MONDO:0002638	DOID:3417
MONDO_0002638	DOID:3417
MONDO:0002639	DOID:3418
MONDO_0002639	DOID:3418
MONDO:0002640	DOID:3419
MONDO_0002640	DOID:3419
MONDO:0002641	DOID:342
MONDO_0002641	DOID:342
MONDO:0002642	DOID:3421
MONDO_0002642	DOID:3421
MONDO:0002643	DOID:3426
MONDO_0002643	DOID:3426
MONDO:0002644	DOID:3428
MONDO_0002644	DOID:3428
MONDO:0002645	DOID:3431
MONDO_0002645	DOID:3431
MONDO:0002646	DOID:3436
MONDO_0002646	DOID:3436
MONDO:0002647	DOID:3437
MONDO_0002647	DOID:3437
MONDO:0002648	DOID:3443
MONDO_0002648	DOID:3443
MONDO:0002649	DOID:3444
MONDO_0002649	DOID:3444
MONDO:0002650	DOID:3445
MONDO_0002650	DOID:3445
MONDO:0002651	DOID:3446
MONDO_0002651	DOID:3446
MONDO:0002652	DOID:3447
MONDO_0002652	DOID:3447
MONDO:0002653	DOID:3448
MONDO_0002653	DOID:3448
MONDO:0002654	DOID:345
MONDO_0002654	DOID:345
MONDO:0002655	DOID:3450
MONDO_0002655	DOID:3450
MONDO:0002656	DOID:3451
MONDO_0002656	DOID:3451
MONDO:0002657	DOID:3463
MONDO_0002657	DOID:3463
MONDO:0002658	DOID:3478
MONDO_0002658	DOID:3478
MONDO:0002659	DOID:3479
MONDO_0002659	DOID:3479
MONDO:0002660	DOID:348
MONDO_0002660	DOID:348
MONDO:0002661	DOID:3480
MONDO_0002661	DOID:3480
MONDO:0002664	DOID:3494
MONDO_0002664	DOID:3494
MONDO:0002665	DOID:3495
MONDO_0002665	DOID:3495
MONDO:0002666	DOID:3497
MONDO_0002666	DOID:3497
MONDO:0002667	DOID:3499
MONDO_0002667	DOID:3499
MONDO:0002669	DOID:3501
MONDO_0002669	DOID:3501
MONDO:0002670	DOID:3502
MONDO_0002670	DOID:3502
MONDO:0002671	DOID:3503
MONDO_0002671	DOID:3503
MONDO:0002672	DOID:3504
MONDO_0002672	DOID:3504
MONDO:0002674	DOID:3508
MONDO_0002674	DOID:3508
MONDO:0002675	DOID:3512
MONDO_0002675	DOID:3512
MONDO:0002676	DOID:3516
MONDO_0002676	DOID:3516
MONDO:0002677	DOID:3517
MONDO_0002677	DOID:3517
MONDO:0002678	DOID:3520
MONDO_0002678	DOID:3520
MONDO:0002679	DOID:3526
MONDO_0002679	DOID:3526
MONDO:0002680	DOID:3530
MONDO_0002680	DOID:3530
MONDO:0002681	DOID:3540
MONDO_0002681	DOID:3540
MONDO:0002682	DOID:3541
MONDO_0002682	DOID:3541
MONDO:0002683	DOID:3542
MONDO_0002683	DOID:3542
MONDO:0002684	DOID:3544
MONDO_0002684	DOID:3544
MONDO:0002685	DOID:3545
MONDO_0002685	DOID:3545
MONDO:0002687	DOID:3557
MONDO_0002687	DOID:3557
MONDO:0002688	DOID:3558
MONDO_0002688	DOID:3558
MONDO:0002691	DOID:3571
MONDO_0002691	DOID:3571
MONDO:0002692	DOID:3572
MONDO_0002692	DOID:3572
MONDO:0002693	DOID:3574
MONDO_0002693	DOID:3574
MONDO:0002694	DOID:3575
MONDO_0002694	DOID:3575
MONDO:0002695	DOID:3576
MONDO_0002695	DOID:3576
MONDO:0002696	DOID:3577
MONDO_0002696	DOID:3577
MONDO:0002697	DOID:3578
MONDO_0002697	DOID:3578
MONDO:0002698	DOID:3579
MONDO_0002698	DOID:3579
MONDO:0002701	DOID:3604
MONDO_0002701	DOID:3604
MONDO:0002702	DOID:3605
MONDO_0002702	DOID:3605
MONDO:0002703	DOID:3607
MONDO_0002703	DOID:3607
MONDO:0002705	DOID:3609
MONDO_0002705	DOID:3609
MONDO:0002706	DOID:361
MONDO_0002706	DOID:361
MONDO:0002707	DOID:3610
MONDO_0002707	DOID:3610
MONDO:0002708	DOID:3612
MONDO_0002708	DOID:3612
MONDO:0002710	DOID:3615
MONDO_0002710	DOID:3615
MONDO:0002712	DOID:3617
MONDO_0002712	DOID:3617
MONDO:0002713	DOID:3618
MONDO_0002713	DOID:3618
MONDO:0002714	DOID:3620
MONDO_0002714	DOID:3620
MONDO:0002715	DOID:363
MONDO_0002715	DOID:363
MONDO:0002716	DOID:3637
MONDO_0002716	DOID:3637
MONDO:0002717	DOID:3639
MONDO_0002717	DOID:3639
MONDO:0002718	DOID:3640
MONDO_0002718	DOID:3640
MONDO:0002719	DOID:3641
MONDO_0002719	DOID:3641
MONDO:0002720	DOID:3643
MONDO_0002720	DOID:3643
MONDO:0002721	DOID:3646
MONDO_0002721	DOID:3646
MONDO:0002722	DOID:366
MONDO_0002722	DOID:366
MONDO:0002722	DOID:8256
MONDO_0002722	DOID:8256
MONDO:0002724	DOID:3664
MONDO_0002724	DOID:3664
MONDO:0002726	DOID:3666
MONDO_0002726	DOID:3666
MONDO:0002727	DOID:367
MONDO_0002727	DOID:367
MONDO:0002728	DOID:3672
MONDO_0002728	DOID:3672
MONDO:0002729	DOID:3674
MONDO_0002729	DOID:3674
MONDO:0002730	DOID:3675
MONDO_0002730	DOID:3675
MONDO:0002731	DOID:368
MONDO_0002731	DOID:368
MONDO:0002732	DOID:3683
MONDO_0002732	DOID:3683
MONDO:0002734	DOID:3691
MONDO_0002734	DOID:3691
MONDO:0002735	DOID:3692
MONDO_0002735	DOID:3692
MONDO:0002736	DOID:3693
MONDO_0002736	DOID:3693
MONDO:0002737	DOID:3696
MONDO_0002737	DOID:3696
MONDO:0002738	DOID:3697
MONDO_0002738	DOID:3697
MONDO:0002739	DOID:3698
MONDO_0002739	DOID:3698
MONDO:0002740	DOID:3699
MONDO_0002740	DOID:3699
MONDO:0002741	DOID:3700
MONDO_0002741	DOID:3700
MONDO:0002742	DOID:3701
MONDO_0002742	DOID:3701
MONDO:0002744	DOID:3704
MONDO_0002744	DOID:3704
MONDO:0002745	DOID:3705
MONDO_0002745	DOID:3705
MONDO:0002746	DOID:3706
MONDO_0002746	DOID:3706
MONDO:0002747	DOID:3707
MONDO_0002747	DOID:3707
MONDO:0002748	DOID:3709
MONDO_0002748	DOID:3709
MONDO:0002749	DOID:371
MONDO_0002749	DOID:371
MONDO:0002750	DOID:3710
MONDO_0002750	DOID:3710
MONDO:0002751	DOID:3711
MONDO_0002751	DOID:3711
MONDO:0002752	DOID:3713
MONDO_0002752	DOID:3713
MONDO:0002754	DOID:3720
MONDO_0002754	DOID:3720
MONDO:0002755	DOID:3722
MONDO_0002755	DOID:3722
MONDO:0002756	DOID:3723
MONDO_0002756	DOID:3723
MONDO:0002757	DOID:3728
MONDO_0002757	DOID:3728
MONDO:0002758	DOID:3740
MONDO_0002758	DOID:3740
MONDO:0002759	DOID:3741
MONDO_0002759	DOID:3741
MONDO:0002760	DOID:3742
MONDO_0002760	DOID:3742
MONDO:0002761	DOID:3743
MONDO_0002761	DOID:3743
MONDO:0002762	DOID:3747
MONDO_0002762	DOID:3747
MONDO:0002763	DOID:3749
MONDO_0002763	DOID:3749
MONDO:0002764	DOID:3750
MONDO_0002764	DOID:3750
MONDO:0002765	DOID:3751
MONDO_0002765	DOID:3751
MONDO:0002766	DOID:3752
MONDO_0002766	DOID:3752
MONDO:0002768	DOID:3763
MONDO_0002768	DOID:3763
MONDO:0002769	DOID:3766
MONDO_0002769	DOID:3766
MONDO:0002770	DOID:3767
MONDO_0002770	DOID:3767
MONDO:0002771	DOID:3770
MONDO_0002771	DOID:3770
MONDO:0002772	DOID:3772
MONDO_0002772	DOID:3772
MONDO:0002775	DOID:3781
MONDO_0002775	DOID:3781
MONDO:0002776	DOID:379
MONDO_0002776	DOID:379
MONDO:0002778	DOID:3809
MONDO_0002778	DOID:3809
MONDO:0002779	DOID:3813
MONDO_0002779	DOID:3813
MONDO:0002781	DOID:3816
MONDO_0002781	DOID:3816
MONDO:0002782	DOID:3817
MONDO_0002782	DOID:3817
MONDO:0002783	DOID:3825
MONDO_0002783	DOID:3825
MONDO:0002785	DOID:3842
MONDO_0002785	DOID:3842
MONDO:0002786	DOID:3843
MONDO_0002786	DOID:3843
MONDO:0002787	DOID:3846
MONDO_0002787	DOID:3846
MONDO:0002788	DOID:3847
MONDO_0002788	DOID:3847
MONDO:0002789	DOID:3850
MONDO_0002789	DOID:3850
MONDO:0002790	DOID:3855
MONDO_0002790	DOID:3855
MONDO:0002791	DOID:3857
MONDO_0002791	DOID:3857
MONDO:0002792	DOID:3860
MONDO_0002792	DOID:3860
MONDO:0002794	DOID:3864
MONDO_0002794	DOID:3864
MONDO:0002795	DOID:3865
MONDO_0002795	DOID:3865
MONDO:0002796	DOID:3868
MONDO_0002796	DOID:3868
MONDO:0002797	DOID:3869
MONDO_0002797	DOID:3869
MONDO:0002798	DOID:3870
MONDO_0002798	DOID:3870
MONDO:0002800	DOID:3875
MONDO_0002800	DOID:3875
MONDO:0002801	DOID:3876
MONDO_0002801	DOID:3876
MONDO:0002802	DOID:3877
MONDO_0002802	DOID:3877
MONDO:0002803	DOID:3878
MONDO_0002803	DOID:3878
MONDO:0002804	DOID:3895
MONDO_0002804	DOID:3895
MONDO:0002805	DOID:3896
MONDO_0002805	DOID:3896
MONDO:0002806	DOID:3904
MONDO_0002806	DOID:3904
MONDO:0002807	DOID:3906
MONDO_0002807	DOID:3906
MONDO:0002808	DOID:3917
MONDO_0002808	DOID:3917
MONDO:0002809	DOID:3918
MONDO_0002809	DOID:3918
MONDO:0002810	DOID:3919
MONDO_0002810	DOID:3919
MONDO:0002811	DOID:3924
MONDO_0002811	DOID:3924
MONDO:0002813	DOID:3939
MONDO_0002813	DOID:3939
MONDO:0002814	DOID:3950
MONDO_0002814	DOID:3950
MONDO:0002815	DOID:3951
MONDO_0002815	DOID:3951
MONDO:0002816	DOID:3952
MONDO_0002816	DOID:3952
MONDO:0002817	DOID:3953
MONDO_0002817	DOID:3953
MONDO:0002821	DOID:3964
MONDO_0002821	DOID:3964
MONDO:0002822	DOID:3965
MONDO_0002822	DOID:3965
MONDO:0002824	DOID:3978
MONDO_0002824	DOID:3978
MONDO:0002828	DOID:3998
MONDO_0002828	DOID:3998
MONDO:0002829	DOID:3999
MONDO_0002829	DOID:3999
MONDO:0002829	DOID:60003
MONDO_0002829	DOID:60003
MONDO:0002831	DOID:4003
MONDO_0002831	DOID:4003
MONDO:0002832	DOID:4005
MONDO_0002832	DOID:4005
MONDO:0002833	DOID:4008
MONDO_0002833	DOID:4008
MONDO:0002834	DOID:4011
MONDO_0002834	DOID:4011
MONDO:0002836	DOID:4013
MONDO_0002836	DOID:4013
MONDO:0002837	DOID:4014
MONDO_0002837	DOID:4014
MONDO:0002840	DOID:4030
MONDO_0002840	DOID:4030
MONDO:0002842	DOID:4033
MONDO_0002842	DOID:4033
MONDO:0002843	DOID:4034
MONDO_0002843	DOID:4034
MONDO:0002844	DOID:4035
MONDO_0002844	DOID:4035
MONDO:0002845	DOID:4037
MONDO_0002845	DOID:4037
MONDO:0002846	DOID:4038
MONDO_0002846	DOID:4038
MONDO:0002847	DOID:4043
MONDO_0002847	DOID:4043
MONDO:0002848	DOID:4044
MONDO_0002848	DOID:4044
MONDO:0002849	DOID:4047
MONDO_0002849	DOID:4047
MONDO:0002850	DOID:4048
MONDO_0002850	DOID:4048
MONDO:0002851	DOID:4049
MONDO_0002851	DOID:4049
MONDO:0002852	DOID:4050
MONDO_0002852	DOID:4050
MONDO:0002853	DOID:4053
MONDO_0002853	DOID:4053
MONDO:0002854	DOID:4054
MONDO_0002854	DOID:4054
MONDO:0002855	DOID:4055
MONDO_0002855	DOID:4055
MONDO:0002856	DOID:4057
MONDO_0002856	DOID:4057
MONDO:0002857	DOID:4058
MONDO_0002857	DOID:4058
MONDO:0002858	DOID:4059
MONDO_0002858	DOID:4059
MONDO:0002859	DOID:4060
MONDO_0002859	DOID:4060
MONDO:0002860	DOID:4061
MONDO_0002860	DOID:4061
MONDO:0002861	DOID:4062
MONDO_0002861	DOID:4062
MONDO:0002862	DOID:4064
MONDO_0002862	DOID:4064
MONDO:0002863	DOID:4065
MONDO_0002863	DOID:4065
MONDO:0002864	DOID:4066
MONDO_0002864	DOID:4066
MONDO:0002865	DOID:4067
MONDO_0002865	DOID:4067
MONDO:0002866	DOID:4072
MONDO_0002866	DOID:4072
MONDO:0002867	DOID:4073
MONDO_0002867	DOID:4073
MONDO:0002868	DOID:4075
MONDO_0002868	DOID:4075
MONDO:0002869	DOID:4079
MONDO_0002869	DOID:4079
MONDO:0002870	DOID:4080
MONDO_0002870	DOID:4080
MONDO:0002871	DOID:4084
MONDO_0002871	DOID:4084
MONDO:0002872	DOID:4085
MONDO_0002872	DOID:4085
MONDO:0002874	DOID:4087
MONDO_0002874	DOID:4087
MONDO:0002875	DOID:4110
MONDO_0002875	DOID:4110
MONDO:0002876	DOID:4111
MONDO_0002876	DOID:4111
MONDO:0002877	DOID:4112
MONDO_0002877	DOID:4112
MONDO:0002878	DOID:4113
MONDO_0002878	DOID:4113
MONDO:0002879	DOID:4114
MONDO_0002879	DOID:4114
MONDO:0002880	DOID:4115
MONDO_0002880	DOID:4115
MONDO:0002881	DOID:4117
MONDO_0002881	DOID:4117
MONDO:0002882	DOID:4118
MONDO_0002882	DOID:4118
MONDO:0002883	DOID:4119
MONDO_0002883	DOID:4119
MONDO:0002884	DOID:4123
MONDO_0002884	DOID:4123
MONDO:0002885	DOID:4131
MONDO_0002885	DOID:4131
MONDO:0002886	DOID:4137
MONDO_0002886	DOID:4137
MONDO:0002887	DOID:4138
MONDO_0002887	DOID:4138
MONDO:0002888	DOID:4141
MONDO_0002888	DOID:4141
MONDO:0002889	DOID:4143
MONDO_0002889	DOID:4143
MONDO:0002892	DOID:4151
MONDO_0002892	DOID:4151
MONDO:0002894	DOID:4153
MONDO_0002894	DOID:4153
MONDO:0002896	DOID:4156
MONDO_0002896	DOID:4156
MONDO:0002897	DOID:4157
MONDO_0002897	DOID:4157
MONDO:0002898	DOID:4159
MONDO_0002898	DOID:4159
MONDO:0002899	DOID:4160
MONDO_0002899	DOID:4160
MONDO:0002900	DOID:0080905
MONDO_0002900	DOID:0080905
MONDO:0002900	DOID:4164
MONDO_0002900	DOID:4164
MONDO:0002901	DOID:4176
MONDO_0002901	DOID:4176
MONDO:0002903	DOID:4186
MONDO_0002903	DOID:4186
MONDO:0002904	DOID:4188
MONDO_0002904	DOID:4188
MONDO:0002905	DOID:4189
MONDO_0002905	DOID:4189
MONDO:0002907	DOID:4193
MONDO_0002907	DOID:4193
MONDO:0002908	DOID:4194
MONDO_0002908	DOID:4194
MONDO:0002909	DOID:4195
MONDO_0002909	DOID:4195
MONDO:0002910	DOID:4201
MONDO_0002910	DOID:4201
MONDO:0002911	DOID:4202
MONDO_0002911	DOID:4202
MONDO:0002912	DOID:4203
MONDO_0002912	DOID:4203
MONDO:0002913	DOID:4205
MONDO_0002913	DOID:4205
MONDO:0002914	DOID:4206
MONDO_0002914	DOID:4206
MONDO:0002915	DOID:4207
MONDO_0002915	DOID:4207
MONDO:0002916	DOID:4209
MONDO_0002916	DOID:4209
MONDO:0002917	DOID:421
MONDO_0002917	DOID:421
MONDO:0002918	DOID:4210
MONDO_0002918	DOID:4210
MONDO:0002919	DOID:4211
MONDO_0002919	DOID:4211
MONDO:0002920	DOID:4217
MONDO_0002920	DOID:4217
MONDO:0002921	DOID:422
MONDO_0002921	DOID:422
MONDO:0002922	DOID:4223
MONDO_0002922	DOID:4223
MONDO:0002923	DOID:4227
MONDO_0002923	DOID:4227
MONDO:0002924	DOID:4230
MONDO_0002924	DOID:4230
MONDO:0002926	DOID:4233
MONDO_0002926	DOID:4233
MONDO:0002927	DOID:4235
MONDO_0002927	DOID:4235
MONDO:0002928	DOID:4236
MONDO_0002928	DOID:4236
MONDO:0002929	DOID:424
MONDO_0002929	DOID:424
MONDO:0002930	DOID:4242
MONDO_0002930	DOID:4242
MONDO:0002931	DOID:4250
MONDO_0002931	DOID:4250
MONDO:0002933	DOID:4254
MONDO_0002933	DOID:4254
MONDO:0002934	DOID:4266
MONDO_0002934	DOID:4266
MONDO:0002935	DOID:4277
MONDO_0002935	DOID:4277
MONDO:0002936	DOID:4278
MONDO_0002936	DOID:4278
MONDO:0002937	DOID:4280
MONDO_0002937	DOID:4280
MONDO:0002938	DOID:4281
MONDO_0002938	DOID:4281
MONDO:0002939	DOID:4282
MONDO_0002939	DOID:4282
MONDO:0002940	DOID:4283
MONDO_0002940	DOID:4283
MONDO:0002941	DOID:4284
MONDO_0002941	DOID:4284
MONDO:0002942	DOID:4286
MONDO_0002942	DOID:4286
MONDO:0002943	DOID:4287
MONDO_0002943	DOID:4287
MONDO:0002944	DOID:4288
MONDO_0002944	DOID:4288
MONDO:0002945	DOID:4289
MONDO_0002945	DOID:4289
MONDO:0002946	DOID:429
MONDO_0002946	DOID:429
MONDO:0002947	DOID:4290
MONDO_0002947	DOID:4290
MONDO:0002948	DOID:4291
MONDO_0002948	DOID:4291
MONDO:0002949	DOID:4292
MONDO_0002949	DOID:4292
MONDO:0002950	DOID:4293
MONDO_0002950	DOID:4293
MONDO:0002951	DOID:4294
MONDO_0002951	DOID:4294
MONDO:0002952	DOID:4295
MONDO_0002952	DOID:4295
MONDO:0002953	DOID:4299
MONDO_0002953	DOID:4299
MONDO:0002954	DOID:4300
MONDO_0002954	DOID:4300
MONDO:0002955	DOID:4301
MONDO_0002955	DOID:4301
MONDO:0002956	DOID:4302
MONDO_0002956	DOID:4302
MONDO:0002957	DOID:4303
MONDO_0002957	DOID:4303
MONDO:0002958	DOID:4304
MONDO_0002958	DOID:4304
MONDO:0002959	DOID:4306
MONDO_0002959	DOID:4306
MONDO:0002960	DOID:4307
MONDO_0002960	DOID:4307
MONDO:0002961	DOID:4321
MONDO_0002961	DOID:4321
MONDO:0002962	DOID:4323
MONDO_0002962	DOID:4323
MONDO:0002963	DOID:4324
MONDO_0002963	DOID:4324
MONDO:0002965	DOID:4333
MONDO_0002965	DOID:4333
MONDO:0002966	DOID:4334
MONDO_0002966	DOID:4334
MONDO:0002967	DOID:4337
MONDO_0002967	DOID:4337
MONDO:0002968	DOID:4347
MONDO_0002968	DOID:4347
MONDO:0002969	DOID:4352
MONDO_0002969	DOID:4352
MONDO:0002970	DOID:4353
MONDO_0002970	DOID:4353
MONDO:0002971	DOID:4359
MONDO_0002971	DOID:4359
MONDO:0002972	DOID:436
MONDO_0002972	DOID:436
MONDO:0002973	DOID:4360
MONDO_0002973	DOID:4360
MONDO:0002974	DOID:4362
MONDO_0002974	DOID:4362
MONDO:0002975	DOID:4364
MONDO_0002975	DOID:4364
MONDO:0002976	DOID:4370
MONDO_0002976	DOID:4370
MONDO:0002977	DOID:438
MONDO_0002977	DOID:438
MONDO:0002978	DOID:4384
MONDO_0002978	DOID:4384
MONDO:0002979	DOID:4385
MONDO_0002979	DOID:4385
MONDO:0002981	DOID:4388
MONDO_0002981	DOID:4388
MONDO:0002982	DOID:4389
MONDO_0002982	DOID:4389
MONDO:0002984	DOID:4394
MONDO_0002984	DOID:4394
MONDO:0002987	DOID:4406
MONDO_0002987	DOID:4406
MONDO:0002988	DOID:4413
MONDO_0002988	DOID:4413
MONDO:0002989	DOID:4415
MONDO_0002989	DOID:4415
MONDO:0002990	DOID:4419
MONDO_0002990	DOID:4419
MONDO:0002991	DOID:4422
MONDO_0002991	DOID:4422
MONDO:0002993	DOID:4432
MONDO_0002993	DOID:4432
MONDO:0002994	DOID:4433
MONDO_0002994	DOID:4433
MONDO:0002996	DOID:4435
MONDO_0002996	DOID:4435
MONDO:0002997	DOID:4436
MONDO_0002997	DOID:4436
MONDO:0002998	DOID:4437
MONDO_0002998	DOID:4437
MONDO:0002999	DOID:4438
MONDO_0002999	DOID:4438
MONDO:0003000	DOID:4439
MONDO_0003000	DOID:4439
MONDO:0003001	DOID:4440
MONDO_0003001	DOID:4440
MONDO:0003002	DOID:4441
MONDO_0003002	DOID:4441
MONDO:0003003	DOID:4442
MONDO_0003003	DOID:4442
MONDO:0003004	DOID:4448
MONDO_0003004	DOID:4448
MONDO:0003005	DOID:4449
MONDO_0003005	DOID:4449
MONDO:0003007	DOID:4454
MONDO_0003007	DOID:4454
MONDO:0003008	DOID:4455
MONDO_0003008	DOID:4455
MONDO:0003009	DOID:446
MONDO_0003009	DOID:446
MONDO:0003010	DOID:4463
MONDO_0003010	DOID:4463
MONDO:0003011	DOID:4472
MONDO_0003011	DOID:4472
MONDO:0003012	DOID:4473
MONDO_0003012	DOID:4473
MONDO:0003014	DOID:4483
MONDO_0003014	DOID:4483
MONDO:0003017	DOID:4490
MONDO_0003017	DOID:4490
MONDO:0003019	DOID:4500
MONDO_0003019	DOID:4500
MONDO:0003021	DOID:4504
MONDO_0003021	DOID:4504
MONDO:0003022	DOID:4505
MONDO_0003022	DOID:4505
MONDO:0003023	DOID:4510
MONDO_0003023	DOID:4510
MONDO:0003024	DOID:4511
MONDO_0003024	DOID:4511
MONDO:0003025	DOID:4512
MONDO_0003025	DOID:4512
MONDO:0003026	DOID:4513
MONDO_0003026	DOID:4513
MONDO:0003027	DOID:4514
MONDO_0003027	DOID:4514
MONDO:0003028	DOID:4515
MONDO_0003028	DOID:4515
MONDO:0003029	DOID:4517
MONDO_0003029	DOID:4517
MONDO:0003030	DOID:4520
MONDO_0003030	DOID:4520
MONDO:0003031	DOID:4521
MONDO_0003031	DOID:4521
MONDO:0003032	DOID:4522
MONDO_0003032	DOID:4522
MONDO:0003033	DOID:4524
MONDO_0003033	DOID:4524
MONDO:0003034	DOID:4525
MONDO_0003034	DOID:4525
MONDO:0003035	DOID:4527
MONDO_0003035	DOID:4527
MONDO:0003036	DOID:163
MONDO_0003036	DOID:163
MONDO:0003036	DOID:4531
MONDO_0003036	DOID:4531
MONDO:0003037	DOID:4535
MONDO_0003037	DOID:4535
MONDO:0003038	DOID:4540
MONDO_0003038	DOID:4540
MONDO:0003039	DOID:4541
MONDO_0003039	DOID:4541
MONDO:0003040	DOID:4543
MONDO_0003040	DOID:4543
MONDO:0003041	DOID:4546
MONDO_0003041	DOID:4546
MONDO:0003042	DOID:4547
MONDO_0003042	DOID:4547
MONDO:0003045	DOID:4550
MONDO_0003045	DOID:4550
MONDO:0003046	DOID:4551
MONDO_0003046	DOID:4551
MONDO:0003047	DOID:4553
MONDO_0003047	DOID:4553
MONDO:0003049	DOID:4555
MONDO_0003049	DOID:4555
MONDO:0003050	DOID:4556
MONDO_0003050	DOID:4556
MONDO:0003051	DOID:4560
MONDO_0003051	DOID:4560
MONDO:0003052	DOID:4561
MONDO_0003052	DOID:4561
MONDO:0003053	DOID:4584
MONDO_0003053	DOID:4584
MONDO:0003054	DOID:4587
MONDO_0003054	DOID:4587
MONDO:0003055	DOID:4588
MONDO_0003055	DOID:4588
MONDO:0003056	DOID:4591
MONDO_0003056	DOID:4591
MONDO:0003057	DOID:4593
MONDO_0003057	DOID:4593
MONDO:0003058	DOID:4594
MONDO_0003058	DOID:4594
MONDO:0003059	DOID:4606
MONDO_0003059	DOID:4606
MONDO:0003060	DOID:4607
MONDO_0003060	DOID:4607
MONDO:0003061	DOID:2691
MONDO_0003061	DOID:2691
MONDO:0003061	DOID:461
MONDO_0003061	DOID:461
MONDO:0003064	DOID:4630
MONDO_0003064	DOID:4630
MONDO:0003065	DOID:4633
MONDO_0003065	DOID:4633
MONDO:0003066	DOID:4636
MONDO_0003066	DOID:4636
MONDO:0003067	DOID:4637
MONDO_0003067	DOID:4637
MONDO:0003068	DOID:4638
MONDO_0003068	DOID:4638
MONDO:0003069	DOID:4639
MONDO_0003069	DOID:4639
MONDO:0003070	DOID:4640
MONDO_0003070	DOID:4640
MONDO:0003072	DOID:4645
MONDO_0003072	DOID:4645
MONDO:0003073	DOID:4647
MONDO_0003073	DOID:4647
MONDO:0003075	DOID:4650
MONDO_0003075	DOID:4650
MONDO:0003076	DOID:4651
MONDO_0003076	DOID:4651
MONDO:0003077	DOID:4653
MONDO_0003077	DOID:4653
MONDO:0003078	DOID:4656
MONDO_0003078	DOID:4656
MONDO:0003081	DOID:4662
MONDO_0003081	DOID:4662
MONDO:0003082	DOID:4664
MONDO_0003082	DOID:4664
MONDO:0003083	DOID:467
MONDO_0003083	DOID:467
MONDO:0003084	DOID:4675
MONDO_0003084	DOID:4675
MONDO:0003085	DOID:4677
MONDO_0003085	DOID:4677
MONDO:0003086	DOID:4678
MONDO_0003086	DOID:4678
MONDO:0003087	DOID:4679
MONDO_0003087	DOID:4679
MONDO:0003088	DOID:468
MONDO_0003088	DOID:468
MONDO:0003089	DOID:4681
MONDO_0003089	DOID:4681
MONDO:0003090	DOID:4682
MONDO_0003090	DOID:4682
MONDO:0003091	DOID:4683
MONDO_0003091	DOID:4683
MONDO:0003092	DOID:4685
MONDO_0003092	DOID:4685
MONDO:0003093	DOID:4686
MONDO_0003093	DOID:4686
MONDO:0003095	DOID:4688
MONDO_0003095	DOID:4688
MONDO:0003096	DOID:469
MONDO_0003096	DOID:469
MONDO:0003097	DOID:4690
MONDO_0003097	DOID:4690
MONDO:0003098	DOID:4691
MONDO_0003098	DOID:4691
MONDO:0003100	DOID:4693
MONDO_0003100	DOID:4693
MONDO:0003103	DOID:4698
MONDO_0003103	DOID:4698
MONDO:0003104	DOID:4699
MONDO_0003104	DOID:4699
MONDO:0003105	DOID:47
MONDO_0003105	DOID:47
MONDO:0003107	DOID:4706
MONDO_0003107	DOID:4706
MONDO:0003108	DOID:4707
MONDO_0003108	DOID:4707
MONDO:0003109	DOID:4708
MONDO_0003109	DOID:4708
MONDO:0003110	DOID:471
MONDO_0003110	DOID:471
MONDO:0003111	DOID:4715
MONDO_0003111	DOID:4715
MONDO:0003112	DOID:4716
MONDO_0003112	DOID:4716
MONDO:0003113	DOID:4717
MONDO_0003113	DOID:4717
MONDO:0003115	DOID:472
MONDO_0003115	DOID:472
MONDO:0003117	DOID:4737
MONDO_0003117	DOID:4737
MONDO:0003118	DOID:4739
MONDO_0003118	DOID:4739
MONDO:0003120	DOID:4743
MONDO_0003120	DOID:4743
MONDO:0003121	DOID:4749
MONDO_0003121	DOID:4749
MONDO:0003122	DOID:4751
MONDO_0003122	DOID:4751
MONDO:0003124	DOID:4756
MONDO_0003124	DOID:4756
MONDO:0003125	DOID:4757
MONDO_0003125	DOID:4757
MONDO:0003126	DOID:476
MONDO_0003126	DOID:476
MONDO:0003128	DOID:4767
MONDO_0003128	DOID:4767
MONDO:0003129	DOID:4768
MONDO_0003129	DOID:4768
MONDO:0003130	DOID:4772
MONDO_0003130	DOID:4772
MONDO:0003133	DOID:4777
MONDO_0003133	DOID:4777
MONDO:0003134	DOID:4778
MONDO_0003134	DOID:4778
MONDO:0003135	DOID:4779
MONDO_0003135	DOID:4779
MONDO:0003136	DOID:4780
MONDO_0003136	DOID:4780
MONDO:0003137	DOID:4781
MONDO_0003137	DOID:4781
MONDO:0003138	DOID:4782
MONDO_0003138	DOID:4782
MONDO:0003139	DOID:4783
MONDO_0003139	DOID:4783
MONDO:0003140	DOID:4784
MONDO_0003140	DOID:4784
MONDO:0003141	DOID:4787
MONDO_0003141	DOID:4787
MONDO:0003142	DOID:4788
MONDO_0003142	DOID:4788
MONDO:0003143	DOID:479
MONDO_0003143	DOID:479
MONDO:0003144	DOID:4790
MONDO_0003144	DOID:4790
MONDO:0003145	DOID:4791
MONDO_0003145	DOID:4791
MONDO:0003147	DOID:4796
MONDO_0003147	DOID:4796
MONDO:0003150	DOID:48
MONDO_0003150	DOID:48
MONDO:0003152	DOID:4812
MONDO_0003152	DOID:4812
MONDO:0003153	DOID:4813
MONDO_0003153	DOID:4813
MONDO:0003154	DOID:482
MONDO_0003154	DOID:482
MONDO:0003155	DOID:483
MONDO_0003155	DOID:483
MONDO:0003157	DOID:4837
MONDO_0003157	DOID:4837
MONDO:0003158	DOID:4838
MONDO_0003158	DOID:4838
MONDO:0003159	DOID:484
MONDO_0003159	DOID:484
MONDO:0003163	DOID:4846
MONDO_0003163	DOID:4846
MONDO:0003164	DOID:4847
MONDO_0003164	DOID:4847
MONDO:0003165	DOID:4848
MONDO_0003165	DOID:4848
MONDO:0003168	DOID:4853
MONDO_0003168	DOID:4853
MONDO:0003169	DOID:4855
MONDO_0003169	DOID:4855
MONDO:0003170	DOID:4856
MONDO_0003170	DOID:4856
MONDO:0003171	DOID:4858
MONDO_0003171	DOID:4858
MONDO:0003172	DOID:486
MONDO_0003172	DOID:486
MONDO:0003173	DOID:4860
MONDO_0003173	DOID:4860
MONDO:0003174	DOID:4863
MONDO_0003174	DOID:4863
MONDO:0003175	DOID:4866
MONDO_0003175	DOID:4866
MONDO:0003177	DOID:4868
MONDO_0003177	DOID:4868
MONDO:0003180	DOID:4871
MONDO_0003180	DOID:4871
MONDO:0003181	DOID:4872
MONDO_0003181	DOID:4872
MONDO:0003182	DOID:4873
MONDO_0003182	DOID:4873
MONDO:0003184	DOID:4876
MONDO_0003184	DOID:4876
MONDO:0003185	DOID:4877
MONDO_0003185	DOID:4877
MONDO:0003186	DOID:4878
MONDO_0003186	DOID:4878
MONDO:0003187	DOID:4879
MONDO_0003187	DOID:4879
MONDO:0003189	DOID:4892
MONDO_0003189	DOID:4892
MONDO:0003190	DOID:4893
MONDO_0003190	DOID:4893
MONDO:0003191	DOID:4894
MONDO_0003191	DOID:4894
MONDO:0003192	DOID:4895
MONDO_0003192	DOID:4895
MONDO:0003193	DOID:4896
MONDO_0003193	DOID:4896
MONDO:0003194	DOID:490
MONDO_0003194	DOID:490
MONDO:0003195	DOID:4901
MONDO_0003195	DOID:4901
MONDO:0003196	DOID:4902
MONDO_0003196	DOID:4902
MONDO:0003197	DOID:4903
MONDO_0003197	DOID:4903
MONDO:0003198	DOID:4906
MONDO_0003198	DOID:4906
MONDO:0003199	DOID:4908
MONDO_0003199	DOID:4908
MONDO:0003200	DOID:4910
MONDO_0003200	DOID:4910
MONDO:0003202	DOID:4915
MONDO_0003202	DOID:4915
MONDO:0003204	DOID:4917
MONDO_0003204	DOID:4917
MONDO:0003205	DOID:4918
MONDO_0003205	DOID:4918
MONDO:0003206	DOID:492
MONDO_0003206	DOID:492
MONDO:0003208	DOID:4922
MONDO_0003208	DOID:4922
MONDO:0003209	DOID:4923
MONDO_0003209	DOID:4923
MONDO:0003210	DOID:4928
MONDO_0003210	DOID:4928
MONDO:0003211	DOID:4930
MONDO_0003211	DOID:4930
MONDO:0003212	DOID:4931
MONDO_0003212	DOID:4931
MONDO:0003214	DOID:4933
MONDO_0003214	DOID:4933
MONDO:0003215	DOID:4934
MONDO_0003215	DOID:4934
MONDO:0003216	DOID:4938
MONDO_0003216	DOID:4938
MONDO:0003218	DOID:4943
MONDO_0003218	DOID:4943
MONDO:0003219	DOID:4944
MONDO_0003219	DOID:4944
MONDO:0003220	DOID:4948
MONDO_0003220	DOID:4948
MONDO:0003222	DOID:4955
MONDO_0003222	DOID:4955
MONDO:0003223	DOID:4957
MONDO_0003223	DOID:4957
MONDO:0003225	DOID:4961
MONDO_0003225	DOID:4961
MONDO:0003227	DOID:4970
MONDO_0003227	DOID:4970
MONDO:0003231	DOID:4986
MONDO_0003231	DOID:4986
MONDO:0003232	DOID:4988
MONDO_0003232	DOID:4988
MONDO:0003233	DOID:4990
MONDO_0003233	DOID:4990
MONDO:0003234	DOID:4991
MONDO_0003234	DOID:4991
MONDO:0003235	DOID:4992
MONDO_0003235	DOID:4992
MONDO:0003236	DOID:4993
MONDO_0003236	DOID:4993
MONDO:0003237	DOID:4994
MONDO_0003237	DOID:4994
MONDO:0003238	DOID:4995
MONDO_0003238	DOID:4995
MONDO:0003240	DOID:50
MONDO_0003240	DOID:50
MONDO:0003241	DOID:501
MONDO_0003241	DOID:501
MONDO:0003243	DOID:5016
MONDO_0003243	DOID:5016
MONDO:0003244	DOID:502
MONDO_0003244	DOID:502
MONDO:0003245	DOID:5022
MONDO_0003245	DOID:5022
MONDO:0003246	DOID:5026
MONDO_0003246	DOID:5026
MONDO:0003248	DOID:5031
MONDO_0003248	DOID:5031
MONDO:0003249	DOID:5032
MONDO_0003249	DOID:5032
MONDO:0003250	DOID:5039
MONDO_0003250	DOID:5039
MONDO:0003251	DOID:5040
MONDO_0003251	DOID:5040
MONDO:0003252	DOID:5042
MONDO_0003252	DOID:5042
MONDO:0003253	DOID:5043
MONDO_0003253	DOID:5043
MONDO:0003254	DOID:5044
MONDO_0003254	DOID:5044
MONDO:0003255	DOID:5046
MONDO_0003255	DOID:5046
MONDO:0003256	DOID:5047
MONDO_0003256	DOID:5047
MONDO:0003257	DOID:5048
MONDO_0003257	DOID:5048
MONDO:0003258	DOID:505
MONDO_0003258	DOID:505
MONDO:0003260	DOID:5056
MONDO_0003260	DOID:5056
MONDO:0003261	DOID:5057
MONDO_0003261	DOID:5057
MONDO:0003262	DOID:5058
MONDO_0003262	DOID:5058
MONDO:0003263	DOID:5059
MONDO_0003263	DOID:5059
MONDO:0003264	DOID:5063
MONDO_0003264	DOID:5063
MONDO:0003265	DOID:507
MONDO_0003265	DOID:507
MONDO:0003268	DOID:5076
MONDO_0003268	DOID:5076
MONDO:0003271	DOID:5083
MONDO_0003271	DOID:5083
MONDO:0003272	DOID:5088
MONDO_0003272	DOID:5088
MONDO:0003273	DOID:5090
MONDO_0003273	DOID:5090
MONDO:0003274	DOID:5093
MONDO_0003274	DOID:5093
MONDO:0003275	DOID:5099
MONDO_0003275	DOID:5099
MONDO:0003276	DOID:5100
MONDO_0003276	DOID:5100
MONDO:0003277	DOID:5101
MONDO_0003277	DOID:5101
MONDO:0003278	DOID:5102
MONDO_0003278	DOID:5102
MONDO:0003279	DOID:5104
MONDO_0003279	DOID:5104
MONDO:0003280	DOID:5112
MONDO_0003280	DOID:5112
MONDO:0003281	DOID:5118
MONDO_0003281	DOID:5118
MONDO:0003282	DOID:5119
MONDO_0003282	DOID:5119
MONDO:0003283	DOID:512
MONDO_0003283	DOID:512
MONDO:0003284	DOID:5123
MONDO_0003284	DOID:5123
MONDO:0003285	DOID:5124
MONDO_0003285	DOID:5124
MONDO:0003286	DOID:5125
MONDO_0003286	DOID:5125
MONDO:0003287	DOID:5126
MONDO_0003287	DOID:5126
MONDO:0003288	DOID:5127
MONDO_0003288	DOID:5127
MONDO:0003289	DOID:5128
MONDO_0003289	DOID:5128
MONDO:0003290	DOID:5129
MONDO_0003290	DOID:5129
MONDO:0003291	DOID:5132
MONDO_0003291	DOID:5132
MONDO:0003292	DOID:5134
MONDO_0003292	DOID:5134
MONDO:0003293	DOID:5136
MONDO_0003293	DOID:5136
MONDO:0003294	DOID:5137
MONDO_0003294	DOID:5137
MONDO:0003295	DOID:5138
MONDO_0003295	DOID:5138
MONDO:0003296	DOID:5139
MONDO_0003296	DOID:5139
MONDO:0003297	DOID:5140
MONDO_0003297	DOID:5140
MONDO:0003298	DOID:5142
MONDO_0003298	DOID:5142
MONDO:0003299	DOID:5143
MONDO_0003299	DOID:5143
MONDO:0003300	DOID:5146
MONDO_0003300	DOID:5146
MONDO:0003301	DOID:5147
MONDO_0003301	DOID:5147
MONDO:0003302	DOID:5149
MONDO_0003302	DOID:5149
MONDO:0003303	DOID:5150
MONDO_0003303	DOID:5150
MONDO:0003304	DOID:5151
MONDO_0003304	DOID:5151
MONDO:0003305	DOID:5152
MONDO_0003305	DOID:5152
MONDO:0003306	DOID:5153
MONDO_0003306	DOID:5153
MONDO:0003307	DOID:5155
MONDO_0003307	DOID:5155
MONDO:0003308	DOID:5157
MONDO_0003308	DOID:5157
MONDO:0003310	DOID:5161
MONDO_0003310	DOID:5161
MONDO:0003311	DOID:5166
MONDO_0003311	DOID:5166
MONDO:0003312	DOID:5169
MONDO_0003312	DOID:5169
MONDO:0003313	DOID:5170
MONDO_0003313	DOID:5170
MONDO:0003314	DOID:5171
MONDO_0003314	DOID:5171
MONDO:0003315	DOID:5172
MONDO_0003315	DOID:5172
MONDO:0003317	DOID:5178
MONDO_0003317	DOID:5178
MONDO:0003318	DOID:5179
MONDO_0003318	DOID:5179
MONDO:0003319	DOID:518
MONDO_0003319	DOID:518
MONDO:0003320	DOID:5182
MONDO_0003320	DOID:5182
MONDO:0003321	DOID:5183
MONDO_0003321	DOID:5183
MONDO:0003322	DOID:5189
MONDO_0003322	DOID:5189
MONDO:0003325	DOID:5193
MONDO_0003325	DOID:5193
MONDO:0003326	DOID:5194
MONDO_0003326	DOID:5194
MONDO:0003327	DOID:5195
MONDO_0003327	DOID:5195
MONDO:0003328	DOID:5196
MONDO_0003328	DOID:5196
MONDO:0003329	DOID:5199
MONDO_0003329	DOID:5199
MONDO:0003330	DOID:5200
MONDO_0003330	DOID:5200
MONDO:0003331	DOID:5207
MONDO_0003331	DOID:5207
MONDO:0003332	DOID:5208
MONDO_0003332	DOID:5208
MONDO:0003333	DOID:5209
MONDO_0003333	DOID:5209
MONDO:0003334	DOID:5214
MONDO_0003334	DOID:5214
MONDO:0003335	DOID:5221
MONDO_0003335	DOID:5221
MONDO:0003336	DOID:5222
MONDO_0003336	DOID:5222
MONDO:0003337	DOID:5224
MONDO_0003337	DOID:5224
MONDO:0003340	DOID:5233
MONDO_0003340	DOID:5233
MONDO:0003341	DOID:5236
MONDO_0003341	DOID:5236
MONDO:0003342	DOID:5238
MONDO_0003342	DOID:5238
MONDO:0003343	DOID:5240
MONDO_0003343	DOID:5240
MONDO:0003345	DOID:4927
MONDO_0003345	DOID:4927
MONDO:0003345	DOID:5246
MONDO_0003345	DOID:5246
MONDO:0003346	DOID:525
MONDO_0003346	DOID:525
MONDO:0003347	DOID:5251
MONDO_0003347	DOID:5251
MONDO:0003348	DOID:5253
MONDO_0003348	DOID:5253
MONDO:0003349	DOID:5254
MONDO_0003349	DOID:5254
MONDO:0003350	DOID:5258
MONDO_0003350	DOID:5258
MONDO:0003351	DOID:5259
MONDO_0003351	DOID:5259
MONDO:0003352	DOID:5260
MONDO_0003352	DOID:5260
MONDO:0003353	DOID:5261
MONDO_0003353	DOID:5261
MONDO:0003354	DOID:5262
MONDO_0003354	DOID:5262
MONDO:0003355	DOID:5263
MONDO_0003355	DOID:5263
MONDO:0003356	DOID:5264
MONDO_0003356	DOID:5264
MONDO:0003357	DOID:5265
MONDO_0003357	DOID:5265
MONDO:0003358	DOID:5267
MONDO_0003358	DOID:5267
MONDO:0003359	DOID:5268
MONDO_0003359	DOID:5268
MONDO:0003360	DOID:5271
MONDO_0003360	DOID:5271
MONDO:0003361	DOID:5272
MONDO_0003361	DOID:5272
MONDO:0003362	DOID:5273
MONDO_0003362	DOID:5273
MONDO:0003363	DOID:5274
MONDO_0003363	DOID:5274
MONDO:0003364	DOID:5275
MONDO_0003364	DOID:5275
MONDO:0003365	DOID:5276
MONDO_0003365	DOID:5276
MONDO:0003366	DOID:528
MONDO_0003366	DOID:528
MONDO:0003367	DOID:5280
MONDO_0003367	DOID:5280
MONDO:0003368	DOID:5282
MONDO_0003368	DOID:5282
MONDO:0003369	DOID:5283
MONDO_0003369	DOID:5283
MONDO:0003370	DOID:5284
MONDO_0003370	DOID:5284
MONDO:0003371	DOID:5285
MONDO_0003371	DOID:5285
MONDO:0003372	DOID:5286
MONDO_0003372	DOID:5286
MONDO:0003373	DOID:5287
MONDO_0003373	DOID:5287
MONDO:0003374	DOID:5288
MONDO_0003374	DOID:5288
MONDO:0003376	DOID:5292
MONDO_0003376	DOID:5292
MONDO:0003377	DOID:5293
MONDO_0003377	DOID:5293
MONDO:0003378	DOID:5296
MONDO_0003378	DOID:5296
MONDO:0003379	DOID:5297
MONDO_0003379	DOID:5297
MONDO:0003381	DOID:53
MONDO_0003381	DOID:53
MONDO:0003382	DOID:530
MONDO_0003382	DOID:530
MONDO:0003383	DOID:5301
MONDO_0003383	DOID:5301
MONDO:0003384	DOID:5302
MONDO_0003384	DOID:5302
MONDO:0003386	DOID:5306
MONDO_0003386	DOID:5306
MONDO:0003387	DOID:5307
MONDO_0003387	DOID:5307
MONDO:0003388	DOID:5308
MONDO_0003388	DOID:5308
MONDO:0003389	DOID:5309
MONDO_0003389	DOID:5309
MONDO:0003390	DOID:5310
MONDO_0003390	DOID:5310
MONDO:0003391	DOID:5313
MONDO_0003391	DOID:5313
MONDO:0003392	DOID:5324
MONDO_0003392	DOID:5324
MONDO:0003393	DOID:533
MONDO_0003393	DOID:533
MONDO:0003394	DOID:5330
MONDO_0003394	DOID:5330
MONDO:0003395	DOID:5331
MONDO_0003395	DOID:5331
MONDO:0003396	DOID:5337
MONDO_0003396	DOID:5337
MONDO:0003397	DOID:5338
MONDO_0003397	DOID:5338
MONDO:0003398	DOID:5340
MONDO_0003398	DOID:5340
MONDO:0003399	DOID:5341
MONDO_0003399	DOID:5341
MONDO:0003400	DOID:5342
MONDO_0003400	DOID:5342
MONDO:0003401	DOID:5343
MONDO_0003401	DOID:5343
MONDO:0003402	DOID:5344
MONDO_0003402	DOID:5344
MONDO:0003403	DOID:5345
MONDO_0003403	DOID:5345
MONDO:0003404	DOID:5348
MONDO_0003404	DOID:5348
MONDO:0003405	DOID:5349
MONDO_0003405	DOID:5349
MONDO:0003406	DOID:535
MONDO_0003406	DOID:535
MONDO:0003408	DOID:5351
MONDO_0003408	DOID:5351
MONDO:0003409	DOID:5353
MONDO_0003409	DOID:5353
MONDO:0003410	DOID:5368
MONDO_0003410	DOID:5368
MONDO:0003411	DOID:5370
MONDO_0003411	DOID:5370
MONDO:0003412	DOID:5373
MONDO_0003412	DOID:5373
MONDO:0003413	DOID:5375
MONDO_0003413	DOID:5375
MONDO:0003414	DOID:5376
MONDO_0003414	DOID:5376
MONDO:0003417	DOID:538
MONDO_0003417	DOID:538
MONDO:0003419	DOID:5382
MONDO_0003419	DOID:5382
MONDO:0003420	DOID:5384
MONDO_0003420	DOID:5384
MONDO:0003421	DOID:5385
MONDO_0003421	DOID:5385
MONDO:0003422	DOID:5386
MONDO_0003422	DOID:5386
MONDO:0003423	DOID:5387
MONDO_0003423	DOID:5387
MONDO:0003424	DOID:5389
MONDO_0003424	DOID:5389
MONDO:0003425	DOID:539
MONDO_0003425	DOID:539
MONDO:0003426	DOID:5390
MONDO_0003426	DOID:5390
MONDO:0003427	DOID:5391
MONDO_0003427	DOID:5391
MONDO:0003428	DOID:5393
MONDO_0003428	DOID:5393
MONDO:0003429	DOID:5395
MONDO_0003429	DOID:5395
MONDO:0003430	DOID:5396
MONDO_0003430	DOID:5396
MONDO:0003431	DOID:5398
MONDO_0003431	DOID:5398
MONDO:0003432	DOID:540
MONDO_0003432	DOID:540
MONDO:0003433	DOID:5401
MONDO_0003433	DOID:5401
MONDO:0003434	DOID:5402
MONDO_0003434	DOID:5402
MONDO:0003435	DOID:5403
MONDO_0003435	DOID:5403
MONDO:0003437	DOID:5414
MONDO_0003437	DOID:5414
MONDO:0003438	DOID:5421
MONDO_0003438	DOID:5421
MONDO:0003439	DOID:5427
MONDO_0003439	DOID:5427
MONDO:0003441	DOID:543
MONDO_0003441	DOID:543
MONDO:0003442	DOID:5432
MONDO_0003442	DOID:5432
MONDO:0003443	DOID:5433
MONDO_0003443	DOID:5433
MONDO:0003444	DOID:5437
MONDO_0003444	DOID:5437
MONDO:0003445	DOID:5438
MONDO_0003445	DOID:5438
MONDO:0003446	DOID:5439
MONDO_0003446	DOID:5439
MONDO:0003447	DOID:5443
MONDO_0003447	DOID:5443
MONDO:0003448	DOID:5444
MONDO_0003448	DOID:5444
MONDO:0003450	DOID:5446
MONDO_0003450	DOID:5446
MONDO:0003452	DOID:5463
MONDO_0003452	DOID:5463
MONDO:0003453	DOID:5465
MONDO_0003453	DOID:5465
MONDO:0003454	DOID:5467
MONDO_0003454	DOID:5467
MONDO:0003455	DOID:5468
MONDO_0003455	DOID:5468
MONDO:0003458	DOID:5475
MONDO_0003458	DOID:5475
MONDO:0003459	DOID:5476
MONDO_0003459	DOID:5476
MONDO:0003460	DOID:5477
MONDO_0003460	DOID:5477
MONDO:0003461	DOID:5478
MONDO_0003461	DOID:5478
MONDO:0003462	DOID:5479
MONDO_0003462	DOID:5479
MONDO:0003463	DOID:5480
MONDO_0003463	DOID:5480
MONDO:0003464	DOID:5482
MONDO_0003464	DOID:5482
MONDO:0003465	DOID:5484
MONDO_0003465	DOID:5484
MONDO:0003466	DOID:5487
MONDO_0003466	DOID:5487
MONDO:0003467	DOID:5488
MONDO_0003467	DOID:5488
MONDO:0003468	DOID:5492
MONDO_0003468	DOID:5492
MONDO:0003469	DOID:5494
MONDO_0003469	DOID:5494
MONDO:0003470	DOID:5500
MONDO_0003470	DOID:5500
MONDO:0003471	DOID:5501
MONDO_0003471	DOID:5501
MONDO:0003472	DOID:5502
MONDO_0003472	DOID:5502
MONDO:0003473	DOID:5503
MONDO_0003473	DOID:5503
MONDO:0003474	DOID:5504
MONDO_0003474	DOID:5504
MONDO:0003475	DOID:5505
MONDO_0003475	DOID:5505
MONDO:0003476	DOID:5507
MONDO_0003476	DOID:5507
MONDO:0003477	DOID:5508
MONDO_0003477	DOID:5508
MONDO:0003478	DOID:5509
MONDO_0003478	DOID:5509
MONDO:0003479	DOID:551
MONDO_0003479	DOID:551
MONDO:0003480	DOID:5510
MONDO_0003480	DOID:5510
MONDO:0003481	DOID:5511
MONDO_0003481	DOID:5511
MONDO:0003482	DOID:5513
MONDO_0003482	DOID:5513
MONDO:0003486	DOID:5522
MONDO_0003486	DOID:5522
MONDO:0003487	DOID:5524
MONDO_0003487	DOID:5524
MONDO:0003490	DOID:5527
MONDO_0003490	DOID:5527
MONDO:0003492	DOID:5529
MONDO_0003492	DOID:5529
MONDO:0003493	DOID:5530
MONDO_0003493	DOID:5530
MONDO:0003494	DOID:5531
MONDO_0003494	DOID:5531
MONDO:0003495	DOID:5532
MONDO_0003495	DOID:5532
MONDO:0003497	DOID:5534
MONDO_0003497	DOID:5534
MONDO:0003499	DOID:5536
MONDO_0003499	DOID:5536
MONDO:0003500	DOID:5537
MONDO_0003500	DOID:5537
MONDO:0003501	DOID:5538
MONDO_0003501	DOID:5538
MONDO:0003502	DOID:5539
MONDO_0003502	DOID:5539
MONDO:0003503	DOID:5540
MONDO_0003503	DOID:5540
MONDO:0003504	DOID:5545
MONDO_0003504	DOID:5545
MONDO:0003505	DOID:5546
MONDO_0003505	DOID:5546
MONDO:0003506	DOID:5547
MONDO_0003506	DOID:5547
MONDO:0003507	DOID:5550
MONDO_0003507	DOID:5550
MONDO:0003508	DOID:5551
MONDO_0003508	DOID:5551
MONDO:0003509	DOID:5553
MONDO_0003509	DOID:5553
MONDO:0003510	DOID:5556
MONDO_0003510	DOID:5556
MONDO:0003512	DOID:5560
MONDO_0003512	DOID:5560
MONDO:0003513	DOID:5561
MONDO_0003513	DOID:5561
MONDO:0003514	DOID:5563
MONDO_0003514	DOID:5563
MONDO:0003515	DOID:5564
MONDO_0003515	DOID:5564
MONDO:0003516	DOID:5565
MONDO_0003516	DOID:5565
MONDO:0003517	DOID:5566
MONDO_0003517	DOID:5566
MONDO:0003518	DOID:5568
MONDO_0003518	DOID:5568
MONDO:0003519	DOID:5569
MONDO_0003519	DOID:5569
MONDO:0003522	DOID:5576
MONDO_0003522	DOID:5576
MONDO:0003523	DOID:5577
MONDO_0003523	DOID:5577
MONDO:0003524	DOID:5579
MONDO_0003524	DOID:5579
MONDO:0003525	DOID:5580
MONDO_0003525	DOID:5580
MONDO:0003528	DOID:5587
MONDO_0003528	DOID:5587
MONDO:0003529	DOID:559
MONDO_0003529	DOID:559
MONDO:0003531	DOID:5591
MONDO_0003531	DOID:5591
MONDO:0003532	DOID:5592
MONDO_0003532	DOID:5592
MONDO:0003534	DOID:5595
MONDO_0003534	DOID:5595
MONDO:0003535	DOID:5597
MONDO_0003535	DOID:5597
MONDO:0003537	DOID:5599
MONDO_0003537	DOID:5599
MONDO:0003538	DOID:5600
MONDO_0003538	DOID:5600
MONDO:0003539	DOID:5602
MONDO_0003539	DOID:5602
MONDO:0003541	DOID:5604
MONDO_0003541	DOID:5604
MONDO:0003542	DOID:5608
MONDO_0003542	DOID:5608
MONDO:0003543	DOID:561
MONDO_0003543	DOID:561
MONDO:0003544	DOID:5612
MONDO_0003544	DOID:5612
MONDO:0003545	DOID:5615
MONDO_0003545	DOID:5615
MONDO:0003546	DOID:562
MONDO_0003546	DOID:562
MONDO:0003548	DOID:5623
MONDO_0003548	DOID:5623
MONDO:0003549	DOID:5624
MONDO_0003549	DOID:5624
MONDO:0003550	DOID:5625
MONDO_0003550	DOID:5625
MONDO:0003551	DOID:5626
MONDO_0003551	DOID:5626
MONDO:0003553	DOID:5628
MONDO_0003553	DOID:5628
MONDO:0003554	DOID:5629
MONDO_0003554	DOID:5629
MONDO:0003555	DOID:5630
MONDO_0003555	DOID:5630
MONDO:0003556	DOID:5631
MONDO_0003556	DOID:5631
MONDO:0003557	DOID:5632
MONDO_0003557	DOID:5632
MONDO:0003558	DOID:5634
MONDO_0003558	DOID:5634
MONDO:0003561	DOID:5638
MONDO_0003561	DOID:5638
MONDO:0003562	DOID:5639
MONDO_0003562	DOID:5639
MONDO:0003563	DOID:5641
MONDO_0003563	DOID:5641
MONDO:0003564	DOID:5642
MONDO_0003564	DOID:5642
MONDO:0003565	DOID:5643
MONDO_0003565	DOID:5643
MONDO:0003567	DOID:565
MONDO_0003567	DOID:565
MONDO:0003568	DOID:5655
MONDO_0003568	DOID:5655
MONDO:0003569	DOID:5656
MONDO_0003569	DOID:5656
MONDO:0003570	DOID:5658
MONDO_0003570	DOID:5658
MONDO:0003572	DOID:5660
MONDO_0003572	DOID:5660
MONDO:0003573	DOID:5662
MONDO_0003573	DOID:5662
MONDO:0003574	DOID:5665
MONDO_0003574	DOID:5665
MONDO:0003575	DOID:5670
MONDO_0003575	DOID:5670
MONDO:0003578	DOID:5677
MONDO_0003578	DOID:5677
MONDO:0003579	DOID:5678
MONDO_0003579	DOID:5678
MONDO:0003581	DOID:5681
MONDO_0003581	DOID:5681
MONDO:0003582	DOID:5683
MONDO_0003582	DOID:5683
MONDO:0003584	DOID:5691
MONDO_0003584	DOID:5691
MONDO:0003585	DOID:5693
MONDO_0003585	DOID:5693
MONDO:0003586	DOID:5694
MONDO_0003586	DOID:5694
MONDO:0003587	DOID:5695
MONDO_0003587	DOID:5695
MONDO:0003588	DOID:5696
MONDO_0003588	DOID:5696
MONDO:0003589	DOID:5697
MONDO_0003589	DOID:5697
MONDO:0003590	DOID:5698
MONDO_0003590	DOID:5698
MONDO:0003591	DOID:5699
MONDO_0003591	DOID:5699
MONDO:0003592	DOID:5700
MONDO_0003592	DOID:5700
MONDO:0003593	DOID:5701
MONDO_0003593	DOID:5701
MONDO:0003594	DOID:5703
MONDO_0003594	DOID:5703
MONDO:0003595	DOID:5704
MONDO_0003595	DOID:5704
MONDO:0003596	DOID:5705
MONDO_0003596	DOID:5705
MONDO:0003598	DOID:571
MONDO_0003598	DOID:571
MONDO:0003599	DOID:5711
MONDO_0003599	DOID:5711
MONDO:0003600	DOID:5712
MONDO_0003600	DOID:5712
MONDO:0003601	DOID:5713
MONDO_0003601	DOID:5713
MONDO:0003602	DOID:5714
MONDO_0003602	DOID:5714
MONDO:0003604	DOID:5716
MONDO_0003604	DOID:5716
MONDO:0003606	DOID:5719
MONDO_0003606	DOID:5719
MONDO:0003607	DOID:572
MONDO_0003607	DOID:572
MONDO:0003608	DOID:5723
MONDO_0003608	DOID:5723
MONDO:0003609	DOID:5724
MONDO_0003609	DOID:5724
MONDO:0003610	DOID:5725
MONDO_0003610	DOID:5725
MONDO:0003611	DOID:5726
MONDO_0003611	DOID:5726
MONDO:0003612	DOID:5727
MONDO_0003612	DOID:5727
MONDO:0003614	DOID:5729
MONDO_0003614	DOID:5729
MONDO:0003615	DOID:573
MONDO_0003615	DOID:573
MONDO:0003616	DOID:5730
MONDO_0003616	DOID:5730
MONDO:0003617	DOID:5731
MONDO_0003617	DOID:5731
MONDO:0003618	DOID:5732
MONDO_0003618	DOID:5732
MONDO:0003619	DOID:5733
MONDO_0003619	DOID:5733
MONDO:0003620	DOID:574
MONDO_0003620	DOID:574
MONDO:0003621	DOID:5740
MONDO_0003621	DOID:5740
MONDO:0003622	DOID:5741
MONDO_0003622	DOID:5741
MONDO:0003624	DOID:5743
MONDO_0003624	DOID:5743
MONDO:0003626	DOID:5747
MONDO_0003626	DOID:5747
MONDO:0003627	DOID:5748
MONDO_0003627	DOID:5748
MONDO:0003628	DOID:5749
MONDO_0003628	DOID:5749
MONDO:0003630	DOID:5751
MONDO_0003630	DOID:5751
MONDO:0003631	DOID:5752
MONDO_0003631	DOID:5752
MONDO:0003632	DOID:5757
MONDO_0003632	DOID:5757
MONDO:0003633	DOID:5758
MONDO_0003633	DOID:5758
MONDO:0003634	DOID:576
MONDO_0003634	DOID:576
MONDO:0003635	DOID:5760
MONDO_0003635	DOID:5760
MONDO:0003636	DOID:5761
MONDO_0003636	DOID:5761
MONDO:0003637	DOID:5763
MONDO_0003637	DOID:5763
MONDO:0003638	DOID:5764
MONDO_0003638	DOID:5764
MONDO:0003639	DOID:5767
MONDO_0003639	DOID:5767
MONDO:0003640	DOID:5769
MONDO_0003640	DOID:5769
MONDO:0003641	DOID:5772
MONDO_0003641	DOID:5772
MONDO:0003643	DOID:5774
MONDO_0003643	DOID:5774
MONDO:0003644	DOID:5775
MONDO_0003644	DOID:5775
MONDO:0003645	DOID:5776
MONDO_0003645	DOID:5776
MONDO:0003646	DOID:5777
MONDO_0003646	DOID:5777
MONDO:0003647	DOID:5781
MONDO_0003647	DOID:5781
MONDO:0003648	DOID:5782
MONDO_0003648	DOID:5782
MONDO:0003649	DOID:5784
MONDO_0003649	DOID:5784
MONDO:0003650	DOID:5789
MONDO_0003650	DOID:5789
MONDO:0003651	DOID:5798
MONDO_0003651	DOID:5798
MONDO:0003652	DOID:580
MONDO_0003652	DOID:580
MONDO:0003653	DOID:5806
MONDO_0003653	DOID:5806
MONDO:0003654	DOID:5809
MONDO_0003654	DOID:5809
MONDO:0003655	DOID:5815
MONDO_0003655	DOID:5815
MONDO:0003656	DOID:582
MONDO_0003656	DOID:582
MONDO:0003658	DOID:5822
MONDO_0003658	DOID:5822
MONDO:0003659	DOID:5823
MONDO_0003659	DOID:5823
MONDO:0003660	DOID:5825
MONDO_0003660	DOID:5825
MONDO:0003661	DOID:5826
MONDO_0003661	DOID:5826
MONDO:0003663	DOID:5829
MONDO_0003663	DOID:5829
MONDO:0003664	DOID:583
MONDO_0003664	DOID:583
MONDO:0003665	DOID:5830
MONDO_0003665	DOID:5830
MONDO:0003666	DOID:5831
MONDO_0003666	DOID:5831
MONDO:0003668	DOID:5838
MONDO_0003668	DOID:5838
MONDO:0003669	DOID:5842
MONDO_0003669	DOID:5842
MONDO:0003670	DOID:5843
MONDO_0003670	DOID:5843
MONDO:0003671	DOID:5846
MONDO_0003671	DOID:5846
MONDO:0003672	DOID:5847
MONDO_0003672	DOID:5847
MONDO:0003673	DOID:5848
MONDO_0003673	DOID:5848
MONDO:0003674	DOID:5849
MONDO_0003674	DOID:5849
MONDO:0003675	DOID:5851
MONDO_0003675	DOID:5851
MONDO:0003676	DOID:5852
MONDO_0003676	DOID:5852
MONDO:0003677	DOID:5853
MONDO_0003677	DOID:5853
MONDO:0003678	DOID:5854
MONDO_0003678	DOID:5854
MONDO:0003679	DOID:5855
MONDO_0003679	DOID:5855
MONDO:0003680	DOID:5859
MONDO_0003680	DOID:5859
MONDO:0003680	DOID:5866
MONDO_0003680	DOID:5866
MONDO:0003681	DOID:5861
MONDO_0003681	DOID:5861
MONDO:0003682	DOID:5862
MONDO_0003682	DOID:5862
MONDO:0003684	DOID:5867
MONDO_0003684	DOID:5867
MONDO:0003685	DOID:5874
MONDO_0003685	DOID:5874
MONDO:0003686	DOID:5876
MONDO_0003686	DOID:5876
MONDO:0003687	DOID:5877
MONDO_0003687	DOID:5877
MONDO:0003688	DOID:5884
MONDO_0003688	DOID:5884
MONDO:0003689	DOID:589
MONDO_0003689	DOID:589
MONDO:0003690	DOID:5890
MONDO_0003690	DOID:5890
MONDO:0003691	DOID:5893
MONDO_0003691	DOID:5893
MONDO:0003692	DOID:5894
MONDO_0003692	DOID:5894
MONDO:0003693	DOID:5895
MONDO_0003693	DOID:5895
MONDO:0003694	DOID:5896
MONDO_0003694	DOID:5896
MONDO:0003695	DOID:5897
MONDO_0003695	DOID:5897
MONDO:0003697	DOID:5907
MONDO_0003697	DOID:5907
MONDO:0003698	DOID:5908
MONDO_0003698	DOID:5908
MONDO:0003699	DOID:591
MONDO_0003699	DOID:591
MONDO:0003700	DOID:5913
MONDO_0003700	DOID:5913
MONDO:0003701	DOID:5914
MONDO_0003701	DOID:5914
MONDO:0003702	DOID:5915
MONDO_0003702	DOID:5915
MONDO:0003704	DOID:5916
MONDO_0003704	DOID:5916
MONDO:0003704	DOID:5917
MONDO_0003704	DOID:5917
MONDO:0003705	DOID:5921
MONDO_0003705	DOID:5921
MONDO:0003706	DOID:5922
MONDO_0003706	DOID:5922
MONDO:0003707	DOID:5923
MONDO_0003707	DOID:5923
MONDO:0003708	DOID:5926
MONDO_0003708	DOID:5926
MONDO:0003709	DOID:593
MONDO_0003709	DOID:593
MONDO:0003710	DOID:5936
MONDO_0003710	DOID:5936
MONDO:0003712	DOID:5948
MONDO_0003712	DOID:5948
MONDO:0003713	DOID:5949
MONDO_0003713	DOID:5949
MONDO:0003714	DOID:5957
MONDO_0003714	DOID:5957
MONDO:0003715	DOID:5958
MONDO_0003715	DOID:5958
MONDO:0003716	DOID:5973
MONDO_0003716	DOID:5973
MONDO:0003717	DOID:5975
MONDO_0003717	DOID:5975
MONDO:0003718	DOID:5976
MONDO_0003718	DOID:5976
MONDO:0003719	DOID:5977
MONDO_0003719	DOID:5977
MONDO:0003720	DOID:5982
MONDO_0003720	DOID:5982
MONDO:0003721	DOID:5983
MONDO_0003721	DOID:5983
MONDO:0003722	DOID:5990
MONDO_0003722	DOID:5990
MONDO:0003724	DOID:5997
MONDO_0003724	DOID:5997
MONDO:0003725	DOID:5998
MONDO_0003725	DOID:5998
MONDO:0003726	DOID:5999
MONDO_0003726	DOID:5999
MONDO:0003727	DOID:600
MONDO_0003727	DOID:600
MONDO:0003728	DOID:6001
MONDO_0003728	DOID:6001
MONDO:0003729	DOID:6003
MONDO_0003729	DOID:6003
MONDO:0003730	DOID:12965
MONDO_0003730	DOID:12965
MONDO:0003730	DOID:6004
MONDO_0003730	DOID:6004
MONDO:0003731	DOID:6015
MONDO_0003731	DOID:6015
MONDO:0003732	DOID:6016
MONDO_0003732	DOID:6016
MONDO:0003733	DOID:6017
MONDO_0003733	DOID:6017
MONDO:0003734	DOID:6018
MONDO_0003734	DOID:6018
MONDO:0003735	DOID:6019
MONDO_0003735	DOID:6019
MONDO:0003736	DOID:602
MONDO_0003736	DOID:602
MONDO:0003737	DOID:6021
MONDO_0003737	DOID:6021
MONDO:0003738	DOID:6024
MONDO_0003738	DOID:6024
MONDO:0003739	DOID:6025
MONDO_0003739	DOID:6025
MONDO:0003740	DOID:603
MONDO_0003740	DOID:603
MONDO:0003741	DOID:6032
MONDO_0003741	DOID:6032
MONDO:0003742	DOID:6033
MONDO_0003742	DOID:6033
MONDO:0003743	DOID:6034
MONDO_0003743	DOID:6034
MONDO:0003744	DOID:6037
MONDO_0003744	DOID:6037
MONDO:0003745	DOID:6041
MONDO_0003745	DOID:6041
MONDO:0003746	DOID:6043
MONDO_0003746	DOID:6043
MONDO:0003747	DOID:6048
MONDO_0003747	DOID:6048
MONDO:0003748	DOID:605
MONDO_0003748	DOID:605
MONDO:0003749	DOID:6050
MONDO_0003749	DOID:6050
MONDO:0003750	DOID:6052
MONDO_0003750	DOID:6052
MONDO:0003751	DOID:6053
MONDO_0003751	DOID:6053
MONDO:0003752	DOID:6054
MONDO_0003752	DOID:6054
MONDO:0003753	DOID:6059
MONDO_0003753	DOID:6059
MONDO:0003754	DOID:606
MONDO_0003754	DOID:606
MONDO:0003755	DOID:6065
MONDO_0003755	DOID:6065
MONDO:0003756	DOID:6067
MONDO_0003756	DOID:6067
MONDO:0003757	DOID:607
MONDO_0003757	DOID:607
MONDO:0003758	DOID:6082
MONDO_0003758	DOID:6082
MONDO:0003759	DOID:6083
MONDO_0003759	DOID:6083
MONDO:0003760	DOID:6084
MONDO_0003760	DOID:6084
MONDO:0003761	DOID:6085
MONDO_0003761	DOID:6085
MONDO:0003762	DOID:6086
MONDO_0003762	DOID:6086
MONDO:0003763	DOID:6088
MONDO_0003763	DOID:6088
MONDO:0003764	DOID:6089
MONDO_0003764	DOID:6089
MONDO:0003765	DOID:6090
MONDO_0003765	DOID:6090
MONDO:0003766	DOID:6098
MONDO_0003766	DOID:6098
MONDO:0003767	DOID:61
MONDO_0003767	DOID:61
MONDO:0003768	DOID:6101
MONDO_0003768	DOID:6101
MONDO:0003769	DOID:6102
MONDO_0003769	DOID:6102
MONDO:0003770	DOID:6103
MONDO_0003770	DOID:6103
MONDO:0003771	DOID:6110
MONDO_0003771	DOID:6110
MONDO:0003772	DOID:6112
MONDO_0003772	DOID:6112
MONDO:0003773	DOID:6113
MONDO_0003773	DOID:6113
MONDO:0003774	DOID:6114
MONDO_0003774	DOID:6114
MONDO:0003775	DOID:6115
MONDO_0003775	DOID:6115
MONDO:0003776	DOID:6118
MONDO_0003776	DOID:6118
MONDO:0003777	DOID:6119
MONDO_0003777	DOID:6119
MONDO:0003778	DOID:612
MONDO_0003778	DOID:612
MONDO:0003780	DOID:613
MONDO_0003780	DOID:613
MONDO:0003781	DOID:6132
MONDO_0003781	DOID:6132
MONDO:0003782	DOID:6139
MONDO_0003782	DOID:6139
MONDO:0003783	DOID:614
MONDO_0003783	DOID:614
MONDO:0003784	DOID:6148
MONDO_0003784	DOID:6148
MONDO:0003785	DOID:615
MONDO_0003785	DOID:615
MONDO:0003786	DOID:6160
MONDO_0003786	DOID:6160
MONDO:0003787	DOID:6161
MONDO_0003787	DOID:6161
MONDO:0003788	DOID:6162
MONDO_0003788	DOID:6162
MONDO:0003789	DOID:6163
MONDO_0003789	DOID:6163
MONDO:0003790	DOID:6166
MONDO_0003790	DOID:6166
MONDO:0003791	DOID:6167
MONDO_0003791	DOID:6167
MONDO:0003792	DOID:6170
MONDO_0003792	DOID:6170
MONDO:0003795	DOID:6179
MONDO_0003795	DOID:6179
MONDO:0003796	DOID:6190
MONDO_0003796	DOID:6190
MONDO:0003799	DOID:6195
MONDO_0003799	DOID:6195
MONDO:0003800	DOID:6197
MONDO_0003800	DOID:6197
MONDO:0003801	DOID:6198
MONDO_0003801	DOID:6198
MONDO:0003802	DOID:6199
MONDO_0003802	DOID:6199
MONDO:0003803	DOID:62
MONDO_0003803	DOID:62
MONDO:0003805	DOID:6201
MONDO_0003805	DOID:6201
MONDO:0003806	DOID:6203
MONDO_0003806	DOID:6203
MONDO:0003808	DOID:6208
MONDO_0003808	DOID:6208
MONDO:0003809	DOID:6209
MONDO_0003809	DOID:6209
MONDO:0003810	DOID:6210
MONDO_0003810	DOID:6210
MONDO:0003811	DOID:6211
MONDO_0003811	DOID:6211
MONDO:0003812	DOID:6212
MONDO_0003812	DOID:6212
MONDO:0003813	DOID:6214
MONDO_0003813	DOID:6214
MONDO:0003816	DOID:6227
MONDO_0003816	DOID:6227
MONDO:0003818	DOID:6229
MONDO_0003818	DOID:6229
MONDO:0003819	DOID:6230
MONDO_0003819	DOID:6230
MONDO:0003820	DOID:6231
MONDO_0003820	DOID:6231
MONDO:0003821	DOID:6232
MONDO_0003821	DOID:6232
MONDO:0003822	DOID:6239
MONDO_0003822	DOID:6239
MONDO:0003824	DOID:6244
MONDO_0003824	DOID:6244
MONDO:0003825	DOID:6245
MONDO_0003825	DOID:6245
MONDO:0003826	DOID:6249
MONDO_0003826	DOID:6249
MONDO:0003827	DOID:625
MONDO_0003827	DOID:625
MONDO:0003828	DOID:6256
MONDO_0003828	DOID:6256
MONDO:0003829	DOID:6257
MONDO_0003829	DOID:6257
MONDO:0003830	DOID:6258
MONDO_0003830	DOID:6258
MONDO:0003831	DOID:6259
MONDO_0003831	DOID:6259
MONDO:0003832	DOID:626
MONDO_0003832	DOID:626
MONDO:0003834	DOID:6270
MONDO_0003834	DOID:6270
MONDO:0003835	DOID:6271
MONDO_0003835	DOID:6271
MONDO:0003836	DOID:6274
MONDO_0003836	DOID:6274
MONDO:0003837	DOID:6275
MONDO_0003837	DOID:6275
MONDO:0003839	DOID:6278
MONDO_0003839	DOID:6278
MONDO:0003840	DOID:6284
MONDO_0003840	DOID:6284
MONDO:0003841	DOID:6285
MONDO_0003841	DOID:6285
MONDO:0003842	DOID:6286
MONDO_0003842	DOID:6286
MONDO:0003843	DOID:6291
MONDO_0003843	DOID:6291
MONDO:0003844	DOID:6293
MONDO_0003844	DOID:6293
MONDO:0003845	DOID:6294
MONDO_0003845	DOID:6294
MONDO:0003846	DOID:6297
MONDO_0003846	DOID:6297
MONDO:0003847	DOID:630
MONDO_0003847	DOID:630
MONDO:0003848	DOID:6307
MONDO_0003848	DOID:6307
MONDO:0003849	DOID:6312
MONDO_0003849	DOID:6312
MONDO:0003850	DOID:6313
MONDO_0003850	DOID:6313
MONDO:0003851	DOID:6314
MONDO_0003851	DOID:6314
MONDO:0003852	DOID:6315
MONDO_0003852	DOID:6315
MONDO:0003853	DOID:6316
MONDO_0003853	DOID:6316
MONDO:0003856	DOID:6332
MONDO_0003856	DOID:6332
MONDO:0003857	DOID:6333
MONDO_0003857	DOID:6333
MONDO:0003858	DOID:6334
MONDO_0003858	DOID:6334
MONDO:0003859	DOID:6335
MONDO_0003859	DOID:6335
MONDO:0003860	DOID:6337
MONDO_0003860	DOID:6337
MONDO:0003861	DOID:6339
MONDO_0003861	DOID:6339
MONDO:0003862	DOID:6344
MONDO_0003862	DOID:6344
MONDO:0003863	DOID:6345
MONDO_0003863	DOID:6345
MONDO:0003864	DOID:6354
MONDO_0003864	DOID:6354
MONDO:0003865	DOID:6367
MONDO_0003865	DOID:6367
MONDO:0003866	DOID:6370
MONDO_0003866	DOID:6370
MONDO:0003867	DOID:6379
MONDO_0003867	DOID:6379
MONDO:0003868	DOID:6381
MONDO_0003868	DOID:6381
MONDO:0003869	DOID:6383
MONDO_0003869	DOID:6383
MONDO:0003870	DOID:6386
MONDO_0003870	DOID:6386
MONDO:0003872	DOID:6405
MONDO_0003872	DOID:6405
MONDO:0003873	DOID:6407
MONDO_0003873	DOID:6407
MONDO:0003874	DOID:6408
MONDO_0003874	DOID:6408
MONDO:0003875	DOID:6423
MONDO_0003875	DOID:6423
MONDO:0003876	DOID:6425
MONDO_0003876	DOID:6425
MONDO:0003878	DOID:6438
MONDO_0003878	DOID:6438
MONDO:0003879	DOID:6445
MONDO_0003879	DOID:6445
MONDO:0003880	DOID:6446
MONDO_0003880	DOID:6446
MONDO:0003881	DOID:6448
MONDO_0003881	DOID:6448
MONDO:0003882	DOID:6451
MONDO_0003882	DOID:6451
MONDO:0003884	DOID:6459
MONDO_0003884	DOID:6459
MONDO:0003885	DOID:6460
MONDO_0003885	DOID:6460
MONDO:0003886	DOID:6468
MONDO_0003886	DOID:6468
MONDO:0003887	DOID:6469
MONDO_0003887	DOID:6469
MONDO:0003888	DOID:6474
MONDO_0003888	DOID:6474
MONDO:0003889	DOID:6476
MONDO_0003889	DOID:6476
MONDO:0003890	DOID:6477
MONDO_0003890	DOID:6477
MONDO:0003891	DOID:6481
MONDO_0003891	DOID:6481
MONDO:0003892	DOID:6482
MONDO_0003892	DOID:6482
MONDO:0003893	DOID:6483
MONDO_0003893	DOID:6483
MONDO:0003894	DOID:6484
MONDO_0003894	DOID:6484
MONDO:0003895	DOID:6489
MONDO_0003895	DOID:6489
MONDO:0003896	DOID:6491
MONDO_0003896	DOID:6491
MONDO:0003897	DOID:6492
MONDO_0003897	DOID:6492
MONDO:0003898	DOID:6494
MONDO_0003898	DOID:6494
MONDO:0003899	DOID:6495
MONDO_0003899	DOID:6495
MONDO:0003900	DOID:65
MONDO_0003900	DOID:65
MONDO:0003901	DOID:6500
MONDO_0003901	DOID:6500
MONDO:0003902	DOID:6501
MONDO_0003902	DOID:6501
MONDO:0003903	DOID:6505
MONDO_0003903	DOID:6505
MONDO:0003904	DOID:6510
MONDO_0003904	DOID:6510
MONDO:0003905	DOID:6511
MONDO_0003905	DOID:6511
MONDO:0003906	DOID:6512
MONDO_0003906	DOID:6512
MONDO:0003907	DOID:6514
MONDO_0003907	DOID:6514
MONDO:0003908	DOID:6517
MONDO_0003908	DOID:6517
MONDO:0003909	DOID:6518
MONDO_0003909	DOID:6518
MONDO:0003910	DOID:6522
MONDO_0003910	DOID:6522
MONDO:0003911	DOID:6523
MONDO_0003911	DOID:6523
MONDO:0003912	DOID:6524
MONDO_0003912	DOID:6524
MONDO:0003913	DOID:6525
MONDO_0003913	DOID:6525
MONDO:0003915	DOID:6530
MONDO_0003915	DOID:6530
MONDO:0003916	DOID:654
MONDO_0003916	DOID:654
MONDO:0003917	DOID:6547
MONDO_0003917	DOID:6547
MONDO:0003918	DOID:6548
MONDO_0003918	DOID:6548
MONDO:0003921	DOID:6553
MONDO_0003921	DOID:6553
MONDO:0003922	DOID:6554
MONDO_0003922	DOID:6554
MONDO:0003923	DOID:6559
MONDO_0003923	DOID:6559
MONDO:0003924	DOID:0050891
MONDO_0003924	DOID:0050891
MONDO:0003924	DOID:656
MONDO_0003924	DOID:656
MONDO:0003925	DOID:6562
MONDO_0003925	DOID:6562
MONDO:0003926	DOID:6564
MONDO_0003926	DOID:6564
MONDO:0003927	DOID:6566
MONDO_0003927	DOID:6566
MONDO:0003928	DOID:6567
MONDO_0003928	DOID:6567
MONDO:0003929	DOID:6569
MONDO_0003929	DOID:6569
MONDO:0003930	DOID:6571
MONDO_0003930	DOID:6571
MONDO:0003931	DOID:6575
MONDO_0003931	DOID:6575
MONDO:0003932	DOID:6576
MONDO_0003932	DOID:6576
MONDO:0003933	DOID:6579
MONDO_0003933	DOID:6579
MONDO:0003934	DOID:6581
MONDO_0003934	DOID:6581
MONDO:0003935	DOID:6585
MONDO_0003935	DOID:6585
MONDO:0003936	DOID:6587
MONDO_0003936	DOID:6587
MONDO:0003937	DOID:6590
MONDO_0003937	DOID:6590
MONDO:0003938	DOID:6594
MONDO_0003938	DOID:6594
MONDO:0003939	DOID:0080000
MONDO_0003939	DOID:0080000
MONDO:0003939	DOID:66
MONDO_0003939	DOID:66
MONDO:0003940	DOID:6603
MONDO_0003940	DOID:6603
MONDO:0003941	DOID:6605
MONDO_0003941	DOID:6605
MONDO:0003942	DOID:6606
MONDO_0003942	DOID:6606
MONDO:0003943	DOID:6607
MONDO_0003943	DOID:6607
MONDO:0003944	DOID:6608
MONDO_0003944	DOID:6608
MONDO:0003945	DOID:6610
MONDO_0003945	DOID:6610
MONDO:0003946	DOID:6613
MONDO_0003946	DOID:6613
MONDO:0003947	DOID:0080544
MONDO_0003947	DOID:0080544
MONDO:0003948	DOID:6621
MONDO_0003948	DOID:6621
MONDO:0003950	DOID:6629
MONDO_0003950	DOID:6629
MONDO:0003951	DOID:663
MONDO_0003951	DOID:663
MONDO:0003952	DOID:6634
MONDO_0003952	DOID:6634
MONDO:0003953	DOID:6639
MONDO_0003953	DOID:6639
MONDO:0003954	DOID:664
MONDO_0003954	DOID:664
MONDO:0003955	DOID:6641
MONDO_0003955	DOID:6641
MONDO:0003956	DOID:6643
MONDO_0003956	DOID:6643
MONDO:0003957	DOID:6648
MONDO_0003957	DOID:6648
MONDO:0003958	DOID:6654
MONDO_0003958	DOID:6654
MONDO:0003959	DOID:6657
MONDO_0003959	DOID:6657
MONDO:0003960	DOID:6658
MONDO_0003960	DOID:6658
MONDO:0003962	DOID:6676
MONDO_0003962	DOID:6676
MONDO:0003963	DOID:6677
MONDO_0003963	DOID:6677
MONDO:0003964	DOID:668
MONDO_0003964	DOID:668
MONDO:0003965	DOID:6680
MONDO_0003965	DOID:6680
MONDO:0003966	DOID:6693
MONDO_0003966	DOID:6693
MONDO:0003967	DOID:6696
MONDO_0003967	DOID:6696
MONDO:0003968	DOID:6697
MONDO_0003968	DOID:6697
MONDO:0003969	DOID:670
MONDO_0003969	DOID:670
MONDO:0003970	DOID:6700
MONDO_0003970	DOID:6700
MONDO:0003971	DOID:6703
MONDO_0003971	DOID:6703
MONDO:0003972	DOID:6705
MONDO_0003972	DOID:6705
MONDO:0003973	DOID:6706
MONDO_0003973	DOID:6706
MONDO:0003975	DOID:6721
MONDO_0003975	DOID:6721
MONDO:0003976	DOID:6723
MONDO_0003976	DOID:6723
MONDO:0003978	DOID:6727
MONDO_0003978	DOID:6727
MONDO:0003979	DOID:6733
MONDO_0003979	DOID:6733
MONDO:0003980	DOID:6735
MONDO_0003980	DOID:6735
MONDO:0003982	DOID:6741
MONDO_0003982	DOID:6741
MONDO:0003983	DOID:6742
MONDO_0003983	DOID:6742
MONDO:0003984	DOID:6752
MONDO_0003984	DOID:6752
MONDO:0003985	DOID:6758
MONDO_0003985	DOID:6758
MONDO:0003987	DOID:6760
MONDO_0003987	DOID:6760
MONDO:0003988	DOID:6762
MONDO_0003988	DOID:6762
MONDO:0003989	DOID:6774
MONDO_0003989	DOID:6774
MONDO:0003990	DOID:6776
MONDO_0003990	DOID:6776
MONDO:0003991	DOID:6777
MONDO_0003991	DOID:6777
MONDO:0003992	DOID:6786
MONDO_0003992	DOID:6786
MONDO:0003993	DOID:6787
MONDO_0003993	DOID:6787
MONDO:0003994	DOID:6788
MONDO_0003994	DOID:6788
MONDO:0003995	DOID:6789
MONDO_0003995	DOID:6789
MONDO:0003996	DOID:679
MONDO_0003996	DOID:679
MONDO:0003997	DOID:6804
MONDO_0003997	DOID:6804
MONDO:0003999	DOID:6811
MONDO_0003999	DOID:6811
MONDO:0004000	DOID:6812
MONDO_0004000	DOID:6812
MONDO:0004001	DOID:682
MONDO_0004001	DOID:682
MONDO:0004004	DOID:683
MONDO_0004004	DOID:683
MONDO:0004005	DOID:6837
MONDO_0004005	DOID:6837
MONDO:0004006	DOID:6838
MONDO_0004006	DOID:6838
MONDO:0004007	DOID:6839
MONDO_0004007	DOID:6839
MONDO:0004008	DOID:6841
MONDO_0004008	DOID:6841
MONDO:0004009	DOID:6844
MONDO_0004009	DOID:6844
MONDO:0004012	DOID:6847
MONDO_0004012	DOID:6847
MONDO:0004013	DOID:6848
MONDO_0004013	DOID:6848
MONDO:0004014	DOID:6854
MONDO_0004014	DOID:6854
MONDO:0004015	DOID:6856
MONDO_0004015	DOID:6856
MONDO:0004016	DOID:6857
MONDO_0004016	DOID:6857
MONDO:0004017	DOID:6858
MONDO_0004017	DOID:6858
MONDO:0004019	DOID:6865
MONDO_0004019	DOID:6865
MONDO:0004020	DOID:6867
MONDO_0004020	DOID:6867
MONDO:0004021	DOID:6868
MONDO_0004021	DOID:6868
MONDO:0004022	DOID:6869
MONDO_0004022	DOID:6869
MONDO:0004024	DOID:6871
MONDO_0004024	DOID:6871
MONDO:0004026	DOID:6873
MONDO_0004026	DOID:6873
MONDO:0004028	DOID:6880
MONDO_0004028	DOID:6880
MONDO:0004030	DOID:6888
MONDO_0004030	DOID:6888
MONDO:0004032	DOID:6898
MONDO_0004032	DOID:6898
MONDO:0004032	DOID:6899
MONDO_0004032	DOID:6899
MONDO:0004034	DOID:6903
MONDO_0004034	DOID:6903
MONDO:0004035	DOID:6906
MONDO_0004035	DOID:6906
MONDO:0004037	DOID:6929
MONDO_0004037	DOID:6929
MONDO:0004038	DOID:693
MONDO_0004038	DOID:693
MONDO:0004039	DOID:6931
MONDO_0004039	DOID:6931
MONDO:0004040	DOID:6932
MONDO_0004040	DOID:6932
MONDO:0004041	DOID:6933
MONDO_0004041	DOID:6933
MONDO:0004042	DOID:6934
MONDO_0004042	DOID:6934
MONDO:0004043	DOID:6935
MONDO_0004043	DOID:6935
MONDO:0004044	DOID:6936
MONDO_0004044	DOID:6936
MONDO:0004045	DOID:6938
MONDO_0004045	DOID:6938
MONDO:0004046	DOID:6939
MONDO_0004046	DOID:6939
MONDO:0004047	DOID:6947
MONDO_0004047	DOID:6947
MONDO:0004048	DOID:6948
MONDO_0004048	DOID:6948
MONDO:0004049	DOID:6950
MONDO_0004049	DOID:6950
MONDO:0004050	DOID:6951
MONDO_0004050	DOID:6951
MONDO:0004051	DOID:6958
MONDO_0004051	DOID:6958
MONDO:0004052	DOID:6959
MONDO_0004052	DOID:6959
MONDO:0004053	DOID:6961
MONDO_0004053	DOID:6961
MONDO:0004054	DOID:6969
MONDO_0004054	DOID:6969
MONDO:0004055	DOID:6970
MONDO_0004055	DOID:6970
MONDO:0004056	DOID:6975
MONDO_0004056	DOID:6975
MONDO:0004057	DOID:6976
MONDO_0004057	DOID:6976
MONDO:0004058	DOID:6977
MONDO_0004058	DOID:6977
MONDO:0004059	DOID:698
MONDO_0004059	DOID:698
MONDO:0004060	DOID:6988
MONDO_0004060	DOID:6988
MONDO:0004062	DOID:6992
MONDO_0004062	DOID:6992
MONDO:0004063	DOID:6993
MONDO_0004063	DOID:6993
MONDO:0004064	DOID:6994
MONDO_0004064	DOID:6994
MONDO:0004065	DOID:6996
MONDO_0004065	DOID:6996
MONDO:0004066	DOID:6997
MONDO_0004066	DOID:6997
MONDO:0004067	DOID:6998
MONDO_0004067	DOID:6998
MONDO:0004069	DOID:700
MONDO_0004069	DOID:700
MONDO:0004071	DOID:7007
MONDO_0004071	DOID:7007
MONDO:0004074	DOID:7013
MONDO_0004074	DOID:7013
MONDO:0004075	DOID:7014
MONDO_0004075	DOID:7014
MONDO:0004076	DOID:7016
MONDO_0004076	DOID:7016
MONDO:0004077	DOID:7017
MONDO_0004077	DOID:7017
MONDO:0004078	DOID:7024
MONDO_0004078	DOID:7024
MONDO:0004079	DOID:7030
MONDO_0004079	DOID:7030
MONDO:0004080	DOID:7031
MONDO_0004080	DOID:7031
MONDO:0004081	DOID:7032
MONDO_0004081	DOID:7032
MONDO:0004082	DOID:7037
MONDO_0004082	DOID:7037
MONDO:0004083	DOID:7039
MONDO_0004083	DOID:7039
MONDO:0004085	DOID:7041
MONDO_0004085	DOID:7041
MONDO:0004086	DOID:7042
MONDO_0004086	DOID:7042
MONDO:0004087	DOID:7045
MONDO_0004087	DOID:7045
MONDO:0004088	DOID:7046
MONDO_0004088	DOID:7046
MONDO:0004089	DOID:7047
MONDO_0004089	DOID:7047
MONDO:0004090	DOID:7048
MONDO_0004090	DOID:7048
MONDO:0004091	DOID:7049
MONDO_0004091	DOID:7049
MONDO:0004092	DOID:7050
MONDO_0004092	DOID:7050
MONDO:0004093	DOID:7051
MONDO_0004093	DOID:7051
MONDO:0004094	DOID:7054
MONDO_0004094	DOID:7054
MONDO:0004095	DOID:707
MONDO_0004095	DOID:707
MONDO:0004096	DOID:7071
MONDO_0004096	DOID:7071
MONDO:0004098	DOID:7077
MONDO_0004098	DOID:7077
MONDO:0004099	DOID:7079
MONDO_0004099	DOID:7079
MONDO:0004100	DOID:7081
MONDO_0004100	DOID:7081
MONDO:0004101	DOID:7086
MONDO_0004101	DOID:7086
MONDO:0004102	DOID:7088
MONDO_0004102	DOID:7088
MONDO:0004103	DOID:7089
MONDO_0004103	DOID:7089
MONDO:0004104	DOID:709
MONDO_0004104	DOID:709
MONDO:0004105	DOID:7095
MONDO_0004105	DOID:7095
MONDO:0004106	DOID:7097
MONDO_0004106	DOID:7097
MONDO:0004107	DOID:710
MONDO_0004107	DOID:710
MONDO:0004108	DOID:7103
MONDO_0004108	DOID:7103
MONDO:0004109	DOID:7105
MONDO_0004109	DOID:7105
MONDO:0004110	DOID:711
MONDO_0004110	DOID:711
MONDO:0004111	DOID:712
MONDO_0004111	DOID:712
MONDO:0004112	DOID:7127
MONDO_0004112	DOID:7127
MONDO:0004114	DOID:7132
MONDO_0004114	DOID:7132
MONDO:0004116	DOID:7134
MONDO_0004116	DOID:7134
MONDO:0004117	DOID:7136
MONDO_0004117	DOID:7136
MONDO:0004118	DOID:7138
MONDO_0004118	DOID:7138
MONDO:0004120	DOID:7140
MONDO_0004120	DOID:7140
MONDO:0004122	DOID:7142
MONDO_0004122	DOID:7142
MONDO:0004124	DOID:7152
MONDO_0004124	DOID:7152
MONDO:0004125	DOID:7160
MONDO_0004125	DOID:7160
MONDO:0004126	DOID:7166
MONDO_0004126	DOID:7166
MONDO:0004127	DOID:7168
MONDO_0004127	DOID:7168
MONDO:0004128	DOID:7169
MONDO_0004128	DOID:7169
MONDO:0004129	DOID:7173
MONDO_0004129	DOID:7173
MONDO:0004130	DOID:7174
MONDO_0004130	DOID:7174
MONDO:0004131	DOID:7175
MONDO_0004131	DOID:7175
MONDO:0004132	DOID:7177
MONDO_0004132	DOID:7177
MONDO:0004133	DOID:7179
MONDO_0004133	DOID:7179
MONDO:0004134	DOID:7181
MONDO_0004134	DOID:7181
MONDO:0004135	DOID:7187
MONDO_0004135	DOID:7187
MONDO:0004136	DOID:7191
MONDO_0004136	DOID:7191
MONDO:0004139	DOID:720
MONDO_0004139	DOID:720
MONDO:0004140	DOID:7202
MONDO_0004140	DOID:7202
MONDO:0004141	DOID:7206
MONDO_0004141	DOID:7206
MONDO:0004142	DOID:7207
MONDO_0004142	DOID:7207
MONDO:0004143	DOID:7210
MONDO_0004143	DOID:7210
MONDO:0004144	DOID:7211
MONDO_0004144	DOID:7211
MONDO:0004145	DOID:7212
MONDO_0004145	DOID:7212
MONDO:0004146	DOID:7213
MONDO_0004146	DOID:7213
MONDO:0004147	DOID:7214
MONDO_0004147	DOID:7214
MONDO:0004148	DOID:7221
MONDO_0004148	DOID:7221
MONDO:0004149	DOID:7222
MONDO_0004149	DOID:7222
MONDO:0004150	DOID:7223
MONDO_0004150	DOID:7223
MONDO:0004151	DOID:7224
MONDO_0004151	DOID:7224
MONDO:0004152	DOID:7230
MONDO_0004152	DOID:7230
MONDO:0004153	DOID:7231
MONDO_0004153	DOID:7231
MONDO:0004155	DOID:7233
MONDO_0004155	DOID:7233
MONDO:0004156	DOID:7234
MONDO_0004156	DOID:7234
MONDO:0004158	DOID:7236
MONDO_0004158	DOID:7236
MONDO:0004159	DOID:7237
MONDO_0004159	DOID:7237
MONDO:0004160	DOID:724
MONDO_0004160	DOID:724
MONDO:0004161	DOID:7241
MONDO_0004161	DOID:7241
MONDO:0004162	DOID:7242
MONDO_0004162	DOID:7242
MONDO:0004163	DOID:7244
MONDO_0004163	DOID:7244
MONDO:0004164	DOID:7246
MONDO_0004164	DOID:7246
MONDO:0004165	DOID:7263
MONDO_0004165	DOID:7263
MONDO:0004166	DOID:7266
MONDO_0004166	DOID:7266
MONDO:0004168	DOID:7269
MONDO_0004168	DOID:7269
MONDO:0004169	DOID:727
MONDO_0004169	DOID:727
MONDO:0004170	DOID:728
MONDO_0004170	DOID:728
MONDO:0004172	DOID:7281
MONDO_0004172	DOID:7281
MONDO:0004173	DOID:7284
MONDO_0004173	DOID:7284
MONDO:0004174	DOID:7289
MONDO_0004174	DOID:7289
MONDO:0004175	DOID:7293
MONDO_0004175	DOID:7293
MONDO:0004176	DOID:7297
MONDO_0004176	DOID:7297
MONDO:0004177	DOID:730
MONDO_0004177	DOID:730
MONDO:0004178	DOID:7302
MONDO_0004178	DOID:7302
MONDO:0004180	DOID:731
MONDO_0004180	DOID:731
MONDO:0004181	DOID:7312
MONDO_0004181	DOID:7312
MONDO:0004182	DOID:7315
MONDO_0004182	DOID:7315
MONDO:0004183	DOID:7319
MONDO_0004183	DOID:7319
MONDO:0004184	DOID:732
MONDO_0004184	DOID:732
MONDO:0004185	DOID:7320
MONDO_0004185	DOID:7320
MONDO:0004186	DOID:7326
MONDO_0004186	DOID:7326
MONDO:0004187	DOID:7327
MONDO_0004187	DOID:7327
MONDO:0004188	DOID:7328
MONDO_0004188	DOID:7328
MONDO:0004189	DOID:7332
MONDO_0004189	DOID:7332
MONDO:0004190	DOID:7333
MONDO_0004190	DOID:7333
MONDO:0004191	DOID:7334
MONDO_0004191	DOID:7334
MONDO:0004192	DOID:734
MONDO_0004192	DOID:734
MONDO:0004193	DOID:7340
MONDO_0004193	DOID:7340
MONDO:0004194	DOID:7347
MONDO_0004194	DOID:7347
MONDO:0004195	DOID:7350
MONDO_0004195	DOID:7350
MONDO:0004196	DOID:7356
MONDO_0004196	DOID:7356
MONDO:0004197	DOID:736
MONDO_0004197	DOID:736
MONDO:0004198	DOID:7360
MONDO_0004198	DOID:7360
MONDO:0004199	DOID:7363
MONDO_0004199	DOID:7363
MONDO:0004200	DOID:7371
MONDO_0004200	DOID:7371
MONDO:0004201	DOID:7378
MONDO_0004201	DOID:7378
MONDO:0004202	DOID:7379
MONDO_0004202	DOID:7379
MONDO:0004203	DOID:738
MONDO_0004203	DOID:738
MONDO:0004204	DOID:7380
MONDO_0004204	DOID:7380
MONDO:0004205	DOID:7381
MONDO_0004205	DOID:7381
MONDO:0004206	DOID:7388
MONDO_0004206	DOID:7388
MONDO:0004207	DOID:7389
MONDO_0004207	DOID:7389
MONDO:0004208	DOID:7390
MONDO_0004208	DOID:7390
MONDO:0004209	DOID:7398
MONDO_0004209	DOID:7398
MONDO:0004210	DOID:7401
MONDO_0004210	DOID:7401
MONDO:0004211	DOID:7402
MONDO_0004211	DOID:7402
MONDO:0004212	DOID:7408
MONDO_0004212	DOID:7408
MONDO:0004213	DOID:7409
MONDO_0004213	DOID:7409
MONDO:0004214	DOID:7411
MONDO_0004214	DOID:7411
MONDO:0004215	DOID:7426
MONDO_0004215	DOID:7426
MONDO:0004216	DOID:7428
MONDO_0004216	DOID:7428
MONDO:0004217	DOID:7429
MONDO_0004217	DOID:7429
MONDO:0004218	DOID:7430
MONDO_0004218	DOID:7430
MONDO:0004219	DOID:7435
MONDO_0004219	DOID:7435
MONDO:0004220	DOID:7436
MONDO_0004220	DOID:7436
MONDO:0004221	DOID:7437
MONDO_0004221	DOID:7437
MONDO:0004222	DOID:7438
MONDO_0004222	DOID:7438
MONDO:0004223	DOID:7439
MONDO_0004223	DOID:7439
MONDO:0004224	DOID:7441
MONDO_0004224	DOID:7441
MONDO:0004225	DOID:7442
MONDO_0004225	DOID:7442
MONDO:0004226	DOID:7444
MONDO_0004226	DOID:7444
MONDO:0004227	DOID:745
MONDO_0004227	DOID:745
MONDO:0004229	DOID:7459
MONDO_0004229	DOID:7459
MONDO:0004230	DOID:746
MONDO_0004230	DOID:746
MONDO:0004231	DOID:7460
MONDO_0004231	DOID:7460
MONDO:0004232	DOID:7461
MONDO_0004232	DOID:7461
MONDO:0004233	DOID:7463
MONDO_0004233	DOID:7463
MONDO:0004234	DOID:7465
MONDO_0004234	DOID:7465
MONDO:0004235	DOID:7475
MONDO_0004235	DOID:7475
MONDO:0004236	DOID:7479
MONDO_0004236	DOID:7479
MONDO:0004237	DOID:7480
MONDO_0004237	DOID:7480
MONDO:0004238	DOID:7482
MONDO_0004238	DOID:7482
MONDO:0004239	DOID:7483
MONDO_0004239	DOID:7483
MONDO:0004240	DOID:7488
MONDO_0004240	DOID:7488
MONDO:0004241	DOID:7489
MONDO_0004241	DOID:7489
MONDO:0004242	DOID:749
MONDO_0004242	DOID:749
MONDO:0004243	DOID:7491
MONDO_0004243	DOID:7491
MONDO:0004244	DOID:7492
MONDO_0004244	DOID:7492
MONDO:0004245	DOID:7497
MONDO_0004245	DOID:7497
MONDO:0004247	DOID:750
MONDO_0004247	DOID:750
MONDO:0004248	DOID:7501
MONDO_0004248	DOID:7501
MONDO:0004249	DOID:7502
MONDO_0004249	DOID:7502
MONDO:0004250	DOID:7503
MONDO_0004250	DOID:7503
MONDO:0004251	DOID:7505
MONDO_0004251	DOID:7505
MONDO:0004252	DOID:7506
MONDO_0004252	DOID:7506
MONDO:0004253	DOID:7511
MONDO_0004253	DOID:7511
MONDO:0004254	DOID:7512
MONDO_0004254	DOID:7512
MONDO:0004255	DOID:7514
MONDO_0004255	DOID:7514
MONDO:0004256	DOID:7515
MONDO_0004256	DOID:7515
MONDO:0004257	DOID:7516
MONDO_0004257	DOID:7516
MONDO:0004258	DOID:7518
MONDO_0004258	DOID:7518
MONDO:0004259	DOID:7519
MONDO_0004259	DOID:7519
MONDO:0004260	DOID:752
MONDO_0004260	DOID:752
MONDO:0004261	DOID:7520
MONDO_0004261	DOID:7520
MONDO:0004262	DOID:7521
MONDO_0004262	DOID:7521
MONDO:0004263	DOID:7522
MONDO_0004263	DOID:7522
MONDO:0004264	DOID:7527
MONDO_0004264	DOID:7527
MONDO:0004265	DOID:7528
MONDO_0004265	DOID:7528
MONDO:0004266	DOID:7531
MONDO_0004266	DOID:7531
MONDO:0004267	DOID:7532
MONDO_0004267	DOID:7532
MONDO:0004269	DOID:7537
MONDO_0004269	DOID:7537
MONDO:0004270	DOID:7538
MONDO_0004270	DOID:7538
MONDO:0004271	DOID:7539
MONDO_0004271	DOID:7539
MONDO:0004272	DOID:754
MONDO_0004272	DOID:754
MONDO:0004273	DOID:7540
MONDO_0004273	DOID:7540
MONDO:0004274	DOID:7541
MONDO_0004274	DOID:7541
MONDO:0004275	DOID:7542
MONDO_0004275	DOID:7542
MONDO:0004276	DOID:7549
MONDO_0004276	DOID:7549
MONDO:0004277	DOID:7551
MONDO_0004277	DOID:7551
MONDO:0004278	DOID:7553
MONDO_0004278	DOID:7553
MONDO:0004279	DOID:7558
MONDO_0004279	DOID:7558
MONDO:0004280	DOID:7559
MONDO_0004280	DOID:7559
MONDO:0004281	DOID:7565
MONDO_0004281	DOID:7565
MONDO:0004283	DOID:7567
MONDO_0004283	DOID:7567
MONDO:0004285	DOID:7574
MONDO_0004285	DOID:7574
MONDO:0004286	DOID:7575
MONDO_0004286	DOID:7575
MONDO:0004287	DOID:7577
MONDO_0004287	DOID:7577
MONDO:0004288	DOID:7578
MONDO_0004288	DOID:7578
MONDO:0004289	DOID:7583
MONDO_0004289	DOID:7583
MONDO:0004290	DOID:7584
MONDO_0004290	DOID:7584
MONDO:0004291	DOID:7585
MONDO_0004291	DOID:7585
MONDO:0004292	DOID:7586
MONDO_0004292	DOID:7586
MONDO:0004293	DOID:7587
MONDO_0004293	DOID:7587
MONDO:0004294	DOID:7591
MONDO_0004294	DOID:7591
MONDO:0004295	DOID:7596
MONDO_0004295	DOID:7596
MONDO:0004296	DOID:7598
MONDO_0004296	DOID:7598
MONDO:0004297	DOID:7599
MONDO_0004297	DOID:7599
MONDO:0004298	DOID:76
MONDO_0004298	DOID:76
MONDO:0004299	DOID:7600
MONDO_0004299	DOID:7600
MONDO:0004301	DOID:7603
MONDO_0004301	DOID:7603
MONDO:0004302	DOID:7607
MONDO_0004302	DOID:7607
MONDO:0004303	DOID:7609
MONDO_0004303	DOID:7609
MONDO:0004304	DOID:7610
MONDO_0004304	DOID:7610
MONDO:0004305	DOID:7611
MONDO_0004305	DOID:7611
MONDO:0004306	DOID:7612
MONDO_0004306	DOID:7612
MONDO:0004307	DOID:7613
MONDO_0004307	DOID:7613
MONDO:0004308	DOID:7614
MONDO_0004308	DOID:7614
MONDO:0004309	DOID:7615
MONDO_0004309	DOID:7615
MONDO:0004310	DOID:7631
MONDO_0004310	DOID:7631
MONDO:0004311	DOID:7632
MONDO_0004311	DOID:7632
MONDO:0004312	DOID:7634
MONDO_0004312	DOID:7634
MONDO:0004313	DOID:7635
MONDO_0004313	DOID:7635
MONDO:0004314	DOID:7639
MONDO_0004314	DOID:7639
MONDO:0004315	DOID:7642
MONDO_0004315	DOID:7642
MONDO:0004316	DOID:7643
MONDO_0004316	DOID:7643
MONDO:0004317	DOID:7646
MONDO_0004317	DOID:7646
MONDO:0004318	DOID:7650
MONDO_0004318	DOID:7650
MONDO:0004319	DOID:7651
MONDO_0004319	DOID:7651
MONDO:0004320	DOID:7656
MONDO_0004320	DOID:7656
MONDO:0004321	DOID:7664
MONDO_0004321	DOID:7664
MONDO:0004322	DOID:7665
MONDO_0004322	DOID:7665
MONDO:0004323	DOID:767
MONDO_0004323	DOID:767
MONDO:0004324	DOID:7675
MONDO_0004324	DOID:7675
MONDO:0004325	DOID:7676
MONDO_0004325	DOID:7676
MONDO:0004326	DOID:7678
MONDO_0004326	DOID:7678
MONDO:0004327	DOID:7679
MONDO_0004327	DOID:7679
MONDO:0004328	DOID:7684
MONDO_0004328	DOID:7684
MONDO:0004329	DOID:7685
MONDO_0004329	DOID:7685
MONDO:0004330	DOID:7689
MONDO_0004330	DOID:7689
MONDO:0004331	DOID:7694
MONDO_0004331	DOID:7694
MONDO:0004332	DOID:7696
MONDO_0004332	DOID:7696
MONDO:0004333	DOID:7697
MONDO_0004333	DOID:7697
MONDO:0004334	DOID:7698
MONDO_0004334	DOID:7698
MONDO:0004335	DOID:77
MONDO_0004335	DOID:77
MONDO:0004336	DOID:7707
MONDO_0004336	DOID:7707
MONDO:0004337	DOID:7708
MONDO_0004337	DOID:7708
MONDO:0004338	DOID:771
MONDO_0004338	DOID:771
MONDO:0004339	DOID:7713
MONDO_0004339	DOID:7713
MONDO:0004340	DOID:7716
MONDO_0004340	DOID:7716
MONDO:0004341	DOID:7717
MONDO_0004341	DOID:7717
MONDO:0004343	DOID:7729
MONDO_0004343	DOID:7729
MONDO:0004344	DOID:7731
MONDO_0004344	DOID:7731
MONDO:0004345	DOID:7732
MONDO_0004345	DOID:7732
MONDO:0004346	DOID:7733
MONDO_0004346	DOID:7733
MONDO:0004348	DOID:7736
MONDO_0004348	DOID:7736
MONDO:0004349	DOID:774
MONDO_0004349	DOID:774
MONDO:0004350	DOID:7747
MONDO_0004350	DOID:7747
MONDO:0004351	DOID:775
MONDO_0004351	DOID:775
MONDO:0004352	DOID:7750
MONDO_0004352	DOID:7750
MONDO:0004353	DOID:7752
MONDO_0004353	DOID:7752
MONDO:0004354	DOID:7756
MONDO_0004354	DOID:7756
MONDO:0004355	DOID:7757
MONDO_0004355	DOID:7757
MONDO:0004356	DOID:7762
MONDO_0004356	DOID:7762
MONDO:0004357	DOID:7763
MONDO_0004357	DOID:7763
MONDO:0004358	DOID:7764
MONDO_0004358	DOID:7764
MONDO:0004359	DOID:778
MONDO_0004359	DOID:778
MONDO:0004360	DOID:7787
MONDO_0004360	DOID:7787
MONDO:0004361	DOID:7788
MONDO_0004361	DOID:7788
MONDO:0004363	DOID:7806
MONDO_0004363	DOID:7806
MONDO:0004364	DOID:7807
MONDO_0004364	DOID:7807
MONDO:0004365	DOID:7808
MONDO_0004365	DOID:7808
MONDO:0004366	DOID:7817
MONDO_0004366	DOID:7817
MONDO:0004367	DOID:7818
MONDO_0004367	DOID:7818
MONDO:0004368	DOID:7819
MONDO_0004368	DOID:7819
MONDO:0004369	DOID:782
MONDO_0004369	DOID:782
MONDO:0004370	DOID:7820
MONDO_0004370	DOID:7820
MONDO:0004371	DOID:7824
MONDO_0004371	DOID:7824
MONDO:0004372	DOID:7825
MONDO_0004372	DOID:7825
MONDO:0004373	DOID:7826
MONDO_0004373	DOID:7826
MONDO:0004374	DOID:7827
MONDO_0004374	DOID:7827
MONDO:0004375	DOID:783
MONDO_0004375	DOID:783
MONDO:0004376	DOID:7839
MONDO_0004376	DOID:7839
MONDO:0004377	DOID:7840
MONDO_0004377	DOID:7840
MONDO:0004378	DOID:7841
MONDO_0004378	DOID:7841
MONDO:0004379	DOID:0050671
MONDO_0004379	DOID:0050671
MONDO:0004379	DOID:7843
MONDO_0004379	DOID:7843
MONDO:0004380	DOID:7849
MONDO_0004380	DOID:7849
MONDO:0004381	DOID:7851
MONDO_0004381	DOID:7851
MONDO:0004382	DOID:786
MONDO_0004382	DOID:786
MONDO:0004383	DOID:7867
MONDO_0004383	DOID:7867
MONDO:0004384	DOID:7868
MONDO_0004384	DOID:7868
MONDO:0004385	DOID:7875
MONDO_0004385	DOID:7875
MONDO:0004386	DOID:7878
MONDO_0004386	DOID:7878
MONDO:0004387	DOID:7880
MONDO_0004387	DOID:7880
MONDO:0004389	DOID:7894
MONDO_0004389	DOID:7894
MONDO:0004390	DOID:790
MONDO_0004390	DOID:790
MONDO:0004392	DOID:7903
MONDO_0004392	DOID:7903
MONDO:0004393	DOID:7907
MONDO_0004393	DOID:7907
MONDO:0004394	DOID:7910
MONDO_0004394	DOID:7910
MONDO:0004396	DOID:7915
MONDO_0004396	DOID:7915
MONDO:0004397	DOID:7921
MONDO_0004397	DOID:7921
MONDO:0004398	DOID:6175
MONDO_0004398	DOID:6175
MONDO:0004398	DOID:7922
MONDO_0004398	DOID:7922
MONDO:0004400	DOID:7927
MONDO_0004400	DOID:7927
MONDO:0004401	DOID:7928
MONDO_0004401	DOID:7928
MONDO:0004402	DOID:7930
MONDO_0004402	DOID:7930
MONDO:0004403	DOID:7933
MONDO_0004403	DOID:7933
MONDO:0004404	DOID:7936
MONDO_0004404	DOID:7936
MONDO:0004405	DOID:7941
MONDO_0004405	DOID:7941
MONDO:0004406	DOID:7945
MONDO_0004406	DOID:7945
MONDO:0004407	DOID:7949
MONDO_0004407	DOID:7949
MONDO:0004408	DOID:7951
MONDO_0004408	DOID:7951
MONDO:0004409	DOID:7953
MONDO_0004409	DOID:7953
MONDO:0004410	DOID:7958
MONDO_0004410	DOID:7958
MONDO:0004411	DOID:7959
MONDO_0004411	DOID:7959
MONDO:0004412	DOID:7960
MONDO_0004412	DOID:7960
MONDO:0004413	DOID:7961
MONDO_0004413	DOID:7961
MONDO:0004414	DOID:7962
MONDO_0004414	DOID:7962
MONDO:0004415	DOID:7967
MONDO_0004415	DOID:7967
MONDO:0004416	DOID:7968
MONDO_0004416	DOID:7968
MONDO:0004417	DOID:7969
MONDO_0004417	DOID:7969
MONDO:0004418	DOID:7971
MONDO_0004418	DOID:7971
MONDO:0004419	DOID:7972
MONDO_0004419	DOID:7972
MONDO:0004420	DOID:7983
MONDO_0004420	DOID:7983
MONDO:0004421	DOID:7984
MONDO_0004421	DOID:7984
MONDO:0004422	DOID:7986
MONDO_0004422	DOID:7986
MONDO:0004423	DOID:7994
MONDO_0004423	DOID:7994
MONDO:0004425	DOID:7998
MONDO_0004425	DOID:7998
MONDO:0004426	DOID:8000
MONDO_0004426	DOID:8000
MONDO:0004427	DOID:8002
MONDO_0004427	DOID:8002
MONDO:0004428	DOID:8003
MONDO_0004428	DOID:8003
MONDO:0004429	DOID:8006
MONDO_0004429	DOID:8006
MONDO:0004430	DOID:8009
MONDO_0004430	DOID:8009
MONDO:0004431	DOID:801
MONDO_0004431	DOID:801
MONDO:0004432	DOID:8012
MONDO_0004432	DOID:8012
MONDO:0004433	DOID:8013
MONDO_0004433	DOID:8013
MONDO:0004435	DOID:8022
MONDO_0004435	DOID:8022
MONDO:0004436	DOID:8023
MONDO_0004436	DOID:8023
MONDO:0004438	DOID:8029
MONDO_0004438	DOID:8029
MONDO:0004439	DOID:8030
MONDO_0004439	DOID:8030
MONDO:0004440	DOID:8031
MONDO_0004440	DOID:8031
MONDO:0004441	DOID:8036
MONDO_0004441	DOID:8036
MONDO:0004442	DOID:8042
MONDO_0004442	DOID:8042
MONDO:0004443	DOID:8043
MONDO_0004443	DOID:8043
MONDO:0004444	DOID:8050
MONDO_0004444	DOID:8050
MONDO:0004445	DOID:8051
MONDO_0004445	DOID:8051
MONDO:0004446	DOID:8057
MONDO_0004446	DOID:8057
MONDO:0004447	DOID:8058
MONDO_0004447	DOID:8058
MONDO:0004448	DOID:8060
MONDO_0004448	DOID:8060
MONDO:0004449	DOID:8068
MONDO_0004449	DOID:8068
MONDO:0004450	DOID:807
MONDO_0004450	DOID:807
MONDO:0004451	DOID:8072
MONDO_0004451	DOID:8072
MONDO:0004452	DOID:8078
MONDO_0004452	DOID:8078
MONDO:0004453	DOID:8081
MONDO_0004453	DOID:8081
MONDO:0004454	DOID:8082
MONDO_0004454	DOID:8082
MONDO:0004455	DOID:8083
MONDO_0004455	DOID:8083
MONDO:0004456	DOID:809
MONDO_0004456	DOID:809
MONDO:0004457	DOID:8093
MONDO_0004457	DOID:8093
MONDO:0004458	DOID:8096
MONDO_0004458	DOID:8096
MONDO:0004459	DOID:8097
MONDO_0004459	DOID:8097
MONDO:0004460	DOID:8102
MONDO_0004460	DOID:8102
MONDO:0004461	DOID:8104
MONDO_0004461	DOID:8104
MONDO:0004462	DOID:8105
MONDO_0004462	DOID:8105
MONDO:0004463	DOID:8106
MONDO_0004463	DOID:8106
MONDO:0004464	DOID:8109
MONDO_0004464	DOID:8109
MONDO:0004465	DOID:8110
MONDO_0004465	DOID:8110
MONDO:0004466	DOID:8117
MONDO_0004466	DOID:8117
MONDO:0004467	DOID:8118
MONDO_0004467	DOID:8118
MONDO:0004468	DOID:8119
MONDO_0004468	DOID:8119
MONDO:0004469	DOID:8122
MONDO_0004469	DOID:8122
MONDO:0004471	DOID:813
MONDO_0004471	DOID:813
MONDO:0004472	DOID:8130
MONDO_0004472	DOID:8130
MONDO:0004473	DOID:8133
MONDO_0004473	DOID:8133
MONDO:0004474	DOID:8135
MONDO_0004474	DOID:8135
MONDO:0004475	DOID:8137
MONDO_0004475	DOID:8137
MONDO:0004477	DOID:8140
MONDO_0004477	DOID:8140
MONDO:0004478	DOID:8144
MONDO_0004478	DOID:8144
MONDO:0004479	DOID:8149
MONDO_0004479	DOID:8149
MONDO:0004481	DOID:8150
MONDO_0004481	DOID:8150
MONDO:0004482	DOID:8153
MONDO_0004482	DOID:8153
MONDO:0004483	DOID:8162
MONDO_0004483	DOID:8162
MONDO:0004484	DOID:8167
MONDO_0004484	DOID:8167
MONDO:0004485	DOID:817
MONDO_0004485	DOID:817
MONDO:0004486	DOID:8177
MONDO_0004486	DOID:8177
MONDO:0004487	DOID:8178
MONDO_0004487	DOID:8178
MONDO:0004488	DOID:8179
MONDO_0004488	DOID:8179
MONDO:0004489	DOID:8186
MONDO_0004489	DOID:8186
MONDO:0004491	DOID:8187
MONDO_0004491	DOID:8187
MONDO:0004491	DOID:8188
MONDO_0004491	DOID:8188
MONDO:0004492	DOID:819
MONDO_0004492	DOID:819
MONDO:0004493	DOID:8193
MONDO_0004493	DOID:8193
MONDO:0004494	DOID:8195
MONDO_0004494	DOID:8195
MONDO:0004495	DOID:82
MONDO_0004495	DOID:82
MONDO:0004496	DOID:820
MONDO_0004496	DOID:820
MONDO:0004497	DOID:8200
MONDO_0004497	DOID:8200
MONDO:0004498	DOID:8203
MONDO_0004498	DOID:8203
MONDO:0004499	DOID:8207
MONDO_0004499	DOID:8207
MONDO:0004500	DOID:8208
MONDO_0004500	DOID:8208
MONDO:0004501	DOID:8211
MONDO_0004501	DOID:8211
MONDO:0004502	DOID:8216
MONDO_0004502	DOID:8216
MONDO:0004503	DOID:8221
MONDO_0004503	DOID:8221
MONDO:0004504	DOID:8223
MONDO_0004504	DOID:8223
MONDO:0004505	DOID:8224
MONDO_0004505	DOID:8224
MONDO:0004506	DOID:8225
MONDO_0004506	DOID:8225
MONDO:0004507	DOID:8227
MONDO_0004507	DOID:8227
MONDO:0004508	DOID:823
MONDO_0004508	DOID:823
MONDO:0004509	DOID:8230
MONDO_0004509	DOID:8230
MONDO:0004510	DOID:8233
MONDO_0004510	DOID:8233
MONDO:0004511	DOID:8239
MONDO_0004511	DOID:8239
MONDO:0004512	DOID:8243
MONDO_0004512	DOID:8243
MONDO:0004513	DOID:8251
MONDO_0004513	DOID:8251
MONDO:0004514	DOID:8252
MONDO_0004514	DOID:8252
MONDO:0004516	DOID:8259
MONDO_0004516	DOID:8259
MONDO:0004517	DOID:827
MONDO_0004517	DOID:827
MONDO:0004518	DOID:8272
MONDO_0004518	DOID:8272
MONDO:0004519	DOID:8274
MONDO_0004519	DOID:8274
MONDO:0004520	DOID:8275
MONDO_0004520	DOID:8275
MONDO:0004521	DOID:8282
MONDO_0004521	DOID:8282
MONDO:0004522	DOID:8283
MONDO_0004522	DOID:8283
MONDO:0004523	DOID:8288
MONDO_0004523	DOID:8288
MONDO:0004524	DOID:8292
MONDO_0004524	DOID:8292
MONDO:0004525	DOID:8295
MONDO_0004525	DOID:8295
MONDO:0004526	DOID:8302
MONDO_0004526	DOID:8302
MONDO:0004528	DOID:8304
MONDO_0004528	DOID:8304
MONDO:0004529	DOID:8305
MONDO_0004529	DOID:8305
MONDO:0004530	DOID:8307
MONDO_0004530	DOID:8307
MONDO:0004531	DOID:8310
MONDO_0004531	DOID:8310
MONDO:0004532	DOID:833
MONDO_0004532	DOID:833
MONDO:0004533	DOID:8331
MONDO_0004533	DOID:8331
MONDO:0004534	DOID:8335
MONDO_0004534	DOID:8335
MONDO:0004535	DOID:8336
MONDO_0004535	DOID:8336
MONDO:0004537	DOID:8339
MONDO_0004537	DOID:8339
MONDO:0004538	DOID:8340
MONDO_0004538	DOID:8340
MONDO:0004539	DOID:8352
MONDO_0004539	DOID:8352
MONDO:0004540	DOID:8353
MONDO_0004540	DOID:8353
MONDO:0004541	DOID:8358
MONDO_0004541	DOID:8358
MONDO:0004542	DOID:8361
MONDO_0004542	DOID:8361
MONDO:0004543	DOID:8362
MONDO_0004543	DOID:8362
MONDO:0004544	DOID:8368
MONDO_0004544	DOID:8368
MONDO:0004545	DOID:8369
MONDO_0004545	DOID:8369
MONDO:0004546	DOID:8389
MONDO_0004546	DOID:8389
MONDO:0004547	DOID:8392
MONDO_0004547	DOID:8392
MONDO:0004548	DOID:8394
MONDO_0004548	DOID:8394
MONDO:0004549	DOID:840
MONDO_0004549	DOID:840
MONDO:0004550	DOID:8400
MONDO_0004550	DOID:8400
MONDO:0004551	DOID:8408
MONDO_0004551	DOID:8408
MONDO:0004552	DOID:8409
MONDO_0004552	DOID:8409
MONDO:0004554	DOID:8410
MONDO_0004554	DOID:8410
MONDO:0004555	DOID:8411
MONDO_0004555	DOID:8411
MONDO:0004556	DOID:8415
MONDO_0004556	DOID:8415
MONDO:0004557	DOID:8418
MONDO_0004557	DOID:8418
MONDO:0004558	DOID:8419
MONDO_0004558	DOID:8419
MONDO:0004559	DOID:8420
MONDO_0004559	DOID:8420
MONDO:0004560	DOID:8426
MONDO_0004560	DOID:8426
MONDO:0004561	DOID:8427
MONDO_0004561	DOID:8427
MONDO:0004562	DOID:8428
MONDO_0004562	DOID:8428
MONDO:0004563	DOID:8431
MONDO_0004563	DOID:8431
MONDO:0004564	DOID:8433
MONDO_0004564	DOID:8433
MONDO:0004565	DOID:8437
MONDO_0004565	DOID:8437
MONDO:0004566	DOID:8439
MONDO_0004566	DOID:8439
MONDO:0004567	DOID:8440
MONDO_0004567	DOID:8440
MONDO:0004568	DOID:8442
MONDO_0004568	DOID:8442
MONDO:0004569	DOID:8443
MONDO_0004569	DOID:8443
MONDO:0004570	DOID:8445
MONDO_0004570	DOID:8445
MONDO:0004571	DOID:8448
MONDO_0004571	DOID:8448
MONDO:0004572	DOID:845
MONDO_0004572	DOID:845
MONDO:0004573	DOID:8454
MONDO_0004573	DOID:8454
MONDO:0004574	DOID:8455
MONDO_0004574	DOID:8455
MONDO:0004575	DOID:8456
MONDO_0004575	DOID:8456
MONDO:0004577	DOID:8463
MONDO_0004577	DOID:8463
MONDO:0004578	DOID:8464
MONDO_0004578	DOID:8464
MONDO:0004579	DOID:8465
MONDO_0004579	DOID:8465
MONDO:0004580	DOID:8466
MONDO_0004580	DOID:8466
MONDO:0004582	DOID:8481
MONDO_0004582	DOID:8481
MONDO:0004583	DOID:8482
MONDO_0004583	DOID:8482
MONDO:0004584	DOID:8484
MONDO_0004584	DOID:8484
MONDO:0004585	DOID:8488
MONDO_0004585	DOID:8488
MONDO:0004586	DOID:849
MONDO_0004586	DOID:849
MONDO:0004588	DOID:8499
MONDO_0004588	DOID:8499
MONDO:0004591	DOID:8503
MONDO_0004591	DOID:8503
MONDO:0004592	DOID:8504
MONDO_0004592	DOID:8504
MONDO:0004593	DOID:851
MONDO_0004593	DOID:851
MONDO:0004594	DOID:8512
MONDO_0004594	DOID:8512
MONDO:0004596	DOID:8515
MONDO_0004596	DOID:8515
MONDO:0004597	DOID:8516
MONDO_0004597	DOID:8516
MONDO:0004598	DOID:8514
MONDO_0004598	DOID:8514
MONDO:0004598	DOID:8517
MONDO_0004598	DOID:8517
MONDO:0004599	DOID:8519
MONDO_0004599	DOID:8519
MONDO:0004600	DOID:8527
MONDO_0004600	DOID:8527
MONDO:0004601	DOID:8529
MONDO_0004601	DOID:8529
MONDO:0004604	DOID:8543
MONDO_0004604	DOID:8543
MONDO:0004605	DOID:8549
MONDO_0004605	DOID:8549
MONDO:0004607	DOID:8556
MONDO_0004607	DOID:8556
MONDO:0004608	DOID:8557
MONDO_0004608	DOID:8557
MONDO:0004609	DOID:8566
MONDO_0004609	DOID:8566
MONDO:0004611	DOID:8578
MONDO_0004611	DOID:8578
MONDO:0004612	DOID:2570
MONDO_0004612	DOID:2570
MONDO:0004612	DOID:8580
MONDO_0004612	DOID:8580
MONDO:0004613	DOID:8590
MONDO_0004613	DOID:8590
MONDO:0004614	DOID:8593
MONDO_0004614	DOID:8593
MONDO:0004615	DOID:8601
MONDO_0004615	DOID:8601
MONDO:0004616	DOID:8607
MONDO_0004616	DOID:8607
MONDO:0004617	DOID:8619
MONDO_0004617	DOID:8619
MONDO:0004618	DOID:862
MONDO_0004618	DOID:862
MONDO:0004619	DOID:8622
MONDO_0004619	DOID:8622
MONDO:0004620	DOID:8628
MONDO_0004620	DOID:8628
MONDO:0004621	DOID:8630
MONDO_0004621	DOID:8630
MONDO:0004622	DOID:8633
MONDO_0004622	DOID:8633
MONDO:0004624	DOID:8635
MONDO_0004624	DOID:8635
MONDO:0004625	DOID:864
MONDO_0004625	DOID:864
MONDO:0004627	DOID:8643
MONDO_0004627	DOID:8643
MONDO:0004628	DOID:8644
MONDO_0004628	DOID:8644
MONDO:0004629	DOID:8645
MONDO_0004629	DOID:8645
MONDO:0004630	DOID:8646
MONDO_0004630	DOID:8646
MONDO:0004631	DOID:8649
MONDO_0004631	DOID:8649
MONDO:0004633	DOID:8654
MONDO_0004633	DOID:8654
MONDO:0004634	DOID:866
MONDO_0004634	DOID:866
MONDO:0004635	DOID:8660
MONDO_0004635	DOID:8660
MONDO:0004636	DOID:8661
MONDO_0004636	DOID:8661
MONDO:0004637	DOID:8663
MONDO_0004637	DOID:8663
MONDO:0004638	DOID:8675
MONDO_0004638	DOID:8675
MONDO:0004639	DOID:8677
MONDO_0004639	DOID:8677
MONDO:0004640	DOID:8680
MONDO_0004640	DOID:8680
MONDO:0004641	DOID:8687
MONDO_0004641	DOID:8687
MONDO:0004642	DOID:8688
MONDO_0004642	DOID:8688
MONDO:0004643	DOID:8692
MONDO_0004643	DOID:8692
MONDO:0004644	DOID:8696
MONDO_0004644	DOID:8696
MONDO:0004645	DOID:8702
MONDO_0004645	DOID:8702
MONDO:0004646	DOID:8717
MONDO_0004646	DOID:8717
MONDO:0004647	DOID:8719
MONDO_0004647	DOID:8719
MONDO:0004648	DOID:8725
MONDO_0004648	DOID:8725
MONDO:0004649	DOID:873
MONDO_0004649	DOID:873
MONDO:0004650	DOID:8731
MONDO_0004650	DOID:8731
MONDO:0004651	DOID:8736
MONDO_0004651	DOID:8736
MONDO:0004652	DOID:874
MONDO_0004652	DOID:874
MONDO:0004653	DOID:0060597
MONDO_0004653	DOID:0060597
MONDO:0004653	DOID:8747
MONDO_0004653	DOID:8747
MONDO:0004656	DOID:8781
MONDO_0004656	DOID:8781
MONDO:0004657	DOID:8787
MONDO_0004657	DOID:8787
MONDO:0004658	DOID:8791
MONDO_0004658	DOID:8791
MONDO:0004659	DOID:8792
MONDO_0004659	DOID:8792
MONDO:0004660	DOID:8800
MONDO_0004660	DOID:8800
MONDO:0004661	DOID:8802
MONDO_0004661	DOID:8802
MONDO:0004662	DOID:882
MONDO_0004662	DOID:882
MONDO:0004663	DOID:8826
MONDO_0004663	DOID:8826
MONDO:0004664	DOID:883
MONDO_0004664	DOID:883
MONDO:0004665	DOID:8838
MONDO_0004665	DOID:8838
MONDO:0004666	DOID:884
MONDO_0004666	DOID:884
MONDO:0004667	DOID:8849
MONDO_0004667	DOID:8849
MONDO:0004668	DOID:885
MONDO_0004668	DOID:885
MONDO:0004669	DOID:8850
MONDO_0004669	DOID:8850
MONDO:0004670	DOID:8857
MONDO_0004670	DOID:8857
MONDO:0004671	DOID:8872
MONDO_0004671	DOID:8872
MONDO:0004672	DOID:888
MONDO_0004672	DOID:888
MONDO:0004673	DOID:8883
MONDO_0004673	DOID:8883
MONDO:0004674	DOID:8886
MONDO_0004674	DOID:8886
MONDO:0004675	DOID:890
MONDO_0004675	DOID:890
MONDO:0004677	DOID:8912
MONDO_0004677	DOID:8912
MONDO:0004678	DOID:8913
MONDO_0004678	DOID:8913
MONDO:0004679	DOID:8920
MONDO_0004679	DOID:8920
MONDO:0004680	DOID:8925
MONDO_0004680	DOID:8925
MONDO:0004681	DOID:8927
MONDO_0004681	DOID:8927
MONDO:0004682	DOID:8930
MONDO_0004682	DOID:8930
MONDO:0004684	DOID:8936
MONDO_0004684	DOID:8936
MONDO:0004685	DOID:8937
MONDO_0004685	DOID:8937
MONDO:0004686	DOID:8943
MONDO_0004686	DOID:8943
MONDO:0004687	DOID:8946
MONDO_0004687	DOID:8946
MONDO:0004689	DOID:896
MONDO_0004689	DOID:896
MONDO:0004690	DOID:8969
MONDO_0004690	DOID:8969
MONDO:0004691	DOID:898
MONDO_0004691	DOID:898
MONDO:0004694	DOID:900
MONDO_0004694	DOID:900
MONDO:0004695	DOID:901
MONDO_0004695	DOID:901
MONDO:0004696	DOID:9011
MONDO_0004696	DOID:9011
MONDO:0004697	DOID:9021
MONDO_0004697	DOID:9021
MONDO:0004698	DOID:9024
MONDO_0004698	DOID:9024
MONDO:0004699	DOID:903
MONDO_0004699	DOID:903
MONDO:0004700	DOID:9036
MONDO_0004700	DOID:9036
MONDO:0004701	DOID:9042
MONDO_0004701	DOID:9042
MONDO:0004702	DOID:9043
MONDO_0004702	DOID:9043
MONDO:0004703	DOID:9053
MONDO_0004703	DOID:9053
MONDO:0004705	DOID:907
MONDO_0004705	DOID:907
MONDO:0004706	DOID:9076
MONDO_0004706	DOID:9076
MONDO:0004707	DOID:9087
MONDO_0004707	DOID:9087
MONDO:0004708	DOID:9095
MONDO_0004708	DOID:9095
MONDO:0004709	DOID:910
MONDO_0004709	DOID:910
MONDO:0004710	DOID:9108
MONDO_0004710	DOID:9108
MONDO:0004712	DOID:9123
MONDO_0004712	DOID:9123
MONDO:0004713	DOID:9125
MONDO_0004713	DOID:9125
MONDO:0004714	DOID:913
MONDO_0004714	DOID:913
MONDO:0004715	DOID:9132
MONDO_0004715	DOID:9132
MONDO:0004716	DOID:9138
MONDO_0004716	DOID:9138
MONDO:0004717	DOID:914
MONDO_0004717	DOID:914
MONDO:0004718	DOID:9140
MONDO_0004718	DOID:9140
MONDO:0004719	DOID:9149
MONDO_0004719	DOID:9149
MONDO:0004720	DOID:9153
MONDO_0004720	DOID:9153
MONDO:0004723	DOID:917
MONDO_0004723	DOID:917
MONDO:0004724	DOID:9173
MONDO_0004724	DOID:9173
MONDO:0004725	DOID:9174
MONDO_0004725	DOID:9174
MONDO:0004726	DOID:918
MONDO_0004726	DOID:918
MONDO:0004727	DOID:9188
MONDO_0004727	DOID:9188
MONDO:0004728	DOID:9191
MONDO_0004728	DOID:9191
MONDO:0004729	DOID:9192
MONDO_0004729	DOID:9192
MONDO:0004730	DOID:92
MONDO_0004730	DOID:92
MONDO:0004731	DOID:9220
MONDO_0004731	DOID:9220
MONDO:0004732	DOID:9234
MONDO_0004732	DOID:9234
MONDO:0004733	DOID:9235
MONDO_0004733	DOID:9235
MONDO:0004736	DOID:9252
MONDO_0004736	DOID:9252
MONDO:0004737	DOID:9263
MONDO_0004737	DOID:9263
MONDO:0004739	DOID:9267
MONDO_0004739	DOID:9267
MONDO:0004741	DOID:9275
MONDO_0004741	DOID:9275
MONDO:0004743	DOID:9279
MONDO_0004743	DOID:9279
MONDO:0004744	DOID:9283
MONDO_0004744	DOID:9283
MONDO:0004745	DOID:9286
MONDO_0004745	DOID:9286
MONDO:0004746	DOID:929
MONDO_0004746	DOID:929
MONDO:0004747	DOID:9296
MONDO_0004747	DOID:9296
MONDO:0004748	DOID:9297
MONDO_0004748	DOID:9297
MONDO:0004749	DOID:9299
MONDO_0004749	DOID:9299
MONDO:0004750	DOID:93
MONDO_0004750	DOID:93
MONDO:0004751	DOID:930
MONDO_0004751	DOID:930
MONDO:0004752	DOID:9300
MONDO_0004752	DOID:9300
MONDO:0004753	DOID:9306
MONDO_0004753	DOID:9306
MONDO:0004754	DOID:9307
MONDO_0004754	DOID:9307
MONDO:0004755	DOID:931
MONDO_0004755	DOID:931
MONDO:0004756	DOID:9310
MONDO_0004756	DOID:9310
MONDO:0004757	DOID:9312
MONDO_0004757	DOID:9312
MONDO:0004758	DOID:9335
MONDO_0004758	DOID:9335
MONDO:0004759	DOID:9336
MONDO_0004759	DOID:9336
MONDO:0004760	DOID:9339
MONDO_0004760	DOID:9339
MONDO:0004762	DOID:9346
MONDO_0004762	DOID:9346
MONDO:0004763	DOID:9348
MONDO_0004763	DOID:9348
MONDO:0004764	DOID:9358
MONDO_0004764	DOID:9358
MONDO:0004765	DOID:9360
MONDO_0004765	DOID:9360
MONDO:0004766	DOID:9362
MONDO_0004766	DOID:9362
MONDO:0004767	DOID:9365
MONDO_0004767	DOID:9365
MONDO:0004768	DOID:9368
MONDO_0004768	DOID:9368
MONDO:0004769	DOID:9369
MONDO_0004769	DOID:9369
MONDO:0004770	DOID:9370
MONDO_0004770	DOID:9370
MONDO:0004772	DOID:9378
MONDO_0004772	DOID:9378
MONDO:0004773	DOID:9383
MONDO_0004773	DOID:9383
MONDO:0004774	DOID:9384
MONDO_0004774	DOID:9384
MONDO:0004775	DOID:9388
MONDO_0004775	DOID:9388
MONDO:0004777	DOID:9396
MONDO_0004777	DOID:9396
MONDO:0004778	DOID:9401
MONDO_0004778	DOID:9401
MONDO:0004779	DOID:9402
MONDO_0004779	DOID:9402
MONDO:0004780	DOID:9407
MONDO_0004780	DOID:9407
MONDO:0004781	DOID:9408
MONDO_0004781	DOID:9408
MONDO:0004782	DOID:9409
MONDO_0004782	DOID:9409
MONDO:0004784	DOID:9415
MONDO_0004784	DOID:9415
MONDO:0004785	DOID:9423
MONDO_0004785	DOID:9423
MONDO:0004786	DOID:9439
MONDO_0004786	DOID:9439
MONDO:0004787	DOID:9442
MONDO_0004787	DOID:9442
MONDO:0004788	DOID:9445
MONDO_0004788	DOID:9445
MONDO:0004789	DOID:9446
MONDO_0004789	DOID:9446
MONDO:0004790	DOID:9452
MONDO_0004790	DOID:9452
MONDO:0004792	DOID:9459
MONDO_0004792	DOID:9459
MONDO:0004794	DOID:9461
MONDO_0004794	DOID:9461
MONDO:0004795	DOID:9463
MONDO_0004795	DOID:9463
MONDO:0004796	DOID:9471
MONDO_0004796	DOID:9471
MONDO:0004797	DOID:9473
MONDO_0004797	DOID:9473
MONDO:0004799	DOID:9483
MONDO_0004799	DOID:9483
MONDO:0004800	DOID:949
MONDO_0004800	DOID:949
MONDO:0004801	DOID:9496
MONDO_0004801	DOID:9496
MONDO:0004802	DOID:9498
MONDO_0004802	DOID:9498
MONDO:0004803	DOID:9499
MONDO_0004803	DOID:9499
MONDO:0004804	DOID:950
MONDO_0004804	DOID:950
MONDO:0004805	DOID:9500
MONDO_0004805	DOID:9500
MONDO:0004806	DOID:9502
MONDO_0004806	DOID:9502
MONDO:0004808	DOID:9504
MONDO_0004808	DOID:9504
MONDO:0004810	DOID:9506
MONDO_0004810	DOID:9506
MONDO:0004811	DOID:9512
MONDO_0004811	DOID:9512
MONDO:0004812	DOID:952
MONDO_0004812	DOID:952
MONDO:0004813	DOID:9534
MONDO_0004813	DOID:9534
MONDO:0004815	DOID:9541
MONDO_0004815	DOID:9541
MONDO:0004816	DOID:9544
MONDO_0004816	DOID:9544
MONDO:0004817	DOID:9547
MONDO_0004817	DOID:9547
MONDO:0004819	DOID:9550
MONDO_0004819	DOID:9550
MONDO:0004820	DOID:956
MONDO_0004820	DOID:956
MONDO:0004821	DOID:9561
MONDO_0004821	DOID:9561
MONDO:0004822	DOID:9563
MONDO_0004822	DOID:9563
MONDO:0004824	DOID:9577
MONDO_0004824	DOID:9577
MONDO:0004826	DOID:9589
MONDO_0004826	DOID:9589
MONDO:0004827	DOID:959
MONDO_0004827	DOID:959
MONDO:0004828	DOID:9590
MONDO_0004828	DOID:9590
MONDO:0004829	DOID:9597
MONDO_0004829	DOID:9597
MONDO:0004830	DOID:9598
MONDO_0004830	DOID:9598
MONDO:0004831	DOID:9599
MONDO_0004831	DOID:9599
MONDO:0004832	DOID:960
MONDO_0004832	DOID:960
MONDO:0004833	DOID:9600
MONDO_0004833	DOID:9600
MONDO:0004834	DOID:9601
MONDO_0004834	DOID:9601
MONDO:0004835	DOID:9602
MONDO_0004835	DOID:9602
MONDO:0004836	DOID:9603
MONDO_0004836	DOID:9603
MONDO:0004837	DOID:961
MONDO_0004837	DOID:961
MONDO:0004838	DOID:9617
MONDO_0004838	DOID:9617
MONDO:0004840	DOID:9621
MONDO_0004840	DOID:9621
MONDO:0004841	DOID:9622
MONDO_0004841	DOID:9622
MONDO:0004842	DOID:9637
MONDO_0004842	DOID:9637
MONDO:0004843	DOID:9650
MONDO_0004843	DOID:9650
MONDO:0004844	DOID:9655
MONDO_0004844	DOID:9655
MONDO:0004845	DOID:9663
MONDO_0004845	DOID:9663
MONDO:0004846	DOID:9667
MONDO_0004846	DOID:9667
MONDO:0004847	DOID:9669
MONDO_0004847	DOID:9669
MONDO:0004848	DOID:9673
MONDO_0004848	DOID:9673
MONDO:0004849	DOID:9675
MONDO_0004849	DOID:9675
MONDO:0004851	DOID:9694
MONDO_0004851	DOID:9694
MONDO:0004852	DOID:9697
MONDO_0004852	DOID:9697
MONDO:0004853	DOID:9698
MONDO_0004853	DOID:9698
MONDO:0004854	DOID:9699
MONDO_0004854	DOID:9699
MONDO:0004855	DOID:970
MONDO_0004855	DOID:970
MONDO:0004856	DOID:9709
MONDO_0004856	DOID:9709
MONDO:0004857	DOID:971
MONDO_0004857	DOID:971
MONDO:0004858	DOID:9714
MONDO_0004858	DOID:9714
MONDO:0004859	DOID:9717
MONDO_0004859	DOID:9717
MONDO:0004860	DOID:9720
MONDO_0004860	DOID:9720
MONDO:0004861	DOID:9722
MONDO_0004861	DOID:9722
MONDO:0004862	DOID:9723
MONDO_0004862	DOID:9723
MONDO:0004863	DOID:9724
MONDO_0004863	DOID:9724
MONDO:0004864	DOID:9735
MONDO_0004864	DOID:9735
MONDO:0004865	DOID:9736
MONDO_0004865	DOID:9736
MONDO:0004866	DOID:9739
MONDO_0004866	DOID:9739
MONDO:0004867	DOID:974
MONDO_0004867	DOID:974
MONDO:0004868	DOID:9741
MONDO_0004868	DOID:9741
MONDO:0004869	DOID:9742
MONDO_0004869	DOID:9742
MONDO:0004871	DOID:9745
MONDO_0004871	DOID:9745
MONDO:0004872	DOID:9746
MONDO_0004872	DOID:9746
MONDO:0004873	DOID:9749
MONDO_0004873	DOID:9749
MONDO:0004874	DOID:9754
MONDO_0004874	DOID:9754
MONDO:0004875	DOID:9766
MONDO_0004875	DOID:9766
MONDO:0004876	DOID:9767
MONDO_0004876	DOID:9767
MONDO:0004877	DOID:9771
MONDO_0004877	DOID:9771
MONDO:0004878	DOID:9773
MONDO_0004878	DOID:9773
MONDO:0004879	DOID:9776
MONDO_0004879	DOID:9776
MONDO:0004880	DOID:9779
MONDO_0004880	DOID:9779
MONDO:0004881	DOID:9788
MONDO_0004881	DOID:9788
MONDO:0004882	DOID:979
MONDO_0004882	DOID:979
MONDO:0004883	DOID:9794
MONDO_0004883	DOID:9794
MONDO:0004884	DOID:9799
MONDO_0004884	DOID:9799
MONDO:0004885	DOID:980
MONDO_0004885	DOID:980
MONDO:0004886	DOID:981
MONDO_0004886	DOID:981
MONDO:0004888	DOID:9811
MONDO_0004888	DOID:9811
MONDO:0004889	DOID:9820
MONDO_0004889	DOID:9820
MONDO:0004890	DOID:9822
MONDO_0004890	DOID:9822
MONDO:0004891	DOID:9834
MONDO_0004891	DOID:9834
MONDO:0004892	DOID:9835
MONDO_0004892	DOID:9835
MONDO:0004893	DOID:9837
MONDO_0004893	DOID:9837
MONDO:0004894	DOID:9838
MONDO_0004894	DOID:9838
MONDO:0004895	DOID:9839
MONDO_0004895	DOID:9839
MONDO:0004896	DOID:9840
MONDO_0004896	DOID:9840
MONDO:0004897	DOID:9841
MONDO_0004897	DOID:9841
MONDO:0004898	DOID:9842
MONDO_0004898	DOID:9842
MONDO:0004899	DOID:9843
MONDO_0004899	DOID:9843
MONDO:0004900	DOID:9847
MONDO_0004900	DOID:9847
MONDO:0004901	DOID:9854
MONDO_0004901	DOID:9854
MONDO:0004902	DOID:9857
MONDO_0004902	DOID:9857
MONDO:0004903	DOID:9858
MONDO_0004903	DOID:9858
MONDO:0004904	DOID:9867
MONDO_0004904	DOID:9867
MONDO:0004905	DOID:9868
MONDO_0004905	DOID:9868
MONDO:0004907	DOID:987
MONDO_0004907	DOID:987
MONDO:0004909	DOID:9877
MONDO_0004909	DOID:9877
MONDO:0004910	DOID:988
MONDO_0004910	DOID:988
MONDO:0004911	DOID:9880
MONDO_0004911	DOID:9880
MONDO:0004913	DOID:9888
MONDO_0004913	DOID:9888
MONDO:0004917	DOID:9908
MONDO_0004917	DOID:9908
MONDO:0004918	DOID:9910
MONDO_0004918	DOID:9910
MONDO:0004919	DOID:9911
MONDO_0004919	DOID:9911
MONDO:0004920	DOID:9912
MONDO_0004920	DOID:9912
MONDO:0004922	DOID:9923
MONDO_0004922	DOID:9923
MONDO:0004923	DOID:9935
MONDO_0004923	DOID:9935
MONDO:0004924	DOID:9936
MONDO_0004924	DOID:9936
MONDO:0004925	DOID:9937
MONDO_0004925	DOID:9937
MONDO:0004926	DOID:9938
MONDO_0004926	DOID:9938
MONDO:0004927	DOID:9939
MONDO_0004927	DOID:9939
MONDO:0004928	DOID:9942
MONDO_0004928	DOID:9942
MONDO:0004929	DOID:9945
MONDO_0004929	DOID:9945
MONDO:0004930	DOID:9946
MONDO_0004930	DOID:9946
MONDO:0004931	DOID:9948
MONDO_0004931	DOID:9948
MONDO:0004932	DOID:9954
MONDO_0004932	DOID:9954
MONDO:0004933	DOID:9955
MONDO_0004933	DOID:9955
MONDO:0004934	DOID:9957
MONDO_0004934	DOID:9957
MONDO:0004936	DOID:997
MONDO_0004936	DOID:997
MONDO:0004937	DOID:9971
MONDO_0004937	DOID:9971
MONDO:0004938	DOID:9973
MONDO_0004938	DOID:9973
MONDO:0004939	DOID:9977
MONDO_0004939	DOID:9977
MONDO:0004940	DOID:9978
MONDO_0004940	DOID:9978
MONDO:0004941	DOID:998
MONDO_0004941	DOID:998
MONDO:0004942	DOID:9986
MONDO_0004942	DOID:9986
MONDO:0004943	DOID:9987
MONDO_0004943	DOID:9987
MONDO:0004944	DOID:9988
MONDO_0004944	DOID:9988
MONDO:0004946	DOID:9993
MONDO_0004946	DOID:9993
MONDO:0004947	DOID:0080630
MONDO_0004947	DOID:0080630
MONDO:0004947	DOID:7061
MONDO_0004947	DOID:7061
MONDO:0004948	DOID:1040
MONDO_0004948	DOID:1040
MONDO:0004949	DOID:706
MONDO_0004949	DOID:706
MONDO:0004950	DOID:10538
MONDO_0004950	DOID:10538
MONDO:0004950	DOID:5517
MONDO_0004950	DOID:5517
MONDO:0004952	DOID:8567
MONDO_0004952	DOID:8567
MONDO:0004953	DOID:3008
MONDO_0004953	DOID:3008
MONDO:0004957	DOID:3030
MONDO_0004957	DOID:3030
MONDO:0004958	DOID:0050866
MONDO_0004958	DOID:0050866
MONDO:0004959	DOID:6536
MONDO_0004959	DOID:6536
MONDO:0004963	DOID:5603
MONDO_0004963	DOID:5603
MONDO:0004965	DOID:3025
MONDO_0004965	DOID:3025
MONDO:0004966	DOID:4029
MONDO_0004966	DOID:4029
MONDO:0004967	DOID:9952
MONDO_0004967	DOID:9952
MONDO:0004970	DOID:299
MONDO_0004970	DOID:299
MONDO:0004971	DOID:0080202
MONDO_0004971	DOID:0080202
MONDO:0004972	DOID:657
MONDO_0004972	DOID:657
MONDO:0004973	DOID:4829
MONDO_0004973	DOID:4829
MONDO:0004974	DOID:0050892
MONDO_0004974	DOID:0050892
MONDO:0004975	DOID:10652
MONDO_0004975	DOID:10652
MONDO:0004976	DOID:332
MONDO_0004976	DOID:332
MONDO:0004977	DOID:0111147
MONDO_0004977	DOID:0111147
MONDO:0004979	DOID:2841
MONDO_0004979	DOID:2841
MONDO:0004980	DOID:3310
MONDO_0004980	DOID:3310
MONDO:0004981	DOID:0060224
MONDO_0004981	DOID:0060224
MONDO:0004982	DOID:4989
MONDO_0004982	DOID:4989
MONDO:0004983	DOID:0111910
MONDO_0004983	DOID:0111910
MONDO:0004985	DOID:3312
MONDO_0004985	DOID:3312
MONDO:0004986	DOID:4007
MONDO_0004986	DOID:4007
MONDO:0004988	DOID:3458
MONDO_0004988	DOID:3458
MONDO:0004989	DOID:3459
MONDO_0004989	DOID:3459
MONDO:0004990	DOID:0060548
MONDO_0004990	DOID:0060548
MONDO:0004991	DOID:4926
MONDO_0004991	DOID:4926
MONDO:0004992	DOID:0050686
MONDO_0004992	DOID:0050686
MONDO:0004992	DOID:0050687
MONDO_0004992	DOID:0050687
MONDO:0004992	DOID:162
MONDO_0004992	DOID:162
MONDO:0004993	DOID:305
MONDO_0004993	DOID:305
MONDO:0004994	DOID:0050700
MONDO_0004994	DOID:0050700
MONDO:0004995	DOID:1287
MONDO_0004995	DOID:1287
MONDO:0004996	DOID:0070323
MONDO_0004996	DOID:0070323
MONDO:0004997	DOID:2649
MONDO_0004997	DOID:2649
MONDO:0005002	DOID:3083
MONDO_0005002	DOID:3083
MONDO:0005003	DOID:0051065
MONDO_0005003	DOID:0051065
MONDO:0005004	DOID:4468
MONDO_0005004	DOID:4468
MONDO:0005005	DOID:4467
MONDO_0005005	DOID:4467
MONDO:0005006	DOID:4880
MONDO_0005006	DOID:4880
MONDO:0005007	DOID:3029
MONDO_0005007	DOID:3029
MONDO:0005008	DOID:0050861
MONDO_0005008	DOID:0050861
MONDO:0005008	DOID:0050913
MONDO_0005008	DOID:0050913
MONDO:0005009	DOID:6000
MONDO_0005009	DOID:6000
MONDO:0005010	DOID:3393
MONDO_0005010	DOID:3393
MONDO:0005011	DOID:8778
MONDO_0005011	DOID:8778
MONDO:0005012	DOID:8923
MONDO_0005012	DOID:8923
MONDO:0005013	DOID:0081247
MONDO_0005013	DOID:0081247
MONDO:0005015	DOID:9351
MONDO_0005015	DOID:9351
MONDO:0005017	DOID:6217
MONDO_0005017	DOID:6217
MONDO:0005019	DOID:1580
MONDO_0005019	DOID:1580
MONDO:0005020	DOID:5295
MONDO_0005020	DOID:5295
MONDO:0005021	DOID:12930
MONDO_0005021	DOID:12930
MONDO:0005023	DOID:0060074
MONDO_0005023	DOID:0060074
MONDO:0005025	DOID:10314
MONDO_0005025	DOID:10314
MONDO:0005027	DOID:1826
MONDO_0005027	DOID:1826
MONDO:0005028	DOID:4914
MONDO_0005028	DOID:4914
MONDO:0005029	DOID:2224
MONDO_0005029	DOID:2224
MONDO:0005032	DOID:2891
MONDO_0005032	DOID:2891
MONDO:0005032	DOID:6204
MONDO_0005032	DOID:6204
MONDO:0005033	DOID:4817
MONDO_0005033	DOID:4817
MONDO:0005034	DOID:3962
MONDO_0005034	DOID:3962
MONDO:0005035	DOID:4163
MONDO_0005035	DOID:4163
MONDO:0005036	DOID:3717
MONDO_0005036	DOID:3717
MONDO:0005039	DOID:15
MONDO_0005039	DOID:15
MONDO:0005040	DOID:2994
MONDO_0005040	DOID:2994
MONDO:0005041	DOID:1686
MONDO_0005041	DOID:1686
MONDO:0005044	DOID:10763
MONDO_0005044	DOID:10763
MONDO:0005045	DOID:11984
MONDO_0005045	DOID:11984
MONDO:0005046	DOID:2914
MONDO_0005046	DOID:2914
MONDO:0005047	DOID:5223
MONDO_0005047	DOID:5223
MONDO:0005051	DOID:3457
MONDO_0005051	DOID:3457
MONDO:0005052	DOID:9778
MONDO_0005052	DOID:9778
MONDO:0005053	DOID:326
MONDO_0005053	DOID:326
MONDO:0005055	DOID:8632
MONDO_0005055	DOID:8632
MONDO:0005056	DOID:5521
MONDO_0005056	DOID:5521
MONDO:0005057	DOID:0050872
MONDO_0005057	DOID:0050872
MONDO:0005058	DOID:1967
MONDO_0005058	DOID:1967
MONDO:0005059	DOID:1240
MONDO_0005059	DOID:1240
MONDO:0005060	DOID:3382
MONDO_0005060	DOID:3382
MONDO:0005061	DOID:3910
MONDO_0005061	DOID:3910
MONDO:0005062	DOID:0060058
MONDO_0005062	DOID:0060058
MONDO:0005063	DOID:5605
MONDO_0005063	DOID:5605
MONDO:0005066	DOID:0014667
MONDO_0005066	DOID:0014667
MONDO:0005067	DOID:5495
MONDO_0005067	DOID:5495
MONDO:0005068	DOID:5844
MONDO_0005068	DOID:5844
MONDO:0005070	DOID:14566
MONDO_0005070	DOID:14566
MONDO:0005071	DOID:863
MONDO_0005071	DOID:863
MONDO:0005072	DOID:769
MONDO_0005072	DOID:769
MONDO:0005074	DOID:3110
MONDO_0005074	DOID:3110
MONDO:0005075	DOID:3969
MONDO_0005075	DOID:3969
MONDO:0005076	DOID:824
MONDO_0005076	DOID:824
MONDO:0005076	DOID:9893
MONDO_0005076	DOID:9893
MONDO:0005077	DOID:1116
MONDO_0005077	DOID:1116
MONDO:0005080	DOID:10762
MONDO_0005080	DOID:10762
MONDO:0005081	DOID:10591
MONDO_0005081	DOID:10591
MONDO:0005082	DOID:2526
MONDO_0005082	DOID:2526
MONDO:0005083	DOID:8893
MONDO_0005083	DOID:8893
MONDO:0005085	DOID:0002116
MONDO_0005085	DOID:0002116
MONDO:0005086	DOID:4450
MONDO_0005086	DOID:4450
MONDO:0005087	DOID:1579
MONDO_0005087	DOID:1579
MONDO:0005089	DOID:1115
MONDO_0005089	DOID:1115
MONDO:0005090	DOID:5419
MONDO_0005090	DOID:5419
MONDO:0005091	DOID:2945
MONDO_0005091	DOID:2945
MONDO:0005092	DOID:3493
MONDO_0005092	DOID:3493
MONDO:0005093	DOID:37
MONDO_0005093	DOID:37
MONDO:0005094	DOID:264
MONDO_0005094	DOID:264
MONDO:0005095	DOID:1123
MONDO_0005095	DOID:1123
MONDO:0005096	DOID:1749
MONDO_0005096	DOID:1749
MONDO:0005097	DOID:3907
MONDO_0005097	DOID:3907
MONDO:0005098	DOID:0051061
MONDO_0005098	DOID:0051061
MONDO:0005100	DOID:418
MONDO_0005100	DOID:418
MONDO:0005101	DOID:8577
MONDO_0005101	DOID:8577
MONDO:0005105	DOID:1909
MONDO_0005105	DOID:1909
MONDO:0005106	DOID:3315
MONDO_0005106	DOID:3315
MONDO:0005108	DOID:934
MONDO_0005108	DOID:934
MONDO:0005109	DOID:526
MONDO_0005109	DOID:526
MONDO:0005111	DOID:2938
MONDO_0005111	DOID:2938
MONDO:0005112	DOID:7474
MONDO_0005112	DOID:7474
MONDO:0005113	DOID:104
MONDO_0005113	DOID:104
MONDO:0005115	DOID:3328
MONDO_0005115	DOID:3328
MONDO:0005116	DOID:8476
MONDO_0005116	DOID:8476
MONDO:0005118	DOID:0050025
MONDO_0005118	DOID:0050025
MONDO:0005119	DOID:7427
MONDO_0005119	DOID:7427
MONDO:0005124	DOID:1024
MONDO_0005124	DOID:1024
MONDO:0005125	DOID:1023
MONDO_0005125	DOID:1023
MONDO:0005126	DOID:1025
MONDO_0005126	DOID:1025
MONDO:0005127	DOID:10887
MONDO_0005127	DOID:10887
MONDO:0005129	DOID:83
MONDO_0005129	DOID:83
MONDO:0005130	DOID:10608
MONDO_0005130	DOID:10608
MONDO:0005131	DOID:2893
MONDO_0005131	DOID:2893
MONDO:0005133	DOID:289
MONDO_0005133	DOID:289
MONDO:0005135	DOID:1398
MONDO_0005135	DOID:1398
MONDO:0005136	DOID:12365
MONDO_0005136	DOID:12365
MONDO:0005137	DOID:374
MONDO_0005137	DOID:374
MONDO:0005138	DOID:3905
MONDO_0005138	DOID:3905
MONDO:0005139	DOID:11981
MONDO_0005139	DOID:11981
MONDO:0005140	DOID:4001
MONDO_0005140	DOID:4001
MONDO:0005145	DOID:0080917
MONDO_0005145	DOID:0080917
MONDO:0005146	DOID:2055
MONDO_0005146	DOID:2055
MONDO:0005147	DOID:9744
MONDO_0005147	DOID:9744
MONDO:0005148	DOID:9352
MONDO_0005148	DOID:9352
MONDO:0005149	DOID:6432
MONDO_0005149	DOID:6432
MONDO:0005150	DOID:10871
MONDO_0005150	DOID:10871
MONDO:0005151	DOID:28
MONDO_0005151	DOID:28
MONDO:0005152	DOID:9406
MONDO_0005152	DOID:9406
MONDO:0005153	DOID:3702
MONDO_0005153	DOID:3702
MONDO:0005154	DOID:409
MONDO_0005154	DOID:409
MONDO:0005155	DOID:5082
MONDO_0005155	DOID:5082
MONDO:0005156	DOID:640
MONDO_0005156	DOID:640
MONDO:0005159	DOID:10286
MONDO_0005159	DOID:10286
MONDO:0005160	DOID:3627
MONDO_0005160	DOID:3627
MONDO:0005161	DOID:11166
MONDO_0005161	DOID:11166
MONDO:0005164	DOID:3355
MONDO_0005164	DOID:3355
MONDO:0005165	DOID:0060072
MONDO_0005165	DOID:0060072
MONDO:0005165	DOID:0060084
MONDO_0005165	DOID:0060084
MONDO:0005165	DOID:0060085
MONDO_0005165	DOID:0060085
MONDO:0005167	DOID:0050871
MONDO_0005167	DOID:0050871
MONDO:0005170	DOID:0070004
MONDO_0005170	DOID:0070004
MONDO:0005173	DOID:8866
MONDO_0005173	DOID:8866
MONDO:0005178	DOID:8398
MONDO_0005178	DOID:8398
MONDO:0005180	DOID:14330
MONDO_0005180	DOID:14330
MONDO:0005181	DOID:12558
MONDO_0005181	DOID:12558
MONDO:0005183	DOID:3269
MONDO_0005183	DOID:3269
MONDO:0005184	DOID:3498
MONDO_0005184	DOID:3498
MONDO:0005184	DOID:3587
MONDO_0005184	DOID:3587
MONDO:0005186	DOID:9975
MONDO_0005186	DOID:9975
MONDO:0005192	DOID:4905
MONDO_0005192	DOID:4905
MONDO:0005201	DOID:397
MONDO_0005201	DOID:397
MONDO:0005206	DOID:4451
MONDO_0005206	DOID:4451
MONDO:0005207	DOID:3594
MONDO_0005207	DOID:3594
MONDO:0005208	DOID:10054
MONDO_0005208	DOID:10054
MONDO:0005210	DOID:5165
MONDO_0005210	DOID:5165
MONDO:0005211	DOID:0050933
MONDO_0005211	DOID:0050933
MONDO:0005211	DOID:5744
MONDO_0005211	DOID:5744
MONDO:0005212	DOID:3247
MONDO_0005212	DOID:3247
MONDO:0005214	DOID:2096
MONDO_0005214	DOID:2096
MONDO:0005215	DOID:1294
MONDO_0005215	DOID:1294
MONDO:0005219	DOID:10354
MONDO_0005219	DOID:10354
MONDO:0005220	DOID:4464
MONDO_0005220	DOID:4464
MONDO:0005221	DOID:5974
MONDO_0005221	DOID:5974
MONDO:0005223	DOID:0081085
MONDO_0005223	DOID:0081085
MONDO:0005224	DOID:0081086
MONDO_0005224	DOID:0081086
MONDO:0005229	DOID:0040085
MONDO_0005229	DOID:0040085
MONDO:0005230	DOID:3488
MONDO_0005230	DOID:3488
MONDO:0005231	DOID:1883
MONDO_0005231	DOID:1883
MONDO:0005232	DOID:4552
MONDO_0005232	DOID:4552
MONDO:0005233	DOID:3908
MONDO_0005233	DOID:3908
MONDO:0005235	DOID:9551
MONDO_0005235	DOID:9551
MONDO:0005238	DOID:5692
MONDO_0005238	DOID:5692
MONDO:0005240	DOID:557
MONDO_0005240	DOID:557
MONDO:0005244	DOID:870
MONDO_0005244	DOID:870
MONDO:0005246	DOID:1019
MONDO_0005246	DOID:1019
MONDO:0005249	DOID:552
MONDO_0005249	DOID:552
MONDO:0005258	DOID:0060041
MONDO_0005258	DOID:0060041
MONDO:0005260	DOID:12849
MONDO_0005260	DOID:12849
MONDO:0005264	DOID:224
MONDO_0005264	DOID:224
MONDO:0005265	DOID:0050589
MONDO_0005265	DOID:0050589
MONDO:0005266	DOID:8947
MONDO_0005266	DOID:8947
MONDO:0005267	DOID:114
MONDO_0005267	DOID:114
MONDO:0005269	DOID:3407
MONDO_0005269	DOID:3407
MONDO:0005271	DOID:1205
MONDO_0005271	DOID:1205
MONDO:0005275	DOID:850
MONDO_0005275	DOID:850
MONDO:0005276	DOID:216
MONDO_0005276	DOID:216
MONDO:0005277	DOID:6364
MONDO_0005277	DOID:6364
MONDO:0005278	DOID:3114
MONDO_0005278	DOID:3114
MONDO:0005279	DOID:9477
MONDO_0005279	DOID:9477
MONDO:0005280	DOID:14654
MONDO_0005280	DOID:14654
MONDO:0005281	DOID:0060262
MONDO_0005281	DOID:0060262
MONDO:0005282	DOID:0050169
MONDO_0005282	DOID:0050169
MONDO:0005283	DOID:5679
MONDO_0005283	DOID:5679
MONDO:0005289	DOID:1350
MONDO_0005289	DOID:1350
MONDO:0005291	DOID:10941
MONDO_0005291	DOID:10941
MONDO:0005292	DOID:0060180
MONDO_0005292	DOID:0060180
MONDO:0005294	DOID:341
MONDO_0005294	DOID:341
MONDO:0005295	DOID:3669
MONDO_0005295	DOID:3669
MONDO:0005296	DOID:0050847
MONDO_0005296	DOID:0050847
MONDO:0005297	DOID:1343
MONDO_0005297	DOID:1343
MONDO:0005298	DOID:11476
MONDO_0005298	DOID:11476
MONDO:0005299	DOID:2316
MONDO_0005299	DOID:2316
MONDO:0005300	DOID:784
MONDO_0005300	DOID:784
MONDO:0005301	DOID:2377
MONDO_0005301	DOID:2377
MONDO:0005302	DOID:1094
MONDO_0005302	DOID:1094
MONDO:0005303	DOID:9974
MONDO_0005303	DOID:9974
MONDO:0005304	DOID:0050625
MONDO_0005304	DOID:0050625
MONDO:0005306	DOID:7147
MONDO_0005306	DOID:7147
MONDO:0005308	DOID:0060340
MONDO_0005308	DOID:0060340
MONDO:0005311	DOID:1936
MONDO_0005311	DOID:1936
MONDO:0005314	DOID:2378
MONDO_0005314	DOID:2378
MONDO:0005316	DOID:3385
MONDO_0005316	DOID:3385
MONDO:0005321	DOID:11555
MONDO_0005321	DOID:11555
MONDO:0005328	DOID:1242
MONDO_0005328	DOID:1242
MONDO:0005328	DOID:5614
MONDO_0005328	DOID:5614
MONDO:0005333	DOID:2855
MONDO_0005333	DOID:2855
MONDO:0005336	DOID:423
MONDO_0005336	DOID:423
MONDO:0005338	DOID:1067
MONDO_0005338	DOID:1067
MONDO:0005339	DOID:0050801
MONDO_0005339	DOID:0050801
MONDO:0005340	DOID:986
MONDO_0005340	DOID:986
MONDO:0005341	DOID:2513
MONDO_0005341	DOID:2513
MONDO:0005342	DOID:2986
MONDO_0005342	DOID:2986
MONDO:0005344	DOID:2043
MONDO_0005344	DOID:2043
MONDO:0005345	DOID:10892
MONDO_0005345	DOID:10892
MONDO:0005349	DOID:12185
MONDO_0005349	DOID:12185
MONDO:0005350	DOID:7693
MONDO_0005350	DOID:7693
MONDO:0005351	DOID:8689
MONDO_0005351	DOID:8689
MONDO:0005352	DOID:12995
MONDO_0005352	DOID:12995
MONDO:0005355	DOID:4247
MONDO_0005355	DOID:4247
MONDO:0005356	DOID:11840
MONDO_0005356	DOID:11840
MONDO:0005357	DOID:11949
MONDO_0005357	DOID:11949
MONDO:0005358	DOID:12206
MONDO_0005358	DOID:12206
MONDO:0005361	DOID:13922
MONDO_0005361	DOID:13922
MONDO:0005362	DOID:1875
MONDO_0005362	DOID:1875
MONDO:0005364	DOID:12361
MONDO_0005364	DOID:12361
MONDO:0005367	DOID:9976
MONDO_0005367	DOID:9976
MONDO:0005371	DOID:3324
MONDO_0005371	DOID:3324
MONDO:0005372	DOID:12336
MONDO_0005372	DOID:12336
MONDO:0005374	DOID:4960
MONDO_0005374	DOID:4960
MONDO:0005376	DOID:10976
MONDO_0005376	DOID:10976
MONDO:0005377	DOID:1184
MONDO_0005377	DOID:1184
MONDO:0005379	DOID:4964
MONDO_0005379	DOID:4964
MONDO:0005380	DOID:0080008
MONDO_0005380	DOID:0080008
MONDO:0005380	DOID:10159
MONDO_0005380	DOID:10159
MONDO:0005381	DOID:0080001
MONDO_0005381	DOID:0080001
MONDO:0005382	DOID:5408
MONDO_0005382	DOID:5408
MONDO:0005383	DOID:594
MONDO_0005383	DOID:594
MONDO:0005384	DOID:2234
MONDO_0005384	DOID:2234
MONDO:0005385	DOID:178
MONDO_0005385	DOID:178
MONDO:0005386	DOID:0050830
MONDO_0005386	DOID:0050830
MONDO:0005387	DOID:5426
MONDO_0005387	DOID:5426
MONDO:0005388	DOID:12236
MONDO_0005388	DOID:12236
MONDO:0005391	DOID:0050425
MONDO_0005391	DOID:0050425
MONDO:0005392	DOID:0060249
MONDO_0005392	DOID:0060249
MONDO:0005393	DOID:13189
MONDO_0005393	DOID:13189
MONDO:0005394	DOID:3454
MONDO_0005394	DOID:3454
MONDO:0005395	DOID:480
MONDO_0005395	DOID:480
MONDO:0005396	DOID:14004
MONDO_0005396	DOID:14004
MONDO:0005397	DOID:12176
MONDO_0005397	DOID:12176
MONDO:0005402	DOID:1037
MONDO_0005402	DOID:1037
MONDO:0005402	DOID:10747
MONDO_0005402	DOID:10747
MONDO:0005404	DOID:8544
MONDO_0005404	DOID:8544
MONDO:0005405	DOID:0080815
MONDO_0005405	DOID:0080815
MONDO:0005406	DOID:11714
MONDO_0005406	DOID:11714
MONDO:0005411	DOID:3121
MONDO_0005411	DOID:3121
MONDO:0005412	DOID:1724
MONDO_0005412	DOID:1724
MONDO:0005417	DOID:10873
MONDO_0005417	DOID:10873
MONDO:0005420	DOID:1459
MONDO_0005420	DOID:1459
MONDO:0005424	DOID:4976
MONDO_0005424	DOID:4976
MONDO:0005425	DOID:0050138
MONDO_0005425	DOID:0050138
MONDO:0005429	DOID:649
MONDO_0005429	DOID:649
MONDO:0005439	DOID:13810
MONDO_0005439	DOID:13810
MONDO:0005440	DOID:3308
MONDO_0005440	DOID:3308
MONDO:0005441	DOID:10754
MONDO_0005441	DOID:10754
MONDO:0005445	DOID:9146
MONDO_0005445	DOID:9146
MONDO:0005446	DOID:9111
MONDO_0005446	DOID:9111
MONDO:0005447	DOID:2998
MONDO_0005447	DOID:2998
MONDO:0005451	DOID:8670
MONDO_0005451	DOID:8670
MONDO:0005452	DOID:12129
MONDO_0005452	DOID:12129
MONDO:0005453	DOID:1682
MONDO_0005453	DOID:1682
MONDO:0005454	DOID:5410
MONDO_0005454	DOID:5410
MONDO:0005459	DOID:10112
MONDO_0005459	DOID:10112
MONDO:0005460	DOID:0050211
MONDO_0005460	DOID:0050211
MONDO:0005461	DOID:2870
MONDO_0005461	DOID:2870
MONDO:0005462	DOID:171
MONDO_0005462	DOID:171
MONDO:0005475	DOID:10024
MONDO_0005475	DOID:10024
MONDO:0005480	DOID:2773
MONDO_0005480	DOID:2773
MONDO:0005484	DOID:0050860
MONDO_0005484	DOID:0050860
MONDO:0005484	DOID:0050914
MONDO_0005484	DOID:0050914
MONDO:0005485	DOID:2468
MONDO_0005485	DOID:2468
MONDO:0005486	DOID:0050591
MONDO_0005486	DOID:0050591
MONDO:0005487	DOID:5418
MONDO_0005487	DOID:5418
MONDO:0005489	DOID:4428
MONDO_0005489	DOID:4428
MONDO:0005492	DOID:1555
MONDO_0005492	DOID:1555
MONDO:0005494	DOID:0060081
MONDO_0005494	DOID:0060081
MONDO:0005495	DOID:9553
MONDO_0005495	DOID:9553
MONDO:0005496	DOID:4897
MONDO_0005496	DOID:4897
MONDO:0005497	DOID:0080006
MONDO_0005497	DOID:0080006
MONDO:0005498	DOID:11976
MONDO_0005498	DOID:11976
MONDO:0005499	DOID:0060108
MONDO_0005499	DOID:0060108
MONDO:0005500	DOID:0050570
MONDO_0005500	DOID:0050570
MONDO:0005501	DOID:0050571
MONDO_0005501	DOID:0050571
MONDO:0005502	DOID:12205
MONDO_0005502	DOID:12205
MONDO:0005503	DOID:0060037
MONDO_0005503	DOID:0060037
MONDO:0005504	DOID:11405
MONDO_0005504	DOID:11405
MONDO:0005505	DOID:2679
MONDO_0005505	DOID:2679
MONDO:0005506	DOID:4921
MONDO_0005506	DOID:4921
MONDO:0005507	DOID:8602
MONDO_0005507	DOID:8602
MONDO:0005508	DOID:206
MONDO_0005508	DOID:206
MONDO:0005509	DOID:4231
MONDO_0005509	DOID:4231
MONDO:0005510	DOID:11111
MONDO_0005510	DOID:11111
MONDO:0005511	DOID:0060008
MONDO_0005511	DOID:0060008
MONDO:0005512	DOID:1788
MONDO_0005512	DOID:1788
MONDO:0005514	DOID:0080634
MONDO_0005514	DOID:0080634
MONDO:0005515	DOID:8618
MONDO_0005515	DOID:8618
MONDO:0005516	DOID:2256
MONDO_0005516	DOID:2256
MONDO:0005517	DOID:0060119
MONDO_0005517	DOID:0060119
MONDO:0005518	DOID:3765
MONDO_0005518	DOID:3765
MONDO:0005519	DOID:4919
MONDO_0005519	DOID:4919
MONDO:0005520	DOID:10609
MONDO_0005520	DOID:10609
MONDO:0005522	DOID:4907
MONDO_0005522	DOID:4907
MONDO:0005523	DOID:1701
MONDO_0005523	DOID:1701
MONDO:0005524	DOID:5667
MONDO_0005524	DOID:5667
MONDO:0005525	DOID:715
MONDO_0005525	DOID:715
MONDO:0005526	DOID:11338
MONDO_0005526	DOID:11338
MONDO:0005527	DOID:3602
MONDO_0005527	DOID:3602
MONDO:0005528	DOID:0050718
MONDO_0005528	DOID:0050718
MONDO:0005530	DOID:2559
MONDO_0005530	DOID:2559
MONDO:0005531	DOID:2560
MONDO_0005531	DOID:2560
MONDO:0005532	DOID:0060192
MONDO_0005532	DOID:0060192
MONDO:0005534	DOID:0060190
MONDO_0005534	DOID:0060190
MONDO:0005538	DOID:3127
MONDO_0005538	DOID:3127
MONDO:0005541	DOID:2300
MONDO_0005541	DOID:2300
MONDO:0005546	DOID:631
MONDO_0005546	DOID:631
MONDO:0005550	DOID:0050117
MONDO_0005550	DOID:0050117
MONDO:0005554	DOID:1575
MONDO_0005554	DOID:1575
MONDO:0005555	DOID:10033
MONDO_0005555	DOID:10033
MONDO:0005556	DOID:0080162
MONDO_0005556	DOID:0080162
MONDO:0005557	DOID:10575
MONDO_0005557	DOID:10575
MONDO:0005558	DOID:1100
MONDO_0005558	DOID:1100
MONDO:0005559	DOID:1289
MONDO_0005559	DOID:1289
MONDO:0005560	DOID:936
MONDO_0005560	DOID:936
MONDO:0005561	DOID:520
MONDO_0005561	DOID:520
MONDO:0005563	DOID:0060463
MONDO_0005563	DOID:0060463
MONDO:0005564	DOID:688
MONDO_0005564	DOID:688
MONDO:0005565	DOID:0070003
MONDO_0005565	DOID:0070003
MONDO:0005565	DOID:4766
MONDO_0005565	DOID:4766
MONDO:0005566	DOID:9828
MONDO_0005566	DOID:9828
MONDO:0005567	DOID:0060001
MONDO_0005567	DOID:0060001
MONDO:0005568	DOID:1461
MONDO_0005568	DOID:1461
MONDO:0005570	DOID:74
MONDO_0005570	DOID:74
MONDO:0005571	DOID:8432
MONDO_0005571	DOID:8432
MONDO:0005572	DOID:2835
MONDO_0005572	DOID:2835
MONDO:0005574	DOID:680
MONDO_0005574	DOID:680
MONDO:0005575	DOID:5672
MONDO_0005575	DOID:5672
MONDO:0005575	DOID:9256
MONDO_0005575	DOID:9256
MONDO:0005576	DOID:2917
MONDO_0005576	DOID:2917
MONDO:0005578	DOID:848
MONDO_0005578	DOID:848
MONDO:0005579	DOID:1827
MONDO_0005579	DOID:1827
MONDO:0005580	DOID:3748
MONDO_0005580	DOID:3748
MONDO:0005590	DOID:3007
MONDO_0005590	DOID:3007
MONDO:0005595	DOID:2876
MONDO_0005595	DOID:2876
MONDO:0005596	DOID:3111
MONDO_0005596	DOID:3111
MONDO:0005599	DOID:4489
MONDO_0005599	DOID:4489
MONDO:0005601	DOID:3606
MONDO_0005601	DOID:3606
MONDO:0005602	DOID:5567
MONDO_0005602	DOID:5567
MONDO:0005605	DOID:2670
MONDO_0005605	DOID:2670
MONDO:0005606	DOID:4929
MONDO_0005606	DOID:4929
MONDO:0005609	DOID:8536
MONDO_0005609	DOID:8536
MONDO:0005611	DOID:4006
MONDO_0005611	DOID:4006
MONDO:0005614	DOID:5637
MONDO_0005614	DOID:5637
MONDO:0005615	DOID:3721
MONDO_0005615	DOID:3721
MONDO:0005616	DOID:0050932
MONDO_0005616	DOID:0050932
MONDO:0005618	DOID:2030
MONDO_0005618	DOID:2030
MONDO:0005619	DOID:13258
MONDO_0005619	DOID:13258
MONDO:0005620	DOID:9246
MONDO_0005620	DOID:9246
MONDO:0005625	DOID:14069
MONDO_0005625	DOID:14069
MONDO:0005627	DOID:11934
MONDO_0005627	DOID:11934
MONDO:0005628	DOID:1614
MONDO_0005628	DOID:1614
MONDO:0005630	DOID:4974
MONDO_0005630	DOID:4974
MONDO:0005631	DOID:8478
MONDO_0005631	DOID:8478
MONDO:0005632	DOID:1584
MONDO_0005632	DOID:1584
MONDO:0005634	DOID:11227
MONDO_0005634	DOID:11227
MONDO:0005635	DOID:2609
MONDO_0005635	DOID:2609
MONDO:0005636	DOID:1974
MONDO_0005636	DOID:1974
MONDO:0005638	DOID:4090
MONDO_0005638	DOID:4090
MONDO:0005640	DOID:4267
MONDO_0005640	DOID:4267
MONDO:0005642	DOID:11204
MONDO_0005642	DOID:11204
MONDO:0005644	DOID:9181
MONDO_0005644	DOID:9181
MONDO:0005645	DOID:12841
MONDO_0005645	DOID:12841
MONDO:0005647	DOID:11168
MONDO_0005647	DOID:11168
MONDO:0005648	DOID:57
MONDO_0005648	DOID:57
MONDO:0005649	DOID:8337
MONDO_0005649	DOID:8337
MONDO:0005650	DOID:3944
MONDO_0005650	DOID:3944
MONDO:0005654	DOID:456
MONDO_0005654	DOID:456
MONDO:0005655	DOID:3108
MONDO_0005655	DOID:3108
MONDO:0005657	DOID:13564
MONDO_0005657	DOID:13564
MONDO:0005659	DOID:4731
MONDO_0005659	DOID:4731
MONDO:0005661	DOID:9643
MONDO_0005661	DOID:9643
MONDO:0005662	DOID:12386
MONDO_0005662	DOID:12386
MONDO:0005663	DOID:6692
MONDO_0005663	DOID:6692
MONDO:0005664	DOID:11102
MONDO_0005664	DOID:11102
MONDO:0005665	DOID:12506
MONDO_0005665	DOID:12506
MONDO:0005667	DOID:4140
MONDO_0005667	DOID:4140
MONDO:0005668	DOID:13891
MONDO_0005668	DOID:13891
MONDO:0005669	DOID:12711
MONDO_0005669	DOID:12711
MONDO:0005670	DOID:14068
MONDO_0005670	DOID:14068
MONDO:0005672	DOID:12663
MONDO_0005672	DOID:12663
MONDO:0005673	DOID:10606
MONDO_0005673	DOID:10606
MONDO:0005674	DOID:4305
MONDO_0005674	DOID:4305
MONDO:0005679	DOID:5115
MONDO_0005679	DOID:5115
MONDO:0005680	DOID:11254
MONDO_0005680	DOID:11254
MONDO:0005682	DOID:12375
MONDO_0005682	DOID:12375
MONDO:0005683	DOID:11077
MONDO_0005683	DOID:11077
MONDO:0005684	DOID:9786
MONDO_0005684	DOID:9786
MONDO:0005688	DOID:13622
MONDO_0005688	DOID:13622
MONDO:0005689	DOID:1849
MONDO_0005689	DOID:1849
MONDO:0005689	DOID:9505
MONDO_0005689	DOID:9505
MONDO:0005690	DOID:10326
MONDO_0005690	DOID:10326
MONDO:0005692	DOID:11258
MONDO_0005692	DOID:11258
MONDO:0005693	DOID:11577
MONDO_0005693	DOID:11577
MONDO:0005694	DOID:1517
MONDO_0005694	DOID:1517
MONDO:0005696	DOID:1638
MONDO_0005696	DOID:1638
MONDO:0005697	DOID:10551
MONDO_0005697	DOID:10551
MONDO:0005698	DOID:9681
MONDO_0005698	DOID:9681
MONDO:0005700	DOID:8659
MONDO_0005700	DOID:8659
MONDO:0005701	DOID:11263
MONDO_0005701	DOID:11263
MONDO:0005705	DOID:13767
MONDO_0005705	DOID:13767
MONDO:0005706	DOID:13450
MONDO_0005706	DOID:13450
MONDO:0005707	DOID:2113
MONDO_0005707	DOID:2113
MONDO:0005708	DOID:4885
MONDO_0005708	DOID:4885
MONDO:0005709	DOID:10459
MONDO_0005709	DOID:10459
MONDO:0005710	DOID:5820
MONDO_0005710	DOID:5820
MONDO:0005711	DOID:3827
MONDO_0005711	DOID:3827
MONDO:0005712	DOID:9649
MONDO_0005712	DOID:9649
MONDO:0005714	DOID:9856
MONDO_0005714	DOID:9856
MONDO:0005715	DOID:13336
MONDO_0005715	DOID:13336
MONDO:0005717	DOID:8771
MONDO_0005717	DOID:8771
MONDO:0005720	DOID:8956
MONDO_0005720	DOID:8956
MONDO:0005721	DOID:10545
MONDO_0005721	DOID:10545
MONDO:0005722	DOID:9395
MONDO_0005722	DOID:9395
MONDO:0005723	DOID:0080159
MONDO_0005723	DOID:0080159
MONDO:0005724	DOID:12053
MONDO_0005724	DOID:12053
MONDO:0005725	DOID:12750
MONDO_0005725	DOID:12750
MONDO:0005728	DOID:10481
MONDO_0005728	DOID:10481
MONDO:0005729	DOID:1219
MONDO_0005729	DOID:1219
MONDO:0005736	DOID:10841
MONDO_0005736	DOID:10841
MONDO:0005737	DOID:4325
MONDO_0005737	DOID:4325
MONDO:0005738	DOID:1496
MONDO_0005738	DOID:1496
MONDO:0005739	DOID:1218
MONDO_0005739	DOID:1218
MONDO:0005742	DOID:9765
MONDO_0005742	DOID:9765
MONDO:0005743	DOID:4270
MONDO_0005743	DOID:4270
MONDO:0005744	DOID:1911
MONDO_0005744	DOID:1911
MONDO:0005746	DOID:7457
MONDO_0005746	DOID:7457
MONDO:0005749	DOID:5870
MONDO_0005749	DOID:5870
MONDO:0005751	DOID:10882
MONDO_0005751	DOID:10882
MONDO:0005752	DOID:11387
MONDO_0005752	DOID:11387
MONDO:0005753	DOID:9398
MONDO_0005753	DOID:9398
MONDO:0005754	DOID:7725
MONDO_0005754	DOID:7725
MONDO:0005756	DOID:9507
MONDO_0005756	DOID:9507
MONDO:0005757	DOID:13078
MONDO_0005757	DOID:13078
MONDO:0005758	DOID:5003
MONDO_0005758	DOID:5003
MONDO:0005759	DOID:1217
MONDO_0005759	DOID:1217
MONDO:0005761	DOID:12211
MONDO_0005761	DOID:12211
MONDO:0005764	DOID:6262
MONDO_0005764	DOID:6262
MONDO:0005767	DOID:9159
MONDO_0005767	DOID:9159
MONDO:0005768	DOID:404
MONDO_0005768	DOID:404
MONDO:0005769	DOID:9210
MONDO_0005769	DOID:9210
MONDO:0005770	DOID:8704
MONDO_0005770	DOID:8704
MONDO:0005771	DOID:1455
MONDO_0005771	DOID:1455
MONDO:0005772	DOID:2832
MONDO_0005772	DOID:2832
MONDO:0005773	DOID:4969
MONDO_0005773	DOID:4969
MONDO:0005774	DOID:13444
MONDO_0005774	DOID:13444
MONDO:0005775	DOID:2862
MONDO_0005775	DOID:2862
MONDO:0005776	DOID:11379
MONDO_0005776	DOID:11379
MONDO:0005777	DOID:9113
MONDO_0005777	DOID:9113
MONDO:0005778	DOID:3332
MONDO_0005778	DOID:3332
MONDO:0005779	DOID:10881
MONDO_0005779	DOID:10881
MONDO:0005783	DOID:11482
MONDO_0005783	DOID:11482
MONDO:0005784	DOID:11266
MONDO_0005784	DOID:11266
MONDO:0005787	DOID:407
MONDO_0005787	DOID:407
MONDO:0005788	DOID:4411
MONDO_0005788	DOID:4411
MONDO:0005789	DOID:2047
MONDO_0005789	DOID:2047
MONDO:0005790	DOID:12549
MONDO_0005790	DOID:12549
MONDO:0005791	DOID:10883
MONDO_0005791	DOID:10883
MONDO:0005800	DOID:9909
MONDO_0005800	DOID:9909
MONDO:0005802	DOID:10074
MONDO_0005802	DOID:10074
MONDO:0005803	DOID:13317
MONDO_0005803	DOID:13317
MONDO:0005805	DOID:12926
MONDO_0005805	DOID:12926
MONDO:0005806	DOID:8533
MONDO_0005806	DOID:8533
MONDO:0005807	DOID:3109
MONDO_0005807	DOID:3109
MONDO:0005808	DOID:13800
MONDO_0005808	DOID:13800
MONDO:0005810	DOID:8568
MONDO_0005810	DOID:8568
MONDO:0005812	DOID:8469
MONDO_0005812	DOID:8469
MONDO:0005813	DOID:7848
MONDO_0005813	DOID:7848
MONDO:0005814	DOID:10155
MONDO_0005814	DOID:10155
MONDO:0005815	DOID:1799
MONDO_0005815	DOID:1799
MONDO:0005817	DOID:2510
MONDO_0005817	DOID:2510
MONDO:0005819	DOID:1583
MONDO_0005819	DOID:1583
MONDO:0005820	DOID:9537
MONDO_0005820	DOID:9537
MONDO:0005821	DOID:10039
MONDO_0005821	DOID:10039
MONDO:0005822	DOID:9531
MONDO_0005822	DOID:9531
MONDO:0005823	DOID:10458
MONDO_0005823	DOID:10458
MONDO:0005824	DOID:10457
MONDO_0005824	DOID:10457
MONDO:0005825	DOID:2297
MONDO_0005825	DOID:2297
MONDO:0005826	DOID:3241
MONDO_0005826	DOID:3241
MONDO:0005827	DOID:11712
MONDO_0005827	DOID:11712
MONDO:0005828	DOID:11573
MONDO_0005828	DOID:11573
MONDO:0005829	DOID:10250
MONDO_0005829	DOID:10250
MONDO:0005831	DOID:4889
MONDO_0005831	DOID:4889
MONDO:0005832	DOID:9317
MONDO_0005832	DOID:9317
MONDO:0005833	DOID:75
MONDO_0005833	DOID:75
MONDO:0005834	DOID:13819
MONDO_0005834	DOID:13819
MONDO:0005835	DOID:3883
MONDO_0005835	DOID:3883
MONDO:0005836	DOID:3856
MONDO_0005836	DOID:3856
MONDO:0005837	DOID:2338
MONDO_0005837	DOID:2338
MONDO:0005838	DOID:1081
MONDO_0005838	DOID:1081
MONDO:0005838	DOID:14422
MONDO_0005838	DOID:14422
MONDO:0005841	DOID:4618
MONDO_0005841	DOID:4618
MONDO:0005842	DOID:2051
MONDO_0005842	DOID:2051
MONDO:0005843	DOID:5559
MONDO_0005843	DOID:5559
MONDO:0005844	DOID:9903
MONDO_0005844	DOID:9903
MONDO:0005845	DOID:10554
MONDO_0005845	DOID:10554
MONDO:0005846	DOID:4271
MONDO_0005846	DOID:4271
MONDO:0005847	DOID:2810
MONDO_0005847	DOID:2810
MONDO:0005848	DOID:9861
MONDO_0005848	DOID:9861
MONDO:0005850	DOID:8729
MONDO_0005850	DOID:8729
MONDO:0005851	DOID:12889
MONDO_0005851	DOID:12889
MONDO:0005852	DOID:1754
MONDO_0005852	DOID:1754
MONDO:0005853	DOID:154
MONDO_0005853	DOID:154
MONDO:0005854	DOID:3492
MONDO_0005854	DOID:3492
MONDO:0005855	DOID:8867
MONDO_0005855	DOID:8867
MONDO:0005858	DOID:3603
MONDO_0005858	DOID:3603
MONDO:0005859	DOID:9155
MONDO_0005859	DOID:9155
MONDO:0005861	DOID:401
MONDO_0005861	DOID:401
MONDO:0005864	DOID:4045
MONDO_0005864	DOID:4045
MONDO:0005865	DOID:2708
MONDO_0005865	DOID:2708
MONDO:0005866	DOID:2755
MONDO_0005866	DOID:2755
MONDO:0005867	DOID:13276
MONDO_0005867	DOID:13276
MONDO:0005868	DOID:2354
MONDO_0005868	DOID:2354
MONDO:0005870	DOID:2790
MONDO_0005870	DOID:2790
MONDO:0005872	DOID:3093
MONDO_0005872	DOID:3093
MONDO:0005873	DOID:13565
MONDO_0005873	DOID:13565
MONDO:0005874	DOID:13722
MONDO_0005874	DOID:13722
MONDO:0005875	DOID:2929
MONDO_0005875	DOID:2929
MONDO:0005880	DOID:3983
MONDO_0005880	DOID:3983
MONDO:0005881	DOID:12215
MONDO_0005881	DOID:12215
MONDO:0005884	DOID:13768
MONDO_0005884	DOID:13768
MONDO:0005885	DOID:1210
MONDO_0005885	DOID:1210
MONDO:0005886	DOID:14262
MONDO_0005886	DOID:14262
MONDO:0005887	DOID:402
MONDO_0005887	DOID:402
MONDO:0005888	DOID:11262
MONDO_0005888	DOID:11262
MONDO:0005890	DOID:3341
MONDO_0005890	DOID:3341
MONDO:0005891	DOID:3985
MONDO_0005891	DOID:3985
MONDO:0005893	DOID:1798
MONDO_0005893	DOID:1798
MONDO:0005894	DOID:12662
MONDO_0005894	DOID:12662
MONDO:0005895	DOID:10699
MONDO_0005895	DOID:10699
MONDO:0005898	DOID:13117
MONDO_0005898	DOID:13117
MONDO:0005899	DOID:10302
MONDO_0005899	DOID:10302
MONDO:0005900	DOID:10301
MONDO_0005900	DOID:10301
MONDO:0005901	DOID:11055
MONDO_0005901	DOID:11055
MONDO:0005903	DOID:4962
MONDO_0005903	DOID:4962
MONDO:0005904	DOID:1787
MONDO_0005904	DOID:1787
MONDO:0005905	DOID:9207
MONDO_0005905	DOID:9207
MONDO:0005907	DOID:4491
MONDO_0005907	DOID:4491
MONDO:0005910	DOID:3262
MONDO_0005910	DOID:3262
MONDO:0005911	DOID:13801
MONDO_0005911	DOID:13801
MONDO:0005912	DOID:5062
MONDO_0005912	DOID:5062
MONDO:0005913	DOID:11360
MONDO_0005913	DOID:11360
MONDO:0005915	DOID:9060
MONDO_0005915	DOID:9060
MONDO:0005916	DOID:4744
MONDO_0005916	DOID:4744
MONDO:0005917	DOID:780
MONDO_0005917	DOID:780
MONDO:0005918	DOID:11060
MONDO_0005918	DOID:11060
MONDO:0005919	DOID:3891
MONDO_0005919	DOID:3891
MONDO:0005920	DOID:14067
MONDO_0005920	DOID:14067
MONDO:0005921	DOID:12978
MONDO_0005921	DOID:12978
MONDO:0005922	DOID:106
MONDO_0005922	DOID:106
MONDO:0005928	DOID:2364
MONDO_0005928	DOID:2364
MONDO:0005929	DOID:9478
MONDO_0005929	DOID:9478
MONDO:0005933	DOID:4765
MONDO_0005933	DOID:4765
MONDO:0005937	DOID:9091
MONDO_0005937	DOID:9091
MONDO:0005938	DOID:9733
MONDO_0005938	DOID:9733
MONDO:0005941	DOID:5875
MONDO_0005941	DOID:5875
MONDO:0005942	DOID:14525
MONDO_0005942	DOID:14525
MONDO:0005945	DOID:11336
MONDO_0005945	DOID:11336
MONDO:0005946	DOID:2409
MONDO_0005946	DOID:2409
MONDO:0005952	DOID:8596
MONDO_0005952	DOID:8596
MONDO:0005953	DOID:4024
MONDO_0005953	DOID:4024
MONDO:0005954	DOID:12927
MONDO_0005954	DOID:12927
MONDO:0005956	DOID:3481
MONDO_0005956	DOID:3481
MONDO:0005957	DOID:1079
MONDO_0005957	DOID:1079
MONDO:0005959	DOID:2710
MONDO_0005959	DOID:2710
MONDO:0005960	DOID:10325
MONDO_0005960	DOID:10325
MONDO:0005961	DOID:0050127
MONDO_0005961	DOID:0050127
MONDO:0005962	DOID:1639
MONDO_0005962	DOID:1639
MONDO:0005963	DOID:10080
MONDO_0005963	DOID:10080
MONDO:0005964	DOID:10794
MONDO_0005964	DOID:10794
MONDO:0005965	DOID:6725
MONDO_0005965	DOID:6725
MONDO:0005966	DOID:672
MONDO_0005966	DOID:672
MONDO:0005967	DOID:9305
MONDO_0005967	DOID:9305
MONDO:0005968	DOID:14484
MONDO_0005968	DOID:14484
MONDO:0005969	DOID:10845
MONDO_0005969	DOID:10845
MONDO:0005971	DOID:96
MONDO_0005971	DOID:96
MONDO:0005972	DOID:0040084
MONDO_0005972	DOID:0040084
MONDO:0005974	DOID:10955
MONDO_0005974	DOID:10955
MONDO:0005975	DOID:11506
MONDO_0005975	DOID:11506
MONDO:0005976	DOID:4166
MONDO_0005976	DOID:4166
MONDO:0005977	DOID:10027
MONDO_0005977	DOID:10027
MONDO:0005978	DOID:3733
MONDO_0005978	DOID:3733
MONDO:0005979	DOID:3103
MONDO_0005979	DOID:3103
MONDO:0005980	DOID:4109
MONDO_0005980	DOID:4109
MONDO:0005981	DOID:11285
MONDO_0005981	DOID:11285
MONDO:0005982	DOID:12404
MONDO_0005982	DOID:12404
MONDO:0005983	DOID:4336
MONDO_0005983	DOID:4336
MONDO:0005984	DOID:12403
MONDO_0005984	DOID:12403
MONDO:0005987	DOID:3107
MONDO_0005987	DOID:3107
MONDO:0005988	DOID:9790
MONDO_0005988	DOID:9790
MONDO:0005989	DOID:9965
MONDO_0005989	DOID:9965
MONDO:0005990	DOID:9392
MONDO_0005990	DOID:9392
MONDO:0005991	DOID:11101
MONDO_0005991	DOID:11101
MONDO:0005993	DOID:0050269
MONDO_0005993	DOID:0050269
MONDO:0005994	DOID:1255
MONDO_0005994	DOID:1255
MONDO:0005995	DOID:1254
MONDO_0005995	DOID:1254
MONDO:0005996	DOID:1252
MONDO_0005996	DOID:1252
MONDO:0005997	DOID:4078
MONDO_0005997	DOID:4078
MONDO:0005998	DOID:8399
MONDO_0005998	DOID:8399
MONDO:0005999	DOID:14305
MONDO_0005999	DOID:14305
MONDO:0006000	DOID:9801
MONDO_0006000	DOID:9801
MONDO:0006001	DOID:1394
MONDO_0006001	DOID:1394
MONDO:0006002	DOID:2149
MONDO_0006002	DOID:2149
MONDO:0006003	DOID:9460
MONDO_0006003	DOID:9460
MONDO:0006004	DOID:4730
MONDO_0006004	DOID:4730
MONDO:0006005	DOID:9584
MONDO_0006005	DOID:9584
MONDO:0006006	DOID:3737
MONDO_0006006	DOID:3737
MONDO:0006007	DOID:9620
MONDO_0006007	DOID:9620
MONDO:0006008	DOID:12683
MONDO_0006008	DOID:12683
MONDO:0006009	DOID:646
MONDO_0006009	DOID:646
MONDO:0006011	DOID:1884
MONDO_0006011	DOID:1884
MONDO:0006012	DOID:10533
MONDO_0006012	DOID:10533
MONDO:0006014	DOID:2272
MONDO_0006014	DOID:2272
MONDO:0006015	DOID:9931
MONDO_0006015	DOID:9931
MONDO:0006018	DOID:3047
MONDO_0006018	DOID:3047
MONDO:0006019	DOID:10371
MONDO_0006019	DOID:10371
MONDO:0006021	DOID:0111151
MONDO_0006021	DOID:0111151
MONDO:0006025	DOID:0050737
MONDO_0006025	DOID:0050737
MONDO:0006026	DOID:365
MONDO_0006026	DOID:365
MONDO:0006028	DOID:3039
MONDO_0006028	DOID:3039
MONDO:0006029	DOID:1519
MONDO_0006029	DOID:1519
MONDO:0006030	DOID:1680
MONDO_0006030	DOID:1680
MONDO:0006032	DOID:1679
MONDO_0006032	DOID:1679
MONDO:0006034	DOID:5635
MONDO_0006034	DOID:5635
MONDO:0006035	DOID:6595
MONDO_0006035	DOID:6595
MONDO:0006036	DOID:2999
MONDO_0006036	DOID:2999
MONDO:0006037	DOID:0050779
MONDO_0006037	DOID:0050779
MONDO:0006043	DOID:4680
MONDO_0006043	DOID:4680
MONDO:0006044	DOID:11664
MONDO_0006044	DOID:11664
MONDO:0006045	DOID:5304
MONDO_0006045	DOID:5304
MONDO:0006046	DOID:5746
MONDO_0006046	DOID:5746
MONDO:0006047	DOID:4074
MONDO_0006047	DOID:4074
MONDO:0006049	DOID:5588
MONDO_0006049	DOID:5588
MONDO:0006052	DOID:2957
MONDO_0006052	DOID:2957
MONDO:0006055	DOID:192
MONDO_0006055	DOID:192
MONDO:0006056	DOID:5514
MONDO_0006056	DOID:5514
MONDO:0006059	DOID:5515
MONDO_0006059	DOID:5515
MONDO:0006067	DOID:3703
MONDO_0006067	DOID:3703
MONDO:0006069	DOID:6276
MONDO_0006069	DOID:6276
MONDO:0006071	DOID:2683
MONDO_0006071	DOID:2683
MONDO:0006074	DOID:4830
MONDO_0006074	DOID:4830
MONDO:0006076	DOID:5718
MONDO_0006076	DOID:5718
MONDO:0006081	DOID:14145
MONDO_0006081	DOID:14145
MONDO:0006082	DOID:5525
MONDO_0006082	DOID:5525
MONDO:0006085	DOID:3616
MONDO_0006085	DOID:3616
MONDO:0006087	DOID:3608
MONDO_0006087	DOID:3608
MONDO:0006091	DOID:0050911
MONDO_0006091	DOID:0050911
MONDO:0006094	DOID:0050608
MONDO_0006094	DOID:0050608
MONDO:0006097	DOID:5690
MONDO_0006097	DOID:5690
MONDO:0006108	DOID:5381
MONDO_0006108	DOID:5381
MONDO:0006109	DOID:4486
MONDO_0006109	DOID:4486
MONDO:0006111	DOID:5429
MONDO_0006111	DOID:5429
MONDO:0006118	DOID:10353
MONDO_0006118	DOID:10353
MONDO:0006131	DOID:6458
MONDO_0006131	DOID:6458
MONDO:0006132	DOID:6428
MONDO_0006132	DOID:6428
MONDO:0006133	DOID:4867
MONDO_0006133	DOID:4867
MONDO:0006134	DOID:5636
MONDO_0006134	DOID:5636
MONDO:0006135	DOID:5303
MONDO_0006135	DOID:5303
MONDO:0006138	DOID:6659
MONDO_0006138	DOID:6659
MONDO:0006140	DOID:6627
MONDO_0006140	DOID:6627
MONDO:0006141	DOID:8338
MONDO_0006141	DOID:8338
MONDO:0006142	DOID:6740
MONDO_0006142	DOID:6740
MONDO:0006143	DOID:3744
MONDO_0006143	DOID:3744
MONDO:0006144	DOID:5190
MONDO_0006144	DOID:5190
MONDO:0006145	DOID:4152
MONDO_0006145	DOID:4152
MONDO:0006170	DOID:4251
MONDO_0006170	DOID:4251
MONDO:0006172	DOID:0050906
MONDO_0006172	DOID:0050906
MONDO:0006173	DOID:1748
MONDO_0006173	DOID:1748
MONDO:0006180	DOID:4147
MONDO_0006180	DOID:4147
MONDO:0006181	DOID:0050922
MONDO_0006181	DOID:0050922
MONDO:0006183	DOID:5728
MONDO_0006183	DOID:5728
MONDO:0006186	DOID:10816
MONDO_0006186	DOID:10816
MONDO:0006187	DOID:0050927
MONDO_0006187	DOID:0050927
MONDO:0006189	DOID:7566
MONDO_0006189	DOID:7566
MONDO:0006191	DOID:5299
MONDO_0006191	DOID:5299
MONDO:0006196	DOID:5750
MONDO_0006196	DOID:5750
MONDO:0006197	DOID:7139
MONDO_0006197	DOID:7139
MONDO:0006198	DOID:5533
MONDO_0006198	DOID:5533
MONDO:0006200	DOID:7040
MONDO_0006200	DOID:7040
MONDO:0006201	DOID:2764
MONDO_0006201	DOID:2764
MONDO:0006206	DOID:1963
MONDO_0006206	DOID:1963
MONDO:0006207	DOID:1970
MONDO_0006207	DOID:1970
MONDO:0006208	DOID:5598
MONDO_0006208	DOID:5598
MONDO:0006210	DOID:5015
MONDO_0006210	DOID:5015
MONDO:0006215	DOID:3500
MONDO_0006215	DOID:3500
MONDO:0006216	DOID:0050893
MONDO_0006216	DOID:0050893
MONDO:0006217	DOID:5627
MONDO_0006217	DOID:5627
MONDO:0006219	DOID:7133
MONDO_0006219	DOID:7133
MONDO:0006220	DOID:5535
MONDO_0006220	DOID:5535
MONDO:0006228	DOID:5593
MONDO_0006228	DOID:5593
MONDO:0006229	DOID:6552
MONDO_0006229	DOID:6552
MONDO:0006230	DOID:5516
MONDO_0006230	DOID:5516
MONDO:0006234	DOID:8634
MONDO_0006234	DOID:8634
MONDO:0006235	DOID:2411
MONDO_0006235	DOID:2411
MONDO:0006238	DOID:6255
MONDO_0006238	DOID:6255
MONDO:0006243	DOID:0060534
MONDO_0006243	DOID:0060534
MONDO:0006244	DOID:0060079
MONDO_0006244	DOID:0060079
MONDO:0006247	DOID:5621
MONDO_0006247	DOID:5621
MONDO:0006260	DOID:0070475
MONDO_0006260	DOID:0070475
MONDO:0006262	DOID:4870
MONDO_0006262	DOID:4870
MONDO:0006264	DOID:4869
MONDO_0006264	DOID:4869
MONDO:0006265	DOID:7144
MONDO_0006265	DOID:7144
MONDO:0006266	DOID:2696
MONDO_0006266	DOID:2696
MONDO:0006275	DOID:5583
MONDO_0006275	DOID:5583
MONDO:0006277	DOID:3319
MONDO_0006277	DOID:3319
MONDO:0006279	DOID:0080777
MONDO_0006279	DOID:0080777
MONDO:0006280	DOID:495
MONDO_0006280	DOID:495
MONDO:0006280	DOID:5766
MONDO_0006280	DOID:5766
MONDO:0006281	DOID:0080305
MONDO_0006281	DOID:0080305
MONDO:0006282	DOID:2689
MONDO_0006282	DOID:2689
MONDO:0006287	DOID:4719
MONDO_0006287	DOID:4719
MONDO:0006288	DOID:0080347
MONDO_0006288	DOID:0080347
MONDO:0006292	DOID:1790
MONDO_0006292	DOID:1790
MONDO:0006294	DOID:5158
MONDO_0006294	DOID:5158
MONDO:0006295	DOID:3996
MONDO_0006295	DOID:3996
MONDO:0006297	DOID:7198
MONDO_0006297	DOID:7198
MONDO:0006300	DOID:3861
MONDO_0006300	DOID:3861
MONDO:0006301	DOID:6404
MONDO_0006301	DOID:6404
MONDO:0006303	DOID:5526
MONDO_0006303	DOID:5526
MONDO:0006309	DOID:3716
MONDO_0006309	DOID:3716
MONDO:0006311	DOID:4972
MONDO_0006311	DOID:4972
MONDO:0006312	DOID:4386
MONDO_0006312	DOID:4386
MONDO:0006325	DOID:1752
MONDO_0006325	DOID:1752
MONDO:0006329	DOID:369
MONDO_0006329	DOID:369
MONDO:0006330	DOID:2685
MONDO_0006330	DOID:2685
MONDO:0006335	DOID:5828
MONDO_0006335	DOID:5828
MONDO:0006337	DOID:11432
MONDO_0006337	DOID:11432
MONDO:0006340	DOID:5474
MONDO_0006340	DOID:5474
MONDO:0006343	DOID:4000
MONDO_0006343	DOID:4000
MONDO:0006344	DOID:5350
MONDO_0006344	DOID:5350
MONDO:0006346	DOID:5742
MONDO_0006346	DOID:5742
MONDO:0006350	DOID:4012
MONDO_0006350	DOID:4012
MONDO:0006351	DOID:2647
MONDO_0006351	DOID:2647
MONDO:0006356	DOID:0050931
MONDO_0006356	DOID:0050931
MONDO:0006359	DOID:2643
MONDO_0006359	DOID:2643
MONDO:0006360	DOID:3449
MONDO_0006360	DOID:3449
MONDO:0006369	DOID:5030
MONDO_0006369	DOID:5030
MONDO:0006372	DOID:0081280
MONDO_0006372	DOID:0081280
MONDO:0006373	DOID:3829
MONDO_0006373	DOID:3829
MONDO:0006374	DOID:2024
MONDO_0006374	DOID:2024
MONDO:0006375	DOID:277
MONDO_0006375	DOID:277
MONDO:0006382	DOID:3972
MONDO_0006382	DOID:3972
MONDO:0006389	DOID:3252
MONDO_0006389	DOID:3252
MONDO:0006390	DOID:7141
MONDO_0006390	DOID:7141
MONDO:0006397	DOID:0081415
MONDO_0006397	DOID:0081415
MONDO:0006403	DOID:297
MONDO_0006403	DOID:297
MONDO:0006406	DOID:4015
MONDO_0006406	DOID:4015
MONDO:0006407	DOID:4488
MONDO_0006407	DOID:4488
MONDO:0006409	DOID:8025
MONDO_0006409	DOID:8025
MONDO:0006411	DOID:0080799
MONDO_0006411	DOID:0080799
MONDO:0006414	DOID:2687
MONDO_0006414	DOID:2687
MONDO:0006423	DOID:3814
MONDO_0006423	DOID:3814
MONDO:0006426	DOID:6872
MONDO_0006426	DOID:6872
MONDO:0006427	DOID:3162
MONDO_0006427	DOID:3162
MONDO:0006432	DOID:5191
MONDO_0006432	DOID:5191
MONDO:0006444	DOID:0081246
MONDO_0006444	DOID:0081246
MONDO:0006446	DOID:5680
MONDO_0006446	DOID:5680
MONDO:0006447	DOID:4086
MONDO_0006447	DOID:4086
MONDO:0006451	DOID:3284
MONDO_0006451	DOID:3284
MONDO:0006451	DOID:4554
MONDO_0006451	DOID:4554
MONDO:0006452	DOID:8138
MONDO_0006452	DOID:8138
MONDO:0006456	DOID:3275
MONDO_0006456	DOID:3275
MONDO:0006458	DOID:7926
MONDO_0006458	DOID:7926
MONDO:0006459	DOID:6917
MONDO_0006459	DOID:6917
MONDO:0006463	DOID:4687
MONDO_0006463	DOID:4687
MONDO:0006466	DOID:0050923
MONDO_0006466	DOID:0050923
MONDO:0006466	DOID:0081461
MONDO_0006466	DOID:0081461
MONDO:0006468	DOID:0080522
MONDO_0006468	DOID:0080522
MONDO:0006469	DOID:6322
MONDO_0006469	DOID:6322
MONDO:0006470	DOID:0050920
MONDO_0006470	DOID:0050920
MONDO:0006471	DOID:4875
MONDO_0006471	DOID:4875
MONDO:0006474	DOID:2671
MONDO_0006474	DOID:2671
MONDO:0006479	DOID:7718
MONDO_0006479	DOID:7718
MONDO:0006480	DOID:6192
MONDO_0006480	DOID:6192
MONDO:0006481	DOID:4939
MONDO_0006481	DOID:4939
MONDO:0006482	DOID:6886
MONDO_0006482	DOID:6886
MONDO:0006485	DOID:6171
MONDO_0006485	DOID:6171
MONDO:0006486	DOID:6039
MONDO_0006486	DOID:6039
MONDO:0006488	DOID:136
MONDO_0006488	DOID:136
MONDO:0006497	DOID:1969
MONDO_0006497	DOID:1969
MONDO:0006499	DOID:3462
MONDO_0006499	DOID:3462
MONDO:0006500	DOID:255
MONDO_0006500	DOID:255
MONDO:0006504	DOID:0060158
MONDO_0006504	DOID:0060158
MONDO:0006505	DOID:10991
MONDO_0006505	DOID:10991
MONDO:0006506	DOID:2861
MONDO_0006506	DOID:2861
MONDO:0006507	DOID:2352
MONDO_0006507	DOID:2352
MONDO:0006509	DOID:3113
MONDO_0006509	DOID:3113
MONDO:0006510	DOID:447
MONDO_0006510	DOID:447
MONDO:0006512	DOID:0060075
MONDO_0006512	DOID:0060075
MONDO:0006513	DOID:0060076
MONDO_0006513	DOID:0060076
MONDO:0006515	DOID:2913
MONDO_0006515	DOID:2913
MONDO:0006519	DOID:1993
MONDO_0006519	DOID:1993
MONDO:0006520	DOID:6687
MONDO_0006520	DOID:6687
MONDO:0006521	DOID:4399
MONDO_0006521	DOID:4399
MONDO:0006522	DOID:13072
MONDO_0006522	DOID:13072
MONDO:0006523	DOID:2722
MONDO_0006523	DOID:2722
MONDO:0006524	DOID:0060344
MONDO_0006524	DOID:0060344
MONDO:0006525	DOID:3042
MONDO_0006525	DOID:3042
MONDO:0006526	DOID:10612
MONDO_0006526	DOID:10612
MONDO:0006527	DOID:11156
MONDO_0006527	DOID:11156
MONDO:0006528	DOID:0050487
MONDO_0006528	DOID:0050487
MONDO:0006530	DOID:869
MONDO_0006530	DOID:869
MONDO:0006531	DOID:10963
MONDO_0006531	DOID:10963
MONDO:0006532	DOID:9462
MONDO_0006532	DOID:9462
MONDO:0006533	DOID:10964
MONDO_0006533	DOID:10964
MONDO:0006534	DOID:14443
MONDO_0006534	DOID:14443
MONDO:0006536	DOID:0050585
MONDO_0006536	DOID:0050585
MONDO:0006537	DOID:12304
MONDO_0006537	DOID:12304
MONDO:0006539	DOID:3923
MONDO_0006539	DOID:3923
MONDO:0006540	DOID:9230
MONDO_0006540	DOID:9230
MONDO:0006541	DOID:2730
MONDO_0006541	DOID:2730
MONDO:0006543	DOID:4959
MONDO_0006543	DOID:4959
MONDO:0006544	DOID:8743
MONDO_0006544	DOID:8743
MONDO:0006545	DOID:0050185
MONDO_0006545	DOID:0050185
MONDO:0006546	DOID:9097
MONDO_0006546	DOID:9097
MONDO:0006547	DOID:0050486
MONDO_0006547	DOID:0050486
MONDO:0006548	DOID:3134
MONDO_0006548	DOID:3134
MONDO:0006549	DOID:8170
MONDO_0006549	DOID:8170
MONDO:0006550	DOID:8108
MONDO_0006550	DOID:8108
MONDO:0006551	DOID:9905
MONDO_0006551	DOID:9905
MONDO:0006552	DOID:4409
MONDO_0006552	DOID:4409
MONDO:0006553	DOID:1381
MONDO_0006553	DOID:1381
MONDO:0006554	DOID:3777
MONDO_0006554	DOID:3777
MONDO:0006555	DOID:4397
MONDO_0006555	DOID:4397
MONDO:0006556	DOID:3158
MONDO_0006556	DOID:3158
MONDO:0006557	DOID:13081
MONDO_0006557	DOID:13081
MONDO:0006558	DOID:0040098
MONDO_0006558	DOID:0040098
MONDO:0006558	DOID:14482
MONDO_0006558	DOID:14482
MONDO:0006559	DOID:2280
MONDO_0006559	DOID:2280
MONDO:0006561	DOID:11668
MONDO_0006561	DOID:11668
MONDO:0006563	DOID:6945
MONDO_0006563	DOID:6945
MONDO:0006564	DOID:2772
MONDO_0006564	DOID:2772
MONDO:0006565	DOID:8507
MONDO_0006565	DOID:8507
MONDO:0006566	DOID:161
MONDO_0006566	DOID:161
MONDO:0006567	DOID:12043
MONDO_0006567	DOID:12043
MONDO:0006569	DOID:3142
MONDO_0006569	DOID:3142
MONDO:0006570	DOID:8574
MONDO_0006570	DOID:8574
MONDO:0006571	DOID:8573
MONDO_0006571	DOID:8573
MONDO:0006572	DOID:9201
MONDO_0006572	DOID:9201
MONDO:0006573	DOID:811
MONDO_0006573	DOID:811
MONDO:0006574	DOID:3153
MONDO_0006574	DOID:3153
MONDO:0006576	DOID:4558
MONDO_0006576	DOID:4558
MONDO:0006577	DOID:867
MONDO_0006577	DOID:867
MONDO:0006578	DOID:3926
MONDO_0006578	DOID:3926
MONDO:0006579	DOID:11684
MONDO_0006579	DOID:11684
MONDO:0006580	DOID:1382
MONDO_0006580	DOID:1382
MONDO:0006581	DOID:11153
MONDO_0006581	DOID:11153
MONDO:0006582	DOID:4702
MONDO_0006582	DOID:4702
MONDO:0006583	DOID:3486
MONDO_0006583	DOID:3486
MONDO:0006585	DOID:3309
MONDO_0006585	DOID:3309
MONDO:0006586	DOID:9165
MONDO_0006586	DOID:9165
MONDO:0006589	DOID:4404
MONDO_0006589	DOID:4404
MONDO:0006590	DOID:3390
MONDO_0006590	DOID:3390
MONDO:0006591	DOID:1526
MONDO_0006591	DOID:1526
MONDO:0006592	DOID:9088
MONDO_0006592	DOID:9088
MONDO:0006593	DOID:3927
MONDO_0006593	DOID:3927
MONDO:0006594	DOID:9182
MONDO_0006594	DOID:9182
MONDO:0006595	DOID:11452
MONDO_0006595	DOID:11452
MONDO:0006596	DOID:3818
MONDO_0006596	DOID:3818
MONDO:0006597	DOID:3159
MONDO_0006597	DOID:3159
MONDO:0006598	DOID:4407
MONDO_0006598	DOID:4407
MONDO:0006599	DOID:0060220
MONDO_0006599	DOID:0060220
MONDO:0006601	DOID:8892
MONDO_0006601	DOID:8892
MONDO:0006602	DOID:3805
MONDO_0006602	DOID:3805
MONDO:0006603	DOID:2053
MONDO_0006603	DOID:2053
MONDO:0006604	DOID:8881
MONDO_0006604	DOID:8881
MONDO:0006605	DOID:3136
MONDO_0006605	DOID:3136
MONDO:0006606	DOID:3140
MONDO_0006606	DOID:3140
MONDO:0006607	DOID:9098
MONDO_0006607	DOID:9098
MONDO:0006608	DOID:8741
MONDO_0006608	DOID:8741
MONDO:0006609	DOID:8941
MONDO_0006609	DOID:8941
MONDO:0006610	DOID:2733
MONDO_0006610	DOID:2733
MONDO:0006611	DOID:13402
MONDO_0006611	DOID:13402
MONDO:0006612	DOID:3925
MONDO_0006612	DOID:3925
MONDO:0006613	DOID:12311
MONDO_0006613	DOID:12311
MONDO:0006614	DOID:8508
MONDO_0006614	DOID:8508
MONDO:0006615	DOID:1383
MONDO_0006615	DOID:1383
MONDO:0006616	DOID:3819
MONDO_0006616	DOID:3819
MONDO:0006617	DOID:2731
MONDO_0006617	DOID:2731
MONDO:0006618	DOID:1554
MONDO_0006618	DOID:1554
MONDO:0006619	DOID:8672
MONDO_0006619	DOID:8672
MONDO:0006620	DOID:8255
MONDO_0006620	DOID:8255
MONDO:0006621	DOID:6943
MONDO_0006621	DOID:6943
MONDO:0006622	DOID:6944
MONDO_0006622	DOID:6944
MONDO:0006624	DOID:0070355
MONDO_0006624	DOID:0070355
MONDO:0006626	DOID:9743
MONDO_0006626	DOID:9743
MONDO:0006633	DOID:2828
MONDO_0006633	DOID:2828
MONDO:0006634	DOID:5392
MONDO_0006634	DOID:5392
MONDO:0006635	DOID:3091
MONDO_0006635	DOID:3091
MONDO:0006637	DOID:12556
MONDO_0006637	DOID:12556
MONDO:0006638	DOID:3611
MONDO_0006638	DOID:3611
MONDO:0006639	DOID:3948
MONDO_0006639	DOID:3948
MONDO:0006639	DOID:3959
MONDO_0006639	DOID:3959
MONDO:0006639	DOID:660
MONDO_0006639	DOID:660
MONDO:0006640	DOID:3947
MONDO_0006640	DOID:3947
MONDO:0006641	DOID:8438
MONDO_0006641	DOID:8438
MONDO:0006643	DOID:12935
MONDO_0006643	DOID:12935
MONDO:0006644	DOID:14018
MONDO_0006644	DOID:14018
MONDO:0006645	DOID:14183
MONDO_0006645	DOID:14183
MONDO:0006646	DOID:4265
MONDO_0006646	DOID:4265
MONDO:0006647	DOID:3528
MONDO_0006647	DOID:3528
MONDO:0006648	DOID:3933
MONDO_0006648	DOID:3933
MONDO:0006649	DOID:12010
MONDO_0006649	DOID:12010
MONDO:0006650	DOID:6712
MONDO_0006650	DOID:6712
MONDO:0006651	DOID:1407
MONDO_0006651	DOID:1407
MONDO:0006652	DOID:5845
MONDO_0006652	DOID:5845
MONDO:0006653	DOID:10324
MONDO_0006653	DOID:10324
MONDO:0006654	DOID:10327
MONDO_0006654	DOID:10327
MONDO:0006655	DOID:5232
MONDO_0006655	DOID:5232
MONDO:0006656	DOID:519
MONDO_0006656	DOID:519
MONDO:0006658	DOID:5162
MONDO_0006658	DOID:5162
MONDO:0006659	DOID:5160
MONDO_0006659	DOID:5160
MONDO:0006660	DOID:1556
MONDO_0006660	DOID:1556
MONDO:0006662	DOID:12157
MONDO_0006662	DOID:12157
MONDO:0006663	DOID:11088
MONDO_0006663	DOID:11088
MONDO:0006664	DOID:1882
MONDO_0006664	DOID:1882
MONDO:0006665	DOID:8929
MONDO_0006665	DOID:8929
MONDO:0006668	DOID:9700
MONDO_0006668	DOID:9700
MONDO:0006670	DOID:9470
MONDO_0006670	DOID:9470
MONDO:0006672	DOID:13033
MONDO_0006672	DOID:13033
MONDO:0006673	DOID:4542
MONDO_0006673	DOID:4542
MONDO:0006676	DOID:0070313
MONDO_0006676	DOID:0070313
MONDO:0006676	DOID:13725
MONDO_0006676	DOID:13725
MONDO:0006677	DOID:12237
MONDO_0006677	DOID:12237
MONDO:0006678	DOID:11355
MONDO_0006678	DOID:11355
MONDO:0006679	DOID:13948
MONDO_0006679	DOID:13948
MONDO:0006682	DOID:3689
MONDO_0006682	DOID:3689
MONDO:0006683	DOID:3690
MONDO_0006683	DOID:3690
MONDO:0006684	DOID:4724
MONDO_0006684	DOID:4724
MONDO:0006686	DOID:3523
MONDO_0006686	DOID:3523
MONDO:0006687	DOID:4331
MONDO_0006687	DOID:4331
MONDO:0006688	DOID:10323
MONDO_0006688	DOID:10323
MONDO:0006690	DOID:3410
MONDO_0006690	DOID:3410
MONDO:0006692	DOID:636
MONDO_0006692	DOID:636
MONDO:0006693	DOID:3527
MONDO_0006693	DOID:3527
MONDO:0006694	DOID:12720
MONDO_0006694	DOID:12720
MONDO:0006696	DOID:3456
MONDO_0006696	DOID:3456
MONDO:0006698	DOID:11151
MONDO_0006698	DOID:11151
MONDO:0006699	DOID:11755
MONDO_0006699	DOID:11755
MONDO:0006700	DOID:12759
MONDO_0006700	DOID:12759
MONDO:0006701	DOID:3828
MONDO_0006701	DOID:3828
MONDO:0006702	DOID:5213
MONDO_0006702	DOID:5213
MONDO:0006709	DOID:4608
MONDO_0006709	DOID:4608
MONDO:0006710	DOID:12382
MONDO_0006710	DOID:12382
MONDO:0006711	DOID:11481
MONDO_0006711	DOID:11481
MONDO:0006712	DOID:11030
MONDO_0006712	DOID:11030
MONDO:0006713	DOID:11382
MONDO_0006713	DOID:11382
MONDO:0006714	DOID:3362
MONDO_0006714	DOID:3362
MONDO:0006715	DOID:4248
MONDO_0006715	DOID:4248
MONDO:0006716	DOID:11847
MONDO_0006716	DOID:11847
MONDO:0006717	DOID:4418
MONDO_0006717	DOID:4418
MONDO:0006721	DOID:14107
MONDO_0006721	DOID:14107
MONDO:0006722	DOID:13711
MONDO_0006722	DOID:13711
MONDO:0006723	DOID:11875
MONDO_0006723	DOID:11875
MONDO:0006726	DOID:10480
MONDO_0006726	DOID:10480
MONDO:0006727	DOID:9775
MONDO_0006727	DOID:9775
MONDO:0006729	DOID:5804
MONDO_0006729	DOID:5804
MONDO:0006730	DOID:1742
MONDO_0006730	DOID:1742
MONDO:0006733	DOID:10140
MONDO_0006733	DOID:10140
MONDO:0006733	DOID:12895
MONDO_0006733	DOID:12895
MONDO:0006734	DOID:1737
MONDO_0006734	DOID:1737
MONDO:0006735	DOID:4071
MONDO_0006735	DOID:4071
MONDO:0006738	DOID:5442
MONDO_0006738	DOID:5442
MONDO:0006739	DOID:5050
MONDO_0006739	DOID:5050
MONDO:0006740	DOID:3642
MONDO_0006740	DOID:3642
MONDO:0006741	DOID:2034
MONDO_0006741	DOID:2034
MONDO:0006742	DOID:13198
MONDO_0006742	DOID:13198
MONDO:0006744	DOID:9848
MONDO_0006744	DOID:9848
MONDO:0006745	DOID:4226
MONDO_0006745	DOID:4226
MONDO:0006746	DOID:12932
MONDO_0006746	DOID:12932
MONDO:0006752	DOID:0050061
MONDO_0006752	DOID:0050061
MONDO:0006754	DOID:13185
MONDO_0006754	DOID:13185
MONDO:0006755	DOID:2856
MONDO_0006755	DOID:2856
MONDO:0006757	DOID:13619
MONDO_0006757	DOID:13619
MONDO:0006759	DOID:4196
MONDO_0006759	DOID:4196
MONDO:0006760	DOID:1098
MONDO_0006760	DOID:1098
MONDO:0006762	DOID:4671
MONDO_0006762	DOID:4671
MONDO:0006763	DOID:14188
MONDO_0006763	DOID:14188
MONDO:0006764	DOID:11608
MONDO_0006764	DOID:11608
MONDO:0006766	DOID:4260
MONDO_0006766	DOID:4260
MONDO:0006767	DOID:2493
MONDO_0006767	DOID:2493
MONDO:0006769	DOID:11914
MONDO_0006769	DOID:11914
MONDO:0006770	DOID:1866
MONDO_0006770	DOID:1866
MONDO:0006771	DOID:1456
MONDO_0006771	DOID:1456
MONDO:0006777	DOID:13500
MONDO_0006777	DOID:13500
MONDO:0006779	DOID:9768
MONDO_0006779	DOID:9768
MONDO:0006782	DOID:9958
MONDO_0006782	DOID:9958
MONDO:0006783	DOID:2718
MONDO_0006783	DOID:2718
MONDO:0006786	DOID:11512
MONDO_0006786	DOID:11512
MONDO:0006787	DOID:3893
MONDO_0006787	DOID:3893
MONDO:0006790	DOID:12733
MONDO_0006790	DOID:12733
MONDO:0006792	DOID:3325
MONDO_0006792	DOID:3325
MONDO:0006793	DOID:2444
MONDO_0006793	DOID:2444
MONDO:0006794	DOID:9809
MONDO_0006794	DOID:9809
MONDO:0006795	DOID:6376
MONDO_0006795	DOID:6376
MONDO:0006796	DOID:9427
MONDO_0006796	DOID:9427
MONDO:0006797	DOID:11561
MONDO_0006797	DOID:11561
MONDO:0006798	DOID:9972
MONDO_0006798	DOID:9972
MONDO:0006799	DOID:3644
MONDO_0006799	DOID:3644
MONDO:0006800	DOID:4627
MONDO_0006800	DOID:4627
MONDO:0006801	DOID:10156
MONDO_0006801	DOID:10156
MONDO:0006802	DOID:3401
MONDO_0006802	DOID:3401
MONDO:0006803	DOID:5850
MONDO_0006803	DOID:5850
MONDO:0006804	DOID:6263
MONDO_0006804	DOID:6263
MONDO:0006805	DOID:8805
MONDO_0006805	DOID:8805
MONDO:0006806	DOID:12732
MONDO_0006806	DOID:12732
MONDO:0006807	DOID:2074
MONDO_0006807	DOID:2074
MONDO:0006808	DOID:13089
MONDO_0006808	DOID:13089
MONDO:0006809	DOID:4372
MONDO_0006809	DOID:4372
MONDO:0006810	DOID:9428
MONDO_0006810	DOID:9428
MONDO:0006811	DOID:4723
MONDO_0006811	DOID:4723
MONDO:0006812	DOID:13100
MONDO_0006812	DOID:13100
MONDO:0006814	DOID:1406
MONDO_0006814	DOID:1406
MONDO:0006815	DOID:13499
MONDO_0006815	DOID:13499
MONDO:0006816	DOID:381
MONDO_0006816	DOID:381
MONDO:0006817	DOID:3373
MONDO_0006817	DOID:3373
MONDO:0006820	DOID:2973
MONDO_0006820	DOID:2973
MONDO:0006821	DOID:2981
MONDO_0006821	DOID:2981
MONDO:0006823	DOID:1921
MONDO_0006823	DOID:1921
MONDO:0006825	DOID:648
MONDO_0006825	DOID:648
MONDO:0006826	DOID:13579
MONDO_0006826	DOID:13579
MONDO:0006827	DOID:3522
MONDO_0006827	DOID:3522
MONDO:0006828	DOID:9072
MONDO_0006828	DOID:9072
MONDO:0006830	DOID:8738
MONDO_0006830	DOID:8738
MONDO:0006831	DOID:12986
MONDO_0006831	DOID:12986
MONDO:0006833	DOID:13196
MONDO_0006833	DOID:13196
MONDO:0006834	DOID:8564
MONDO_0006834	DOID:8564
MONDO:0006835	DOID:10966
MONDO_0006835	DOID:10966
MONDO:0006836	DOID:11572
MONDO_0006836	DOID:11572
MONDO:0006837	DOID:13544
MONDO_0006837	DOID:13544
MONDO:0006839	DOID:1998
MONDO_0006839	DOID:1998
MONDO:0006843	DOID:7633
MONDO_0006843	DOID:7633
MONDO:0006846	DOID:10824
MONDO_0006846	DOID:10824
MONDO:0006848	DOID:12328
MONDO_0006848	DOID:12328
MONDO:0006849	DOID:10690
MONDO_0006849	DOID:10690
MONDO:0006850	DOID:1358
MONDO_0006850	DOID:1358
MONDO:0006851	DOID:11049
MONDO_0006851	DOID:11049
MONDO:0006853	DOID:4545
MONDO_0006853	DOID:4545
MONDO:0006854	DOID:2668
MONDO_0006854	DOID:2668
MONDO:0006855	DOID:13252
MONDO_0006855	DOID:13252
MONDO:0006857	DOID:3525
MONDO_0006857	DOID:3525
MONDO:0006858	DOID:403
MONDO_0006858	DOID:403
MONDO:0006861	DOID:8683
MONDO_0006861	DOID:8683
MONDO:0006862	DOID:431
MONDO_0006862	DOID:431
MONDO:0006863	DOID:4136
MONDO_0006863	DOID:4136
MONDO:0006864	DOID:12901
MONDO_0006864	DOID:12901
MONDO:0006865	DOID:13924
MONDO_0006865	DOID:13924
MONDO:0006866	DOID:14043
MONDO_0006866	DOID:14043
MONDO:0006868	DOID:13419
MONDO_0006868	DOID:13419
MONDO:0006869	DOID:13197
MONDO_0006869	DOID:13197
MONDO:0006871	DOID:4320
MONDO_0006871	DOID:4320
MONDO:0006873	DOID:5113
MONDO_0006873	DOID:5113
MONDO:0006874	DOID:13603
MONDO_0006874	DOID:13603
MONDO:0006875	DOID:9282
MONDO_0006875	DOID:9282
MONDO:0006876	DOID:0070344
MONDO_0006876	DOID:0070344
MONDO:0006877	DOID:10974
MONDO_0006877	DOID:10974
MONDO:0006879	DOID:10175
MONDO_0006879	DOID:10175
MONDO:0006880	DOID:4557
MONDO_0006880	DOID:4557
MONDO:0006881	DOID:11234
MONDO_0006881	DOID:11234
MONDO:0006882	DOID:2518
MONDO_0006882	DOID:2518
MONDO:0006883	DOID:8007
MONDO_0006883	DOID:8007
MONDO:0006884	DOID:13732
MONDO_0006884	DOID:13732
MONDO:0006886	DOID:3968
MONDO_0006886	DOID:3968
MONDO:0006887	DOID:1260
MONDO_0006887	DOID:1260
MONDO:0006888	DOID:8681
MONDO_0006888	DOID:8681
MONDO:0006889	DOID:5334
MONDO_0006889	DOID:5334
MONDO:0006890	DOID:7608
MONDO_0006890	DOID:7608
MONDO:0006891	DOID:3327
MONDO_0006891	DOID:3327
MONDO:0006892	DOID:3330
MONDO_0006892	DOID:3330
MONDO:0006894	DOID:14284
MONDO_0006894	DOID:14284
MONDO:0006895	DOID:11624
MONDO_0006895	DOID:11624
MONDO:0006896	DOID:13976
MONDO_0006896	DOID:13976
MONDO:0006897	DOID:4617
MONDO_0006897	DOID:4617
MONDO:0006898	DOID:2964
MONDO_0006898	DOID:2964
MONDO:0006899	DOID:3671
MONDO_0006899	DOID:3671
MONDO:0006900	DOID:2982
MONDO_0006900	DOID:2982
MONDO:0006903	DOID:6925
MONDO_0006903	DOID:6925
MONDO:0006904	DOID:2712
MONDO_0006904	DOID:2712
MONDO:0006907	DOID:4322
MONDO_0006907	DOID:4322
MONDO:0006908	DOID:1129
MONDO_0006908	DOID:1129
MONDO:0006912	DOID:13249
MONDO_0006912	DOID:13249
MONDO:0006915	DOID:4308
MONDO_0006915	DOID:4308
MONDO:0006916	DOID:9740
MONDO_0006916	DOID:9740
MONDO:0006917	DOID:3821
MONDO_0006917	DOID:3821
MONDO:0006918	DOID:12574
MONDO_0006918	DOID:12574
MONDO:0006920	DOID:11716
MONDO_0006920	DOID:11716
MONDO:0006930	DOID:12680
MONDO_0006930	DOID:12680
MONDO:0006931	DOID:5364
MONDO_0006931	DOID:5364
MONDO:0006932	DOID:11396
MONDO_0006932	DOID:11396
MONDO:0006933	DOID:3677
MONDO_0006933	DOID:3677
MONDO:0006935	DOID:8861
MONDO_0006935	DOID:8861
MONDO:0006936	DOID:6420
MONDO_0006936	DOID:6420
MONDO:0006937	DOID:11121
MONDO_0006937	DOID:11121
MONDO:0006938	DOID:2744
MONDO_0006938	DOID:2744
MONDO:0006939	DOID:11400
MONDO_0006939	DOID:11400
MONDO:0006940	DOID:12170
MONDO_0006940	DOID:12170
MONDO:0006945	DOID:2972
MONDO_0006945	DOID:2972
MONDO:0006946	DOID:13068
MONDO_0006946	DOID:13068
MONDO:0006947	DOID:1591
MONDO_0006947	DOID:1591
MONDO:0006948	DOID:8483
MONDO_0006948	DOID:8483
MONDO:0006949	DOID:2569
MONDO_0006949	DOID:2569
MONDO:0006950	DOID:11563
MONDO_0006950	DOID:11563
MONDO:0006951	DOID:1727
MONDO_0006951	DOID:1727
MONDO:0006952	DOID:13025
MONDO_0006952	DOID:13025
MONDO:0006953	DOID:4175
MONDO_0006953	DOID:4175
MONDO:0006955	DOID:0050827
MONDO_0006955	DOID:0050827
MONDO:0006957	DOID:14089
MONDO_0006957	DOID:14089
MONDO:0006960	DOID:11446
MONDO_0006960	DOID:11446
MONDO:0006961	DOID:5434
MONDO_0006961	DOID:5434
MONDO:0006962	DOID:4839
MONDO_0006962	DOID:4839
MONDO:0006962	DOID:4840
MONDO_0006962	DOID:4840
MONDO:0006963	DOID:5759
MONDO_0006963	DOID:5759
MONDO:0006964	DOID:12466
MONDO_0006964	DOID:12466
MONDO:0006965	DOID:10393
MONDO_0006965	DOID:10393
MONDO:0006966	DOID:13548
MONDO_0006966	DOID:13548
MONDO:0006968	DOID:14276
MONDO_0006968	DOID:14276
MONDO:0006969	DOID:10303
MONDO_0006969	DOID:10303
MONDO:0006970	DOID:12905
MONDO_0006970	DOID:12905
MONDO:0006971	DOID:1896
MONDO_0006971	DOID:1896
MONDO:0006972	DOID:4374
MONDO_0006972	DOID:4374
MONDO:0006974	DOID:3098
MONDO_0006974	DOID:3098
MONDO:0006975	DOID:4310
MONDO_0006975	DOID:4310
MONDO:0006976	DOID:4430
MONDO_0006976	DOID:4430
MONDO:0006977	DOID:11997
MONDO_0006977	DOID:11997
MONDO:0006978	DOID:2533
MONDO_0006978	DOID:2533
MONDO:0006979	DOID:4025
MONDO_0006979	DOID:4025
MONDO:0006980	DOID:2640
MONDO_0006980	DOID:2640
MONDO:0006981	DOID:4562
MONDO_0006981	DOID:4562
MONDO:0006982	DOID:7165
MONDO_0006982	DOID:7165
MONDO:0006983	DOID:13002
MONDO_0006983	DOID:13002
MONDO:0006984	DOID:11389
MONDO_0006984	DOID:11389
MONDO:0006986	DOID:13200
MONDO_0006986	DOID:13200
MONDO:0006987	DOID:5805
MONDO_0006987	DOID:5805
MONDO:0006988	DOID:12451
MONDO_0006988	DOID:12451
MONDO:0006989	DOID:2562
MONDO_0006989	DOID:2562
MONDO:0006990	DOID:13140
MONDO_0006990	DOID:13140
MONDO:0006993	DOID:9651
MONDO_0006993	DOID:9651
MONDO:0006994	DOID:12526
MONDO_0006994	DOID:12526
MONDO:0006995	DOID:1089
MONDO_0006995	DOID:1089
MONDO:0006996	DOID:12837
MONDO_0006996	DOID:12837
MONDO:0006997	DOID:1187
MONDO_0006997	DOID:1187
MONDO:0006998	DOID:8858
MONDO_0006998	DOID:8858
MONDO:0006999	DOID:1091
MONDO_0006999	DOID:1091
MONDO:0007001	DOID:5644
MONDO_0007001	DOID:5644
MONDO:0007002	DOID:13864
MONDO_0007002	DOID:13864
MONDO:0007004	DOID:1557
MONDO_0007004	DOID:1557
MONDO:0007006	DOID:4613
MONDO_0007006	DOID:4613
MONDO:0007008	DOID:4676
MONDO_0007008	DOID:4676
MONDO:0007009	DOID:14146
MONDO_0007009	DOID:14146
MONDO:0007011	DOID:13404
MONDO_0007011	DOID:13404
MONDO:0007012	DOID:5435
MONDO_0007012	DOID:5435
MONDO:0007013	DOID:4762
MONDO_0007013	DOID:4762
MONDO:0007015	DOID:10310
MONDO_0007015	DOID:10310
MONDO:0007017	DOID:9726
MONDO_0007017	DOID:9726
MONDO:0007018	DOID:3901
MONDO_0007018	DOID:3901
MONDO:0007019	DOID:2273
MONDO_0007019	DOID:2273
MONDO:0007020	DOID:2384
MONDO_0007020	DOID:2384
MONDO:0007022	DOID:11401
MONDO_0007022	DOID:11401
MONDO:0007027	DOID:0080547
MONDO_0007027	DOID:0080547
MONDO:0007029	DOID:14702
MONDO_0007029	DOID:14702
MONDO:0007030	DOID:0111825
MONDO_0007030	DOID:0111825
MONDO:0007032	DOID:0060889
MONDO_0007032	DOID:0060889
MONDO:0007033	DOID:10865
MONDO_0007033	DOID:10865
MONDO:0007034	DOID:0060227
MONDO_0007034	DOID:0060227
MONDO:0007035	DOID:3138
MONDO_0007035	DOID:3138
MONDO:0007036	DOID:6686
MONDO_0007036	DOID:6686
MONDO:0007037	DOID:4480
MONDO_0007037	DOID:4480
MONDO:0007039	DOID:0111252
MONDO_0007039	DOID:0111252
MONDO:0007040	DOID:0060359
MONDO_0007040	DOID:0060359
MONDO:0007042	DOID:14768
MONDO_0007042	DOID:14768
MONDO:0007043	DOID:14705
MONDO_0007043	DOID:14705
MONDO:0007045	DOID:0060384
MONDO_0007045	DOID:0060384
MONDO:0007046	DOID:0060360
MONDO_0007046	DOID:0060360
MONDO:0007047	DOID:0060362
MONDO_0007047	DOID:0060362
MONDO:0007048	DOID:0050606
MONDO_0007048	DOID:0050606
MONDO:0007052	DOID:0112009
MONDO_0007052	DOID:0112009
MONDO:0007055	DOID:0111243
MONDO_0007055	DOID:0111243
MONDO:0007057	DOID:2736
MONDO_0007057	DOID:2736
MONDO:0007059	DOID:0060347
MONDO_0007059	DOID:0060347
MONDO:0007060	DOID:0070167
MONDO_0007060	DOID:0070167
MONDO:0007064	DOID:5810
MONDO_0007064	DOID:5810
MONDO:0007068	DOID:0050762
MONDO_0007068	DOID:0050762
MONDO:0007070	DOID:3928
MONDO_0007070	DOID:3928
MONDO:0007072	DOID:0050601
MONDO_0007072	DOID:0050601
MONDO:0007074	DOID:11329
MONDO_0007074	DOID:11329
MONDO:0007077	DOID:0090002
MONDO_0007077	DOID:0090002
MONDO:0007078	DOID:0080053
MONDO_0007078	DOID:0080053
MONDO:0007079	DOID:0050741
MONDO_0007079	DOID:0050741
MONDO:0007080	DOID:14080
MONDO_0007080	DOID:14080
MONDO:0007083	DOID:0111244
MONDO_0007083	DOID:0111244
MONDO:0007086	DOID:0110032
MONDO_0007086	DOID:0110032
MONDO:0007088	DOID:0080348
MONDO_0007088	DOID:0080348
MONDO:0007089	DOID:0110035
MONDO_0007089	DOID:0110035
MONDO:0007092	DOID:0110052
MONDO_0007092	DOID:0110052
MONDO:0007093	DOID:0110053
MONDO_0007093	DOID:0110053
MONDO:0007094	DOID:0110054
MONDO_0007094	DOID:0110054
MONDO:0007097	DOID:0050637
MONDO_0007097	DOID:0050637
MONDO:0007098	DOID:0070027
MONDO_0007098	DOID:0070027
MONDO:0007099	DOID:0050636
MONDO_0007099	DOID:0050636
MONDO:0007100	DOID:0050638
MONDO_0007100	DOID:0050638
MONDO:0007100	DOID:0050761
MONDO_0007100	DOID:0050761
MONDO:0007103	DOID:0060193
MONDO_0007103	DOID:0060193
MONDO:0007104	DOID:0111246
MONDO_0007104	DOID:0111246
MONDO:0007105	DOID:0060213
MONDO_0007105	DOID:0060213
MONDO:0007108	DOID:6126
MONDO_0007108	DOID:6126
MONDO:0007109	DOID:0111399
MONDO_0007109	DOID:0111399
MONDO:0007110	DOID:0111895
MONDO_0007110	DOID:0111895
MONDO:0007111	DOID:0080964
MONDO_0007111	DOID:0080964
MONDO:0007113	DOID:1932
MONDO_0007113	DOID:1932
MONDO:0007118	DOID:0060603
MONDO_0007118	DOID:0060603
MONDO:0007124	DOID:0090119
MONDO_0007124	DOID:0090119
MONDO:0007125	DOID:0060604
MONDO_0007125	DOID:0060604
MONDO:0007126	DOID:0080603
MONDO_0007126	DOID:0080603
MONDO:0007127	DOID:6652
MONDO_0007127	DOID:6652
MONDO:0007130	DOID:4297
MONDO_0007130	DOID:4297
MONDO:0007135	DOID:0080084
MONDO_0007135	DOID:0080084
MONDO:0007138	DOID:0060605
MONDO_0007138	DOID:0060605
MONDO:0007138	DOID:0080606
MONDO_0007138	DOID:0080606
MONDO:0007142	DOID:0050887
MONDO_0007142	DOID:0050887
MONDO:0007145	DOID:0080661
MONDO_0007145	DOID:0080661
MONDO:0007147	DOID:0050848
MONDO_0007147	DOID:0050848
MONDO:0007150	DOID:11342
MONDO_0007150	DOID:11342
MONDO:0007152	DOID:0110070
MONDO_0007152	DOID:0110070
MONDO:0007154	DOID:0060688
MONDO_0007154	DOID:0060688
MONDO:0007157	DOID:0111597
MONDO_0007157	DOID:0111597
MONDO:0007158	DOID:0111608
MONDO_0007158	DOID:0111608
MONDO:0007159	DOID:0111609
MONDO_0007159	DOID:0111609
MONDO:0007160	DOID:0080676
MONDO_0007160	DOID:0080676
MONDO:0007161	DOID:0070164
MONDO_0007161	DOID:0070164
MONDO:0007163	DOID:0050990
MONDO_0007163	DOID:0050990
MONDO:0007164	DOID:0050772
MONDO_0007164	DOID:0050772
MONDO:0007165	DOID:0050945
MONDO_0007165	DOID:0050945
MONDO:0007171	DOID:0080662
MONDO_0007171	DOID:0080662
MONDO:0007172	DOID:0110106
MONDO_0007172	DOID:0110106
MONDO:0007173	DOID:0110112
MONDO_0007173	DOID:0110112
MONDO:0007174	DOID:13087
MONDO_0007174	DOID:13087
MONDO:0007176	DOID:0111228
MONDO_0007176	DOID:0111228
MONDO:0007179	DOID:417
MONDO_0007179	DOID:417
MONDO:0007181	DOID:0080039
MONDO_0007181	DOID:0080039
MONDO:0007182	DOID:1440
MONDO_0007182	DOID:1440
MONDO:0007186	DOID:8534
MONDO_0007186	DOID:8534
MONDO:0007187	DOID:0070365
MONDO_0007187	DOID:0070365
MONDO:0007187	DOID:2512
MONDO_0007187	DOID:2512
MONDO:0007191	DOID:13241
MONDO_0007191	DOID:13241
MONDO:0007193	DOID:0070358
MONDO_0007193	DOID:0070358
MONDO:0007194	DOID:0080332
MONDO_0007194	DOID:0080332
MONDO:0007197	DOID:11353
MONDO_0007197	DOID:11353
MONDO:0007201	DOID:14778
MONDO_0007201	DOID:14778
MONDO:0007205	DOID:0080664
MONDO_0007205	DOID:0080664
MONDO:0007208	DOID:0050680
MONDO_0007208	DOID:0050680
MONDO:0007211	DOID:0111247
MONDO_0007211	DOID:0111247
MONDO:0007213	DOID:0110963
MONDO_0007213	DOID:0110963
MONDO:0007214	DOID:0110962
MONDO_0007214	DOID:0110962
MONDO:0007215	DOID:0110964
MONDO_0007215	DOID:0110964
MONDO:0007216	DOID:0110965
MONDO_0007216	DOID:0110965
MONDO:0007217	DOID:0110966
MONDO_0007217	DOID:0110966
MONDO:0007218	DOID:0110967
MONDO_0007218	DOID:0110967
MONDO:0007219	DOID:0110968
MONDO_0007219	DOID:0110968
MONDO:0007220	DOID:0110969
MONDO_0007220	DOID:0110969
MONDO:0007221	DOID:0110970
MONDO_0007221	DOID:0110970
MONDO:0007222	DOID:0110971
MONDO_0007222	DOID:0110971
MONDO:0007223	DOID:0110972
MONDO_0007223	DOID:0110972
MONDO:0007235	DOID:0050691
MONDO_0007235	DOID:0050691
MONDO:0007236	DOID:0111423
MONDO_0007236	DOID:0111423
MONDO:0007239	DOID:4603
MONDO_0007239	DOID:4603
MONDO:0007240	DOID:0111074
MONDO_0007240	DOID:0111074
MONDO:0007243	DOID:8584
MONDO_0007243	DOID:8584
MONDO:0007244	DOID:4257
MONDO_0007244	DOID:4257
MONDO:0007251	DOID:0050463
MONDO_0007251	DOID:0050463
MONDO:0007252	DOID:0111607
MONDO_0007252	DOID:0111607
MONDO:0007254	DOID:1612
MONDO_0007254	DOID:1612
MONDO:0007256	DOID:684
MONDO_0007256	DOID:684
MONDO:0007256	DOID:686
MONDO_0007256	DOID:686
MONDO:0007265	DOID:0111460
MONDO_0007265	DOID:0111460
MONDO:0007266	DOID:0110308
MONDO_0007266	DOID:0110308
MONDO:0007267	DOID:0110309
MONDO_0007267	DOID:0110309
MONDO:0007268	DOID:0110310
MONDO_0007268	DOID:0110310
MONDO:0007269	DOID:0110425
MONDO_0007269	DOID:0110425
MONDO:0007270	DOID:0111425
MONDO_0007270	DOID:0111425
MONDO:0007273	DOID:0061219
MONDO_0007273	DOID:0061219
MONDO:0007275	DOID:12169
MONDO_0007275	DOID:12169
MONDO:0007278	DOID:0110227
MONDO_0007278	DOID:0110227
MONDO:0007279	DOID:0110260
MONDO_0007279	DOID:0110260
MONDO:0007280	DOID:0110228
MONDO_0007280	DOID:0110228
MONDO:0007281	DOID:0110234
MONDO_0007281	DOID:0110234
MONDO:0007282	DOID:0110232
MONDO_0007282	DOID:0110232
MONDO:0007283	DOID:0110237
MONDO_0007283	DOID:0110237
MONDO:0007284	DOID:0110240
MONDO_0007284	DOID:0110240
MONDO:0007285	DOID:0110231
MONDO_0007285	DOID:0110231
MONDO:0007286	DOID:0110248
MONDO_0007286	DOID:0110248
MONDO:0007287	DOID:0110241
MONDO_0007287	DOID:0110241
MONDO:0007288	DOID:0110229
MONDO_0007288	DOID:0110229
MONDO:0007289	DOID:0110242
MONDO_0007289	DOID:0110242
MONDO:0007290	DOID:0110255
MONDO_0007290	DOID:0110255
MONDO:0007293	DOID:0110910
MONDO_0007293	DOID:0110910
MONDO:0007294	DOID:3529
MONDO_0007294	DOID:3529
MONDO:0007295	DOID:3329
MONDO_0007295	DOID:3329
MONDO:0007296	DOID:0050980
MONDO_0007296	DOID:0050980
MONDO:0007297	DOID:0070030
MONDO_0007297	DOID:0070030
MONDO:0007298	DOID:0050978
MONDO_0007298	DOID:0050978
MONDO:0007301	DOID:0111248
MONDO_0007301	DOID:0111248
MONDO:0007306	DOID:0080589
MONDO_0007306	DOID:0080589
MONDO:0007307	DOID:0110152
MONDO_0007307	DOID:0110152
MONDO:0007308	DOID:0110154
MONDO_0007308	DOID:0110154
MONDO:0007309	DOID:0110148
MONDO_0007309	DOID:0110148
MONDO:0007311	DOID:0110153
MONDO_0007311	DOID:0110153
MONDO:0007315	DOID:1856
MONDO_0007315	DOID:1856
MONDO:0007318	DOID:9245
MONDO_0007318	DOID:9245
MONDO:0007321	DOID:0060293
MONDO_0007321	DOID:0060293
MONDO:0007327	DOID:0111419
MONDO_0007327	DOID:0111419
MONDO:0007335	DOID:0080395
MONDO_0007335	DOID:0080395
MONDO:0007336	DOID:0110213
MONDO_0007336	DOID:0110213
MONDO:0007337	DOID:0080313
MONDO_0007337	DOID:0080313
MONDO:0007338	DOID:0110214
MONDO_0007338	DOID:0110214
MONDO:0007339	DOID:0080344
MONDO_0007339	DOID:0080344
MONDO:0007340	DOID:13994
MONDO_0007340	DOID:13994
MONDO:0007342	DOID:11836
MONDO_0007342	DOID:11836
MONDO:0007345	DOID:0051054
MONDO_0007345	DOID:0051054
MONDO:0007349	DOID:0090062
MONDO_0007349	DOID:0090062
MONDO:0007352	DOID:0090006
MONDO_0007352	DOID:0090006
MONDO:0007354	DOID:11975
MONDO_0007354	DOID:11975
MONDO:0007355	DOID:0111249
MONDO_0007355	DOID:0111249
MONDO:0007356	DOID:0070271
MONDO_0007356	DOID:0070271
MONDO:0007361	DOID:0060002
MONDO_0007361	DOID:0060002
MONDO:0007362	DOID:0111005
MONDO_0007362	DOID:0111005
MONDO:0007363	DOID:0111595
MONDO_0007363	DOID:0111595
MONDO:0007367	DOID:0111307
MONDO_0007367	DOID:0111307
MONDO:0007369	DOID:13269
MONDO_0007369	DOID:13269
MONDO:0007374	DOID:0060456
MONDO_0007374	DOID:0060456
MONDO:0007375	DOID:0060447
MONDO_0007375	DOID:0060447
MONDO:0007376	DOID:0060448
MONDO_0007376	DOID:0060448
MONDO:0007377	DOID:0080530
MONDO_0007377	DOID:0080530
MONDO:0007378	DOID:0110855
MONDO_0007378	DOID:0110855
MONDO:0007379	DOID:0060451
MONDO_0007379	DOID:0060451
MONDO:0007381	DOID:0070337
MONDO_0007381	DOID:0070337
MONDO:0007387	DOID:0080505
MONDO_0007387	DOID:0080505
MONDO:0007389	DOID:0112363
MONDO_0007389	DOID:0112363
MONDO:0007390	DOID:0080665
MONDO_0007390	DOID:0080665
MONDO:0007395	DOID:0111336
MONDO_0007395	DOID:0111336
MONDO:0007397	DOID:0080801
MONDO_0007397	DOID:0080801
MONDO:0007399	DOID:0061010
MONDO_0007399	DOID:0061010
MONDO:0007400	DOID:0111337
MONDO_0007400	DOID:0111337
MONDO:0007404	DOID:12580
MONDO_0007404	DOID:12580
MONDO:0007405	DOID:2339
MONDO_0007405	DOID:2339
MONDO:0007410	DOID:0111717
MONDO_0007410	DOID:0111717
MONDO:0007411	DOID:0070130
MONDO_0007411	DOID:0070130
MONDO:0007412	DOID:0050660
MONDO_0007412	DOID:0050660
MONDO:0007415	DOID:0080111
MONDO_0007415	DOID:0080111
MONDO:0007416	DOID:3052
MONDO_0007416	DOID:3052
MONDO:0007417	DOID:2734
MONDO_0007417	DOID:2734
MONDO:0007420	DOID:0080720
MONDO_0007420	DOID:0080720
MONDO:0007422	DOID:0111339
MONDO_0007422	DOID:0111339
MONDO:0007424	DOID:0110541
MONDO_0007424	DOID:0110541
MONDO:0007432	DOID:13945
MONDO_0007432	DOID:13945
MONDO:0007434	DOID:0111341
MONDO_0007434	DOID:0111341
MONDO:0007435	DOID:0060162
MONDO_0007435	DOID:0060162
MONDO:0007440	DOID:0080220
MONDO_0007440	DOID:0080220
MONDO:0007445	DOID:0111342
MONDO_0007445	DOID:0111342
MONDO:0007446	DOID:4400
MONDO_0007446	DOID:4400
MONDO:0007448	DOID:743
MONDO_0007448	DOID:743
MONDO:0007450	DOID:12388
MONDO_0007450	DOID:12388
MONDO:0007451	DOID:0081061
MONDO_0007451	DOID:0081061
MONDO:0007452	DOID:0111099
MONDO_0007452	DOID:0111099
MONDO:0007453	DOID:0111100
MONDO_0007453	DOID:0111100
MONDO:0007454	DOID:0110741
MONDO_0007454	DOID:0110741
MONDO:0007470	DOID:0080721
MONDO_0007470	DOID:0080721
MONDO:0007471	DOID:0060745
MONDO_0007471	DOID:0060745
MONDO:0007472	DOID:0060746
MONDO_0007472	DOID:0060746
MONDO:0007473	DOID:12557
MONDO_0007473	DOID:12557
MONDO:0007477	DOID:0060241
MONDO_0007477	DOID:0060241
MONDO:0007478	DOID:0080723
MONDO_0007478	DOID:0080723
MONDO:0007481	DOID:0060847
MONDO_0007481	DOID:0060847
MONDO:0007483	DOID:0060257
MONDO_0007483	DOID:0060257
MONDO:0007485	DOID:0070014
MONDO_0007485	DOID:0070014
MONDO:0007488	DOID:12217
MONDO_0007488	DOID:12217
MONDO:0007492	DOID:0060730
MONDO_0007492	DOID:0060730
MONDO:0007493	DOID:0090041
MONDO_0007493	DOID:0090041
MONDO:0007495	DOID:0090043
MONDO_0007495	DOID:0090043
MONDO:0007496	DOID:0090056
MONDO_0007496	DOID:0090056
MONDO:0007507	DOID:0080725
MONDO_0007507	DOID:0080725
MONDO:0007508	DOID:0060330
MONDO_0007508	DOID:0060330
MONDO:0007509	DOID:0111663
MONDO_0007509	DOID:0111663
MONDO:0007510	DOID:14693
MONDO_0007510	DOID:14693
MONDO:0007514	DOID:0111150
MONDO_0007514	DOID:0111150
MONDO:0007520	DOID:0060784
MONDO_0007520	DOID:0060784
MONDO:0007523	DOID:14757
MONDO_0007523	DOID:14757
MONDO:0007524	DOID:14756
MONDO_0007524	DOID:14756
MONDO:0007525	DOID:0080727
MONDO_0007525	DOID:0080727
MONDO:0007526	DOID:0050802
MONDO_0007526	DOID:0050802
MONDO:0007534	DOID:5572
MONDO_0007534	DOID:5572
MONDO:0007537	DOID:0111343
MONDO_0007537	DOID:0111343
MONDO:0007538	DOID:0110055
MONDO_0007538	DOID:0110055
MONDO:0007540	DOID:10017
MONDO_0007540	DOID:10017
MONDO:0007542	DOID:4997
MONDO_0007542	DOID:4997
MONDO:0007546	DOID:0111344
MONDO_0007546	DOID:0111344
MONDO:0007548	DOID:0111345
MONDO_0007548	DOID:0111345
MONDO:0007549	DOID:0080224
MONDO_0007549	DOID:0080224
MONDO:0007550	DOID:0060735
MONDO_0007550	DOID:0060735
MONDO:0007551	DOID:0080510
MONDO_0007551	DOID:0080510
MONDO:0007552	DOID:0080988
MONDO_0007552	DOID:0080988
MONDO:0007554	DOID:0080511
MONDO_0007554	DOID:0080511
MONDO:0007555	DOID:0060736
MONDO_0007555	DOID:0060736
MONDO:0007556	DOID:0111346
MONDO_0007556	DOID:0111346
MONDO:0007557	DOID:0111347
MONDO_0007557	DOID:0111347
MONDO:0007561	DOID:0070303
MONDO_0007561	DOID:0070303
MONDO:0007562	DOID:0111348
MONDO_0007562	DOID:0111348
MONDO:0007564	DOID:5374
MONDO_0007564	DOID:5374
MONDO:0007566	DOID:5585
MONDO_0007566	DOID:5585
MONDO:0007572	DOID:0060652
MONDO_0007572	DOID:0060652
MONDO:0007574	DOID:0050981
MONDO_0007574	DOID:0050981
MONDO:0007576	DOID:5041
MONDO_0007576	DOID:5041
MONDO:0007589	DOID:0111412
MONDO_0007589	DOID:0111412
MONDO:0007603	DOID:11042
MONDO_0007603	DOID:11042
MONDO:0007606	DOID:13374
MONDO_0007606	DOID:13374
MONDO:0007608	DOID:0080366
MONDO_0007608	DOID:0080366
MONDO:0007614	DOID:0080143
MONDO_0007614	DOID:0080143
MONDO:0007615	DOID:0111350
MONDO_0007615	DOID:0111350
MONDO:0007617	DOID:0070042
MONDO_0007617	DOID:0070042
MONDO:0007619	DOID:0111357
MONDO_0007619	DOID:0111357
MONDO:0007621	DOID:0111358
MONDO_0007621	DOID:0111358
MONDO:0007628	DOID:0070530
MONDO_0007628	DOID:0070530
MONDO:0007630	DOID:0070439
MONDO_0007630	DOID:0070439
MONDO:0007631	DOID:0060399
MONDO_0007631	DOID:0060399
MONDO:0007634	DOID:0061049
MONDO_0007634	DOID:0061049
MONDO:0007635	DOID:0050438
MONDO_0007635	DOID:0050438
MONDO:0007636	DOID:0081045
MONDO_0007636	DOID:0081045
MONDO:0007639	DOID:11105
MONDO_0007639	DOID:11105
MONDO:0007640	DOID:0090114
MONDO_0007640	DOID:0090114
MONDO:0007646	DOID:0050526
MONDO_0007646	DOID:0050526
MONDO:0007648	DOID:0080764
MONDO_0007648	DOID:0080764
MONDO:0007650	DOID:0050909
MONDO_0007650	DOID:0050909
MONDO:0007652	DOID:8757
MONDO_0007652	DOID:8757
MONDO:0007655	DOID:11514
MONDO_0007655	DOID:11514
MONDO:0007656	DOID:4249
MONDO_0007656	DOID:4249
MONDO:0007661	DOID:11119
MONDO_0007661	DOID:11119
MONDO:0007662	DOID:0080609
MONDO_0007662	DOID:0080609
MONDO:0007667	DOID:4843
MONDO_0007667	DOID:4843
MONDO:0007669	DOID:0111101
MONDO_0007669	DOID:0111101
MONDO:0007672	DOID:7996
MONDO_0007672	DOID:7996
MONDO:0007686	DOID:0111044
MONDO_0007686	DOID:0111044
MONDO:0007690	DOID:0090122
MONDO_0007690	DOID:0090122
MONDO:0007698	DOID:0060739
MONDO_0007698	DOID:0060739
MONDO:0007699	DOID:7188
MONDO_0007699	DOID:7188
MONDO:0007700	DOID:0111362
MONDO_0007700	DOID:0111362
MONDO:0007701	DOID:0111075
MONDO_0007701	DOID:0111075
MONDO:0007705	DOID:0111363
MONDO_0007705	DOID:0111363
MONDO:0007710	DOID:1757
MONDO_0007710	DOID:1757
MONDO:0007716	DOID:0110029
MONDO_0007716	DOID:0110029
MONDO:0007718	DOID:0111366
MONDO_0007718	DOID:0111366
MONDO:0007721	DOID:12642
MONDO_0007721	DOID:12642
MONDO:0007726	DOID:0111367
MONDO_0007726	DOID:0111367
MONDO:0007727	DOID:0090018
MONDO_0007727	DOID:0090018
MONDO:0007729	DOID:0060931
MONDO_0007729	DOID:0060931
MONDO:0007732	DOID:0060468
MONDO_0007732	DOID:0060468
MONDO:0007733	DOID:0110875
MONDO_0007733	DOID:0110875
MONDO:0007734	DOID:0110880
MONDO_0007734	DOID:0110880
MONDO:0007737	DOID:0060467
MONDO_0007737	DOID:0060467
MONDO:0007738	DOID:0050813
MONDO_0007738	DOID:0050813
MONDO:0007739	DOID:12858
MONDO_0007739	DOID:12858
MONDO:0007744	DOID:0111369
MONDO_0007744	DOID:0111369
MONDO:0007745	DOID:2739
MONDO_0007745	DOID:2739
MONDO:0007747	DOID:0111371
MONDO_0007747	DOID:0111371
MONDO:0007753	DOID:11599
MONDO_0007753	DOID:11599
MONDO:0007758	DOID:0070552
MONDO_0007758	DOID:0070552
MONDO:0007762	DOID:0111421
MONDO_0007762	DOID:0111421
MONDO:0007762	DOID:1171
MONDO_0007762	DOID:1171
MONDO:0007763	DOID:0050387
MONDO_0007763	DOID:0050387
MONDO:0007764	DOID:0080037
MONDO_0007764	DOID:0080037
MONDO:0007769	DOID:10122
MONDO_0007769	DOID:10122
MONDO:0007771	DOID:0111373
MONDO_0007771	DOID:0111373
MONDO:0007783	DOID:0080990
MONDO_0007783	DOID:0080990
MONDO:0007784	DOID:0111374
MONDO_0007784	DOID:0111374
MONDO:0007785	DOID:0080219
MONDO_0007785	DOID:0080219
MONDO:0007787	DOID:0111060
MONDO_0007787	DOID:0111060
MONDO:0007790	DOID:0050540
MONDO_0007790	DOID:0050540
MONDO:0007791	DOID:0060700
MONDO_0007791	DOID:0060700
MONDO:0007792	DOID:0060701
MONDO_0007792	DOID:0060701
MONDO:0007793	DOID:0080041
MONDO_0007793	DOID:0080041
MONDO:0007794	DOID:0090078
MONDO_0007794	DOID:0090078
MONDO:0007796	DOID:0061150
MONDO_0007796	DOID:0061150
MONDO:0007797	DOID:0060878
MONDO_0007797	DOID:0060878
MONDO:0007800	DOID:0060406
MONDO_0007800	DOID:0060406
MONDO:0007803	DOID:4752
MONDO_0007803	DOID:4752
MONDO:0007804	DOID:9248
MONDO_0007804	DOID:9248
MONDO:0007805	DOID:0110699
MONDO_0007805	DOID:0110699
MONDO:0007810	DOID:1702
MONDO_0007810	DOID:1702
MONDO:0007813	DOID:0060877
MONDO_0007813	DOID:0060877
MONDO:0007818	DOID:3261
MONDO_0007818	DOID:3261
MONDO:0007827	DOID:3429
MONDO_0007827	DOID:3429
MONDO:0007829	DOID:0070228
MONDO_0007829	DOID:0070228
MONDO:0007835	DOID:8446
MONDO_0007835	DOID:8446
MONDO:0007836	DOID:0111381
MONDO_0007836	DOID:0111381
MONDO:0007838	DOID:0111723
MONDO_0007838	DOID:0111723
MONDO:0007841	DOID:0111382
MONDO_0007841	DOID:0111382
MONDO:0007844	DOID:0090083
MONDO_0007844	DOID:0090083
MONDO:0007846	DOID:14780
MONDO_0007846	DOID:14780
MONDO:0007848	DOID:0111383
MONDO_0007848	DOID:0111383
MONDO:0007850	DOID:0060871
MONDO_0007850	DOID:0060871
MONDO:0007852	DOID:0111505
MONDO_0007852	DOID:0111505
MONDO:0007856	DOID:0111506
MONDO_0007856	DOID:0111506
MONDO:0007858	DOID:0080214
MONDO_0007858	DOID:0080214
MONDO:0007859	DOID:0081108
MONDO_0007859	DOID:0081108
MONDO:0007860	DOID:0070553
MONDO_0007860	DOID:0070553
MONDO:0007862	DOID:0110949
MONDO_0007862	DOID:0110949
MONDO:0007863	DOID:0060165
MONDO_0007863	DOID:0060165
MONDO:0007864	DOID:2926
MONDO_0007864	DOID:2926
MONDO:0007866	DOID:0050658
MONDO_0007866	DOID:0050658
MONDO:0007867	DOID:0080080
MONDO_0007867	DOID:0080080
MONDO:0007868	DOID:0060696
MONDO_0007868	DOID:0060696
MONDO:0007872	DOID:0050331
MONDO_0007872	DOID:0050331
MONDO:0007872	DOID:0081370
MONDO_0007872	DOID:0081370
MONDO:0007874	DOID:4998
MONDO_0007874	DOID:4998
MONDO:0007875	DOID:14764
MONDO_0007875	DOID:14764
MONDO:0007878	DOID:0080833
MONDO_0007878	DOID:0080833
MONDO:0007885	DOID:14415
MONDO_0007885	DOID:14415
MONDO:0007886	DOID:13223
MONDO_0007886	DOID:13223
MONDO:0007892	DOID:0111507
MONDO_0007892	DOID:0111507
MONDO:0007893	DOID:14291
MONDO_0007893	DOID:14291
MONDO:0007895	DOID:0111508
MONDO_0007895	DOID:0111508
MONDO:0007896	DOID:8864
MONDO_0007896	DOID:8864
MONDO:0007900	DOID:0080081
MONDO_0007900	DOID:0080081
MONDO:0007906	DOID:0070202
MONDO_0007906	DOID:0070202
MONDO:0007908	DOID:14116
MONDO_0007908	DOID:14116
MONDO:0007909	DOID:0070518
MONDO_0007909	DOID:0070518
MONDO:0007915	DOID:9074
MONDO_0007915	DOID:9074
MONDO:0007918	DOID:0060349
MONDO_0007918	DOID:0060349
MONDO:0007919	DOID:0070210
MONDO_0007919	DOID:0070210
MONDO:0007919	DOID:0070212
MONDO_0007919	DOID:0070212
MONDO:0007920	DOID:0070213
MONDO_0007920	DOID:0070213
MONDO:0007921	DOID:0050468
MONDO_0007921	DOID:0050468
MONDO:0007922	DOID:0111509
MONDO_0007922	DOID:0111509
MONDO:0007924	DOID:0050657
MONDO_0007924	DOID:0050657
MONDO:0007925	DOID:0090016
MONDO_0007925	DOID:0090016
MONDO:0007930	DOID:0111059
MONDO_0007930	DOID:0111059
MONDO:0007932	DOID:0110015
MONDO_0007932	DOID:0110015
MONDO:0007934	DOID:0061106
MONDO_0007934	DOID:0061106
MONDO:0007935	DOID:4447
MONDO_0007935	DOID:4447
MONDO:0007937	DOID:0060885
MONDO_0007937	DOID:0060885
MONDO:0007938	DOID:0111771
MONDO_0007938	DOID:0111771
MONDO:0007943	DOID:5768
MONDO_0007943	DOID:5768
MONDO:0007944	DOID:0080789
MONDO_0007944	DOID:0080789
MONDO:0007946	DOID:560
MONDO_0007946	DOID:560
MONDO:0007947	DOID:14323
MONDO_0007947	DOID:14323
MONDO:0007949	DOID:0111510
MONDO_0007949	DOID:0111510
MONDO:0007950	DOID:350
MONDO_0007950	DOID:350
MONDO:0007953	DOID:14683
MONDO_0007953	DOID:14683
MONDO:0007955	DOID:9487
MONDO_0007955	DOID:9487
MONDO:0007958	DOID:0050547
MONDO_0007958	DOID:0050547
MONDO:0007959	DOID:0050902
MONDO_0007959	DOID:0050902
MONDO:0007959	DOID:0060104
MONDO_0007959	DOID:0060104
MONDO:0007964	DOID:10041
MONDO_0007964	DOID:10041
MONDO:0007967	DOID:0111511
MONDO_0007967	DOID:0111511
MONDO:0007969	DOID:1761
MONDO_0007969	DOID:1761
MONDO:0007970	DOID:4253
MONDO_0007970	DOID:4253
MONDO:0007972	DOID:9849
MONDO_0007972	DOID:9849
MONDO:0007974	DOID:0070031
MONDO_0007974	DOID:0070031
MONDO:0007979	DOID:0111512
MONDO_0007979	DOID:0111512
MONDO:0007982	DOID:0080020
MONDO_0007982	DOID:0080020
MONDO:0007983	DOID:0080021
MONDO_0007983	DOID:0080021
MONDO:0007984	DOID:0111513
MONDO_0007984	DOID:0111513
MONDO:0007986	DOID:0111514
MONDO_0007986	DOID:0111514
MONDO:0007987	DOID:0080045
MONDO_0007987	DOID:0080045
MONDO:0007988	DOID:0061100
MONDO_0007988	DOID:0061100
MONDO:0007988	DOID:14725
MONDO_0007988	DOID:14725
MONDO:0007990	DOID:0112241
MONDO_0007990	DOID:0112241
MONDO:0007999	DOID:0110872
MONDO_0007999	DOID:0110872
MONDO:0008002	DOID:0070636
MONDO_0008002	DOID:0070636
MONDO:0008006	DOID:13501
MONDO_0008006	DOID:13501
MONDO:0008007	DOID:12661
MONDO_0008007	DOID:12661
MONDO:0008009	DOID:0050472
MONDO_0008009	DOID:0050472
MONDO:0008013	DOID:0060732
MONDO_0008013	DOID:0060732
MONDO:0008015	DOID:2951
MONDO_0008015	DOID:2951
MONDO:0008016	DOID:0111603
MONDO_0008016	DOID:0111603
MONDO:0008018	DOID:0050465
MONDO_0008018	DOID:0050465
MONDO:0008019	DOID:0111526
MONDO_0008019	DOID:0111526
MONDO:0008024	DOID:0111201
MONDO_0008024	DOID:0111201
MONDO:0008025	DOID:0111208
MONDO_0008025	DOID:0111208
MONDO:0008026	DOID:0070351
MONDO_0008026	DOID:0070351
MONDO:0008029	DOID:0050663
MONDO_0008029	DOID:0050663
MONDO:0008030	DOID:0111192
MONDO_0008030	DOID:0111192
MONDO:0008031	DOID:0111193
MONDO_0008031	DOID:0111193
MONDO:0008039	DOID:321
MONDO_0008039	DOID:321
MONDO:0008040	DOID:0060888
MONDO_0008040	DOID:0060888
MONDO:0008044	DOID:0090034
MONDO_0008044	DOID:0090034
MONDO:0008045	DOID:0111527
MONDO_0008045	DOID:0111527
MONDO:0008047	DOID:0050989
MONDO_0008047	DOID:0050989
MONDO:0008048	DOID:0111217
MONDO_0008048	DOID:0111217
MONDO:0008048	DOID:0111223
MONDO_0008048	DOID:0111223
MONDO:0008049	DOID:0070196
MONDO_0008049	DOID:0070196
MONDO:0008050	DOID:0070197
MONDO_0008050	DOID:0070197
MONDO:0008051	DOID:0080089
MONDO_0008051	DOID:0080089
MONDO:0008054	DOID:14203
MONDO_0008054	DOID:14203
MONDO:0008055	DOID:0081336
MONDO_0008055	DOID:0081336
MONDO:0008056	DOID:11722
MONDO_0008056	DOID:11722
MONDO:0008058	DOID:0080103
MONDO_0008058	DOID:0080103
MONDO:0008059	DOID:0111528
MONDO_0008059	DOID:0111528
MONDO:0008060	DOID:0080079
MONDO_0008060	DOID:0080079
MONDO:0008060	DOID:0080088
MONDO_0008060	DOID:0080088
MONDO:0008061	DOID:9467
MONDO_0008061	DOID:9467
MONDO:0008070	DOID:0110927
MONDO_0008070	DOID:0110927
MONDO:0008073	DOID:0061122
MONDO_0008073	DOID:0061122
MONDO:0008075	DOID:3204
MONDO_0008075	DOID:3204
MONDO:0008076	DOID:10383
MONDO_0008076	DOID:10383
MONDO:0008078	DOID:0070482
MONDO_0008078	DOID:0070482
MONDO:0008082	DOID:10016
MONDO_0008082	DOID:10016
MONDO:0008083	DOID:0110720
MONDO_0008083	DOID:0110720
MONDO:0008086	DOID:0070152
MONDO_0008086	DOID:0070152
MONDO:0008087	DOID:0060843
MONDO_0008087	DOID:0060843
MONDO:0008090	DOID:5339
MONDO_0008090	DOID:5339
MONDO:0008092	DOID:0090120
MONDO_0008092	DOID:0090120
MONDO:0008093	DOID:0111162
MONDO_0008093	DOID:0111162
MONDO:0008094	DOID:0111529
MONDO_0008094	DOID:0111529
MONDO:0008097	DOID:0111530
MONDO_0008097	DOID:0111530
MONDO:0008099	DOID:0110863
MONDO_0008099	DOID:0110863
MONDO:0008104	DOID:0060578
MONDO_0008104	DOID:0060578
MONDO:0008106	DOID:0111792
MONDO_0008106	DOID:0111792
MONDO:0008111	DOID:0060291
MONDO_0008111	DOID:0060291
MONDO:0008114	DOID:10933
MONDO_0008114	DOID:10933
MONDO:0008116	DOID:11719
MONDO_0008116	DOID:11719
MONDO:0008119	DOID:0050954
MONDO_0008119	DOID:0050954
MONDO:0008123	DOID:0080845
MONDO_0008123	DOID:0080845
MONDO:0008125	DOID:0080083
MONDO_0008125	DOID:0080083
MONDO:0008132	DOID:0111756
MONDO_0008132	DOID:0111756
MONDO:0008133	DOID:0111433
MONDO_0008133	DOID:0111433
MONDO:0008134	DOID:0111441
MONDO_0008134	DOID:0111441
MONDO:0008136	DOID:0111531
MONDO_0008136	DOID:0111531
MONDO:0008137	DOID:0060380
MONDO_0008137	DOID:0060380
MONDO:0008145	DOID:4624
MONDO_0008145	DOID:4624
MONDO:0008146	DOID:0110334
MONDO_0008146	DOID:0110334
MONDO:0008147	DOID:0110341
MONDO_0008147	DOID:0110341
MONDO:0008148	DOID:0110340
MONDO_0008148	DOID:0110340
MONDO:0008149	DOID:0110335
MONDO_0008149	DOID:0110335
MONDO:0008150	DOID:0111532
MONDO_0008150	DOID:0111532
MONDO:0008151	DOID:0111533
MONDO_0008151	DOID:0111533
MONDO:0008152	DOID:0111534
MONDO_0008152	DOID:0111534
MONDO:0008153	DOID:0111535
MONDO_0008153	DOID:0111535
MONDO:0008156	DOID:0110938
MONDO_0008156	DOID:0110938
MONDO:0008157	DOID:0111536
MONDO_0008157	DOID:0111536
MONDO:0008164	DOID:0060920
MONDO_0008164	DOID:0060920
MONDO:0008167	DOID:5117
MONDO_0008167	DOID:5117
MONDO:0008170	DOID:2394
MONDO_0008170	DOID:2394
MONDO:0008171	DOID:585
MONDO_0008171	DOID:585
MONDO:0008176	DOID:0081366
MONDO_0008176	DOID:0081366
MONDO:0008178	DOID:0111385
MONDO_0008178	DOID:0111385
MONDO:0008179	DOID:0111537
MONDO_0008179	DOID:0111537
MONDO:0008183	DOID:0060850
MONDO_0008183	DOID:0060850
MONDO:0008192	DOID:0061216
MONDO_0008192	DOID:0061216
MONDO:0008195	DOID:0111538
MONDO_0008195	DOID:0111538
MONDO:0008196	DOID:0111539
MONDO_0008196	DOID:0111539
MONDO:0008199	DOID:0060892
MONDO_0008199	DOID:0060892
MONDO:0008200	DOID:0060367
MONDO_0008200	DOID:0060367
MONDO:0008201	DOID:0060486
MONDO_0008201	DOID:0060486
MONDO:0008207	DOID:13357
MONDO_0008207	DOID:13357
MONDO:0008209	DOID:0060563
MONDO_0008209	DOID:0060563
MONDO:0008210	DOID:0060866
MONDO_0008210	DOID:0060866
MONDO:0008214	DOID:9631
MONDO_0008214	DOID:9631
MONDO:0008215	DOID:0051015
MONDO_0008215	DOID:0051015
MONDO:0008215	DOID:0060785
MONDO_0008215	DOID:0060785
MONDO:0008218	DOID:0050429
MONDO_0008218	DOID:0050429
MONDO:0008219	DOID:0060851
MONDO_0008219	DOID:0060851
MONDO:0008221	DOID:0111540
MONDO_0008221	DOID:0111540
MONDO:0008222	DOID:0050434
MONDO_0008222	DOID:0050434
MONDO:0008223	DOID:14452
MONDO_0008223	DOID:14452
MONDO:0008224	DOID:14451
MONDO_0008224	DOID:14451
MONDO:0008226	DOID:0061237
MONDO_0008226	DOID:0061237
MONDO:0008226	DOID:1474
MONDO_0008226	DOID:1474
MONDO:0008228	DOID:13381
MONDO_0008228	DOID:13381
MONDO:0008231	DOID:8616
MONDO_0008231	DOID:8616
MONDO:0008233	DOID:0050771
MONDO_0008233	DOID:0050771
MONDO:0008234	DOID:0050430
MONDO_0008234	DOID:0050430
MONDO:0008243	DOID:11870
MONDO_0008243	DOID:11870
MONDO:0008244	DOID:3263
MONDO_0008244	DOID:3263
MONDO:0008246	DOID:0111541
MONDO_0008246	DOID:0111541
MONDO:0008250	DOID:0060872
MONDO_0008250	DOID:0060872
MONDO:0008259	DOID:0080218
MONDO_0008259	DOID:0080218
MONDO:0008260	DOID:0060472
MONDO_0008260	DOID:0060472
MONDO:0008262	DOID:12961
MONDO_0008262	DOID:12961
MONDO:0008263	DOID:0110858
MONDO_0008263	DOID:0110858
MONDO:0008265	DOID:0060980
MONDO_0008265	DOID:0060980
MONDO:0008267	DOID:0060375
MONDO_0008267	DOID:0060375
MONDO:0008269	DOID:0060987
MONDO_0008269	DOID:0060987
MONDO:0008270	DOID:0060986
MONDO_0008270	DOID:0060986
MONDO:0008272	DOID:0060985
MONDO_0008272	DOID:0060985
MONDO:0008275	DOID:0111542
MONDO_0008275	DOID:0111542
MONDO:0008276	DOID:0050787
MONDO_0008276	DOID:0050787
MONDO:0008278	DOID:0111543
MONDO_0008278	DOID:0111543
MONDO:0008280	DOID:3852
MONDO_0008280	DOID:3852
MONDO:0008283	DOID:6225
MONDO_0008283	DOID:6225
MONDO:0008287	DOID:14761
MONDO_0008287	DOID:14761
MONDO:0008289	DOID:0090125
MONDO_0008289	DOID:0090125
MONDO:0008292	DOID:0080213
MONDO_0008292	DOID:0080213
MONDO:0008294	DOID:3890
MONDO_0008294	DOID:3890
MONDO:0008297	DOID:4346
MONDO_0008297	DOID:4346
MONDO:0008300	DOID:11983
MONDO_0008300	DOID:11983
MONDO:0008301	DOID:0111544
MONDO_0008301	DOID:0111544
MONDO:0008302	DOID:0112310
MONDO_0008302	DOID:0112310
MONDO:0008303	DOID:0111545
MONDO_0008303	DOID:0111545
MONDO:0008305	DOID:0111546
MONDO_0008305	DOID:0111546
MONDO:0008306	DOID:0070029
MONDO_0008306	DOID:0070029
MONDO:0008310	DOID:3911
MONDO_0008310	DOID:3911
MONDO:0008311	DOID:0061154
MONDO_0008311	DOID:0061154
MONDO:0008315	DOID:10283
MONDO_0008315	DOID:10283
MONDO:0008316	DOID:0111909
MONDO_0008316	DOID:0111909
MONDO:0008318	DOID:13482
MONDO_0008318	DOID:13482
MONDO:0008322	DOID:0080047
MONDO_0008322	DOID:0080047
MONDO:0008323	DOID:0050477
MONDO_0008323	DOID:0050477
MONDO:0008327	DOID:13641
MONDO_0008327	DOID:13641
MONDO:0008329	DOID:0060855
MONDO_0008329	DOID:0060855
MONDO:0008332	DOID:0111056
MONDO_0008332	DOID:0111056
MONDO:0008334	DOID:0111286
MONDO_0008334	DOID:0111286
MONDO:0008338	DOID:0081321
MONDO_0008338	DOID:0081321
MONDO:0008340	DOID:0060261
MONDO_0008340	DOID:0060261
MONDO:0008346	DOID:10328
MONDO_0008346	DOID:10328
MONDO:0008346	DOID:12118
MONDO_0008346	DOID:12118
MONDO:0008364	DOID:10300
MONDO_0008364	DOID:10300
MONDO:0008369	DOID:0061165
MONDO_0008369	DOID:0061165
MONDO:0008371	DOID:0060256
MONDO_0008371	DOID:0060256
MONDO:0008373	DOID:0111547
MONDO_0008373	DOID:0111547
MONDO:0008374	DOID:0081024
MONDO_0008374	DOID:0081024
MONDO:0008375	DOID:5327
MONDO_0008375	DOID:5327
MONDO:0008377	DOID:0110390
MONDO_0008377	DOID:0110390
MONDO:0008378	DOID:0110387
MONDO_0008378	DOID:0110387
MONDO:0008379	DOID:0110388
MONDO_0008379	DOID:0110388
MONDO:0008380	DOID:768
MONDO_0008380	DOID:768
MONDO:0008381	DOID:0110420
MONDO_0008381	DOID:0110420
MONDO:0008383	DOID:7148
MONDO_0008383	DOID:7148
MONDO:0008386	DOID:0110120
MONDO_0008386	DOID:0110120
MONDO:0008387	DOID:0111548
MONDO_0008387	DOID:0111548
MONDO:0008394	DOID:14681
MONDO_0008394	DOID:14681
MONDO:0008397	DOID:0111549
MONDO_0008397	DOID:0111549
MONDO:0008401	DOID:452
MONDO_0008401	DOID:452
MONDO:0008404	DOID:0111550
MONDO_0008404	DOID:0111550
MONDO:0008407	DOID:0111551
MONDO_0008407	DOID:0111551
MONDO:0008408	DOID:0111552
MONDO_0008408	DOID:0111552
MONDO:0008409	DOID:0111269
MONDO_0008409	DOID:0111269
MONDO:0008410	DOID:13300
MONDO_0008410	DOID:13300
MONDO:0008411	DOID:0060614
MONDO_0008411	DOID:0060614
MONDO:0008412	DOID:0050597
MONDO_0008412	DOID:0050597
MONDO:0008414	DOID:0070077
MONDO_0008414	DOID:0070077
MONDO:0008420	DOID:6498
MONDO_0008420	DOID:6498
MONDO:0008422	DOID:0060335
MONDO_0008422	DOID:0060335
MONDO:0008428	DOID:0060857
MONDO_0008428	DOID:0060857
MONDO:0008433	DOID:5409
MONDO_0008433	DOID:5409
MONDO:0008433	DOID:5411
MONDO_0008433	DOID:5411
MONDO:0008434	DOID:0060768
MONDO_0008434	DOID:0060768
MONDO:0008436	DOID:13096
MONDO_0008436	DOID:13096
MONDO:0008437	DOID:0110791
MONDO_0008437	DOID:0110791
MONDO:0008438	DOID:0110792
MONDO_0008438	DOID:0110792
MONDO:0008447	DOID:0110916
MONDO_0008447	DOID:0110916
MONDO:0008449	DOID:0080016
MONDO_0008449	DOID:0080016
MONDO:0008451	DOID:0111200
MONDO_0008451	DOID:0111200
MONDO:0008453	DOID:0111194
MONDO_0008453	DOID:0111194
MONDO:0008457	DOID:0050956
MONDO_0008457	DOID:0050956
MONDO:0008458	DOID:0050955
MONDO_0008458	DOID:0050955
MONDO:0008458	DOID:0060204
MONDO_0008458	DOID:0060204
MONDO:0008464	DOID:0090021
MONDO_0008464	DOID:0090021
MONDO:0008468	DOID:0080604
MONDO_0008468	DOID:0080604
MONDO:0008470	DOID:0112286
MONDO_0008470	DOID:0112286
MONDO:0008471	DOID:14789
MONDO_0008471	DOID:14789
MONDO:0008473	DOID:0111553
MONDO_0008473	DOID:0111553
MONDO:0008474	DOID:0112285
MONDO_0008474	DOID:0112285
MONDO:0008475	DOID:6682
MONDO_0008475	DOID:6682
MONDO:0008476	DOID:0080028
MONDO_0008476	DOID:0080028
MONDO:0008477	DOID:0111554
MONDO_0008477	DOID:0111554
MONDO:0008478	DOID:0112296
MONDO_0008478	DOID:0112296
MONDO:0008479	DOID:0112297
MONDO_0008479	DOID:0112297
MONDO:0008485	DOID:0111556
MONDO_0008485	DOID:0111556
MONDO:0008487	DOID:11612
MONDO_0008487	DOID:11612
MONDO:0008490	DOID:0080677
MONDO_0008490	DOID:0080677
MONDO:0008490	DOID:4258
MONDO_0008490	DOID:4258
MONDO:0008491	DOID:13366
MONDO_0008491	DOID:13366
MONDO:0008492	DOID:0111561
MONDO_0008492	DOID:0111561
MONDO:0008493	DOID:0111562
MONDO_0008493	DOID:0111562
MONDO:0008495	DOID:2223
MONDO_0008495	DOID:2223
MONDO:0008497	DOID:0060354
MONDO_0008497	DOID:0060354
MONDO:0008501	DOID:0111563
MONDO_0008501	DOID:0111563
MONDO:0008504	DOID:1929
MONDO_0008504	DOID:1929
MONDO:0008511	DOID:0050788
MONDO_0008511	DOID:0050788
MONDO:0008512	DOID:0111816
MONDO_0008512	DOID:0111816
MONDO:0008514	DOID:0111817
MONDO_0008514	DOID:0111817
MONDO:0008515	DOID:0111818
MONDO_0008515	DOID:0111818
MONDO:0008516	DOID:0111819
MONDO_0008516	DOID:0111819
MONDO:0008518	DOID:14762
MONDO_0008518	DOID:14762
MONDO:0008519	DOID:0081317
MONDO_0008519	DOID:0081317
MONDO:0008521	DOID:0050789
MONDO_0008521	DOID:0050789
MONDO:0008523	DOID:0050678
MONDO_0008523	DOID:0050678
MONDO:0008538	DOID:13375
MONDO_0008538	DOID:13375
MONDO:0008541	DOID:11996
MONDO_0008541	DOID:11996
MONDO:0008542	DOID:6419
MONDO_0008542	DOID:6419
MONDO:0008552	DOID:0060691
MONDO_0008552	DOID:0060691
MONDO:0008553	DOID:0111049
MONDO_0008553	DOID:0111049
MONDO:0008558	DOID:8924
MONDO_0008558	DOID:8924
MONDO:0008559	DOID:0080701
MONDO_0008559	DOID:0080701
MONDO:0008559	DOID:0111907
MONDO_0008559	DOID:0111907
MONDO:0008560	DOID:0111902
MONDO_0008560	DOID:0111902
MONDO:0008564	DOID:11198
MONDO_0008564	DOID:11198
MONDO:0008572	DOID:0111564
MONDO_0008572	DOID:0111564
MONDO:0008575	DOID:0050742
MONDO_0008575	DOID:0050742
MONDO:0008582	DOID:6678
MONDO_0008582	DOID:6678
MONDO:0008585	DOID:13133
MONDO_0008585	DOID:13133
MONDO:0008586	DOID:0080171
MONDO_0008586	DOID:0080171
MONDO:0008590	DOID:0111428
MONDO_0008590	DOID:0111428
MONDO:0008592	DOID:0111565
MONDO_0008592	DOID:0111565
MONDO:0008596	DOID:14743
MONDO_0008596	DOID:14743
MONDO:0008599	DOID:12098
MONDO_0008599	DOID:12098
MONDO:0008608	DOID:14250
MONDO_0008608	DOID:14250
MONDO:0008610	DOID:11661
MONDO_0008610	DOID:11661
MONDO:0008612	DOID:0080324
MONDO_0008612	DOID:0080324
MONDO:0008617	DOID:0110894
MONDO_0008617	DOID:0110894
MONDO:0008627	DOID:11819
MONDO_0008627	DOID:11819
MONDO:0008628	DOID:4022
MONDO_0008628	DOID:4022
MONDO:0008629	DOID:0080654
MONDO_0008629	DOID:0080654
MONDO:0008633	DOID:0050854
MONDO_0008633	DOID:0050854
MONDO:0008638	DOID:799
MONDO_0008638	DOID:799
MONDO:0008641	DOID:0111567
MONDO_0008641	DOID:0111567
MONDO:0008642	DOID:14679
MONDO_0008642	DOID:14679
MONDO:0008644	DOID:12583
MONDO_0008644	DOID:12583
MONDO:0008647	DOID:0110307
MONDO_0008647	DOID:0110307
MONDO:0008652	DOID:0111568
MONDO_0008652	DOID:0111568
MONDO:0008660	DOID:0050948
MONDO_0008660	DOID:0050948
MONDO:0008661	DOID:12306
MONDO_0008661	DOID:12306
MONDO:0008662	DOID:0111569
MONDO_0008662	DOID:0111569
MONDO:0008663	DOID:0111570
MONDO_0008663	DOID:0111570
MONDO:0008667	DOID:14175
MONDO_0008667	DOID:14175
MONDO:0008668	DOID:0060573
MONDO_0008668	DOID:0060573
MONDO:0008670	DOID:0110948
MONDO_0008670	DOID:0110948
MONDO:0008671	DOID:0110950
MONDO_0008671	DOID:0110950
MONDO:0008672	DOID:0070483
MONDO_0008672	DOID:0070483
MONDO:0008673	DOID:0111571
MONDO_0008673	DOID:0111571
MONDO:0008675	DOID:0111604
MONDO_0008675	DOID:0111604
MONDO:0008675	DOID:0111605
MONDO_0008675	DOID:0111605
MONDO:0008676	DOID:0081287
MONDO_0008676	DOID:0081287
MONDO:0008678	DOID:1928
MONDO_0008678	DOID:1928
MONDO:0008681	DOID:14515
MONDO_0008681	DOID:14515
MONDO:0008682	DOID:3764
MONDO_0008682	DOID:3764
MONDO:0008684	DOID:0050460
MONDO_0008684	DOID:0050460
MONDO:0008685	DOID:384
MONDO_0008685	DOID:384
MONDO:0008686	DOID:0111572
MONDO_0008686	DOID:0111572
MONDO:0008689	DOID:0111576
MONDO_0008689	DOID:0111576
MONDO:0008692	DOID:1386
MONDO_0008692	DOID:1386
MONDO:0008693	DOID:0060550
MONDO_0008693	DOID:0060550
MONDO:0008695	DOID:0050766
MONDO_0008695	DOID:0050766
MONDO:0008698	DOID:9164
MONDO_0008698	DOID:9164
MONDO:0008699	DOID:0050796
MONDO_0008699	DOID:0050796
MONDO:0008700	DOID:0050603
MONDO_0008700	DOID:0050603
MONDO:0008701	DOID:0080054
MONDO_0008701	DOID:0080054
MONDO:0008702	DOID:0080056
MONDO_0008702	DOID:0080056
MONDO:0008703	DOID:0080052
MONDO_0008703	DOID:0080052
MONDO:0008708	DOID:9250
MONDO_0008708	DOID:9250
MONDO:0008710	DOID:0061098
MONDO_0008710	DOID:0061098
MONDO:0008713	DOID:0050605
MONDO_0008713	DOID:0050605
MONDO:0008714	DOID:0060383
MONDO_0008714	DOID:0060383
MONDO:0008715	DOID:0060226
MONDO_0008715	DOID:0060226
MONDO:0008717	DOID:0080051
MONDO_0008717	DOID:0080051
MONDO:0008720	DOID:0080150
MONDO_0008720	DOID:0080150
MONDO:0008721	DOID:0080153
MONDO_0008721	DOID:0080153
MONDO:0008722	DOID:0080154
MONDO_0008722	DOID:0080154
MONDO:0008723	DOID:0080155
MONDO_0008723	DOID:0080155
MONDO:0008733	DOID:0080620
MONDO_0008733	DOID:0080620
MONDO:0008736	DOID:0080622
MONDO_0008736	DOID:0080622
MONDO:0008737	DOID:2236
MONDO_0008737	DOID:2236
MONDO:0008740	DOID:0060341
MONDO_0008740	DOID:0060341
MONDO:0008742	DOID:0112130
MONDO_0008742	DOID:0112130
MONDO:0008745	DOID:0070094
MONDO_0008745	DOID:0070094
MONDO:0008746	DOID:0070096
MONDO_0008746	DOID:0070096
MONDO:0008747	DOID:0070097
MONDO_0008747	DOID:0070097
MONDO:0008748	DOID:0060539
MONDO_0008748	DOID:0060539
MONDO:0008751	DOID:0080626
MONDO_0008751	DOID:0080626
MONDO:0008752	DOID:4252
MONDO_0008752	DOID:4252
MONDO:0008753	DOID:9270
MONDO_0008753	DOID:9270
MONDO:0008756	DOID:0080627
MONDO_0008756	DOID:0080627
MONDO:0008757	DOID:0050634
MONDO_0008757	DOID:0050634
MONDO:0008758	DOID:0080122
MONDO_0008758	DOID:0080122
MONDO:0008758	DOID:1442
MONDO_0008758	DOID:1442
MONDO:0008759	DOID:0081326
MONDO_0008759	DOID:0081326
MONDO:0008760	DOID:14723
MONDO_0008760	DOID:14723
MONDO:0008762	DOID:0110033
MONDO_0008762	DOID:0110033
MONDO:0008763	DOID:0050473
MONDO_0008763	DOID:0050473
MONDO:0008764	DOID:0110078
MONDO_0008764	DOID:0110078
MONDO:0008765	DOID:0110016
MONDO_0008765	DOID:0110016
MONDO:0008767	DOID:0110731
MONDO_0008767	DOID:0110731
MONDO:0008768	DOID:0110730
MONDO_0008768	DOID:0110730
MONDO:0008769	DOID:0110726
MONDO_0008769	DOID:0110726
MONDO:0008770	DOID:0110056
MONDO_0008770	DOID:0110056
MONDO:0008771	DOID:0110066
MONDO_0008771	DOID:0110066
MONDO:0008772	DOID:0110057
MONDO_0008772	DOID:0110057
MONDO:0008774	DOID:0111453
MONDO_0008774	DOID:0111453
MONDO:0008777	DOID:0060449
MONDO_0008777	DOID:0060449
MONDO:0008780	DOID:0060194
MONDO_0008780	DOID:0060194
MONDO:0008781	DOID:0110067
MONDO_0008781	DOID:0110067
MONDO:0008783	DOID:1388
MONDO_0008783	DOID:1388
MONDO:0008785	DOID:0060065
MONDO_0008785	DOID:0060065
MONDO:0008786	DOID:0060066
MONDO_0008786	DOID:0060066
MONDO:0008795	DOID:0111578
MONDO_0008795	DOID:0111578
MONDO:0008797	DOID:13714
MONDO_0008797	DOID:13714
MONDO:0008798	DOID:0050643
MONDO_0008798	DOID:0050643
MONDO:0008798	DOID:0080082
MONDO_0008798	DOID:0080082
MONDO:0008799	DOID:0111801
MONDO_0008799	DOID:0111801
MONDO:0008800	DOID:0060861
MONDO_0008800	DOID:0060861
MONDO:0008803	DOID:0050462
MONDO_0008803	DOID:0050462
MONDO:0008803	DOID:0081289
MONDO_0008803	DOID:0081289
MONDO:0008810	DOID:0111418
MONDO_0008810	DOID:0111418
MONDO:0008814	DOID:9278
MONDO_0008814	DOID:9278
MONDO:0008815	DOID:14755
MONDO_0008815	DOID:14755
MONDO:0008818	DOID:0050645
MONDO_0008818	DOID:0050645
MONDO:0008822	DOID:0111353
MONDO_0008822	DOID:0111353
MONDO:0008823	DOID:0090124
MONDO_0008823	DOID:0090124
MONDO:0008824	DOID:0111375
MONDO_0008824	DOID:0111375
MONDO:0008827	DOID:0090004
MONDO_0008827	DOID:0090004
MONDO:0008828	DOID:0090127
MONDO_0008828	DOID:0090127
MONDO:0008830	DOID:0050461
MONDO_0008830	DOID:0050461
MONDO:0008831	DOID:0110085
MONDO_0008831	DOID:0110085
MONDO:0008832	DOID:0060856
MONDO_0008832	DOID:0060856
MONDO:0008834	DOID:0111579
MONDO_0008834	DOID:0111579
MONDO:0008840	DOID:12704
MONDO_0008840	DOID:12704
MONDO:0008842	DOID:0050754
MONDO_0008842	DOID:0050754
MONDO:0008846	DOID:0050649
MONDO_0008846	DOID:0050649
MONDO:0008847	DOID:0060689
MONDO_0008847	DOID:0060689
MONDO:0008849	DOID:0080756
MONDO_0008849	DOID:0080756
MONDO:0008853	DOID:0060549
MONDO_0008853	DOID:0060549
MONDO:0008854	DOID:0110123
MONDO_0008854	DOID:0110123
MONDO:0008855	DOID:5812
MONDO_0008855	DOID:5812
MONDO:0008856	DOID:0111955
MONDO_0008856	DOID:0111955
MONDO:0008858	DOID:0111580
MONDO_0008858	DOID:0111580
MONDO:0008861	DOID:0080579
MONDO_0008861	DOID:0080579
MONDO:0008862	DOID:0080580
MONDO_0008862	DOID:0080580
MONDO:0008863	DOID:0090019
MONDO_0008863	DOID:0090019
MONDO:0008865	DOID:0050664
MONDO_0008865	DOID:0050664
MONDO:0008867	DOID:13608
MONDO_0008867	DOID:13608
MONDO:0008869	DOID:0070007
MONDO_0008869	DOID:0070007
MONDO:0008871	DOID:0060608
MONDO_0008871	DOID:0060608
MONDO:0008872	DOID:0060609
MONDO_0008872	DOID:0060609
MONDO:0008876	DOID:2717
MONDO_0008876	DOID:2717
MONDO:0008879	DOID:0050684
MONDO_0008879	DOID:0050684
MONDO:0008881	DOID:0061155
MONDO_0008881	DOID:0061155
MONDO:0008885	DOID:0080631
MONDO_0008885	DOID:0080631
MONDO:0008886	DOID:0111874
MONDO_0008886	DOID:0111874
MONDO:0008887	DOID:0080526
MONDO_0008887	DOID:0080526
MONDO:0008889	DOID:12918
MONDO_0008889	DOID:12918
MONDO:0008890	DOID:681
MONDO_0008890	DOID:681
MONDO:0008891	DOID:0050694
MONDO_0008891	DOID:0050694
MONDO:0008892	DOID:0070226
MONDO_0008892	DOID:0070226
MONDO:0008893	DOID:0111581
MONDO_0008893	DOID:0111581
MONDO:0008895	DOID:0111582
MONDO_0008895	DOID:0111582
MONDO:0008903	DOID:1324
MONDO_0008903	DOID:1324
MONDO:0008907	DOID:0080552
MONDO_0008907	DOID:0080552
MONDO:0008908	DOID:0070253
MONDO_0008908	DOID:0070253
MONDO:0008910	DOID:0111583
MONDO_0008910	DOID:0111583
MONDO:0008913	DOID:0080633
MONDO_0008913	DOID:0080633
MONDO:0008915	DOID:0111584
MONDO_0008915	DOID:0111584
MONDO:0008918	DOID:0111585
MONDO_0008918	DOID:0111585
MONDO:0008919	DOID:14365
MONDO_0008919	DOID:14365
MONDO:0008922	DOID:0080132
MONDO_0008922	DOID:0080132
MONDO:0008923	DOID:0111245
MONDO_0008923	DOID:0111245
MONDO:0008925	DOID:0110243
MONDO_0008925	DOID:0110243
MONDO:0008926	DOID:0080910
MONDO_0008926	DOID:0080910
MONDO:0008927	DOID:0080635
MONDO_0008927	DOID:0080635
MONDO:0008931	DOID:0090015
MONDO_0008931	DOID:0090015
MONDO:0008935	DOID:0111587
MONDO_0008935	DOID:0111587
MONDO:0008939	DOID:0070338
MONDO_0008939	DOID:0070338
MONDO:0008943	DOID:0080061
MONDO_0008943	DOID:0080061
MONDO:0008944	DOID:0110980
MONDO_0008944	DOID:0110980
MONDO:0008945	DOID:12707
MONDO_0008945	DOID:12707
MONDO:0008947	DOID:0060230
MONDO_0008947	DOID:0060230
MONDO:0008948	DOID:4810
MONDO_0008948	DOID:4810
MONDO:0008953	DOID:0080476
MONDO_0008953	DOID:0080476
MONDO:0008954	DOID:0080477
MONDO_0008954	DOID:0080477
MONDO:0008955	DOID:0080911
MONDO_0008955	DOID:0080911
MONDO:0008958	DOID:0080590
MONDO_0008958	DOID:0080590
MONDO:0008961	DOID:0110185
MONDO_0008961	DOID:0110185
MONDO:0008962	DOID:0060832
MONDO_0008962	DOID:0060832
MONDO:0008963	DOID:2935
MONDO_0008963	DOID:2935
MONDO:0008964	DOID:0060296
MONDO_0008964	DOID:0060296
MONDO:0008965	DOID:0050834
MONDO_0008965	DOID:0050834
MONDO:0008966	DOID:6691
MONDO_0008966	DOID:6691
MONDO:0008967	DOID:0111068
MONDO_0008967	DOID:0111068
MONDO:0008970	DOID:0060387
MONDO_0008970	DOID:0060387
MONDO:0008972	DOID:0110851
MONDO_0008972	DOID:0110851
MONDO:0008974	DOID:0111588
MONDO_0008974	DOID:0111588
MONDO:0008975	DOID:0080026
MONDO_0008975	DOID:0080026
MONDO:0008977	DOID:3371
MONDO_0008977	DOID:3371
MONDO:0008978	DOID:3302
MONDO_0008978	DOID:3302
MONDO:0008980	DOID:0111265
MONDO_0008980	DOID:0111265
MONDO:0008988	DOID:0070340
MONDO_0008988	DOID:0070340
MONDO:0008995	DOID:0060589
MONDO_0008995	DOID:0060589
MONDO:0008999	DOID:0111590
MONDO_0008999	DOID:0111590
MONDO:0009003	DOID:0110007
MONDO_0009003	DOID:0110007
MONDO:0009006	DOID:0060295
MONDO_0009006	DOID:0060295
MONDO:0009007	DOID:0111404
MONDO_0009007	DOID:0111404
MONDO:0009008	DOID:0111591
MONDO_0009008	DOID:0111591
MONDO:0009009	DOID:0111592
MONDO_0009009	DOID:0111592
MONDO:0009015	DOID:0111620
MONDO_0009015	DOID:0111620
MONDO:0009016	DOID:11164
MONDO_0009016	DOID:11164
MONDO:0009019	DOID:0060649
MONDO_0009019	DOID:0060649
MONDO:0009020	DOID:2565
MONDO_0009020	DOID:2565
MONDO:0009025	DOID:0090121
MONDO_0009025	DOID:0090121
MONDO:0009025	DOID:4367
MONDO_0009025	DOID:4367
MONDO:0009026	DOID:0050469
MONDO_0009026	DOID:0050469
MONDO:0009031	DOID:0080032
MONDO_0009031	DOID:0080032
MONDO:0009032	DOID:0050577
MONDO_0009032	DOID:0050577
MONDO:0009033	DOID:0111621
MONDO_0009033	DOID:0111621
MONDO:0009035	DOID:0080802
MONDO_0009035	DOID:0080802
MONDO:0009039	DOID:0050654
MONDO_0009039	DOID:0050654
MONDO:0009044	DOID:3803
MONDO_0009044	DOID:3803
MONDO:0009046	DOID:0090001
MONDO_0009046	DOID:0090001
MONDO:0009047	DOID:11383
MONDO_0009047	DOID:11383
MONDO:0009049	DOID:0111622
MONDO_0009049	DOID:0111622
MONDO:0009050	DOID:7004
MONDO_0009050	DOID:7004
MONDO:0009052	DOID:0070135
MONDO_0009052	DOID:0070135
MONDO:0009053	DOID:0070132
MONDO_0009053	DOID:0070132
MONDO:0009054	DOID:0070141
MONDO_0009054	DOID:0070141
MONDO:0009058	DOID:0090142
MONDO_0009058	DOID:0090142
MONDO:0009061	DOID:1485
MONDO_0009061	DOID:1485
MONDO:0009063	DOID:0111625
MONDO_0009063	DOID:0111625
MONDO:0009067	DOID:9266
MONDO_0009067	DOID:9266
MONDO:0009069	DOID:0111180
MONDO_0009069	DOID:0111180
MONDO:0009070	DOID:0111626
MONDO_0009070	DOID:0111626
MONDO:0009072	DOID:2785
MONDO_0009072	DOID:2785
MONDO:0009073	DOID:0060571
MONDO_0009073	DOID:0060571
MONDO:0009076	DOID:0110475
MONDO_0009076	DOID:0110475
MONDO:0009079	DOID:0111627
MONDO_0009079	DOID:0111627
MONDO:0009080	DOID:0090024
MONDO_0009080	DOID:0090024
MONDO:0009082	DOID:0111628
MONDO_0009082	DOID:0111628
MONDO:0009090	DOID:0111752
MONDO_0009090	DOID:0111752
MONDO:0009091	DOID:0061021
MONDO_0009091	DOID:0061021
MONDO:0009092	DOID:0090112
MONDO_0009092	DOID:0090112
MONDO:0009101	DOID:0110629
MONDO_0009101	DOID:0110629
MONDO:0009104	DOID:0090144
MONDO_0009104	DOID:0090144
MONDO:0009105	DOID:0111414
MONDO_0009105	DOID:0111414
MONDO:0009107	DOID:14687
MONDO_0009107	DOID:14687
MONDO:0009109	DOID:0060439
MONDO_0009109	DOID:0060439
MONDO:0009110	DOID:0060650
MONDO_0009110	DOID:0060650
MONDO:0009111	DOID:0111629
MONDO_0009111	DOID:0111629
MONDO:0009112	DOID:0110852
MONDO_0009112	DOID:0110852
MONDO:0009113	DOID:0111630
MONDO_0009113	DOID:0111630
MONDO:0009114	DOID:0111633
MONDO_0009114	DOID:0111633
MONDO:0009115	DOID:0111646
MONDO_0009115	DOID:0111646
MONDO:0009123	DOID:0090145
MONDO_0009123	DOID:0090145
MONDO:0009124	DOID:14796
MONDO_0009124	DOID:14796
MONDO:0009126	DOID:0080216
MONDO_0009126	DOID:0080216
MONDO:0009130	DOID:0111167
MONDO_0009130	DOID:0111167
MONDO:0009131	DOID:11589
MONDO_0009131	DOID:11589
MONDO:0009133	DOID:0050997
MONDO_0009133	DOID:0050997
MONDO:0009134	DOID:0111401
MONDO_0009134	DOID:0111401
MONDO:0009135	DOID:0111398
MONDO_0009135	DOID:0111398
MONDO:0009136	DOID:0070015
MONDO_0009136	DOID:0070015
MONDO:0009140	DOID:0090032
MONDO_0009140	DOID:0090032
MONDO:0009141	DOID:0090038
MONDO_0009141	DOID:0090038
MONDO:0009143	DOID:0080512
MONDO_0009143	DOID:0080512
MONDO:0009144	DOID:14289
MONDO_0009144	DOID:14289
MONDO:0009145	DOID:0111647
MONDO_0009145	DOID:0111647
MONDO:0009147	DOID:0111665
MONDO_0009147	DOID:0111665
MONDO:0009151	DOID:0060773
MONDO_0009151	DOID:0060773
MONDO:0009152	DOID:0111149
MONDO_0009152	DOID:0111149
MONDO:0009153	DOID:0111648
MONDO_0009153	DOID:0111648
MONDO:0009154	DOID:0070125
MONDO_0009154	DOID:0070125
MONDO:0009155	DOID:0111649
MONDO_0009155	DOID:0111649
MONDO:0009157	DOID:0090026
MONDO_0009157	DOID:0090026
MONDO:0009159	DOID:0080730
MONDO_0009159	DOID:0080730
MONDO:0009161	DOID:0080733
MONDO_0009161	DOID:0080733
MONDO:0009162	DOID:12714
MONDO_0009162	DOID:12714
MONDO:0009166	DOID:0060273
MONDO_0009166	DOID:0060273
MONDO:0009168	DOID:0111666
MONDO_0009168	DOID:0111666
MONDO:0009169	DOID:12929
MONDO_0009169	DOID:12929
MONDO:0009173	DOID:0111667
MONDO_0009173	DOID:0111667
MONDO:0009174	DOID:10611
MONDO_0009174	DOID:10611
MONDO:0009176	DOID:13777
MONDO_0009176	DOID:13777
MONDO:0009179	DOID:0060642
MONDO_0009179	DOID:0060642
MONDO:0009181	DOID:0090017
MONDO_0009181	DOID:0090017
MONDO:0009182	DOID:0060737
MONDO_0009182	DOID:0060737
MONDO:0009183	DOID:0060733
MONDO_0009183	DOID:0060733
MONDO:0009185	DOID:0111668
MONDO_0009185	DOID:0111668
MONDO:0009189	DOID:0070300
MONDO_0009189	DOID:0070300
MONDO:0009192	DOID:0090060
MONDO_0009192	DOID:0090060
MONDO:0009194	DOID:0111985
MONDO_0009194	DOID:0111985
MONDO:0009210	DOID:2216
MONDO_0009210	DOID:2216
MONDO:0009211	DOID:2215
MONDO_0009211	DOID:2215
MONDO:0009212	DOID:2222
MONDO_0009212	DOID:2222
MONDO:0009213	DOID:0111087
MONDO_0009213	DOID:0111087
MONDO:0009214	DOID:0111083
MONDO_0009214	DOID:0111083
MONDO:0009215	DOID:0111095
MONDO_0009215	DOID:0111095
MONDO:0009216	DOID:0070562
MONDO_0009216	DOID:0070562
MONDO:0009217	DOID:0090066
MONDO_0009217	DOID:0090066
MONDO:0009218	DOID:0050464
MONDO_0009218	DOID:0050464
MONDO:0009222	DOID:0061175
MONDO_0009222	DOID:0061175
MONDO:0009223	DOID:0090091
MONDO_0009223	DOID:0090091
MONDO:0009226	DOID:0080672
MONDO_0009226	DOID:0080672
MONDO:0009227	DOID:0070666
MONDO_0009227	DOID:0070666
MONDO:0009229	DOID:0111669
MONDO_0009229	DOID:0111669
MONDO:0009231	DOID:0050790
MONDO_0009231	DOID:0050790
MONDO:0009232	DOID:0090067
MONDO_0009232	DOID:0090067
MONDO:0009234	DOID:0111676
MONDO_0009234	DOID:0111676
MONDO:0009235	DOID:0111677
MONDO_0009235	DOID:0111677
MONDO:0009237	DOID:5362
MONDO_0009237	DOID:5362
MONDO:0009238	DOID:0111678
MONDO_0009238	DOID:0111678
MONDO:0009239	DOID:0090088
MONDO_0009239	DOID:0090088
MONDO:0009240	DOID:0111679
MONDO_0009240	DOID:0111679
MONDO:0009242	DOID:14775
MONDO_0009242	DOID:14775
MONDO:0009249	DOID:9869
MONDO_0009249	DOID:9869
MONDO:0009251	DOID:5204
MONDO_0009251	DOID:5204
MONDO:0009252	DOID:0111680
MONDO_0009252	DOID:0111680
MONDO:0009254	DOID:14500
MONDO_0009254	DOID:14500
MONDO:0009255	DOID:14695
MONDO_0009255	DOID:14695
MONDO:0009257	DOID:0111458
MONDO_0009257	DOID:0111458
MONDO:0009258	DOID:0111459
MONDO_0009258	DOID:0111459
MONDO:0009259	DOID:0111681
MONDO_0009259	DOID:0111681
MONDO:0009260	DOID:0080502
MONDO_0009260	DOID:0080502
MONDO:0009261	DOID:0080501
MONDO_0009261	DOID:0080501
MONDO:0009262	DOID:0080489
MONDO_0009262	DOID:0080489
MONDO:0009263	DOID:0112249
MONDO_0009263	DOID:0112249
MONDO:0009264	DOID:11044
MONDO_0009264	DOID:11044
MONDO:0009265	DOID:0110957
MONDO_0009265	DOID:0110957
MONDO:0009266	DOID:0110958
MONDO_0009266	DOID:0110958
MONDO:0009267	DOID:0110959
MONDO_0009267	DOID:0110959
MONDO:0009268	DOID:0112250
MONDO_0009268	DOID:0112250
MONDO:0009269	DOID:0111725
MONDO_0009269	DOID:0111725
MONDO:0009271	DOID:0111266
MONDO_0009271	DOID:0111266
MONDO:0009274	DOID:0112251
MONDO_0009274	DOID:0112251
MONDO:0009276	DOID:2217
MONDO_0009276	DOID:2217
MONDO:0009277	DOID:11211
MONDO_0009277	DOID:11211
MONDO:0009279	DOID:0050602
MONDO_0009279	DOID:0050602
MONDO:0009281	DOID:0111254
MONDO_0009281	DOID:0111254
MONDO:0009282	DOID:0060358
MONDO_0009282	DOID:0060358
MONDO:0009283	DOID:0112246
MONDO_0009283	DOID:0112246
MONDO:0009284	DOID:0112252
MONDO_0009284	DOID:0112252
MONDO:0009285	DOID:0111257
MONDO_0009285	DOID:0111257
MONDO:0009287	DOID:2749
MONDO_0009287	DOID:2749
MONDO:0009288	DOID:0081330
MONDO_0009288	DOID:0081330
MONDO:0009288	DOID:0081331
MONDO_0009288	DOID:0081331
MONDO:0009290	DOID:2752
MONDO_0009290	DOID:2752
MONDO:0009291	DOID:2748
MONDO_0009291	DOID:2748
MONDO:0009292	DOID:2750
MONDO_0009292	DOID:2750
MONDO:0009293	DOID:2746
MONDO_0009293	DOID:2746
MONDO:0009294	DOID:2754
MONDO_0009294	DOID:2754
MONDO:0009295	DOID:11721
MONDO_0009295	DOID:11721
MONDO:0009297	DOID:0070613
MONDO_0009297	DOID:0070613
MONDO:0009297	DOID:9432
MONDO_0009297	DOID:9432
MONDO:0009299	DOID:14450
MONDO_0009299	DOID:14450
MONDO:0009301	DOID:0111774
MONDO_0009301	DOID:0111774
MONDO:0009303	DOID:9808
MONDO_0009303	DOID:9808
MONDO:0009305	DOID:0111974
MONDO_0009305	DOID:0111974
MONDO:0009306	DOID:0112253
MONDO_0009306	DOID:0112253
MONDO:0009308	DOID:0070193
MONDO_0009308	DOID:0070193
MONDO:0009309	DOID:0070192
MONDO_0009309	DOID:0070192
MONDO:0009310	DOID:0070191
MONDO_0009310	DOID:0070191
MONDO:0009315	DOID:2231
MONDO_0009315	DOID:2231
MONDO:0009318	DOID:4534
MONDO_0009318	DOID:4534
MONDO:0009319	DOID:3981
MONDO_0009319	DOID:3981
MONDO:0009324	DOID:1060
MONDO_0009324	DOID:1060
MONDO:0009326	DOID:990
MONDO_0009326	DOID:990
MONDO:0009329	DOID:0081269
MONDO_0009329	DOID:0081269
MONDO:0009338	DOID:0112254
MONDO_0009338	DOID:0112254
MONDO:0009339	DOID:0111069
MONDO_0009339	DOID:0111069
MONDO:0009340	DOID:0051006
MONDO_0009340	DOID:0051006
MONDO:0009341	DOID:0060485
MONDO_0009341	DOID:0060485
MONDO:0009345	DOID:0060168
MONDO_0009345	DOID:0060168
MONDO:0009349	DOID:0110881
MONDO_0009349	DOID:0110881
MONDO:0009350	DOID:0060566
MONDO_0009350	DOID:0060566
MONDO:0009351	DOID:0060177
MONDO_0009351	DOID:0060177
MONDO:0009354	DOID:0050732
MONDO_0009354	DOID:0050732
MONDO:0009354	DOID:0112255
MONDO_0009354	DOID:0112255
MONDO:0009359	DOID:0080327
MONDO_0009359	DOID:0080327
MONDO:0009364	DOID:0111237
MONDO_0009364	DOID:0111237
MONDO:0009365	DOID:0111355
MONDO_0009365	DOID:0111355
MONDO:0009366	DOID:1572
MONDO_0009366	DOID:1572
MONDO:0009367	DOID:0111255
MONDO_0009367	DOID:0111255
MONDO:0009370	DOID:0050574
MONDO_0009370	DOID:0050574
MONDO:0009372	DOID:0112257
MONDO_0009372	DOID:0112257
MONDO:0009376	DOID:9280
MONDO_0009376	DOID:9280
MONDO:0009377	DOID:0112258
MONDO_0009377	DOID:0112258
MONDO:0009380	DOID:12308
MONDO_0009380	DOID:12308
MONDO:0009387	DOID:14118
MONDO_0009387	DOID:14118
MONDO:0009388	DOID:9274
MONDO_0009388	DOID:9274
MONDO:0009393	DOID:0050720
MONDO_0009393	DOID:0050720
MONDO:0009394	DOID:0081368
MONDO_0009394	DOID:0081368
MONDO:0009395	DOID:0080036
MONDO_0009395	DOID:0080036
MONDO:0009398	DOID:0070433
MONDO_0009398	DOID:0070433
MONDO:0009400	DOID:0080542
MONDO_0009400	DOID:0080542
MONDO:0009401	DOID:0080543
MONDO_0009401	DOID:0080543
MONDO:0009404	DOID:14670
MONDO_0009404	DOID:14670
MONDO:0009406	DOID:0060569
MONDO_0009406	DOID:0060569
MONDO:0009411	DOID:0050167
MONDO_0009411	DOID:0050167
MONDO:0009412	DOID:13577
MONDO_0009412	DOID:13577
MONDO:0009412	DOID:13724
MONDO_0009412	DOID:13724
MONDO:0009413	DOID:0081145
MONDO_0009413	DOID:0081145
MONDO:0009415	DOID:0112262
MONDO_0009415	DOID:0112262
MONDO:0009416	DOID:0112263
MONDO_0009416	DOID:0112263
MONDO:0009419	DOID:0112264
MONDO_0009419	DOID:0112264
MONDO:0009424	DOID:0110143
MONDO_0009424	DOID:0110143
MONDO:0009426	DOID:0060348
MONDO_0009426	DOID:0060348
MONDO:0009431	DOID:0050947
MONDO_0009431	DOID:0050947
MONDO:0009434	DOID:0111981
MONDO_0009434	DOID:0111981
MONDO:0009437	DOID:0050655
MONDO_0009437	DOID:0050655
MONDO:0009439	DOID:0060710
MONDO_0009439	DOID:0060710
MONDO:0009441	DOID:0060656
MONDO_0009441	DOID:0060656
MONDO:0009443	DOID:0060713
MONDO_0009443	DOID:0060713
MONDO:0009448	DOID:0112265
MONDO_0009448	DOID:0112265
MONDO:0009451	DOID:2012
MONDO_0009451	DOID:2012
MONDO:0009452	DOID:0060356
MONDO_0009452	DOID:0060356
MONDO:0009454	DOID:0090008
MONDO_0009454	DOID:0090008
MONDO:0009458	DOID:0060490
MONDO_0009458	DOID:0060490
MONDO:0009461	DOID:0070183
MONDO_0009461	DOID:0070183
MONDO:0009468	DOID:11459
MONDO_0009468	DOID:11459
MONDO:0009469	DOID:0070231
MONDO_0009469	DOID:0070231
MONDO:0009470	DOID:0081112
MONDO_0009470	DOID:0081112
MONDO:0009475	DOID:14753
MONDO_0009475	DOID:14753
MONDO:0009477	DOID:0110595
MONDO_0009477	DOID:0110595
MONDO:0009478	DOID:0080594
MONDO_0009478	DOID:0080594
MONDO:0009479	DOID:14694
MONDO_0009479	DOID:14694
MONDO:0009482	DOID:0090092
MONDO_0009482	DOID:0090092
MONDO:0009484	DOID:0110594
MONDO_0009484	DOID:0110594
MONDO:0009485	DOID:0111456
MONDO_0009485	DOID:0111456
MONDO:0009486	DOID:0080722
MONDO_0009486	DOID:0080722
MONDO:0009490	DOID:3389
MONDO_0009490	DOID:3389
MONDO:0009499	DOID:10587
MONDO_0009499	DOID:10587
MONDO:0009504	DOID:0080128
MONDO_0009504	DOID:0080128
MONDO:0009509	DOID:2538
MONDO_0009509	DOID:2538
MONDO:0009511	DOID:0080575
MONDO_0009511	DOID:0080575
MONDO:0009514	DOID:1930
MONDO_0009514	DOID:1930
MONDO:0009515	DOID:1391
MONDO_0009515	DOID:1391
MONDO:0009517	DOID:0050470
MONDO_0009517	DOID:0050470
MONDO:0009520	DOID:0070541
MONDO_0009520	DOID:0070541
MONDO:0009525	DOID:0090025
MONDO_0009525	DOID:0090025
MONDO:0009527	DOID:0111422
MONDO_0009527	DOID:0111422
MONDO:0009528	DOID:0060357
MONDO_0009528	DOID:0060357
MONDO:0009529	DOID:0061204
MONDO_0009529	DOID:0061204
MONDO:0009530	DOID:14498
MONDO_0009530	DOID:14498
MONDO:0009532	DOID:0060469
MONDO_0009532	DOID:0060469
MONDO:0009537	DOID:0050159
MONDO_0009537	DOID:0050159
MONDO:0009548	DOID:0060881
MONDO_0009548	DOID:0060881
MONDO:0009549	DOID:0061241
MONDO_0009549	DOID:0061241
MONDO:0009550	DOID:0060880
MONDO_0009550	DOID:0060880
MONDO:0009552	DOID:0060862
MONDO_0009552	DOID:0060862
MONDO:0009554	DOID:0060577
MONDO_0009554	DOID:0060577
MONDO:0009557	DOID:0081128
MONDO_0009557	DOID:0081128
MONDO:0009558	DOID:0080791
MONDO_0009558	DOID:0080791
MONDO:0009561	DOID:3413
MONDO_0009561	DOID:3413
MONDO:0009562	DOID:3633
MONDO_0009562	DOID:3633
MONDO:0009563	DOID:9269
MONDO_0009563	DOID:9269
MONDO:0009567	DOID:0080195
MONDO_0009567	DOID:0080195
MONDO:0009568	DOID:0060245
MONDO_0009568	DOID:0060245
MONDO:0009571	DOID:0070115
MONDO_0009571	DOID:0070115
MONDO:0009575	DOID:0090117
MONDO_0009575	DOID:0090117
MONDO:0009576	DOID:0060305
MONDO_0009576	DOID:0060305
MONDO:0009579	DOID:0111789
MONDO_0009579	DOID:0111789
MONDO:0009580	DOID:0081177
MONDO_0009580	DOID:0081177
MONDO:0009582	DOID:0061196
MONDO_0009582	DOID:0061196
MONDO:0009593	DOID:0112298
MONDO_0009593	DOID:0112298
MONDO:0009595	DOID:14773
MONDO_0009595	DOID:14773
MONDO:0009603	DOID:0060949
MONDO_0009603	DOID:0060949
MONDO:0009605	DOID:0112316
MONDO_0009605	DOID:0112316
MONDO:0009609	DOID:0050733
MONDO_0009609	DOID:0050733
MONDO:0009609	DOID:0112256
MONDO_0009609	DOID:0112256
MONDO:0009610	DOID:0110002
MONDO_0009610	DOID:0110002
MONDO:0009611	DOID:0110006
MONDO_0009611	DOID:0110006
MONDO:0009612	DOID:0060740
MONDO_0009612	DOID:0060740
MONDO:0009613	DOID:0060742
MONDO_0009613	DOID:0060742
MONDO:0009614	DOID:0060743
MONDO_0009614	DOID:0060743
MONDO:0009617	DOID:0070285
MONDO_0009617	DOID:0070285
MONDO:0009619	DOID:0081432
MONDO_0009619	DOID:0081432
MONDO:0009623	DOID:7400
MONDO_0009623	DOID:7400
MONDO:0009624	DOID:0080105
MONDO_0009624	DOID:0080105
MONDO:0009626	DOID:0050656
MONDO_0009626	DOID:0050656
MONDO:0009627	DOID:0080694
MONDO_0009627	DOID:0080694
MONDO:0009631	DOID:0060840
MONDO_0009631	DOID:0060840
MONDO:0009635	DOID:0060775
MONDO_0009635	DOID:0060775
MONDO:0009636	DOID:0080121
MONDO_0009636	DOID:0080121
MONDO:0009637	DOID:699
MONDO_0009637	DOID:699
MONDO:0009642	DOID:0060959
MONDO_0009642	DOID:0060959
MONDO:0009643	DOID:0111164
MONDO_0009643	DOID:0111164
MONDO:0009644	DOID:0111163
MONDO_0009644	DOID:0111163
MONDO:0009650	DOID:0080070
MONDO_0009650	DOID:0080070
MONDO:0009652	DOID:0080678
MONDO_0009652	DOID:0080678
MONDO:0009653	DOID:0080490
MONDO_0009653	DOID:0080490
MONDO:0009655	DOID:0111395
MONDO_0009655	DOID:0111395
MONDO:0009656	DOID:0111394
MONDO_0009656	DOID:0111394
MONDO:0009657	DOID:0111393
MONDO_0009657	DOID:0111393
MONDO:0009658	DOID:0111402
MONDO_0009658	DOID:0111402
MONDO:0009659	DOID:0111391
MONDO_0009659	DOID:0111391
MONDO:0009660	DOID:0111392
MONDO_0009660	DOID:0111392
MONDO:0009661	DOID:12800
MONDO_0009661	DOID:12800
MONDO:0009662	DOID:12803
MONDO_0009662	DOID:12803
MONDO:0009664	DOID:0050436
MONDO_0009664	DOID:0050436
MONDO:0009665	DOID:856
MONDO_0009665	DOID:856
MONDO:0009666	DOID:859
MONDO_0009666	DOID:859
MONDO:0009667	DOID:0111236
MONDO_0009667	DOID:0111236
MONDO:0009669	DOID:13137
MONDO_0009669	DOID:13137
MONDO:0009670	DOID:0060559
MONDO_0009670	DOID:0060559
MONDO:0009672	DOID:12376
MONDO_0009672	DOID:12376
MONDO:0009673	DOID:0050530
MONDO_0009673	DOID:0050530
MONDO:0009675	DOID:0110275
MONDO_0009675	DOID:0110275
MONDO:0009676	DOID:0110276
MONDO_0009676	DOID:0110276
MONDO:0009677	DOID:0110277
MONDO_0009677	DOID:0110277
MONDO:0009678	DOID:0050559
MONDO_0009678	DOID:0050559
MONDO:0009679	DOID:0110631
MONDO_0009679	DOID:0110631
MONDO:0009681	DOID:0060946
MONDO_0009681	DOID:0060946
MONDO:0009682	DOID:0061202
MONDO_0009682	DOID:0061202
MONDO:0009683	DOID:0110282
MONDO_0009683	DOID:0110282
MONDO:0009685	DOID:0070198
MONDO_0009685	DOID:0070198
MONDO:0009688	DOID:437
MONDO_0009688	DOID:437
MONDO:0009689	DOID:0110671
MONDO_0009689	DOID:0110671
MONDO:0009690	DOID:0110638
MONDO_0009690	DOID:0110638
MONDO:0009690	DOID:0110668
MONDO_0009690	DOID:0110668
MONDO:0009691	DOID:8691
MONDO_0009691	DOID:8691
MONDO:0009692	DOID:4971
MONDO_0009692	DOID:4971
MONDO:0009693	DOID:9538
MONDO_0009693	DOID:9538
MONDO:0009696	DOID:4890
MONDO_0009696	DOID:4890
MONDO:0009697	DOID:3534
MONDO_0009697	DOID:3534
MONDO:0009698	DOID:0111452
MONDO_0009698	DOID:0111452
MONDO:0009698	DOID:3535
MONDO_0009698	DOID:3535
MONDO:0009699	DOID:0111444
MONDO_0009699	DOID:0111444
MONDO:0009705	DOID:0090129
MONDO_0009705	DOID:0090129
MONDO:0009708	DOID:0111268
MONDO_0009708	DOID:0111268
MONDO:0009709	DOID:0111220
MONDO_0009709	DOID:0111220
MONDO:0009710	DOID:2106
MONDO_0009710	DOID:2106
MONDO:0009711	DOID:0080102
MONDO_0009711	DOID:0080102
MONDO:0009718	DOID:11634
MONDO_0009718	DOID:11634
MONDO:0009720	DOID:0111842
MONDO_0009720	DOID:0111842
MONDO:0009722	DOID:0060346
MONDO_0009722	DOID:0060346
MONDO:0009723	DOID:3652
MONDO_0009723	DOID:3652
MONDO:0009725	DOID:0110928
MONDO_0009725	DOID:0110928
MONDO:0009726	DOID:0050553
MONDO_0009726	DOID:0050553
MONDO:0009726	DOID:0060913
MONDO_0009726	DOID:0060913
MONDO:0009728	DOID:0111112
MONDO_0009728	DOID:0111112
MONDO:0009732	DOID:0080390
MONDO_0009732	DOID:0080390
MONDO:0009733	DOID:0080383
MONDO_0009733	DOID:0080383
MONDO:0009734	DOID:0070219
MONDO_0009734	DOID:0070219
MONDO:0009735	DOID:0050474
MONDO_0009735	DOID:0050474
MONDO:0009736	DOID:0080076
MONDO_0009736	DOID:0080076
MONDO:0009737	DOID:0080540
MONDO_0009737	DOID:0080540
MONDO:0009738	DOID:3343
MONDO_0009738	DOID:3343
MONDO:0009744	DOID:0110721
MONDO_0009744	DOID:0110721
MONDO:0009745	DOID:0110728
MONDO_0009745	DOID:0110728
MONDO:0009746	DOID:0070146
MONDO_0009746	DOID:0070146
MONDO:0009747	DOID:0080125
MONDO_0009747	DOID:0080125
MONDO:0009748	DOID:0061188
MONDO_0009748	DOID:0061188
MONDO:0009749	DOID:0090068
MONDO_0009749	DOID:0090068
MONDO:0009751	DOID:0070160
MONDO_0009751	DOID:0070160
MONDO:0009756	DOID:0070111
MONDO_0009756	DOID:0070111
MONDO:0009757	DOID:0070113
MONDO_0009757	DOID:0070113
MONDO:0009758	DOID:0110865
MONDO_0009758	DOID:0110865
MONDO:0009759	DOID:0080141
MONDO_0009759	DOID:0080141
MONDO:0009760	DOID:0060902
MONDO_0009760	DOID:0060902
MONDO:0009761	DOID:3081
MONDO_0009761	DOID:3081
MONDO:0009762	DOID:0061178
MONDO_0009762	DOID:0061178
MONDO:0009764	DOID:0080849
MONDO_0009764	DOID:0080849
MONDO:0009770	DOID:0060575
MONDO_0009770	DOID:0060575
MONDO:0009774	DOID:0080175
MONDO_0009774	DOID:0080175
MONDO:0009775	DOID:0110712
MONDO_0009775	DOID:0110712
MONDO:0009776	DOID:0070188
MONDO_0009776	DOID:0070188
MONDO:0009779	DOID:0080844
MONDO_0009779	DOID:0080844
MONDO:0009783	DOID:0111522
MONDO_0009783	DOID:0111522
MONDO:0009786	DOID:0111435
MONDO_0009786	DOID:0111435
MONDO:0009787	DOID:0110004
MONDO_0009787	DOID:0110004
MONDO:0009793	DOID:0060373
MONDO_0009793	DOID:0060373
MONDO:0009794	DOID:0060374
MONDO_0009794	DOID:0060374
MONDO:0009795	DOID:0060382
MONDO_0009795	DOID:0060382
MONDO:0009796	DOID:1415
MONDO_0009796	DOID:1415
MONDO:0009797	DOID:0050833
MONDO_0009797	DOID:0050833
MONDO:0009804	DOID:0110339
MONDO_0009804	DOID:0110339
MONDO:0009805	DOID:0110349
MONDO_0009805	DOID:0110349
MONDO:0009807	DOID:3347
MONDO_0009807	DOID:3347
MONDO:0009813	DOID:0060645
MONDO_0009813	DOID:0060645
MONDO:0009815	DOID:0110942
MONDO_0009815	DOID:0110942
MONDO:0009816	DOID:0110943
MONDO_0009816	DOID:0110943
MONDO:0009817	DOID:0110939
MONDO_0009817	DOID:0110939
MONDO:0009818	DOID:0110941
MONDO_0009818	DOID:0110941
MONDO:0009820	DOID:0060849
MONDO_0009820	DOID:0060849
MONDO:0009823	DOID:0111670
MONDO_0009823	DOID:0111670
MONDO:0009824	DOID:0111671
MONDO_0009824	DOID:0111671
MONDO:0009830	DOID:0060372
MONDO_0009830	DOID:0060372
MONDO:0009831	DOID:1793
MONDO_0009831	DOID:1793
MONDO:0009832	DOID:0050877
MONDO_0009832	DOID:0050877
MONDO:0009833	DOID:0060479
MONDO_0009833	DOID:0060479
MONDO:0009833	DOID:0080023
MONDO_0009833	DOID:0080023
MONDO:0009835	DOID:8970
MONDO_0009835	DOID:8970
MONDO:0009837	DOID:2626
MONDO_0009837	DOID:2626
MONDO:0009841	DOID:0080539
MONDO_0009841	DOID:0080539
MONDO:0009842	DOID:0061077
MONDO_0009842	DOID:0061077
MONDO:0009843	DOID:0060790
MONDO_0009843	DOID:0060790
MONDO:0009846	DOID:0111258
MONDO_0009846	DOID:0111258
MONDO:0009849	DOID:0081450
MONDO_0009849	DOID:0081450
MONDO:0009852	DOID:0050734
MONDO_0009852	DOID:0050734
MONDO:0009855	DOID:0090031
MONDO_0009855	DOID:0090031
MONDO:0009856	DOID:0070312
MONDO_0009856	DOID:0070312
MONDO:0009856	DOID:0080201
MONDO_0009856	DOID:0080201
MONDO:0009857	DOID:0050791
MONDO_0009857	DOID:0050791
MONDO:0009861	DOID:9281
MONDO_0009861	DOID:9281
MONDO:0009862	DOID:0081130
MONDO_0009862	DOID:0081130
MONDO:0009863	DOID:0090106
MONDO_0009863	DOID:0090106
MONDO:0009867	DOID:0090101
MONDO_0009867	DOID:0090101
MONDO:0009868	DOID:0111041
MONDO_0009868	DOID:0111041
MONDO:0009872	DOID:0050677
MONDO_0009872	DOID:0050677
MONDO:0009875	DOID:0110008
MONDO_0009875	DOID:0110008
MONDO:0009876	DOID:0060873
MONDO_0009876	DOID:0060873
MONDO:0009877	DOID:9521
MONDO_0009877	DOID:9521
MONDO:0009878	DOID:0061020
MONDO_0009878	DOID:0061020
MONDO:0009880	DOID:0061017
MONDO_0009880	DOID:0061017
MONDO:0009883	DOID:0060601
MONDO_0009883	DOID:0060601
MONDO:0009885	DOID:0111052
MONDO_0009885	DOID:0111052
MONDO:0009887	DOID:0050158
MONDO_0009887	DOID:0050158
MONDO:0009889	DOID:0110861
MONDO_0009889	DOID:0110861
MONDO:0009891	DOID:8997
MONDO_0009891	DOID:8997
MONDO:0009892	DOID:0060474
MONDO_0009892	DOID:0060474
MONDO:0009894	DOID:0110092
MONDO_0009894	DOID:0110092
MONDO:0009902	DOID:13271
MONDO_0009902	DOID:13271
MONDO:0009903	DOID:0111259
MONDO_0009903	DOID:0111259
MONDO:0009904	DOID:0050450
MONDO_0009904	DOID:0050450
MONDO:0009908	DOID:0081131
MONDO_0009908	DOID:0081131
MONDO:0009910	DOID:0081333
MONDO_0009910	DOID:0081333
MONDO:0009916	DOID:0112248
MONDO_0009916	DOID:0112248
MONDO:0009919	DOID:0050797
MONDO_0009919	DOID:0050797
MONDO:0009925	DOID:2738
MONDO_0009925	DOID:2738
MONDO:0009927	DOID:0060576
MONDO_0009927	DOID:0060576
MONDO:0009928	DOID:12117
MONDO_0009928	DOID:12117
MONDO:0009934	DOID:13042
MONDO_0009934	DOID:13042
MONDO:0009937	DOID:5453
MONDO_0009937	DOID:5453
MONDO:0009940	DOID:0080038
MONDO_0009940	DOID:0080038
MONDO:0009943	DOID:0080019
MONDO_0009943	DOID:0080019
MONDO:0009945	DOID:0080768
MONDO_0009945	DOID:0080768
MONDO:0009946	DOID:0051007
MONDO_0009946	DOID:0051007
MONDO:0009947	DOID:0081034
MONDO_0009947	DOID:0081034
MONDO:0009948	DOID:0061026
MONDO_0009948	DOID:0061026
MONDO:0009949	DOID:3651
MONDO_0009949	DOID:3651
MONDO:0009950	DOID:0111077
MONDO_0009950	DOID:0111077
MONDO:0009953	DOID:0070255
MONDO_0009953	DOID:0070255
MONDO:0009953	DOID:0080492
MONDO_0009953	DOID:0080492
MONDO:0009954	DOID:0070650
MONDO_0009954	DOID:0070650
MONDO:0009955	DOID:0050774
MONDO_0009955	DOID:0050774
MONDO:0009958	DOID:10582
MONDO_0009958	DOID:10582
MONDO:0009959	DOID:0081241
MONDO_0009959	DOID:0081241
MONDO:0009960	DOID:0110892
MONDO_0009960	DOID:0110892
MONDO:0009962	DOID:0061277
MONDO_0009962	DOID:0061277
MONDO:0009964	DOID:0110097
MONDO_0009964	DOID:0110097
MONDO:0009965	DOID:0060476
MONDO_0009965	DOID:0060476
MONDO:0009966	DOID:0070121
MONDO_0009966	DOID:0070121
MONDO:0009973	DOID:0060020
MONDO_0009973	DOID:0060020
MONDO:0009974	DOID:0110921
MONDO_0009974	DOID:0110921
MONDO:0009975	DOID:8538
MONDO_0009975	DOID:8538
MONDO:0009984	DOID:0110421
MONDO_0009984	DOID:0110421
MONDO:0009987	DOID:0110422
MONDO_0009987	DOID:0110422
MONDO:0009990	DOID:0070026
MONDO_0009990	DOID:0070026
MONDO:0009993	DOID:3246
MONDO_0009993	DOID:3246
MONDO:0009994	DOID:4051
MONDO_0009994	DOID:4051
MONDO:0009999	DOID:0060764
MONDO_0009999	DOID:0060764
MONDO:0010002	DOID:2732
MONDO_0010002	DOID:2732
MONDO:0010004	DOID:0060782
MONDO_0010004	DOID:0060782
MONDO:0010006	DOID:3323
MONDO_0010006	DOID:3323
MONDO:0010008	DOID:0112307
MONDO_0010008	DOID:0112307
MONDO:0010010	DOID:0070509
MONDO_0010010	DOID:0070509
MONDO:0010012	DOID:0050168
MONDO_0010012	DOID:0050168
MONDO:0010013	DOID:0050775
MONDO_0010013	DOID:0050775
MONDO:0010015	DOID:0080612
MONDO_0010015	DOID:0080612
MONDO:0010016	DOID:0060756
MONDO_0010016	DOID:0060756
MONDO:0010017	DOID:4423
MONDO_0010017	DOID:4423
MONDO:0010020	DOID:0111136
MONDO_0010020	DOID:0111136
MONDO:0010023	DOID:0111943
MONDO_0010023	DOID:0111943
MONDO:0010024	DOID:9249
MONDO_0010024	DOID:9249
MONDO:0010026	DOID:0111454
MONDO_0010026	DOID:0111454
MONDO:0010028	DOID:3659
MONDO_0010028	DOID:3659
MONDO:0010029	DOID:758
MONDO_0010029	DOID:758
MONDO:0010030	DOID:12894
MONDO_0010030	DOID:12894
MONDO:0010031	DOID:14501
MONDO_0010031	DOID:14501
MONDO:0010035	DOID:14692
MONDO_0010035	DOID:14692
MONDO:0010036	DOID:0060781
MONDO_0010036	DOID:0060781
MONDO:0010041	DOID:0050946
MONDO_0010041	DOID:0050946
MONDO:0010043	DOID:0110770
MONDO_0010043	DOID:0110770
MONDO:0010044	DOID:0110768
MONDO_0010044	DOID:0110768
MONDO:0010046	DOID:0110774
MONDO_0010046	DOID:0110774
MONDO:0010047	DOID:0110810
MONDO_0010047	DOID:0110810
MONDO:0010052	DOID:0070176
MONDO_0010052	DOID:0070176
MONDO:0010053	DOID:0110918
MONDO_0010053	DOID:0110918
MONDO:0010056	DOID:0050529
MONDO_0010056	DOID:0050529
MONDO:0010060	DOID:0050556
MONDO_0010060	DOID:0050556
MONDO:0010060	DOID:0080126
MONDO_0010060	DOID:0080126
MONDO:0010068	DOID:5684
MONDO_0010068	DOID:5684
MONDO:0010072	DOID:0112293
MONDO_0010072	DOID:0112293
MONDO:0010073	DOID:0112292
MONDO_0010073	DOID:0112292
MONDO:0010075	DOID:0112198
MONDO_0010075	DOID:0112198
MONDO:0010077	DOID:0112196
MONDO_0010077	DOID:0112196
MONDO:0010078	DOID:0112195
MONDO_0010078	DOID:0112195
MONDO:0010079	DOID:3613
MONDO_0010079	DOID:3613
MONDO:0010083	DOID:0060175
MONDO_0010083	DOID:0060175
MONDO:0010087	DOID:0110979
MONDO_0010087	DOID:0110979
MONDO:0010088	DOID:0050441
MONDO_0010088	DOID:0050441
MONDO:0010089	DOID:0111270
MONDO_0010089	DOID:0111270
MONDO:0010091	DOID:0080329
MONDO_0010091	DOID:0080329
MONDO:0010092	DOID:0112194
MONDO_0010092	DOID:0112194
MONDO:0010094	DOID:0090116
MONDO_0010094	DOID:0090116
MONDO:0010099	DOID:4795
MONDO_0010099	DOID:4795
MONDO:0010100	DOID:3320
MONDO_0010100	DOID:3320
MONDO:0010108	DOID:5557
MONDO_0010108	DOID:5557
MONDO:0010110	DOID:0112191
MONDO_0010110	DOID:0112191
MONDO:0010121	DOID:14699
MONDO_0010121	DOID:14699
MONDO:0010130	DOID:14218
MONDO_0010130	DOID:14218
MONDO:0010132	DOID:0112183
MONDO_0010132	DOID:0112183
MONDO:0010133	DOID:0112186
MONDO_0010133	DOID:0112186
MONDO:0010134	DOID:0060744
MONDO_0010134	DOID:0060744
MONDO:0010135	DOID:0112187
MONDO_0010135	DOID:0112187
MONDO:0010136	DOID:0112188
MONDO_0010136	DOID:0112188
MONDO:0010137	DOID:0112184
MONDO_0010137	DOID:0112184
MONDO:0010138	DOID:7997
MONDO_0010138	DOID:7997
MONDO:0010139	DOID:0070123
MONDO_0010139	DOID:0070123
MONDO:0010142	DOID:0070126
MONDO_0010142	DOID:0070126
MONDO:0010149	DOID:0050818
MONDO_0010149	DOID:0050818
MONDO:0010150	DOID:5520
MONDO_0010150	DOID:5520
MONDO:0010152	DOID:0111271
MONDO_0010152	DOID:0111271
MONDO:0010156	DOID:0050886
MONDO_0010156	DOID:0050886
MONDO:0010160	DOID:0050725
MONDO_0010160	DOID:0050725
MONDO:0010161	DOID:0050726
MONDO_0010161	DOID:0050726
MONDO:0010162	DOID:0050727
MONDO_0010162	DOID:0050727
MONDO:0010164	DOID:0112181
MONDO_0010164	DOID:0112181
MONDO:0010167	DOID:0112180
MONDO_0010167	DOID:0112180
MONDO:0010168	DOID:0110826
MONDO_0010168	DOID:0110826
MONDO:0010169	DOID:0110838
MONDO_0010169	DOID:0110838
MONDO:0010170	DOID:0110841
MONDO_0010170	DOID:0110841
MONDO:0010171	DOID:0110830
MONDO_0010171	DOID:0110830
MONDO:0010173	DOID:0112178
MONDO_0010173	DOID:0112178
MONDO:0010176	DOID:0060376
MONDO_0010176	DOID:0060376
MONDO:0010178	DOID:0111864
MONDO_0010178	DOID:0111864
MONDO:0010183	DOID:0050717
MONDO_0010183	DOID:0050717
MONDO:0010184	DOID:0050715
MONDO_0010184	DOID:0050715
MONDO:0010185	DOID:0050716
MONDO_0010185	DOID:0050716
MONDO:0010186	DOID:0080884
MONDO_0010186	DOID:0080884
MONDO:0010187	DOID:0112173
MONDO_0010187	DOID:0112173
MONDO:0010188	DOID:0090028
MONDO_0010188	DOID:0090028
MONDO:0010190	DOID:0060267
MONDO_0010190	DOID:0060267
MONDO:0010191	DOID:0111054
MONDO_0010191	DOID:0111054
MONDO:0010192	DOID:0110953
MONDO_0010192	DOID:0110953
MONDO:0010193	DOID:14731
MONDO_0010193	DOID:14731
MONDO:0010194	DOID:0061273
MONDO_0010194	DOID:0061273
MONDO:0010196	DOID:5688
MONDO_0010196	DOID:5688
MONDO:0010197	DOID:0111606
MONDO_0010197	DOID:0111606
MONDO:0010198	DOID:10915
MONDO_0010198	DOID:10915
MONDO:0010200	DOID:893
MONDO_0010200	DOID:893
MONDO:0010201	DOID:0080696
MONDO_0010201	DOID:0080696
MONDO:0010206	DOID:0110705
MONDO_0010206	DOID:0110705
MONDO:0010208	DOID:0112171
MONDO_0010208	DOID:0112171
MONDO:0010209	DOID:0070452
MONDO_0010209	DOID:0070452
MONDO:0010210	DOID:0110843
MONDO_0010210	DOID:0110843
MONDO:0010211	DOID:0110844
MONDO_0010211	DOID:0110844
MONDO:0010212	DOID:0110845
MONDO_0010212	DOID:0110845
MONDO:0010213	DOID:0110846
MONDO_0010213	DOID:0110846
MONDO:0010214	DOID:0110847
MONDO_0010214	DOID:0110847
MONDO:0010215	DOID:0110848
MONDO_0010215	DOID:0110848
MONDO:0010216	DOID:0110849
MONDO_0010216	DOID:0110849
MONDO:0010217	DOID:0112158
MONDO_0010217	DOID:0112158
MONDO:0010218	DOID:0111763
MONDO_0010218	DOID:0111763
MONDO:0010220	DOID:0061226
MONDO_0010220	DOID:0061226
MONDO:0010221	DOID:0112152
MONDO_0010221	DOID:0112152
MONDO:0010224	DOID:0112151
MONDO_0010224	DOID:0112151
MONDO:0010225	DOID:0081453
MONDO_0010225	DOID:0081453
MONDO:0010226	DOID:0111777
MONDO_0010226	DOID:0111777
MONDO:0010227	DOID:0110414
MONDO_0010227	DOID:0110414
MONDO:0010228	DOID:0111736
MONDO_0010228	DOID:0111736
MONDO:0010230	DOID:0112049
MONDO_0010230	DOID:0112049
MONDO:0010231	DOID:0112023
MONDO_0010231	DOID:0112023
MONDO:0010232	DOID:0080681
MONDO_0010232	DOID:0080681
MONDO:0010235	DOID:0060827
MONDO_0010235	DOID:0060827
MONDO:0010236	DOID:0112027
MONDO_0010236	DOID:0112027
MONDO:0010238	DOID:0111735
MONDO_0010238	DOID:0111735
MONDO:0010239	DOID:0112239
MONDO_0010239	DOID:0112239
MONDO:0010241	DOID:0110871
MONDO_0010241	DOID:0110871
MONDO:0010242	DOID:0081043
MONDO_0010242	DOID:0081043
MONDO:0010245	DOID:0111006
MONDO_0010245	DOID:0111006
MONDO:0010246	DOID:0060848
MONDO_0010246	DOID:0060848
MONDO:0010248	DOID:0112150
MONDO_0010248	DOID:0112150
MONDO:0010250	DOID:0112060
MONDO_0010250	DOID:0112060
MONDO:0010251	DOID:0112029
MONDO_0010251	DOID:0112029
MONDO:0010256	DOID:0112022
MONDO_0010256	DOID:0112022
MONDO:0010258	DOID:0060801
MONDO_0010258	DOID:0060801
MONDO:0010259	DOID:0110416
MONDO_0010259	DOID:0110416
MONDO:0010261	DOID:0111809
MONDO_0010261	DOID:0111809
MONDO:0010263	DOID:0111860
MONDO_0010263	DOID:0111860
MONDO:0010264	DOID:0080156
MONDO_0010264	DOID:0080156
MONDO:0010265	DOID:0080342
MONDO_0010265	DOID:0080342
MONDO:0010266	DOID:0112024
MONDO_0010266	DOID:0112024
MONDO:0010268	DOID:0112238
MONDO_0010268	DOID:0112238
MONDO:0010269	DOID:7765
MONDO_0010269	DOID:7765
MONDO:0010270	DOID:0060808
MONDO_0010270	DOID:0060808
MONDO:0010277	DOID:0060826
MONDO_0010277	DOID:0060826
MONDO:0010278	DOID:0060825
MONDO_0010278	DOID:0060825
MONDO:0010279	DOID:0112149
MONDO_0010279	DOID:0112149
MONDO:0010280	DOID:0061148
MONDO_0010280	DOID:0061148
MONDO:0010281	DOID:0050437
MONDO_0010281	DOID:0050437
MONDO:0010283	DOID:0060799
MONDO_0010283	DOID:0060799
MONDO:0010284	DOID:0050764
MONDO_0010284	DOID:0050764
MONDO:0010285	DOID:0060818
MONDO_0010285	DOID:0060818
MONDO:0010286	DOID:0060812
MONDO_0010286	DOID:0060812
MONDO:0010287	DOID:0110769
MONDO_0010287	DOID:0110769
MONDO:0010289	DOID:0112059
MONDO_0010289	DOID:0112059
MONDO:0010292	DOID:0112148
MONDO_0010292	DOID:0112148
MONDO:0010293	DOID:0081077
MONDO_0010293	DOID:0081077
MONDO:0010294	DOID:0112128
MONDO_0010294	DOID:0112128
MONDO:0010296	DOID:0111999
MONDO_0010296	DOID:0111999
MONDO:0010298	DOID:1919
MONDO_0010298	DOID:1919
MONDO:0010299	DOID:0112127
MONDO_0010299	DOID:0112127
MONDO:0010300	DOID:0112047
MONDO_0010300	DOID:0112047
MONDO:0010302	DOID:3156
MONDO_0010302	DOID:3156
MONDO:0010305	DOID:0050800
MONDO_0010305	DOID:0050800
MONDO:0010306	DOID:0060822
MONDO_0010306	DOID:0060822
MONDO:0010307	DOID:0112017
MONDO_0010307	DOID:0112017
MONDO:0010309	DOID:0112057
MONDO_0010309	DOID:0112057
MONDO:0010310	DOID:0060886
MONDO_0010310	DOID:0060886
MONDO:0010311	DOID:9883
MONDO_0010311	DOID:9883
MONDO:0010313	DOID:0112050
MONDO_0010313	DOID:0112050
MONDO:0010315	DOID:0060013
MONDO_0010315	DOID:0060013
MONDO:0010317	DOID:0112021
MONDO_0010317	DOID:0112021
MONDO:0010319	DOID:0060806
MONDO_0010319	DOID:0060806
MONDO:0010320	DOID:0110412
MONDO_0010320	DOID:0110412
MONDO:0010322	DOID:0112016
MONDO_0010322	DOID:0112016
MONDO:0010324	DOID:0112033
MONDO_0010324	DOID:0112033
MONDO:0010325	DOID:0112126
MONDO_0010325	DOID:0112126
MONDO:0010326	DOID:0112055
MONDO_0010326	DOID:0112055
MONDO:0010327	DOID:0060810
MONDO_0010327	DOID:0060810
MONDO:0010328	DOID:0112125
MONDO_0010328	DOID:0112125
MONDO:0010329	DOID:0112039
MONDO_0010329	DOID:0112039
MONDO:0010333	DOID:0060816
MONDO_0010333	DOID:0060816
MONDO:0010334	DOID:0112123
MONDO_0010334	DOID:0112123
MONDO:0010335	DOID:0111007
MONDO_0010335	DOID:0111007
MONDO:0010336	DOID:0060378
MONDO_0010336	DOID:0060378
MONDO:0010337	DOID:0080311
MONDO_0010337	DOID:0080311
MONDO:0010338	DOID:0111196
MONDO_0010338	DOID:0111196
MONDO:0010339	DOID:0112122
MONDO_0010339	DOID:0112122
MONDO:0010344	DOID:0112028
MONDO_0010344	DOID:0112028
MONDO:0010347	DOID:0112030
MONDO_0010347	DOID:0112030
MONDO:0010349	DOID:0080494
MONDO_0010349	DOID:0080494
MONDO:0010349	DOID:0080861
MONDO_0010349	DOID:0080861
MONDO:0010350	DOID:0080858
MONDO_0010350	DOID:0080858
MONDO:0010351	DOID:0111098
MONDO_0010351	DOID:0111098
MONDO:0010352	DOID:0112052
MONDO_0010352	DOID:0112052
MONDO:0010353	DOID:0060830
MONDO_0010353	DOID:0060830
MONDO:0010354	DOID:0050631
MONDO_0010354	DOID:0050631
MONDO:0010355	DOID:0060809
MONDO_0010355	DOID:0060809
MONDO:0010356	DOID:0112121
MONDO_0010356	DOID:0112121
MONDO:0010358	DOID:0080353
MONDO_0010358	DOID:0080353
MONDO:0010359	DOID:0081454
MONDO_0010359	DOID:0081454
MONDO:0010361	DOID:0112051
MONDO_0010361	DOID:0112051
MONDO:0010362	DOID:0111040
MONDO_0010362	DOID:0111040
MONDO:0010363	DOID:0112043
MONDO_0010363	DOID:0112043
MONDO:0010365	DOID:0111226
MONDO_0010365	DOID:0111226
MONDO:0010367	DOID:0112120
MONDO_0010367	DOID:0112120
MONDO:0010369	DOID:0111796
MONDO_0010369	DOID:0111796
MONDO:0010370	DOID:0080506
MONDO_0010370	DOID:0080506
MONDO:0010371	DOID:0050630
MONDO_0010371	DOID:0050630
MONDO:0010373	DOID:0080859
MONDO_0010373	DOID:0080859
MONDO:0010374	DOID:0110417
MONDO_0010374	DOID:0110417
MONDO:0010375	DOID:0080215
MONDO_0010375	DOID:0080215
MONDO:0010378	DOID:0111741
MONDO_0010378	DOID:0111741
MONDO:0010379	DOID:0060693
MONDO_0010379	DOID:0060693
MONDO:0010381	DOID:0080520
MONDO_0010381	DOID:0080520
MONDO:0010382	DOID:0050879
MONDO_0010382	DOID:0050879
MONDO:0010383	DOID:14261
MONDO_0010383	DOID:14261
MONDO:0010385	DOID:0060706
MONDO_0010385	DOID:0060706
MONDO:0010386	DOID:0112003
MONDO_0010386	DOID:0112003
MONDO:0010389	DOID:0112000
MONDO_0010389	DOID:0112000
MONDO:0010392	DOID:0111933
MONDO_0010392	DOID:0111933
MONDO:0010393	DOID:0112045
MONDO_0010393	DOID:0112045
MONDO:0010395	DOID:0111260
MONDO_0010395	DOID:0111260
MONDO:0010396	DOID:0080467
MONDO_0010396	DOID:0080467
MONDO:0010397	DOID:0111932
MONDO_0010397	DOID:0111932
MONDO:0010398	DOID:0060821
MONDO_0010398	DOID:0060821
MONDO:0010399	DOID:0060427
MONDO_0010399	DOID:0060427
MONDO:0010401	DOID:0070251
MONDO_0010401	DOID:0070251
MONDO:0010402	DOID:0060823
MONDO_0010402	DOID:0060823
MONDO:0010404	DOID:0111833
MONDO_0010404	DOID:0111833
MONDO:0010406	DOID:0112037
MONDO_0010406	DOID:0112037
MONDO:0010407	DOID:0060811
MONDO_0010407	DOID:0060811
MONDO:0010407	DOID:0060829
MONDO_0010407	DOID:0060829
MONDO:0010408	DOID:0111931
MONDO_0010408	DOID:0111931
MONDO:0010409	DOID:0060813
MONDO_0010409	DOID:0060813
MONDO:0010415	DOID:0080687
MONDO_0010415	DOID:0080687
MONDO:0010417	DOID:0060807
MONDO_0010417	DOID:0060807
MONDO:0010418	DOID:0110785
MONDO_0010418	DOID:0110785
MONDO:0010421	DOID:14179
MONDO_0010421	DOID:14179
MONDO:0010422	DOID:0110036
MONDO_0010422	DOID:0110036
MONDO:0010425	DOID:0060450
MONDO_0010425	DOID:0060450
MONDO:0010426	DOID:0060446
MONDO_0010426	DOID:0060446
MONDO:0010427	DOID:0060824
MONDO_0010427	DOID:0060824
MONDO:0010428	DOID:0060461
MONDO_0010428	DOID:0060461
MONDO:0010429	DOID:0112035
MONDO_0010429	DOID:0112035
MONDO:0010430	DOID:0112046
MONDO_0010430	DOID:0112046
MONDO:0010431	DOID:0110981
MONDO_0010431	DOID:0110981
MONDO:0010432	DOID:0111899
MONDO_0010432	DOID:0111899
MONDO:0010434	DOID:5485
MONDO_0010434	DOID:5485
MONDO:0010435	DOID:0111795
MONDO_0010435	DOID:0111795
MONDO:0010437	DOID:0111502
MONDO_0010437	DOID:0111502
MONDO:0010441	DOID:0111898
MONDO_0010441	DOID:0111898
MONDO:0010442	DOID:0111762
MONDO_0010442	DOID:0111762
MONDO:0010443	DOID:0112157
MONDO_0010443	DOID:0112157
MONDO:0010444	DOID:0112156
MONDO_0010444	DOID:0112156
MONDO:0010447	DOID:0112019
MONDO_0010447	DOID:0112019
MONDO:0010450	DOID:0112031
MONDO_0010450	DOID:0112031
MONDO:0010451	DOID:0112058
MONDO_0010451	DOID:0112058
MONDO:0010452	DOID:0112041
MONDO_0010452	DOID:0112041
MONDO:0010453	DOID:0112032
MONDO_0010453	DOID:0112032
MONDO:0010454	DOID:0112053
MONDO_0010454	DOID:0112053
MONDO:0010455	DOID:0080319
MONDO_0010455	DOID:0080319
MONDO:0010457	DOID:0050781
MONDO_0010457	DOID:0050781
MONDO:0010459	DOID:0060206
MONDO_0010459	DOID:0060206
MONDO:0010460	DOID:0060803
MONDO_0010460	DOID:0060803
MONDO:0010461	DOID:0060820
MONDO_0010461	DOID:0060820
MONDO:0010462	DOID:0060819
MONDO_0010462	DOID:0060819
MONDO:0010463	DOID:0112106
MONDO_0010463	DOID:0112106
MONDO:0010466	DOID:0080139
MONDO_0010466	DOID:0080139
MONDO:0010468	DOID:0080968
MONDO_0010468	DOID:0080968
MONDO:0010471	DOID:0080509
MONDO_0010471	DOID:0080509
MONDO:0010472	DOID:0080470
MONDO_0010472	DOID:0080470
MONDO:0010473	DOID:0060828
MONDO_0010473	DOID:0060828
MONDO:0010474	DOID:0111877
MONDO_0010474	DOID:0111877
MONDO:0010475	DOID:0111140
MONDO_0010475	DOID:0111140
MONDO:0010476	DOID:0110739
MONDO_0010476	DOID:0110739
MONDO:0010478	DOID:0070265
MONDO_0010478	DOID:0070265
MONDO:0010479	DOID:0110207
MONDO_0010479	DOID:0110207
MONDO:0010480	DOID:0051003
MONDO_0010480	DOID:0051003
MONDO:0010481	DOID:1558
MONDO_0010481	DOID:1558
MONDO:0010482	DOID:0112105
MONDO_0010482	DOID:0112105
MONDO:0010483	DOID:0112044
MONDO_0010483	DOID:0112044
MONDO:0010484	DOID:0111740
MONDO_0010484	DOID:0111740
MONDO:0010485	DOID:0111811
MONDO_0010485	DOID:0111811
MONDO:0010486	DOID:0112012
MONDO_0010486	DOID:0112012
MONDO:0010487	DOID:0112026
MONDO_0010487	DOID:0112026
MONDO:0010488	DOID:0112040
MONDO_0010488	DOID:0112040
MONDO:0010489	DOID:0112048
MONDO_0010489	DOID:0112048
MONDO:0010490	DOID:0080574
MONDO_0010490	DOID:0080574
MONDO:0010492	DOID:0112007
MONDO_0010492	DOID:0112007
MONDO:0010493	DOID:0111897
MONDO_0010493	DOID:0111897
MONDO:0010494	DOID:0111876
MONDO_0010494	DOID:0111876
MONDO:0010495	DOID:0111868
MONDO_0010495	DOID:0111868
MONDO:0010496	DOID:0112056
MONDO_0010496	DOID:0112056
MONDO:0010498	DOID:0111865
MONDO_0010498	DOID:0111865
MONDO:0010499	DOID:0060572
MONDO_0010499	DOID:0060572
MONDO:0010501	DOID:0060817
MONDO_0010501	DOID:0060817
MONDO:0010502	DOID:0112025
MONDO_0010502	DOID:0112025
MONDO:0010503	DOID:0110147
MONDO_0010503	DOID:0110147
MONDO:0010504	DOID:0112002
MONDO_0010504	DOID:0112002
MONDO:0010506	DOID:0112042
MONDO_0010506	DOID:0112042
MONDO:0010508	DOID:0112020
MONDO_0010508	DOID:0112020
MONDO:0010509	DOID:0112018
MONDO_0010509	DOID:0112018
MONDO:0010510	DOID:0112036
MONDO_0010510	DOID:0112036
MONDO:0010511	DOID:0111863
MONDO_0010511	DOID:0111863
MONDO:0010512	DOID:0070538
MONDO_0010512	DOID:0070538
MONDO:0010514	DOID:0112001
MONDO_0010514	DOID:0112001
MONDO:0010515	DOID:0111861
MONDO_0010515	DOID:0111861
MONDO:0010516	DOID:0111859
MONDO_0010516	DOID:0111859
MONDO:0010517	DOID:0111850
MONDO_0010517	DOID:0111850
MONDO:0010518	DOID:9169
MONDO_0010518	DOID:9169
MONDO:0010519	DOID:0110030
MONDO_0010519	DOID:0110030
MONDO:0010520	DOID:0110034
MONDO_0010520	DOID:0110034
MONDO:0010521	DOID:0110058
MONDO_0010521	DOID:0110058
MONDO:0010522	DOID:0110059
MONDO_0010522	DOID:0110059
MONDO:0010523	DOID:0111834
MONDO_0010523	DOID:0111834
MONDO:0010524	DOID:0050554
MONDO_0010524	DOID:0050554
MONDO:0010524	DOID:0060064
MONDO_0010524	DOID:0060064
MONDO:0010526	DOID:14499
MONDO_0010526	DOID:14499
MONDO:0010529	DOID:0111831
MONDO_0010529	DOID:0111831
MONDO:0010532	DOID:0111827
MONDO_0010532	DOID:0111827
MONDO:0010533	DOID:0050647
MONDO_0010533	DOID:0050647
MONDO:0010534	DOID:0111832
MONDO_0010534	DOID:0111832
MONDO:0010537	DOID:0050681
MONDO_0010537	DOID:0050681
MONDO:0010538	DOID:0110973
MONDO_0010538	DOID:0110973
MONDO:0010542	DOID:0060561
MONDO_0010542	DOID:0060561
MONDO:0010542	DOID:0081164
MONDO_0010542	DOID:0081164
MONDO:0010542	DOID:0110461
MONDO_0010542	DOID:0110461
MONDO:0010543	DOID:0050476
MONDO_0010543	DOID:0050476
MONDO:0010544	DOID:0110272
MONDO_0010544	DOID:0110272
MONDO:0010545	DOID:0060599
MONDO_0010545	DOID:0060599
MONDO:0010547	DOID:0111829
MONDO_0010547	DOID:0111829
MONDO:0010548	DOID:0111830
MONDO_0010548	DOID:0111830
MONDO:0010549	DOID:0110209
MONDO_0010549	DOID:0110209
MONDO:0010550	DOID:0110208
MONDO_0010550	DOID:0110208
MONDO:0010551	DOID:0110211
MONDO_0010551	DOID:0110211
MONDO:0010554	DOID:0111826
MONDO_0010554	DOID:0111826
MONDO:0010556	DOID:0060292
MONDO_0010556	DOID:0060292
MONDO:0010557	DOID:9821
MONDO_0010557	DOID:9821
MONDO:0010559	DOID:0060246
MONDO_0010559	DOID:0060246
MONDO:0010560	DOID:0060613
MONDO_0010560	DOID:0060613
MONDO:0010561	DOID:3783
MONDO_0010561	DOID:3783
MONDO:0010563	DOID:0050679
MONDO_0010563	DOID:0050679
MONDO:0010564	DOID:13909
MONDO_0010564	DOID:13909
MONDO:0010565	DOID:13910
MONDO_0010565	DOID:13910
MONDO:0010566	DOID:0111008
MONDO_0010566	DOID:0111008
MONDO:0010568	DOID:8461
MONDO_0010568	DOID:8461
MONDO:0010570	DOID:14737
MONDO_0010570	DOID:14737
MONDO:0010571	DOID:0111784
MONDO_0010571	DOID:0111784
MONDO:0010572	DOID:0111272
MONDO_0010572	DOID:0111272
MONDO:0010574	DOID:0060800
MONDO_0010574	DOID:0060800
MONDO:0010576	DOID:0111737
MONDO_0010576	DOID:0111737
MONDO:0010577	DOID:0111739
MONDO_0010577	DOID:0111739
MONDO:0010578	DOID:0050757
MONDO_0010578	DOID:0050757
MONDO:0010580	DOID:0090110
MONDO_0010580	DOID:0090110
MONDO:0010581	DOID:0081060
MONDO_0010581	DOID:0081060
MONDO:0010584	DOID:0070025
MONDO_0010584	DOID:0070025
MONDO:0010585	DOID:0111664
MONDO_0010585	DOID:0111664
MONDO:0010588	DOID:0111413
MONDO_0010588	DOID:0111413
MONDO:0010589	DOID:6683
MONDO_0010589	DOID:6683
MONDO:0010592	DOID:2120
MONDO_0010592	DOID:2120
MONDO:0010598	DOID:0111042
MONDO_0010598	DOID:0111042
MONDO:0010598	DOID:2751
MONDO_0010598	DOID:2751
MONDO:0010600	DOID:0070190
MONDO_0010600	DOID:0070190
MONDO:0010600	DOID:0070195
MONDO_0010600	DOID:0070195
MONDO:0010602	DOID:12134
MONDO_0010602	DOID:12134
MONDO:0010604	DOID:12259
MONDO_0010604	DOID:12259
MONDO:0010607	DOID:0051016
MONDO_0010607	DOID:0051016
MONDO:0010613	DOID:0060363
MONDO_0010613	DOID:0060363
MONDO:0010615	DOID:0060875
MONDO_0010615	DOID:0060875
MONDO:0010618	DOID:0111388
MONDO_0010618	DOID:0111388
MONDO:0010619	DOID:0050445
MONDO_0010619	DOID:0050445
MONDO:0010621	DOID:0111822
MONDO_0010621	DOID:0111822
MONDO:0010622	DOID:1700
MONDO_0010622	DOID:1700
MONDO:0010626	DOID:0060022
MONDO_0010626	DOID:0060022
MONDO:0010626	DOID:6620
MONDO_0010626	DOID:6620
MONDO:0010627	DOID:0060705
MONDO_0010627	DOID:0060705
MONDO:0010631	DOID:12305
MONDO_0010631	DOID:12305
MONDO:0010632	DOID:0080468
MONDO_0010632	DOID:0080468
MONDO:0010635	DOID:0090094
MONDO_0010635	DOID:0090094
MONDO:0010637	DOID:0080754
MONDO_0010637	DOID:0080754
MONDO:0010643	DOID:12603
MONDO_0010643	DOID:12603
MONDO:0010644	DOID:0111815
MONDO_0010644	DOID:0111815
MONDO:0010645	DOID:1056
MONDO_0010645	DOID:1056
MONDO:0010647	DOID:0070185
MONDO_0010647	DOID:0070185
MONDO:0010648	DOID:0080221
MONDO_0010648	DOID:0080221
MONDO:0010650	DOID:0111788
MONDO_0010650	DOID:0111788
MONDO:0010651	DOID:1838
MONDO_0010651	DOID:1838
MONDO:0010653	DOID:0060179
MONDO_0010653	DOID:0060179
MONDO:0010654	DOID:14744
MONDO_0010654	DOID:14744
MONDO:0010655	DOID:0080985
MONDO_0010655	DOID:0080985
MONDO:0010656	DOID:0112038
MONDO_0010656	DOID:0112038
MONDO:0010657	DOID:0111814
MONDO_0010657	DOID:0111814
MONDO:0010658	DOID:0060804
MONDO_0010658	DOID:0060804
MONDO:0010659	DOID:0080984
MONDO_0010659	DOID:0080984
MONDO:0010660	DOID:0112034
MONDO_0010660	DOID:0112034
MONDO:0010661	DOID:0081123
MONDO_0010661	DOID:0081123
MONDO:0010663	DOID:0080982
MONDO_0010663	DOID:0080982
MONDO:0010664	DOID:0060802
MONDO_0010664	DOID:0060802
MONDO:0010665	DOID:0060814
MONDO_0010665	DOID:0060814
MONDO:0010667	DOID:0060805
MONDO_0010667	DOID:0060805
MONDO:0010669	DOID:0111813
MONDO_0010669	DOID:0111813
MONDO:0010671	DOID:0111799
MONDO_0010671	DOID:0111799
MONDO:0010672	DOID:0111875
MONDO_0010672	DOID:0111875
MONDO:0010674	DOID:12799
MONDO_0010674	DOID:12799
MONDO:0010679	DOID:11723
MONDO_0010679	DOID:11723
MONDO:0010683	DOID:0111225
MONDO_0010683	DOID:0111225
MONDO:0010684	DOID:0050760
MONDO_0010684	DOID:0050760
MONDO:0010686	DOID:0050769
MONDO_0010686	DOID:0050769
MONDO:0010687	DOID:0111798
MONDO_0010687	DOID:0111798
MONDO:0010688	DOID:0070159
MONDO_0010688	DOID:0070159
MONDO:0010689	DOID:0110212
MONDO_0010689	DOID:0110212
MONDO:0010690	DOID:0110870
MONDO_0010690	DOID:0110870
MONDO:0010691	DOID:0060844
MONDO_0010691	DOID:0060844
MONDO:0010693	DOID:0111790
MONDO_0010693	DOID:0111790
MONDO:0010698	DOID:0111443
MONDO_0010698	DOID:0111443
MONDO:0010699	DOID:0110210
MONDO_0010699	DOID:0110210
MONDO:0010702	DOID:0060316
MONDO_0010702	DOID:0060316
MONDO:0010703	DOID:9271
MONDO_0010703	DOID:9271
MONDO:0010704	DOID:0111783
MONDO_0010704	DOID:0111783
MONDO:0010706	DOID:0080857
MONDO_0010706	DOID:0080857
MONDO:0010709	DOID:0111781
MONDO_0010709	DOID:0111781
MONDO:0010711	DOID:0111780
MONDO_0010711	DOID:0111780
MONDO:0010712	DOID:0111779
MONDO_0010712	DOID:0111779
MONDO:0010713	DOID:0111768
MONDO_0010713	DOID:0111768
MONDO:0010714	DOID:3210
MONDO_0010714	DOID:3210
MONDO:0010720	DOID:0080776
MONDO_0010720	DOID:0080776
MONDO:0010723	DOID:0110415
MONDO_0010723	DOID:0110415
MONDO:0010725	DOID:0060763
MONDO_0010725	DOID:0060763
MONDO:0010726	DOID:1206
MONDO_0010726	DOID:1206
MONDO:0010732	DOID:0081100
MONDO_0010732	DOID:0081100
MONDO:0010733	DOID:0110773
MONDO_0010733	DOID:0110773
MONDO:0010735	DOID:0060161
MONDO_0010735	DOID:0060161
MONDO:0010736	DOID:0090027
MONDO_0010736	DOID:0090027
MONDO:0010737	DOID:0080362
MONDO_0010737	DOID:0080362
MONDO:0010745	DOID:0111767
MONDO_0010745	DOID:0111767
MONDO:0010747	DOID:0090057
MONDO_0010747	DOID:0090057
MONDO:0010752	DOID:0111766
MONDO_0010752	DOID:0111766
MONDO:0010753	DOID:0111765
MONDO_0010753	DOID:0111765
MONDO:0010758	DOID:0060815
MONDO_0010758	DOID:0060815
MONDO:0010761	DOID:0110418
MONDO_0010761	DOID:0110418
MONDO:0010763	DOID:0070186
MONDO_0010763	DOID:0070186
MONDO:0010764	DOID:0111759
MONDO_0010764	DOID:0111759
MONDO:0010765	DOID:14448
MONDO_0010765	DOID:14448
MONDO:0010767	DOID:0070187
MONDO_0010767	DOID:0070187
MONDO:0010768	DOID:3301
MONDO_0010768	DOID:3301
MONDO:0010771	DOID:0080198
MONDO_0010771	DOID:0080198
MONDO:0010772	DOID:0111755
MONDO_0010772	DOID:0111755
MONDO:0010775	DOID:0110829
MONDO_0010775	DOID:0110829
MONDO:0010777	DOID:0111753
MONDO_0010777	DOID:0111753
MONDO:0010779	DOID:0111751
MONDO_0010779	DOID:0111751
MONDO:0010781	DOID:0111750
MONDO_0010781	DOID:0111750
MONDO:0010782	DOID:0111184
MONDO_0010782	DOID:0111184
MONDO:0010787	DOID:12934
MONDO_0010787	DOID:12934
MONDO:0010788	DOID:705
MONDO_0010788	DOID:705
MONDO:0010789	DOID:3687
MONDO_0010789	DOID:3687
MONDO:0010790	DOID:310
MONDO_0010790	DOID:310
MONDO:0010794	DOID:0111273
MONDO_0010794	DOID:0111273
MONDO:0010797	DOID:0060067
MONDO_0010797	DOID:0060067
MONDO:0010799	DOID:0111734
MONDO_0010799	DOID:0111734
MONDO:0010800	DOID:0080583
MONDO_0010800	DOID:0080583
MONDO:0010802	DOID:0111733
MONDO_0010802	DOID:0111733
MONDO:0010803	DOID:0111732
MONDO_0010803	DOID:0111732
MONDO:0010805	DOID:0080174
MONDO_0010805	DOID:0080174
MONDO:0010806	DOID:0110403
MONDO_0010806	DOID:0110403
MONDO:0010807	DOID:0110477
MONDO_0010807	DOID:0110477
MONDO:0010808	DOID:0050433
MONDO_0010808	DOID:0050433
MONDO:0010809	DOID:0060761
MONDO_0010809	DOID:0060761
MONDO:0010810	DOID:0080887
MONDO_0010810	DOID:0080887
MONDO:0010811	DOID:11132
MONDO_0010811	DOID:11132
MONDO:0010814	DOID:0060644
MONDO_0010814	DOID:0060644
MONDO:0010815	DOID:0112289
MONDO_0010815	DOID:0112289
MONDO:0010816	DOID:0050740
MONDO_0010816	DOID:0050740
MONDO:0010817	DOID:0110558
MONDO_0010817	DOID:0110558
MONDO:0010818	DOID:0110358
MONDO_0010818	DOID:0110358
MONDO:0010819	DOID:0061238
MONDO_0010819	DOID:0061238
MONDO:0010820	DOID:0060368
MONDO_0010820	DOID:0060368
MONDO:0010822	DOID:0110716
MONDO_0010822	DOID:0110716
MONDO:0010823	DOID:0110853
MONDO_0010823	DOID:0110853
MONDO:0010826	DOID:0050708
MONDO_0010826	DOID:0050708
MONDO:0010826	DOID:1825
MONDO_0010826	DOID:1825
MONDO:0010827	DOID:0110381
MONDO_0010827	DOID:0110381
MONDO:0010828	DOID:0110408
MONDO_0010828	DOID:0110408
MONDO:0010829	DOID:0061228
MONDO_0010829	DOID:0061228
MONDO:0010830	DOID:0110723
MONDO_0010830	DOID:0110723
MONDO:0010832	DOID:0110125
MONDO_0010832	DOID:0110125
MONDO:0010837	DOID:11202
MONDO_0010837	DOID:11202
MONDO:0010839	DOID:0111215
MONDO_0010839	DOID:0111215
MONDO:0010841	DOID:0110947
MONDO_0010841	DOID:0110947
MONDO:0010842	DOID:0050792
MONDO_0010842	DOID:0050792
MONDO:0010844	DOID:0070298
MONDO_0010844	DOID:0070298
MONDO:0010847	DOID:0050957
MONDO_0010847	DOID:0050957
MONDO:0010848	DOID:0050882
MONDO_0010848	DOID:0050882
MONDO:0010849	DOID:0111707
MONDO_0010849	DOID:0111707
MONDO:0010850	DOID:0111706
MONDO_0010850	DOID:0111706
MONDO:0010854	DOID:0111705
MONDO_0010854	DOID:0111705
MONDO:0010857	DOID:0051060
MONDO_0010857	DOID:0051060
MONDO:0010857	DOID:0081391
MONDO_0010857	DOID:0081391
MONDO:0010860	DOID:0110488
MONDO_0010860	DOID:0110488
MONDO:0010861	DOID:0110742
MONDO_0010861	DOID:0110742
MONDO:0010862	DOID:0110743
MONDO_0010862	DOID:0110743
MONDO:0010863	DOID:0110744
MONDO_0010863	DOID:0110744
MONDO:0010864	DOID:0110746
MONDO_0010864	DOID:0110746
MONDO:0010866	DOID:0070343
MONDO_0010866	DOID:0070343
MONDO:0010868	DOID:0070308
MONDO_0010868	DOID:0070308
MONDO:0010870	DOID:0111078
MONDO_0010870	DOID:0111078
MONDO:0010877	DOID:0080067
MONDO_0010877	DOID:0080067
MONDO:0010878	DOID:0110811
MONDO_0010878	DOID:0110811
MONDO:0010879	DOID:0111274
MONDO_0010879	DOID:0111274
MONDO:0010886	DOID:0111704
MONDO_0010886	DOID:0111704
MONDO:0010888	DOID:288
MONDO_0010888	DOID:288
MONDO:0010890	DOID:0070419
MONDO_0010890	DOID:0070419
MONDO:0010894	DOID:0111102
MONDO_0010894	DOID:0111102
MONDO:0010895	DOID:0050600
MONDO_0010895	DOID:0050600
MONDO:0010896	DOID:0060680
MONDO_0010896	DOID:0060680
MONDO:0010897	DOID:0070079
MONDO_0010897	DOID:0070079
MONDO:0010899	DOID:0060682
MONDO_0010899	DOID:0060682
MONDO:0010905	DOID:0111009
MONDO_0010905	DOID:0111009
MONDO:0010906	DOID:0080404
MONDO_0010906	DOID:0080404
MONDO:0010907	DOID:0111703
MONDO_0010907	DOID:0111703
MONDO:0010908	DOID:0111702
MONDO_0010908	DOID:0111702
MONDO:0010911	DOID:5394
MONDO_0010911	DOID:5394
MONDO:0010912	DOID:0081017
MONDO_0010912	DOID:0081017
MONDO:0010913	DOID:0050876
MONDO_0010913	DOID:0050876
MONDO:0010915	DOID:0110573
MONDO_0010915	DOID:0110573
MONDO:0010916	DOID:0110860
MONDO_0010916	DOID:0110860
MONDO:0010924	DOID:0050575
MONDO_0010924	DOID:0050575
MONDO:0010926	DOID:0060702
MONDO_0010926	DOID:0060702
MONDO:0010927	DOID:0080397
MONDO_0010927	DOID:0080397
MONDO:0010929	DOID:0061012
MONDO_0010929	DOID:0061012
MONDO:0010931	DOID:0080885
MONDO_0010931	DOID:0080885
MONDO:0010933	DOID:0110498
MONDO_0010933	DOID:0110498
MONDO:0010936	DOID:0060208
MONDO_0010936	DOID:0060208
MONDO:0010936	DOID:0111227
MONDO_0010936	DOID:0111227
MONDO:0010943	DOID:0070080
MONDO_0010943	DOID:0070080
MONDO:0010945	DOID:0110404
MONDO_0010945	DOID:0110404
MONDO:0010946	DOID:0110312
MONDO_0010946	DOID:0110312
MONDO:0010948	DOID:0110258
MONDO_0010948	DOID:0110258
MONDO:0010949	DOID:0110159
MONDO_0010949	DOID:0110159
MONDO:0010950	DOID:0110747
MONDO_0010950	DOID:0110747
MONDO:0010951	DOID:0110443
MONDO_0010951	DOID:0110443
MONDO:0010952	DOID:0111256
MONDO_0010952	DOID:0111256
MONDO:0010953	DOID:0111084
MONDO_0010953	DOID:0111084
MONDO:0010958	DOID:0111700
MONDO_0010958	DOID:0111700
MONDO:0010958	DOID:0111701
MONDO_0010958	DOID:0111701
MONDO:0010959	DOID:0111699
MONDO_0010959	DOID:0111699
MONDO:0010961	DOID:0111698
MONDO_0010961	DOID:0111698
MONDO:0010962	DOID:0050428
MONDO_0010962	DOID:0050428
MONDO:0010962	DOID:0070550
MONDO_0010962	DOID:0070550
MONDO:0010963	DOID:0110584
MONDO_0010963	DOID:0110584
MONDO:0010964	DOID:0070304
MONDO_0010964	DOID:0070304
MONDO:0010965	DOID:0110512
MONDO_0010965	DOID:0110512
MONDO:0010966	DOID:0080055
MONDO_0010966	DOID:0080055
MONDO:0010967	DOID:0110520
MONDO_0010967	DOID:0110520
MONDO:0010969	DOID:0111010
MONDO_0010969	DOID:0111010
MONDO:0010970	DOID:0111697
MONDO_0010970	DOID:0111697
MONDO:0010973	DOID:0110575
MONDO_0010973	DOID:0110575
MONDO:0010974	DOID:0080379
MONDO_0010974	DOID:0080379
MONDO:0010977	DOID:0050692
MONDO_0010977	DOID:0050692
MONDO:0010979	DOID:0060173
MONDO_0010979	DOID:0060173
MONDO:0010983	DOID:0090044
MONDO_0010983	DOID:0090044
MONDO:0010984	DOID:0110831
MONDO_0010984	DOID:0110831
MONDO:0010985	DOID:0111690
MONDO_0010985	DOID:0111690
MONDO:0010986	DOID:0110535
MONDO_0010986	DOID:0110535
MONDO:0010987	DOID:0110527
MONDO_0010987	DOID:0110527
MONDO:0010989	DOID:0112179
MONDO_0010989	DOID:0112179
MONDO:0010992	DOID:0111688
MONDO_0010992	DOID:0111688
MONDO:0010995	DOID:0110151
MONDO_0010995	DOID:0110151
MONDO:0010998	DOID:0080556
MONDO_0010998	DOID:0080556
MONDO:0011001	DOID:0110218
MONDO_0011001	DOID:0110218
MONDO:0011003	DOID:0110433
MONDO_0011003	DOID:0110433
MONDO:0011006	DOID:0110824
MONDO_0011006	DOID:0110824
MONDO:0011010	DOID:0050819
MONDO_0011010	DOID:0050819
MONDO:0011010	DOID:0111807
MONDO_0011010	DOID:0111807
MONDO:0011012	DOID:0111033
MONDO_0011012	DOID:0111033
MONDO:0011013	DOID:0090107
MONDO_0011013	DOID:0090107
MONDO:0011014	DOID:4769
MONDO_0011014	DOID:4769
MONDO:0011015	DOID:0110257
MONDO_0011015	DOID:0110257
MONDO:0011016	DOID:0110750
MONDO_0011016	DOID:0110750
MONDO:0011017	DOID:0080551
MONDO_0011017	DOID:0080551
MONDO:0011018	DOID:0090143
MONDO_0011018	DOID:0090143
MONDO:0011021	DOID:0080680
MONDO_0011021	DOID:0080680
MONDO:0011022	DOID:0111687
MONDO_0011022	DOID:0111687
MONDO:0011023	DOID:0111684
MONDO_0011023	DOID:0111684
MONDO:0011025	DOID:0060694
MONDO_0011025	DOID:0060694
MONDO:0011026	DOID:0060712
MONDO_0011026	DOID:0060712
MONDO:0011028	DOID:0110280
MONDO_0011028	DOID:0110280
MONDO:0011031	DOID:0110542
MONDO_0011031	DOID:0110542
MONDO:0011032	DOID:0110543
MONDO_0011032	DOID:0110543
MONDO:0011033	DOID:0110752
MONDO_0011033	DOID:0110752
MONDO:0011035	DOID:0111683
MONDO_0011035	DOID:0111683
MONDO:0011037	DOID:0111682
MONDO_0011037	DOID:0111682
MONDO:0011045	DOID:0111803
MONDO_0011045	DOID:0111803
MONDO:0011053	DOID:0081441
MONDO_0011053	DOID:0081441
MONDO:0011057	DOID:6713
MONDO_0011057	DOID:6713
MONDO:0011058	DOID:0110593
MONDO_0011058	DOID:0110593
MONDO:0011066	DOID:0110191
MONDO_0011066	DOID:0110191
MONDO:0011067	DOID:0110467
MONDO_0011067	DOID:0110467
MONDO:0011068	DOID:0110751
MONDO_0011068	DOID:0110751
MONDO:0011070	DOID:0080585
MONDO_0011070	DOID:0080585
MONDO:0011073	DOID:0061173
MONDO_0011073	DOID:0061173
MONDO:0011074	DOID:0110591
MONDO_0011074	DOID:0110591
MONDO:0011075	DOID:0110356
MONDO_0011075	DOID:0110356
MONDO:0011076	DOID:0080092
MONDO_0011076	DOID:0080092
MONDO:0011076	DOID:0110286
MONDO_0011076	DOID:0110286
MONDO:0011084	DOID:0111283
MONDO_0011084	DOID:0111283
MONDO:0011085	DOID:0110186
MONDO_0011085	DOID:0110186
MONDO:0011086	DOID:0090013
MONDO_0011086	DOID:0090013
MONDO:0011087	DOID:0110900
MONDO_0011087	DOID:0110900
MONDO:0011088	DOID:0110663
MONDO_0011088	DOID:0110663
MONDO:0011091	DOID:0110164
MONDO_0011091	DOID:0110164
MONDO:0011093	DOID:0050809
MONDO_0011093	DOID:0050809
MONDO:0011094	DOID:0110423
MONDO_0011094	DOID:0110423
MONDO:0011095	DOID:0110426
MONDO_0011095	DOID:0110426
MONDO:0011097	DOID:0110121
MONDO_0011097	DOID:0110121
MONDO:0011099	DOID:0050682
MONDO_0011099	DOID:0050682
MONDO:0011101	DOID:0081240
MONDO_0011101	DOID:0081240
MONDO:0011102	DOID:0110544
MONDO_0011102	DOID:0110544
MONDO:0011103	DOID:0110564
MONDO_0011103	DOID:0110564
MONDO:0011104	DOID:0110269
MONDO_0011104	DOID:0110269
MONDO:0011107	DOID:0110711
MONDO_0011107	DOID:0110711
MONDO:0011113	DOID:0110183
MONDO_0011113	DOID:0110183
MONDO:0011119	DOID:0050786
MONDO_0011119	DOID:0050786
MONDO:0011121	DOID:0061217
MONDO_0011121	DOID:0061217
MONDO:0011122	DOID:9970
MONDO_0011122	DOID:9970
MONDO:0011123	DOID:0110753
MONDO_0011123	DOID:0110753
MONDO:0011125	DOID:0111873
MONDO_0011125	DOID:0111873
MONDO:0011128	DOID:0111599
MONDO_0011128	DOID:0111599
MONDO:0011132	DOID:0060769
MONDO_0011132	DOID:0060769
MONDO:0011136	DOID:0111050
MONDO_0011136	DOID:0111050
MONDO:0011137	DOID:0110354
MONDO_0011137	DOID:0110354
MONDO:0011143	DOID:0111011
MONDO_0011143	DOID:0111011
MONDO:0011144	DOID:0110729
MONDO_0011144	DOID:0110729
MONDO:0011147	DOID:0060407
MONDO_0011147	DOID:0060407
MONDO:0011151	DOID:0111411
MONDO_0011151	DOID:0111411
MONDO:0011152	DOID:0050722
MONDO_0011152	DOID:0050722
MONDO:0011153	DOID:0070218
MONDO_0011153	DOID:0070218
MONDO:0011154	DOID:0060385
MONDO_0011154	DOID:0060385
MONDO:0011156	DOID:0070222
MONDO_0011156	DOID:0070222
MONDO:0011159	DOID:0110545
MONDO_0011159	DOID:0110545
MONDO:0011160	DOID:0110470
MONDO_0011160	DOID:0110470
MONDO:0011162	DOID:0110253
MONDO_0011162	DOID:0110253
MONDO:0011167	DOID:0110745
MONDO_0011167	DOID:0110745
MONDO:0011168	DOID:0110749
MONDO_0011168	DOID:0110749
MONDO:0011170	DOID:0110281
MONDO_0011170	DOID:0110281
MONDO:0011174	DOID:0061185
MONDO_0011174	DOID:0061185
MONDO:0011175	DOID:0111219
MONDO_0011175	DOID:0111219
MONDO:0011176	DOID:0060883
MONDO_0011176	DOID:0060883
MONDO:0011177	DOID:0111658
MONDO_0011177	DOID:0111658
MONDO:0011181	DOID:0081016
MONDO_0011181	DOID:0081016
MONDO:0011183	DOID:0081365
MONDO_0011183	DOID:0081365
MONDO:0011184	DOID:0111275
MONDO_0011184	DOID:0111275
MONDO:0011185	DOID:0060455
MONDO_0011185	DOID:0060455
MONDO:0011186	DOID:0110832
MONDO_0011186	DOID:0110832
MONDO:0011188	DOID:0110072
MONDO_0011188	DOID:0110072
MONDO:0011189	DOID:0110073
MONDO_0011189	DOID:0110073
MONDO:0011190	DOID:0111113
MONDO_0011190	DOID:0111113
MONDO:0011192	DOID:0110473
MONDO_0011192	DOID:0110473
MONDO:0011193	DOID:0080314
MONDO_0011193	DOID:0080314
MONDO:0011194	DOID:0110037
MONDO_0011194	DOID:0110037
MONDO:0011195	DOID:0110833
MONDO_0011195	DOID:0110833
MONDO:0011196	DOID:0060197
MONDO_0011196	DOID:0060197
MONDO:0011198	DOID:0080030
MONDO_0011198	DOID:0080030
MONDO:0011200	DOID:0090040
MONDO_0011200	DOID:0090040
MONDO:0011201	DOID:0111429
MONDO_0011201	DOID:0111429
MONDO:0011211	DOID:0112299
MONDO_0011211	DOID:0112299
MONDO:0011213	DOID:0081362
MONDO_0011213	DOID:0081362
MONDO:0011214	DOID:0070223
MONDO_0011214	DOID:0070223
MONDO:0011216	DOID:0111027
MONDO_0011216	DOID:0111027
MONDO:0011217	DOID:0070654
MONDO_0011217	DOID:0070654
MONDO:0011218	DOID:0060720
MONDO_0011218	DOID:0060720
MONDO:0011219	DOID:0111661
MONDO_0011219	DOID:0111661
MONDO:0011220	DOID:0111250
MONDO_0011220	DOID:0111250
MONDO:0011223	DOID:0060196
MONDO_0011223	DOID:0060196
MONDO:0011225	DOID:0060006
MONDO_0011225	DOID:0060006
MONDO:0011225	DOID:0090012
MONDO_0011225	DOID:0090012
MONDO:0011226	DOID:0110546
MONDO_0011226	DOID:0110546
MONDO:0011229	DOID:0060640
MONDO_0011229	DOID:0060640
MONDO:0011230	DOID:0060887
MONDO_0011230	DOID:0060887
MONDO:0011231	DOID:0111310
MONDO_0011231	DOID:0111310
MONDO:0011232	DOID:0111182
MONDO_0011232	DOID:0111182
MONDO:0011233	DOID:0110122
MONDO_0011233	DOID:0110122
MONDO:0011236	DOID:0070216
MONDO_0011236	DOID:0070216
MONDO:0011242	DOID:0110145
MONDO_0011242	DOID:0110145
MONDO:0011244	DOID:0050858
MONDO_0011244	DOID:0050858
MONDO:0011246	DOID:0110632
MONDO_0011246	DOID:0110632
MONDO:0011249	DOID:0090058
MONDO_0011249	DOID:0090058
MONDO:0011257	DOID:0080554
MONDO_0011257	DOID:0080554
MONDO:0011258	DOID:0061209
MONDO_0011258	DOID:0061209
MONDO:0011259	DOID:0110400
MONDO_0011259	DOID:0110400
MONDO:0011261	DOID:0112294
MONDO_0011261	DOID:0112294
MONDO:0011264	DOID:0090039
MONDO_0011264	DOID:0090039
MONDO:0011266	DOID:0050759
MONDO_0011266	DOID:0050759
MONDO:0011268	DOID:0061166
MONDO_0011268	DOID:0061166
MONDO:0011269	DOID:0080475
MONDO_0011269	DOID:0080475
MONDO:0011271	DOID:0110633
MONDO_0011271	DOID:0110633
MONDO:0011272	DOID:0110384
MONDO_0011272	DOID:0110384
MONDO:0011273	DOID:0111278
MONDO_0011273	DOID:0111278
MONDO:0011274	DOID:0060703
MONDO_0011274	DOID:0060703
MONDO:0011275	DOID:0080050
MONDO_0011275	DOID:0080050
MONDO:0011276	DOID:0080396
MONDO_0011276	DOID:0080396
MONDO:0011279	DOID:0110472
MONDO_0011279	DOID:0110472
MONDO:0011280	DOID:0070082
MONDO_0011280	DOID:0070082
MONDO:0011281	DOID:0110667
MONDO_0011281	DOID:0110667
MONDO:0011283	DOID:0080119
MONDO_0011283	DOID:0080119
MONDO:0011284	DOID:11782
MONDO_0011284	DOID:11782
MONDO:0011285	DOID:0110014
MONDO_0011285	DOID:0110014
MONDO:0011286	DOID:0110468
MONDO_0011286	DOID:0110468
MONDO:0011291	DOID:0080555
MONDO_0011291	DOID:0080555
MONDO:0011294	DOID:0070081
MONDO_0011294	DOID:0070081
MONDO:0011295	DOID:0070083
MONDO_0011295	DOID:0070083
MONDO:0011296	DOID:0070116
MONDO_0011296	DOID:0070116
MONDO:0011297	DOID:0060683
MONDO_0011297	DOID:0060683
MONDO:0011298	DOID:0070084
MONDO_0011298	DOID:0070084
MONDO:0011299	DOID:0090103
MONDO_0011299	DOID:0090103
MONDO:0011301	DOID:0080222
MONDO_0011301	DOID:0080222
MONDO:0011302	DOID:0110754
MONDO_0011302	DOID:0110754
MONDO:0011303	DOID:0111128
MONDO_0011303	DOID:0111128
MONDO:0011304	DOID:0060670
MONDO_0011304	DOID:0060670
MONDO:0011305	DOID:0060671
MONDO_0011305	DOID:0060671
MONDO:0011307	DOID:0070078
MONDO_0011307	DOID:0070078
MONDO:0011308	DOID:0111455
MONDO_0011308	DOID:0111455
MONDO:0011309	DOID:0081102
MONDO_0011309	DOID:0081102
MONDO:0011325	DOID:0111088
MONDO_0011325	DOID:0111088
MONDO:0011326	DOID:0070342
MONDO_0011326	DOID:0070342
MONDO:0011327	DOID:0081294
MONDO_0011327	DOID:0081294
MONDO:0011330	DOID:0050960
MONDO_0011330	DOID:0050960
MONDO:0011331	DOID:0060646
MONDO_0011331	DOID:0060646
MONDO:0011335	DOID:0112199
MONDO_0011335	DOID:0112199
MONDO:0011336	DOID:0110924
MONDO_0011336	DOID:0110924
MONDO:0011337	DOID:0110922
MONDO_0011337	DOID:0110922
MONDO:0011338	DOID:0060010
MONDO_0011338	DOID:0060010
MONDO:0011339	DOID:0110823
MONDO_0011339	DOID:0110823
MONDO:0011342	DOID:0070258
MONDO_0011342	DOID:0070258
MONDO:0011346	DOID:0070453
MONDO_0011346	DOID:0070453
MONDO:0011350	DOID:0110548
MONDO_0011350	DOID:0110548
MONDO:0011351	DOID:0110479
MONDO_0011351	DOID:0110479
MONDO:0011355	DOID:0111012
MONDO_0011355	DOID:0111012
MONDO:0011359	DOID:0060342
MONDO_0011359	DOID:0060342
MONDO:0011360	DOID:0110469
MONDO_0011360	DOID:0110469
MONDO:0011362	DOID:0111188
MONDO_0011362	DOID:0111188
MONDO:0011364	DOID:0110471
MONDO_0011364	DOID:0110471
MONDO:0011365	DOID:0060290
MONDO_0011365	DOID:0060290
MONDO:0011366	DOID:2156
MONDO_0011366	DOID:2156
MONDO:0011370	DOID:0061239
MONDO_0011370	DOID:0061239
MONDO:0011374	DOID:0090105
MONDO_0011374	DOID:0090105
MONDO:0011377	DOID:0110646
MONDO_0011377	DOID:0110646
MONDO:0011381	DOID:0080770
MONDO_0011381	DOID:0080770
MONDO:0011382	DOID:0081445
MONDO_0011382	DOID:0081445
MONDO:0011382	DOID:10923
MONDO_0011382	DOID:10923
MONDO:0011383	DOID:0110115
MONDO_0011383	DOID:0110115
MONDO:0011385	DOID:90
MONDO_0011385	DOID:90
MONDO:0011387	DOID:0111280
MONDO_0011387	DOID:0111280
MONDO:0011389	DOID:0110547
MONDO_0011389	DOID:0110547
MONDO:0011390	DOID:0111129
MONDO_0011390	DOID:0111129
MONDO:0011391	DOID:0080315
MONDO_0011391	DOID:0080315
MONDO:0011392	DOID:0110478
MONDO_0011392	DOID:0110478
MONDO:0011393	DOID:0080957
MONDO_0011393	DOID:0080957
MONDO:0011395	DOID:0111013
MONDO_0011395	DOID:0111013
MONDO:0011397	DOID:0050968
MONDO_0011397	DOID:0050968
MONDO:0011399	DOID:1099
MONDO_0011399	DOID:1099
MONDO:0011400	DOID:0110430
MONDO_0011400	DOID:0110430
MONDO:0011401	DOID:0110048
MONDO_0011401	DOID:0110048
MONDO:0011405	DOID:0060551
MONDO_0011405	DOID:0060551
MONDO:0011408	DOID:0110763
MONDO_0011408	DOID:0110763
MONDO:0011412	DOID:0050831
MONDO_0011412	DOID:0050831
MONDO:0011413	DOID:0110266
MONDO_0011413	DOID:0110266
MONDO:0011414	DOID:0060673
MONDO_0011414	DOID:0060673
MONDO:0011414	DOID:0080610
MONDO_0011414	DOID:0080610
MONDO:0011415	DOID:0110331
MONDO_0011415	DOID:0110331
MONDO:0011416	DOID:0111302
MONDO_0011416	DOID:0111302
MONDO:0011417	DOID:0111030
MONDO_0011417	DOID:0111030
MONDO:0011421	DOID:0050768
MONDO_0011421	DOID:0050768
MONDO:0011422	DOID:0061167
MONDO_0011422	DOID:0061167
MONDO:0011422	DOID:0061195
MONDO_0011422	DOID:0061195
MONDO:0011423	DOID:0110279
MONDO_0011423	DOID:0110279
MONDO:0011425	DOID:0110429
MONDO_0011425	DOID:0110429
MONDO:0011426	DOID:0050711
MONDO_0011426	DOID:0050711
MONDO:0011428	DOID:0060783
MONDO_0011428	DOID:0060783
MONDO:0011429	DOID:676
MONDO_0011429	DOID:676
MONDO:0011434	DOID:0111282
MONDO_0011434	DOID:0111282
MONDO:0011435	DOID:0070293
MONDO_0011435	DOID:0070293
MONDO:0011436	DOID:0111064
MONDO_0011436	DOID:0111064
MONDO:0011437	DOID:0070291
MONDO_0011437	DOID:0070291
MONDO:0011438	DOID:6543
MONDO_0011438	DOID:6543
MONDO:0011439	DOID:0050962
MONDO_0011439	DOID:0050962
MONDO:0011441	DOID:1811
MONDO_0011441	DOID:1811
MONDO:0011442	DOID:0110011
MONDO_0011442	DOID:0110011
MONDO:0011443	DOID:0111305
MONDO_0011443	DOID:0111305
MONDO:0011444	DOID:0061028
MONDO_0011444	DOID:0061028
MONDO:0011445	DOID:0110764
MONDO_0011445	DOID:0110764
MONDO:0011448	DOID:0070204
MONDO_0011448	DOID:0070204
MONDO:0011451	DOID:0080357
MONDO_0011451	DOID:0080357
MONDO:0011452	DOID:0110704
MONDO_0011452	DOID:0110704
MONDO:0011456	DOID:0111114
MONDO_0011456	DOID:0111114
MONDO:0011458	DOID:0110332
MONDO_0011458	DOID:0110332
MONDO:0011459	DOID:0110074
MONDO_0011459	DOID:0110074
MONDO:0011460	DOID:0110075
MONDO_0011460	DOID:0110075
MONDO:0011461	DOID:0111294
MONDO_0011461	DOID:0111294
MONDO:0011462	DOID:0080519
MONDO_0011462	DOID:0080519
MONDO:0011464	DOID:0050961
MONDO_0011464	DOID:0050961
MONDO:0011465	DOID:4279
MONDO_0011465	DOID:4279
MONDO:0011471	DOID:0110891
MONDO_0011471	DOID:0110891
MONDO:0011473	DOID:0110215
MONDO_0011473	DOID:0110215
MONDO:0011474	DOID:0111076
MONDO_0011474	DOID:0111076
MONDO:0011475	DOID:0110190
MONDO_0011475	DOID:0110190
MONDO:0011476	DOID:0060009
MONDO_0011476	DOID:0060009
MONDO:0011479	DOID:0111154
MONDO_0011479	DOID:0111154
MONDO:0011480	DOID:0110550
MONDO_0011480	DOID:0110550
MONDO:0011481	DOID:0061009
MONDO_0011481	DOID:0061009
MONDO:0011482	DOID:0110431
MONDO_0011482	DOID:0110431
MONDO:0011484	DOID:0060675
MONDO_0011484	DOID:0060675
MONDO:0011484	DOID:0110071
MONDO_0011484	DOID:0110071
MONDO:0011485	DOID:0060714
MONDO_0011485	DOID:0060714
MONDO:0011486	DOID:0110634
MONDO_0011486	DOID:0110634
MONDO:0011488	DOID:0070286
MONDO_0011488	DOID:0070286
MONDO:0011489	DOID:0110765
MONDO_0011489	DOID:0110765
MONDO:0011491	DOID:0111321
MONDO_0011491	DOID:0111321
MONDO:0011493	DOID:0080675
MONDO_0011493	DOID:0080675
MONDO:0011498	DOID:0070085
MONDO_0011498	DOID:0070085
MONDO:0011502	DOID:0110630
MONDO_0011502	DOID:0110630
MONDO:0011503	DOID:0090141
MONDO_0011503	DOID:0090141
MONDO:0011505	DOID:0111061
MONDO_0011505	DOID:0111061
MONDO:0011512	DOID:0050693
MONDO_0011512	DOID:0050693
MONDO:0011514	DOID:0080169
MONDO_0011514	DOID:0080169
MONDO:0011519	DOID:0110553
MONDO_0011519	DOID:0110553
MONDO:0011521	DOID:0110882
MONDO_0011521	DOID:0110882
MONDO:0011522	DOID:0110767
MONDO_0011522	DOID:0110767
MONDO:0011523	DOID:0110128
MONDO_0011523	DOID:0110128
MONDO:0011527	DOID:0110195
MONDO_0011527	DOID:0110195
MONDO:0011528	DOID:0060758
MONDO_0011528	DOID:0060758
MONDO:0011529	DOID:0050963
MONDO_0011529	DOID:0050963
MONDO:0011531	DOID:0060580
MONDO_0011531	DOID:0060580
MONDO:0011532	DOID:0110766
MONDO_0011532	DOID:0110766
MONDO:0011533	DOID:0050814
MONDO_0011533	DOID:0050814
MONDO:0011534	DOID:0110196
MONDO_0011534	DOID:0110196
MONDO:0011535	DOID:0090023
MONDO_0011535	DOID:0090023
MONDO:0011536	DOID:0111440
MONDO_0011536	DOID:0111440
MONDO:0011537	DOID:0060867
MONDO_0011537	DOID:0060867
MONDO:0011539	DOID:0110936
MONDO_0011539	DOID:0110936
MONDO:0011540	DOID:0050964
MONDO_0011540	DOID:0050964
MONDO:0011541	DOID:0110440
MONDO_0011541	DOID:0110440
MONDO:0011542	DOID:0111290
MONDO_0011542	DOID:0111290
MONDO:0011544	DOID:0061218
MONDO_0011544	DOID:0061218
MONDO:0011545	DOID:0060684
MONDO_0011545	DOID:0060684
MONDO:0011546	DOID:0051017
MONDO_0011546	DOID:0051017
MONDO:0011547	DOID:0110265
MONDO_0011547	DOID:0110265
MONDO:0011549	DOID:0110698
MONDO_0011549	DOID:0110698
MONDO:0011551	DOID:0051059
MONDO_0011551	DOID:0051059
MONDO:0011552	DOID:0070086
MONDO_0011552	DOID:0070086
MONDO:0011553	DOID:0110484
MONDO_0011553	DOID:0110484
MONDO:0011558	DOID:0110839
MONDO_0011558	DOID:0110839
MONDO:0011559	DOID:0070232
MONDO_0011559	DOID:0070232
MONDO:0011561	DOID:0110038
MONDO_0011561	DOID:0110038
MONDO:0011562	DOID:0060895
MONDO_0011562	DOID:0060895
MONDO:0011564	DOID:0111014
MONDO_0011564	DOID:0111014
MONDO:0011565	DOID:14221
MONDO_0011565	DOID:14221
MONDO:0011567	DOID:0110437
MONDO_0011567	DOID:0110437
MONDO:0011568	DOID:0110555
MONDO_0011568	DOID:0110555
MONDO:0011569	DOID:0110156
MONDO_0011569	DOID:0110156
MONDO:0011570	DOID:0110179
MONDO_0011570	DOID:0110179
MONDO:0011572	DOID:0110755
MONDO_0011572	DOID:0110755
MONDO:0011573	DOID:0111279
MONDO_0011573	DOID:0111279
MONDO:0011576	DOID:0061249
MONDO_0011576	DOID:0061249
MONDO:0011577	DOID:0080719
MONDO_0011577	DOID:0080719
MONDO:0011579	DOID:0060869
MONDO_0011579	DOID:0060869
MONDO:0011581	DOID:0090128
MONDO_0011581	DOID:0090128
MONDO:0011582	DOID:0080133
MONDO_0011582	DOID:0080133
MONDO:0011583	DOID:0070028
MONDO_0011583	DOID:0070028
MONDO:0011584	DOID:0111089
MONDO_0011584	DOID:0111089
MONDO:0011585	DOID:0111065
MONDO_0011585	DOID:0111065
MONDO:0011586	DOID:0060921
MONDO_0011586	DOID:0060921
MONDO:0011587	DOID:0110254
MONDO_0011587	DOID:0110254
MONDO:0011588	DOID:0111058
MONDO_0011588	DOID:0111058
MONDO:0011591	DOID:0110246
MONDO_0011591	DOID:0110246
MONDO:0011592	DOID:0111409
MONDO_0011592	DOID:0111409
MONDO:0011593	DOID:0081115
MONDO_0011593	DOID:0081115
MONDO:0011595	DOID:0080085
MONDO_0011595	DOID:0080085
MONDO:0011596	DOID:0110098
MONDO_0011596	DOID:0110098
MONDO:0011597	DOID:0110099
MONDO_0011597	DOID:0110099
MONDO:0011598	DOID:0110100
MONDO_0011598	DOID:0110100
MONDO:0011599	DOID:0111079
MONDO_0011599	DOID:0111079
MONDO:0011600	DOID:0110678
MONDO_0011600	DOID:0110678
MONDO:0011601	DOID:0070341
MONDO_0011601	DOID:0070341
MONDO:0011602	DOID:0110485
MONDO_0011602	DOID:0110485
MONDO:0011603	DOID:0080718
MONDO_0011603	DOID:0080718
MONDO:0011608	DOID:0110101
MONDO_0011608	DOID:0110101
MONDO:0011609	DOID:0110102
MONDO_0011609	DOID:0110102
MONDO:0011610	DOID:0081446
MONDO_0011610	DOID:0081446
MONDO:0011612	DOID:9268
MONDO_0011612	DOID:9268
MONDO:0011613	DOID:0060369
MONDO_0011613	DOID:0060369
MONDO:0011614	DOID:0081168
MONDO_0011614	DOID:0081168
MONDO:0011616	DOID:0110874
MONDO_0011616	DOID:0110874
MONDO:0011625	DOID:0110549
MONDO_0011625	DOID:0110549
MONDO:0011628	DOID:14701
MONDO_0011628	DOID:14701
MONDO:0011629	DOID:0070254
MONDO_0011629	DOID:0070254
MONDO:0011630	DOID:0110365
MONDO_0011630	DOID:0110365
MONDO:0011631	DOID:0111028
MONDO_0011631	DOID:0111028
MONDO:0011632	DOID:0060212
MONDO_0011632	DOID:0060212
MONDO:0011633	DOID:0110182
MONDO_0011633	DOID:0110182
MONDO:0011636	DOID:0111885
MONDO_0011636	DOID:0111885
MONDO:0011638	DOID:0110737
MONDO_0011638	DOID:0110737
MONDO:0011639	DOID:0111894
MONDO_0011639	DOID:0111894
MONDO:0011644	DOID:12731
MONDO_0011644	DOID:12731
MONDO:0011647	DOID:0110039
MONDO_0011647	DOID:0110039
MONDO:0011652	DOID:0080354
MONDO_0011652	DOID:0080354
MONDO:0011655	DOID:4239
MONDO_0011655	DOID:4239
MONDO:0011656	DOID:0081367
MONDO_0011656	DOID:0081367
MONDO:0011657	DOID:0110554
MONDO_0011657	DOID:0110554
MONDO:0011658	DOID:0060370
MONDO_0011658	DOID:0060370
MONDO:0011659	DOID:0051018
MONDO_0011659	DOID:0051018
MONDO:0011660	DOID:0110552
MONDO_0011660	DOID:0110552
MONDO:0011661	DOID:0110889
MONDO_0011661	DOID:0110889
MONDO:0011662	DOID:12399
MONDO_0011662	DOID:12399
MONDO:0011664	DOID:0111968
MONDO_0011664	DOID:0111968
MONDO:0011667	DOID:0111103
MONDO_0011667	DOID:0111103
MONDO:0011668	DOID:0111104
MONDO_0011668	DOID:0111104
MONDO:0011669	DOID:0060858
MONDO_0011669	DOID:0060858
MONDO:0011670	DOID:0080731
MONDO_0011670	DOID:0080731
MONDO:0011671	DOID:0090104
MONDO_0011671	DOID:0090104
MONDO:0011673	DOID:0110560
MONDO_0011673	DOID:0110560
MONDO:0011674	DOID:0110197
MONDO_0011674	DOID:0110197
MONDO:0011675	DOID:0110202
MONDO_0011675	DOID:0110202
MONDO:0011680	DOID:0060711
MONDO_0011680	DOID:0060711
MONDO:0011681	DOID:0050992
MONDO_0011681	DOID:0050992
MONDO:0011682	DOID:0050991
MONDO_0011682	DOID:0050991
MONDO:0011683	DOID:0070098
MONDO_0011683	DOID:0070098
MONDO:0011686	DOID:0060021
MONDO_0011686	DOID:0060021
MONDO:0011687	DOID:0110163
MONDO_0011687	DOID:0110163
MONDO:0011688	DOID:0110635
MONDO_0011688	DOID:0110635
MONDO:0011690	DOID:0061230
MONDO_0011690	DOID:0061230
MONDO:0011691	DOID:0060195
MONDO_0011691	DOID:0060195
MONDO:0011694	DOID:0050965
MONDO_0011694	DOID:0050965
MONDO:0011694	DOID:0050966
MONDO_0011694	DOID:0050966
MONDO:0011697	DOID:0110951
MONDO_0011697	DOID:0110951
MONDO:0011698	DOID:0111037
MONDO_0011698	DOID:0111037
MONDO:0011699	DOID:0110904
MONDO_0011699	DOID:0110904
MONDO:0011700	DOID:0110907
MONDO_0011700	DOID:0110907
MONDO:0011701	DOID:0110903
MONDO_0011701	DOID:0110903
MONDO:0011702	DOID:0110436
MONDO_0011702	DOID:0110436
MONDO:0011706	DOID:0060556
MONDO_0011706	DOID:0060556
MONDO:0011708	DOID:0110563
MONDO_0011708	DOID:0110563
MONDO:0011709	DOID:0090022
MONDO_0011709	DOID:0090022
MONDO:0011715	DOID:0070013
MONDO_0011715	DOID:0070013
MONDO:0011716	DOID:10992
MONDO_0011716	DOID:10992
MONDO:0011717	DOID:0070217
MONDO_0011717	DOID:0070217
MONDO:0011718	DOID:0110626
MONDO_0011718	DOID:0110626
MONDO:0011719	DOID:9253
MONDO_0011719	DOID:9253
MONDO:0011720	DOID:0070168
MONDO_0011720	DOID:0070168
MONDO:0011721	DOID:0111187
MONDO_0011721	DOID:0111187
MONDO:0011724	DOID:0070561
MONDO_0011724	DOID:0070561
MONDO:0011728	DOID:529
MONDO_0011728	DOID:529
MONDO:0011730	DOID:0111261
MONDO_0011730	DOID:0111261
MONDO:0011731	DOID:0070563
MONDO_0011731	DOID:0070563
MONDO:0011735	DOID:0060023
MONDO_0011735	DOID:0060023
MONDO:0011738	DOID:0080922
MONDO_0011738	DOID:0080922
MONDO:0011740	DOID:0080533
MONDO_0011740	DOID:0080533
MONDO:0011743	DOID:0110040
MONDO_0011743	DOID:0110040
MONDO:0011748	DOID:0110834
MONDO_0011748	DOID:0110834
MONDO:0011749	DOID:0070095
MONDO_0011749	DOID:0070095
MONDO:0011752	DOID:0111115
MONDO_0011752	DOID:0111115
MONDO:0011753	DOID:0111317
MONDO_0011753	DOID:0111317
MONDO:0011756	DOID:0061278
MONDO_0011756	DOID:0061278
MONDO:0011757	DOID:0110974
MONDO_0011757	DOID:0110974
MONDO:0011758	DOID:0111390
MONDO_0011758	DOID:0111390
MONDO:0011759	DOID:0111389
MONDO_0011759	DOID:0111389
MONDO:0011760	DOID:0060222
MONDO_0011760	DOID:0060222
MONDO:0011761	DOID:0110551
MONDO_0011761	DOID:0110551
MONDO:0011762	DOID:0110480
MONDO_0011762	DOID:0110480
MONDO:0011764	DOID:0060371
MONDO_0011764	DOID:0060371
MONDO:0011765	DOID:0070299
MONDO_0011765	DOID:0070299
MONDO:0011766	DOID:0051055
MONDO_0011766	DOID:0051055
MONDO:0011767	DOID:0110490
MONDO_0011767	DOID:0110490
MONDO:0011771	DOID:0111211
MONDO_0011771	DOID:0111211
MONDO:0011772	DOID:0070256
MONDO_0011772	DOID:0070256
MONDO:0011773	DOID:0080942
MONDO_0011773	DOID:0080942
MONDO:0011774	DOID:0110489
MONDO_0011774	DOID:0110489
MONDO:0011776	DOID:0090029
MONDO_0011776	DOID:0090029
MONDO:0011777	DOID:0110041
MONDO_0011777	DOID:0110041
MONDO:0011781	DOID:0050967
MONDO_0011781	DOID:0050967
MONDO:0011782	DOID:13401
MONDO_0011782	DOID:13401
MONDO:0011783	DOID:0080559
MONDO_0011783	DOID:0080559
MONDO:0011785	DOID:0110772
MONDO_0011785	DOID:0110772
MONDO:0011786	DOID:4481
MONDO_0011786	DOID:4481
MONDO:0011787	DOID:0110299
MONDO_0011787	DOID:0110299
MONDO:0011789	DOID:4586
MONDO_0011789	DOID:4586
MONDO:0011792	DOID:0112189
MONDO_0011792	DOID:0112189
MONDO:0011799	DOID:0110492
MONDO_0011799	DOID:0110492
MONDO:0011801	DOID:0090115
MONDO_0011801	DOID:0090115
MONDO:0011803	DOID:0110816
MONDO_0011803	DOID:0110816
MONDO:0011804	DOID:0110116
MONDO_0011804	DOID:0110116
MONDO:0011808	DOID:0110233
MONDO_0011808	DOID:0110233
MONDO:0011811	DOID:0111611
MONDO_0011811	DOID:0111611
MONDO:0011812	DOID:0060747
MONDO_0011812	DOID:0060747
MONDO:0011814	DOID:0081270
MONDO_0011814	DOID:0081270
MONDO:0011819	DOID:0050970
MONDO_0011819	DOID:0050970
MONDO:0011821	DOID:0070117
MONDO_0011821	DOID:0070117
MONDO:0011822	DOID:0110144
MONDO_0011822	DOID:0110144
MONDO:0011826	DOID:0061242
MONDO_0011826	DOID:0061242
MONDO:0011827	DOID:13832
MONDO_0011827	DOID:13832
MONDO:0011828	DOID:0081178
MONDO_0011828	DOID:0081178
MONDO:0011829	DOID:0070238
MONDO_0011829	DOID:0070238
MONDO:0011830	DOID:0112237
MONDO_0011830	DOID:0112237
MONDO:0011831	DOID:0110076
MONDO_0011831	DOID:0110076
MONDO:0011832	DOID:0110569
MONDO_0011832	DOID:0110569
MONDO:0011833	DOID:0050972
MONDO_0011833	DOID:0050972
MONDO:0011834	DOID:0050969
MONDO_0011834	DOID:0050969
MONDO:0011835	DOID:0111276
MONDO_0011835	DOID:0111276
MONDO:0011836	DOID:8161
MONDO_0011836	DOID:8161
MONDO:0011837	DOID:0112174
MONDO_0011837	DOID:0112174
MONDO:0011838	DOID:0050683
MONDO_0011838	DOID:0050683
MONDO:0011839	DOID:0111015
MONDO_0011839	DOID:0111015
MONDO:0011840	DOID:0110449
MONDO_0011840	DOID:0110449
MONDO:0011841	DOID:0050659
MONDO_0011841	DOID:0050659
MONDO:0011842	DOID:0060672
MONDO_0011842	DOID:0060672
MONDO:0011843	DOID:0110328
MONDO_0011843	DOID:0110328
MONDO:0011844	DOID:0090035
MONDO_0011844	DOID:0090035
MONDO:0011849	DOID:9008
MONDO_0011849	DOID:9008
MONDO:0011852	DOID:0080086
MONDO_0011852	DOID:0080086
MONDO:0011855	DOID:0060444
MONDO_0011855	DOID:0060444
MONDO:0011856	DOID:0112305
MONDO_0011856	DOID:0112305
MONDO:0011862	DOID:0110775
MONDO_0011862	DOID:0110775
MONDO:0011864	DOID:0081144
MONDO_0011864	DOID:0081144
MONDO:0011866	DOID:0060265
MONDO_0011866	DOID:0060265
MONDO:0011868	DOID:0060560
MONDO_0011868	DOID:0060560
MONDO:0011871	DOID:0070112
MONDO_0011871	DOID:0070112
MONDO:0011872	DOID:0060833
MONDO_0011872	DOID:0060833
MONDO:0011873	DOID:0070114
MONDO_0011873	DOID:0070114
MONDO:0011875	DOID:0111312
MONDO_0011875	DOID:0111312
MONDO:0011877	DOID:0110937
MONDO_0011877	DOID:0110937
MONDO:0011879	DOID:0111202
MONDO_0011879	DOID:0111202
MONDO:0011881	DOID:0081110
MONDO_0011881	DOID:0081110
MONDO:0011886	DOID:0090037
MONDO_0011886	DOID:0090037
MONDO:0011889	DOID:0110158
MONDO_0011889	DOID:0110158
MONDO:0011890	DOID:0110150
MONDO_0011890	DOID:0110150
MONDO:0011891	DOID:0111298
MONDO_0011891	DOID:0111298
MONDO:0011892	DOID:0111323
MONDO_0011892	DOID:0111323
MONDO:0011894	DOID:0110165
MONDO_0011894	DOID:0110165
MONDO:0011897	DOID:0060794
MONDO_0011897	DOID:0060794
MONDO:0011898	DOID:0051028
MONDO_0011898	DOID:0051028
MONDO:0011899	DOID:0080691
MONDO_0011899	DOID:0080691
MONDO:0011901	DOID:0110166
MONDO_0011901	DOID:0110166
MONDO:0011902	DOID:0110149
MONDO_0011902	DOID:0110149
MONDO:0011903	DOID:0110157
MONDO_0011903	DOID:0110157
MONDO:0011904	DOID:0081116
MONDO_0011904	DOID:0081116
MONDO:0011906	DOID:0111071
MONDO_0011906	DOID:0111071
MONDO:0011907	DOID:0050604
MONDO_0011907	DOID:0050604
MONDO:0011908	DOID:0050458
MONDO_0011908	DOID:0050458
MONDO:0011909	DOID:0110200
MONDO_0011909	DOID:0110200
MONDO:0011911	DOID:0070307
MONDO_0011911	DOID:0070307
MONDO:0011912	DOID:0110495
MONDO_0011912	DOID:0110495
MONDO:0011913	DOID:0110042
MONDO_0011913	DOID:0110042
MONDO:0011914	DOID:0111361
MONDO_0011914	DOID:0111361
MONDO:0011916	DOID:0110167
MONDO_0011916	DOID:0110167
MONDO:0011917	DOID:0112245
MONDO_0011917	DOID:0112245
MONDO:0011920	DOID:0110571
MONDO_0011920	DOID:0110571
MONDO:0011925	DOID:0110636
MONDO_0011925	DOID:0110636
MONDO:0011926	DOID:0111284
MONDO_0011926	DOID:0111284
MONDO:0011929	DOID:0060410
MONDO_0011929	DOID:0060410
MONDO:0011930	DOID:0111692
MONDO_0011930	DOID:0111692
MONDO:0011932	DOID:0110703
MONDO_0011932	DOID:0110703
MONDO:0011933	DOID:0080561
MONDO_0011933	DOID:0080561
MONDO:0011934	DOID:3507
MONDO_0011934	DOID:3507
MONDO:0011935	DOID:0110406
MONDO_0011935	DOID:0110406
MONDO:0011936	DOID:0111805
MONDO_0011936	DOID:0111805
MONDO:0011937	DOID:0070523
MONDO_0011937	DOID:0070523
MONDO:0011938	DOID:0110107
MONDO_0011938	DOID:0110107
MONDO:0011945	DOID:0110960
MONDO_0011945	DOID:0110960
MONDO:0011948	DOID:0060272
MONDO_0011948	DOID:0060272
MONDO:0011950	DOID:0111617
MONDO_0011950	DOID:0111617
MONDO:0011951	DOID:0060198
MONDO_0011951	DOID:0060198
MONDO:0011952	DOID:0060199
MONDO_0011952	DOID:0060199
MONDO:0011957	DOID:0070517
MONDO_0011957	DOID:0070517
MONDO:0011959	DOID:0080746
MONDO_0011959	DOID:0080746
MONDO:0011960	DOID:0070087
MONDO_0011960	DOID:0070087
MONDO:0011962	DOID:1380
MONDO_0011962	DOID:1380
MONDO:0011963	DOID:0110988
MONDO_0011963	DOID:0110988
MONDO:0011964	DOID:0080562
MONDO_0011964	DOID:0080562
MONDO:0011965	DOID:0060755
MONDO_0011965	DOID:0060755
MONDO:0011968	DOID:0110278
MONDO_0011968	DOID:0110278
MONDO:0011969	DOID:0080560
MONDO_0011969	DOID:0080560
MONDO:0011970	DOID:0111645
MONDO_0011970	DOID:0111645
MONDO:0011971	DOID:0060759
MONDO_0011971	DOID:0060759
MONDO:0011972	DOID:5425
MONDO_0011972	DOID:5425
MONDO:0011974	DOID:0110383
MONDO_0011974	DOID:0110383
MONDO:0011985	DOID:0060760
MONDO_0011985	DOID:0060760
MONDO:0011987	DOID:0111016
MONDO_0011987	DOID:0111016
MONDO:0011988	DOID:0112064
MONDO_0011988	DOID:0112064
MONDO:0011989	DOID:9065
MONDO_0011989	DOID:9065
MONDO:0011991	DOID:0110496
MONDO_0011991	DOID:0110496
MONDO:0011992	DOID:0110776
MONDO_0011992	DOID:0110776
MONDO:0011994	DOID:0110567
MONDO_0011994	DOID:0110567
MONDO:0011996	DOID:0081088
MONDO_0011996	DOID:0081088
MONDO:0011996	DOID:8552
MONDO_0011996	DOID:8552
MONDO:0011997	DOID:0060540
MONDO_0011997	DOID:0060540
MONDO:0011999	DOID:0060922
MONDO_0011999	DOID:0060922
MONDO:0012000	DOID:599
MONDO_0012000	DOID:599
MONDO:0012002	DOID:0110499
MONDO_0012002	DOID:0110499
MONDO:0012003	DOID:0110497
MONDO_0012003	DOID:0110497
MONDO:0012004	DOID:1540
MONDO_0012004	DOID:1540
MONDO:0012012	DOID:0110199
MONDO_0012012	DOID:0110199
MONDO:0012013	DOID:0061274
MONDO_0012013	DOID:0061274
MONDO:0012014	DOID:0110201
MONDO_0012014	DOID:0110201
MONDO:0012015	DOID:0111793
MONDO_0012015	DOID:0111793
MONDO:0012019	DOID:0112282
MONDO_0012019	DOID:0112282
MONDO:0012020	DOID:0060436
MONDO_0012020	DOID:0060436
MONDO:0012022	DOID:0080398
MONDO_0012022	DOID:0080398
MONDO:0012023	DOID:0110572
MONDO_0012023	DOID:0110572
MONDO:0012024	DOID:0110368
MONDO_0012024	DOID:0110368
MONDO:0012025	DOID:0061210
MONDO_0012025	DOID:0061210
MONDO:0012029	DOID:0070290
MONDO_0012029	DOID:0070290
MONDO:0012030	DOID:0110568
MONDO_0012030	DOID:0110568
MONDO:0012031	DOID:0111046
MONDO_0012031	DOID:0111046
MONDO:0012033	DOID:0050335
MONDO_0012033	DOID:0050335
MONDO:0012034	DOID:0110304
MONDO_0012034	DOID:0110304
MONDO:0012037	DOID:0081179
MONDO_0012037	DOID:0081179
MONDO:0012040	DOID:0110886
MONDO_0012040	DOID:0110886
MONDO:0012041	DOID:0080410
MONDO_0012041	DOID:0080410
MONDO:0012043	DOID:0060453
MONDO_0012043	DOID:0060453
MONDO:0012048	DOID:1595
MONDO_0012048	DOID:1595
MONDO:0012049	DOID:0060377
MONDO_0012049	DOID:0060377
MONDO:0012051	DOID:0051075
MONDO_0012051	DOID:0051075
MONDO:0012052	DOID:0080563
MONDO_0012052	DOID:0080563
MONDO:0012053	DOID:0080965
MONDO_0012053	DOID:0080965
MONDO:0012054	DOID:0070088
MONDO_0012054	DOID:0070088
MONDO:0012056	DOID:0110005
MONDO_0012056	DOID:0110005
MONDO:0012060	DOID:0110493
MONDO_0012060	DOID:0110493
MONDO:0012062	DOID:0110451
MONDO_0012062	DOID:0110451
MONDO:0012064	DOID:0080695
MONDO_0012064	DOID:0080695
MONDO:0012071	DOID:0111135
MONDO_0012071	DOID:0111135
MONDO:0012072	DOID:0070207
MONDO_0012072	DOID:0070207
MONDO:0012074	DOID:0081129
MONDO_0012074	DOID:0081129
MONDO:0012077	DOID:0050752
MONDO_0012077	DOID:0050752
MONDO:0012078	DOID:0110998
MONDO_0012078	DOID:0110998
MONDO:0012080	DOID:0111207
MONDO_0012080	DOID:0111207
MONDO:0012083	DOID:0110557
MONDO_0012083	DOID:0110557
MONDO:0012084	DOID:0090123
MONDO_0012084	DOID:0090123
MONDO:0012085	DOID:0110599
MONDO_0012085	DOID:0110599
MONDO:0012086	DOID:0110561
MONDO_0012086	DOID:0110561
MONDO:0012087	DOID:0110614
MONDO_0012087	DOID:0110614
MONDO:0012088	DOID:0110617
MONDO_0012088	DOID:0110617
MONDO:0012090	DOID:0110570
MONDO_0012090	DOID:0110570
MONDO:0012091	DOID:0110466
MONDO_0012091	DOID:0110466
MONDO:0012091	DOID:0110491
MONDO_0012091	DOID:0110491
MONDO:0012092	DOID:0070145
MONDO_0012092	DOID:0070145
MONDO:0012096	DOID:0110174
MONDO_0012096	DOID:0110174
MONDO:0012097	DOID:0112362
MONDO_0012097	DOID:0112362
MONDO:0012098	DOID:0050971
MONDO_0012098	DOID:0050971
MONDO:0012103	DOID:0050974
MONDO_0012103	DOID:0050974
MONDO:0012105	DOID:12132
MONDO_0012105	DOID:12132
MONDO:0012106	DOID:0070280
MONDO_0012106	DOID:0070280
MONDO:0012111	DOID:0110314
MONDO_0012111	DOID:0110314
MONDO:0012112	DOID:0110316
MONDO_0012112	DOID:0110316
MONDO:0012113	DOID:0111318
MONDO_0012113	DOID:0111318
MONDO:0012116	DOID:0050959
MONDO_0012116	DOID:0050959
MONDO:0012117	DOID:0080564
MONDO_0012117	DOID:0080564
MONDO:0012118	DOID:0070257
MONDO_0012118	DOID:0070257
MONDO:0012121	DOID:0060924
MONDO_0012121	DOID:0060924
MONDO:0012123	DOID:0080557
MONDO_0012123	DOID:0080557
MONDO:0012125	DOID:0060787
MONDO_0012125	DOID:0060787
MONDO:0012127	DOID:0110283
MONDO_0012127	DOID:0110283
MONDO:0012130	DOID:0080093
MONDO_0012130	DOID:0080093
MONDO:0012134	DOID:0111326
MONDO_0012134	DOID:0111326
MONDO:0012138	DOID:0110637
MONDO_0012138	DOID:0110637
MONDO:0012139	DOID:0070440
MONDO_0012139	DOID:0070440
MONDO:0012141	DOID:0080593
MONDO_0012141	DOID:0080593
MONDO:0012142	DOID:0080399
MONDO_0012142	DOID:0080399
MONDO:0012144	DOID:0110952
MONDO_0012144	DOID:0110952
MONDO:0012146	DOID:0110923
MONDO_0012146	DOID:0110923
MONDO:0012153	DOID:0111364
MONDO_0012153	DOID:0111364
MONDO:0012155	DOID:9574
MONDO_0012155	DOID:9574
MONDO:0012156	DOID:0110662
MONDO_0012156	DOID:0110662
MONDO:0012157	DOID:0110679
MONDO_0012157	DOID:0110679
MONDO:0012160	DOID:0112300
MONDO_0012160	DOID:0112300
MONDO:0012161	DOID:0061082
MONDO_0012161	DOID:0061082
MONDO:0012162	DOID:0060864
MONDO_0012162	DOID:0060864
MONDO:0012163	DOID:0090014
MONDO_0012163	DOID:0090014
MONDO:0012166	DOID:0111170
MONDO_0012166	DOID:0111170
MONDO:0012169	DOID:0080860
MONDO_0012169	DOID:0080860
MONDO:0012170	DOID:0110494
MONDO_0012170	DOID:0110494
MONDO:0012172	DOID:0111277
MONDO_0012172	DOID:0111277
MONDO:0012173	DOID:0061186
MONDO_0012173	DOID:0061186
MONDO:0012175	DOID:0110244
MONDO_0012175	DOID:0110244
MONDO:0012177	DOID:0061157
MONDO_0012177	DOID:0061157
MONDO:0012180	DOID:0110077
MONDO_0012180	DOID:0110077
MONDO:0012181	DOID:0110778
MONDO_0012181	DOID:0110778
MONDO:0012184	DOID:0060852
MONDO_0012184	DOID:0060852
MONDO:0012185	DOID:0112301
MONDO_0012185	DOID:0112301
MONDO:0012186	DOID:0111091
MONDO_0012186	DOID:0111091
MONDO:0012187	DOID:0111097
MONDO_0012187	DOID:0111097
MONDO:0012188	DOID:0110733
MONDO_0012188	DOID:0110733
MONDO:0012191	DOID:0111474
MONDO_0012191	DOID:0111474
MONDO:0012193	DOID:0110306
MONDO_0012193	DOID:0110306
MONDO:0012194	DOID:0080966
MONDO_0012194	DOID:0080966
MONDO:0012195	DOID:0111610
MONDO_0012195	DOID:0111610
MONDO:0012196	DOID:0060690
MONDO_0012196	DOID:0060690
MONDO:0012198	DOID:0090111
MONDO_0012198	DOID:0090111
MONDO:0012199	DOID:0110856
MONDO_0012199	DOID:0110856
MONDO:0012200	DOID:0110857
MONDO_0012200	DOID:0110857
MONDO:0012203	DOID:0081101
MONDO_0012203	DOID:0081101
MONDO:0012211	DOID:0080558
MONDO_0012211	DOID:0080558
MONDO:0012212	DOID:0070235
MONDO_0012212	DOID:0070235
MONDO:0012213	DOID:0110777
MONDO_0012213	DOID:0110777
MONDO:0012215	DOID:0080094
MONDO_0012215	DOID:0080094
MONDO:0012215	DOID:0110300
MONDO_0012215	DOID:0110300
MONDO:0012216	DOID:0070531
MONDO_0012216	DOID:0070531
MONDO:0012219	DOID:0112291
MONDO_0012219	DOID:0112291
MONDO:0012220	DOID:0060834
MONDO_0012220	DOID:0060834
MONDO:0012221	DOID:0112318
MONDO_0012221	DOID:0112318
MONDO:0012222	DOID:0112319
MONDO_0012222	DOID:0112319
MONDO:0012224	DOID:0111309
MONDO_0012224	DOID:0111309
MONDO:0012225	DOID:0061279
MONDO_0012225	DOID:0061279
MONDO:0012226	DOID:0111306
MONDO_0012226	DOID:0111306
MONDO:0012231	DOID:0110155
MONDO_0012231	DOID:0110155
MONDO:0012235	DOID:0080059
MONDO_0012235	DOID:0080059
MONDO:0012237	DOID:0110935
MONDO_0012237	DOID:0110935
MONDO:0012238	DOID:0111517
MONDO_0012238	DOID:0111517
MONDO:0012239	DOID:0110926
MONDO_0012239	DOID:0110926
MONDO:0012240	DOID:0110932
MONDO_0012240	DOID:0110932
MONDO:0012241	DOID:0111520
MONDO_0012241	DOID:0111520
MONDO:0012245	DOID:0080440
MONDO_0012245	DOID:0080440
MONDO:0012246	DOID:0050975
MONDO_0012246	DOID:0050975
MONDO:0012247	DOID:0050976
MONDO_0012247	DOID:0050976
MONDO:0012248	DOID:0110297
MONDO_0012248	DOID:0110297
MONDO:0012249	DOID:0070274
MONDO_0012249	DOID:0070274
MONDO:0012250	DOID:0110192
MONDO_0012250	DOID:0110192
MONDO:0012251	DOID:0060483
MONDO_0012251	DOID:0060483
MONDO:0012252	DOID:0070618
MONDO_0012252	DOID:0070618
MONDO:0012256	DOID:0110779
MONDO_0012256	DOID:0110779
MONDO:0012260	DOID:0110261
MONDO_0012260	DOID:0110261
MONDO:0012262	DOID:0081019
MONDO_0012262	DOID:0081019
MONDO:0012267	DOID:0110879
MONDO_0012267	DOID:0110879
MONDO:0012268	DOID:635
MONDO_0012268	DOID:635
MONDO:0012269	DOID:0060419
MONDO_0012269	DOID:0060419
MONDO:0012270	DOID:0081021
MONDO_0012270	DOID:0081021
MONDO:0012273	DOID:0110505
MONDO_0012273	DOID:0110505
MONDO:0012273	DOID:0110836
MONDO_0012273	DOID:0110836
MONDO:0012274	DOID:0081237
MONDO_0012274	DOID:0081237
MONDO:0012275	DOID:0060471
MONDO_0012275	DOID:0060471
MONDO:0012276	DOID:0070442
MONDO_0012276	DOID:0070442
MONDO:0012277	DOID:0080095
MONDO_0012277	DOID:0080095
MONDO:0012280	DOID:0060481
MONDO_0012280	DOID:0060481
MONDO:0012289	DOID:0080096
MONDO_0012289	DOID:0080096
MONDO:0012290	DOID:0060337
MONDO_0012290	DOID:0060337
MONDO:0012293	DOID:0110481
MONDO_0012293	DOID:0110481
MONDO:0012295	DOID:8158
MONDO_0012295	DOID:8158
MONDO:0012297	DOID:0060491
MONDO_0012297	DOID:0060491
MONDO:0012301	DOID:0080120
MONDO_0012301	DOID:0080120
MONDO:0012306	DOID:0111426
MONDO_0012306	DOID:0111426
MONDO:0012308	DOID:0110999
MONDO_0012308	DOID:0110999
MONDO:0012315	DOID:0060390
MONDO_0012315	DOID:0060390
MONDO:0012316	DOID:0061224
MONDO_0012316	DOID:0061224
MONDO:0012317	DOID:0080682
MONDO_0012317	DOID:0080682
MONDO:0012320	DOID:0111183
MONDO_0012320	DOID:0111183
MONDO:0012321	DOID:0110043
MONDO_0012321	DOID:0110043
MONDO:0012322	DOID:0110878
MONDO_0012322	DOID:0110878
MONDO:0012326	DOID:0110500
MONDO_0012326	DOID:0110500
MONDO:0012327	DOID:0110503
MONDO_0012327	DOID:0110503
MONDO:0012333	DOID:0110509
MONDO_0012333	DOID:0110509
MONDO:0012334	DOID:0110780
MONDO_0012334	DOID:0110780
MONDO:0012335	DOID:0051068
MONDO_0012335	DOID:0051068
MONDO:0012336	DOID:0110268
MONDO_0012336	DOID:0110268
MONDO:0012338	DOID:0111319
MONDO_0012338	DOID:0111319
MONDO:0012342	DOID:0080926
MONDO_0012342	DOID:0080926
MONDO:0012344	DOID:0110044
MONDO_0012344	DOID:0110044
MONDO:0012345	DOID:0070521
MONDO_0012345	DOID:0070521
MONDO:0012346	DOID:0111293
MONDO_0012346	DOID:0111293
MONDO:0012348	DOID:0111105
MONDO_0012348	DOID:0111105
MONDO:0012349	DOID:0112361
MONDO_0012349	DOID:0112361
MONDO:0012351	DOID:0111820
MONDO_0012351	DOID:0111820
MONDO:0012353	DOID:0080338
MONDO_0012353	DOID:0080338
MONDO:0012354	DOID:0060692
MONDO_0012354	DOID:0060692
MONDO:0012355	DOID:0110486
MONDO_0012355	DOID:0110486
MONDO:0012360	DOID:0070127
MONDO_0012360	DOID:0070127
MONDO:0012362	DOID:0110439
MONDO_0012362	DOID:0110439
MONDO:0012363	DOID:0110355
MONDO_0012363	DOID:0110355
MONDO:0012364	DOID:0110442
MONDO_0012364	DOID:0110442
MONDO:0012367	DOID:0110391
MONDO_0012367	DOID:0110391
MONDO:0012370	DOID:0110508
MONDO_0012370	DOID:0110508
MONDO:0012371	DOID:0060581
MONDO_0012371	DOID:0060581
MONDO:0012375	DOID:0110504
MONDO_0012375	DOID:0110504
MONDO:0012376	DOID:0110510
MONDO_0012376	DOID:0110510
MONDO:0012380	DOID:0110579
MONDO_0012380	DOID:0110579
MONDO:0012381	DOID:0070220
MONDO_0012381	DOID:0070220
MONDO:0012382	DOID:0070215
MONDO_0012382	DOID:0070215
MONDO:0012383	DOID:0111967
MONDO_0012383	DOID:0111967
MONDO:0012391	DOID:0110724
MONDO_0012391	DOID:0110724
MONDO:0012393	DOID:0070544
MONDO_0012393	DOID:0070544
MONDO:0012394	DOID:0081318
MONDO_0012394	DOID:0081318
MONDO:0012395	DOID:0110238
MONDO_0012395	DOID:0110238
MONDO:0012396	DOID:0070214
MONDO_0012396	DOID:0070214
MONDO:0012398	DOID:0081025
MONDO_0012398	DOID:0081025
MONDO:0012399	DOID:0090132
MONDO_0012399	DOID:0090132
MONDO:0012400	DOID:0090130
MONDO_0012400	DOID:0090130
MONDO:0012401	DOID:0060445
MONDO_0012401	DOID:0060445
MONDO:0012405	DOID:0111686
MONDO_0012405	DOID:0111686
MONDO:0012407	DOID:0111329
MONDO_0012407	DOID:0111329
MONDO:0012409	DOID:0060839
MONDO_0012409	DOID:0060839
MONDO:0012410	DOID:0111189
MONDO_0012410	DOID:0111189
MONDO:0012411	DOID:0090069
MONDO_0012411	DOID:0090069
MONDO:0012412	DOID:0060300
MONDO_0012412	DOID:0060300
MONDO:0012413	DOID:0111806
MONDO_0012413	DOID:0111806
MONDO:0012414	DOID:0110725
MONDO_0012414	DOID:0110725
MONDO:0012415	DOID:0111525
MONDO_0012415	DOID:0111525
MONDO:0012418	DOID:0110514
MONDO_0012418	DOID:0110514
MONDO:0012419	DOID:0110019
MONDO_0012419	DOID:0110019
MONDO:0012420	DOID:0110506
MONDO_0012420	DOID:0110506
MONDO:0012421	DOID:0110501
MONDO_0012421	DOID:0110501
MONDO:0012422	DOID:0110756
MONDO_0012422	DOID:0110756
MONDO:0012426	DOID:0060007
MONDO_0012426	DOID:0060007
MONDO:0012426	DOID:0111942
MONDO_0012426	DOID:0111942
MONDO:0012427	DOID:0070234
MONDO_0012427	DOID:0070234
MONDO:0012430	DOID:0070557
MONDO_0012430	DOID:0070557
MONDO:0012432	DOID:0111000
MONDO_0012432	DOID:0111000
MONDO:0012433	DOID:0061280
MONDO_0012433	DOID:0061280
MONDO:0012434	DOID:0110081
MONDO_0012434	DOID:0110081
MONDO:0012435	DOID:0110000
MONDO_0012435	DOID:0110000
MONDO:0012436	DOID:0060638
MONDO_0012436	DOID:0060638
MONDO:0012437	DOID:0110256
MONDO_0012437	DOID:0110256
MONDO:0012438	DOID:0060274
MONDO_0012438	DOID:0060274
MONDO:0012442	DOID:0110517
MONDO_0012442	DOID:0110517
MONDO:0012443	DOID:0080967
MONDO_0012443	DOID:0080967
MONDO:0012444	DOID:0110736
MONDO_0012444	DOID:0110736
MONDO:0012445	DOID:0110511
MONDO_0012445	DOID:0110511
MONDO:0012448	DOID:0110784
MONDO_0012448	DOID:0110784
MONDO:0012449	DOID:0050973
MONDO_0012449	DOID:0050973
MONDO:0012450	DOID:0050977
MONDO_0012450	DOID:0050977
MONDO:0012452	DOID:0110516
MONDO_0012452	DOID:0110516
MONDO:0012453	DOID:0110782
MONDO_0012453	DOID:0110782
MONDO:0012455	DOID:0080597
MONDO_0012455	DOID:0080597
MONDO:0012456	DOID:0080607
MONDO_0012456	DOID:0080607
MONDO:0012456	DOID:11367
MONDO_0012456	DOID:11367
MONDO:0012460	DOID:0110518
MONDO_0012460	DOID:0110518
MONDO:0012463	DOID:0110357
MONDO_0012463	DOID:0110357
MONDO:0012464	DOID:0111017
MONDO_0012464	DOID:0111017
MONDO:0012467	DOID:0080330
MONDO_0012467	DOID:0080330
MONDO:0012474	DOID:0060685
MONDO_0012474	DOID:0060685
MONDO:0012474	DOID:0081119
MONDO_0012474	DOID:0081119
MONDO:0012475	DOID:0081022
MONDO_0012475	DOID:0081022
MONDO:0012476	DOID:0110781
MONDO_0012476	DOID:0110781
MONDO:0012477	DOID:0110366
MONDO_0012477	DOID:0110366
MONDO:0012478	DOID:0080402
MONDO_0012478	DOID:0080402
MONDO:0012479	DOID:0060779
MONDO_0012479	DOID:0060779
MONDO:0012480	DOID:0061174
MONDO_0012480	DOID:0061174
MONDO:0012481	DOID:0050452
MONDO_0012481	DOID:0050452
MONDO:0012483	DOID:0111018
MONDO_0012483	DOID:0111018
MONDO:0012485	DOID:0110519
MONDO_0012485	DOID:0110519
MONDO:0012487	DOID:0080629
MONDO_0012487	DOID:0080629
MONDO:0012489	DOID:0110271
MONDO_0012489	DOID:0110271
MONDO:0012495	DOID:0080576
MONDO_0012495	DOID:0080576
MONDO:0012497	DOID:0110715
MONDO_0012497	DOID:0110715
MONDO:0012498	DOID:0110862
MONDO_0012498	DOID:0110862
MONDO:0012502	DOID:0080170
MONDO_0012502	DOID:0080170
MONDO:0012503	DOID:0061004
MONDO_0012503	DOID:0061004
MONDO:0012503	DOID:0080172
MONDO_0012503	DOID:0080172
MONDO:0012504	DOID:0111160
MONDO_0012504	DOID:0111160
MONDO:0012505	DOID:0070547
MONDO_0012505	DOID:0070547
MONDO:0012506	DOID:0110082
MONDO_0012506	DOID:0110082
MONDO:0012507	DOID:0081023
MONDO_0012507	DOID:0081023
MONDO:0012509	DOID:0070546
MONDO_0012509	DOID:0070546
MONDO:0012510	DOID:0111483
MONDO_0012510	DOID:0111483
MONDO:0012511	DOID:0111144
MONDO_0012511	DOID:0111144
MONDO:0012512	DOID:0111486
MONDO_0012512	DOID:0111486
MONDO:0012513	DOID:0111106
MONDO_0012513	DOID:0111106
MONDO:0012514	DOID:0060793
MONDO_0012514	DOID:0060793
MONDO:0012516	DOID:0080196
MONDO_0012516	DOID:0080196
MONDO:0012517	DOID:0110961
MONDO_0012517	DOID:0110961
MONDO:0012518	DOID:0110660
MONDO_0012518	DOID:0110660
MONDO:0012522	DOID:0061172
MONDO_0012522	DOID:0061172
MONDO:0012523	DOID:0110405
MONDO_0012523	DOID:0110405
MONDO:0012525	DOID:0110080
MONDO_0012525	DOID:0110080
MONDO:0012526	DOID:0080940
MONDO_0012526	DOID:0080940
MONDO:0012527	DOID:0110249
MONDO_0012527	DOID:0110249
MONDO:0012528	DOID:0090077
MONDO_0012528	DOID:0090077
MONDO:0012529	DOID:0111887
MONDO_0012529	DOID:0111887
MONDO:0012531	DOID:0110850
MONDO_0012531	DOID:0110850
MONDO:0012534	DOID:0111494
MONDO_0012534	DOID:0111494
MONDO:0012536	DOID:0110337
MONDO_0012536	DOID:0110337
MONDO:0012538	DOID:0110934
MONDO_0012538	DOID:0110934
MONDO:0012539	DOID:0111001
MONDO_0012539	DOID:0111001
MONDO:0012540	DOID:0110017
MONDO_0012540	DOID:0110017
MONDO:0012542	DOID:0111288
MONDO_0012542	DOID:0111288
MONDO:0012543	DOID:0111438
MONDO_0012543	DOID:0111438
MONDO:0012544	DOID:0050689
MONDO_0012544	DOID:0050689
MONDO:0012546	DOID:0080382
MONDO_0012546	DOID:0080382
MONDO:0012547	DOID:0060582
MONDO_0012547	DOID:0060582
MONDO:0012548	DOID:0112133
MONDO_0012548	DOID:0112133
MONDO:0012549	DOID:0111618
MONDO_0012549	DOID:0111618
MONDO:0012552	DOID:0080137
MONDO_0012552	DOID:0080137
MONDO:0012553	DOID:0080912
MONDO_0012553	DOID:0080912
MONDO:0012554	DOID:0080914
MONDO_0012554	DOID:0080914
MONDO:0012555	DOID:0080507
MONDO_0012555	DOID:0080507
MONDO:0012556	DOID:0080565
MONDO_0012556	DOID:0080565
MONDO:0012561	DOID:0080206
MONDO_0012561	DOID:0080206
MONDO:0012562	DOID:0110876
MONDO_0012562	DOID:0110876
MONDO:0012563	DOID:0110873
MONDO_0012563	DOID:0110873
MONDO:0012565	DOID:0111094
MONDO_0012565	DOID:0111094
MONDO:0012571	DOID:0110606
MONDO_0012571	DOID:0110606
MONDO:0012574	DOID:0060853
MONDO_0012574	DOID:0060853
MONDO:0012575	DOID:0111424
MONDO_0012575	DOID:0111424
MONDO:0012581	DOID:0110336
MONDO_0012581	DOID:0110336
MONDO:0012588	DOID:0110722
MONDO_0012588	DOID:0110722
MONDO:0012589	DOID:0060488
MONDO_0012589	DOID:0060488
MONDO:0012590	DOID:0060590
MONDO_0012590	DOID:0060590
MONDO:0012591	DOID:0110344
MONDO_0012591	DOID:0110344
MONDO:0012592	DOID:0110351
MONDO_0012592	DOID:0110351
MONDO:0012594	DOID:0050419
MONDO_0012594	DOID:0050419
MONDO:0012596	DOID:0050723
MONDO_0012596	DOID:0050723
MONDO:0012602	DOID:0110482
MONDO_0012602	DOID:0110482
MONDO:0012603	DOID:0090054
MONDO_0012603	DOID:0090054
MONDO:0012604	DOID:0060842
MONDO_0012604	DOID:0060842
MONDO:0012605	DOID:0060837
MONDO_0012605	DOID:0060837
MONDO:0012608	DOID:0111213
MONDO_0012608	DOID:0111213
MONDO:0012609	DOID:0110045
MONDO_0012609	DOID:0110045
MONDO:0012610	DOID:0110885
MONDO_0012610	DOID:0110885
MONDO:0012611	DOID:0070511
MONDO_0012611	DOID:0070511
MONDO:0012612	DOID:0081180
MONDO_0012612	DOID:0081180
MONDO:0012613	DOID:0081181
MONDO_0012613	DOID:0081181
MONDO:0012614	DOID:0081182
MONDO_0012614	DOID:0081182
MONDO:0012615	DOID:0081183
MONDO_0012615	DOID:0081183
MONDO:0012617	DOID:0081184
MONDO_0012617	DOID:0081184
MONDO:0012618	DOID:0081185
MONDO_0012618	DOID:0081185
MONDO:0012619	DOID:0081186
MONDO_0012619	DOID:0081186
MONDO:0012623	DOID:0081187
MONDO_0012623	DOID:0081187
MONDO:0012624	DOID:0112072
MONDO_0012624	DOID:0112072
MONDO:0012625	DOID:0110399
MONDO_0012625	DOID:0110399
MONDO:0012626	DOID:0070118
MONDO_0012626	DOID:0070118
MONDO:0012627	DOID:0111314
MONDO_0012627	DOID:0111314
MONDO:0012629	DOID:0090047
MONDO_0012629	DOID:0090047
MONDO:0012630	DOID:0110046
MONDO_0012630	DOID:0110046
MONDO:0012631	DOID:0110047
MONDO_0012631	DOID:0110047
MONDO:0012635	DOID:0070260
MONDO_0012635	DOID:0070260
MONDO:0012637	DOID:0070259
MONDO_0012637	DOID:0070259
MONDO:0012638	DOID:0111812
MONDO_0012638	DOID:0111812
MONDO:0012639	DOID:0110771
MONDO_0012639	DOID:0110771
MONDO:0012640	DOID:0110184
MONDO_0012640	DOID:0110184
MONDO:0012643	DOID:0110783
MONDO_0012643	DOID:0110783
MONDO:0012644	DOID:0110086
MONDO_0012644	DOID:0110086
MONDO:0012650	DOID:0061090
MONDO_0012650	DOID:0061090
MONDO:0012651	DOID:0050941
MONDO_0012651	DOID:0050941
MONDO:0012652	DOID:0110284
MONDO_0012652	DOID:0110284
MONDO:0012654	DOID:0110109
MONDO_0012654	DOID:0110109
MONDO:0012655	DOID:0111327
MONDO_0012655	DOID:0111327
MONDO:0012656	DOID:0060653
MONDO_0012656	DOID:0060653
MONDO:0012658	DOID:0110975
MONDO_0012658	DOID:0110975
MONDO:0012659	DOID:0110021
MONDO_0012659	DOID:0110021
MONDO:0012662	DOID:0110840
MONDO_0012662	DOID:0110840
MONDO:0012664	DOID:0050942
MONDO_0012664	DOID:0050942
MONDO:0012665	DOID:0110264
MONDO_0012665	DOID:0110264
MONDO:0012667	DOID:0110446
MONDO_0012667	DOID:0110446
MONDO:0012669	DOID:0070484
MONDO_0012669	DOID:0070484
MONDO:0012670	DOID:0110515
MONDO_0012670	DOID:0110515
MONDO:0012671	DOID:0111430
MONDO_0012671	DOID:0111430
MONDO:0012672	DOID:10211
MONDO_0012672	DOID:10211
MONDO:0012674	DOID:0110022
MONDO_0012674	DOID:0110022
MONDO:0012675	DOID:0090030
MONDO_0012675	DOID:0090030
MONDO:0012676	DOID:0110944
MONDO_0012676	DOID:0110944
MONDO:0012679	DOID:0110945
MONDO_0012679	DOID:0110945
MONDO:0012680	DOID:0111116
MONDO_0012680	DOID:0111116
MONDO:0012681	DOID:0111311
MONDO_0012681	DOID:0111311
MONDO:0012682	DOID:0111989
MONDO_0012682	DOID:0111989
MONDO:0012683	DOID:0060275
MONDO_0012683	DOID:0060275
MONDO:0012684	DOID:0110083
MONDO_0012684	DOID:0110083
MONDO:0012688	DOID:0110270
MONDO_0012688	DOID:0110270
MONDO:0012689	DOID:0080862
MONDO_0012689	DOID:0080862
MONDO:0012690	DOID:0060583
MONDO_0012690	DOID:0060583
MONDO:0012691	DOID:0080549
MONDO_0012691	DOID:0080549
MONDO:0012694	DOID:0111002
MONDO_0012694	DOID:0111002
MONDO:0012695	DOID:0070119
MONDO_0012695	DOID:0070119
MONDO:0012696	DOID:0060923
MONDO_0012696	DOID:0060923
MONDO:0012697	DOID:0060925
MONDO_0012697	DOID:0060925
MONDO:0012698	DOID:0110956
MONDO_0012698	DOID:0110956
MONDO:0012699	DOID:0110296
MONDO_0012699	DOID:0110296
MONDO:0012701	DOID:0110239
MONDO_0012701	DOID:0110239
MONDO:0012704	DOID:0110444
MONDO_0012704	DOID:0110444
MONDO:0012705	DOID:0060750
MONDO_0012705	DOID:0060750
MONDO:0012706	DOID:0060753
MONDO_0012706	DOID:0060753
MONDO:0012707	DOID:0111303
MONDO_0012707	DOID:0111303
MONDO:0012713	DOID:0112302
MONDO_0012713	DOID:0112302
MONDO:0012714	DOID:0081341
MONDO_0012714	DOID:0081341
MONDO:0012716	DOID:0112287
MONDO_0012716	DOID:0112287
MONDO:0012717	DOID:0060882
MONDO_0012717	DOID:0060882
MONDO:0012718	DOID:0111473
MONDO_0012718	DOID:0111473
MONDO:0012719	DOID:0111330
MONDO_0012719	DOID:0111330
MONDO:0012721	DOID:0111446
MONDO_0012721	DOID:0111446
MONDO:0012723	DOID:0110291
MONDO_0012723	DOID:0110291
MONDO:0012724	DOID:0090063
MONDO_0012724	DOID:0090063
MONDO:0012727	DOID:13378
MONDO_0012727	DOID:13378
MONDO:0012728	DOID:0110219
MONDO_0012728	DOID:0110219
MONDO:0012729	DOID:0080339
MONDO_0012729	DOID:0080339
MONDO:0012733	DOID:0050662
MONDO_0012733	DOID:0050662
MONDO:0012736	DOID:0110650
MONDO_0012736	DOID:0110650
MONDO:0012737	DOID:0110651
MONDO_0012737	DOID:0110651
MONDO:0012738	DOID:0110652
MONDO_0012738	DOID:0110652
MONDO:0012740	DOID:0060413
MONDO_0012740	DOID:0060413
MONDO:0012742	DOID:0110220
MONDO_0012742	DOID:0110220
MONDO:0012743	DOID:0110221
MONDO_0012743	DOID:0110221
MONDO:0012744	DOID:0110457
MONDO_0012744	DOID:0110457
MONDO:0012745	DOID:0110434
MONDO_0012745	DOID:0110434
MONDO:0012746	DOID:0110460
MONDO_0012746	DOID:0110460
MONDO:0012748	DOID:0110605
MONDO_0012748	DOID:0110605
MONDO:0012752	DOID:0080969
MONDO_0012752	DOID:0080969
MONDO:0012753	DOID:0060200
MONDO_0012753	DOID:0060200
MONDO:0012755	DOID:0050995
MONDO_0012755	DOID:0050995
MONDO:0012756	DOID:0070515
MONDO_0012756	DOID:0070515
MONDO:0012760	DOID:0111320
MONDO_0012760	DOID:0111320
MONDO:0012761	DOID:0060459
MONDO_0012761	DOID:0060459
MONDO:0012762	DOID:0060676
MONDO_0012762	DOID:0060676
MONDO:0012764	DOID:0090113
MONDO_0012764	DOID:0090113
MONDO:0012765	DOID:0070211
MONDO_0012765	DOID:0070211
MONDO:0012766	DOID:0110788
MONDO_0012766	DOID:0110788
MONDO:0012767	DOID:0110023
MONDO_0012767	DOID:0110023
MONDO:0012774	DOID:0060394
MONDO_0012774	DOID:0060394
MONDO:0012783	DOID:0080566
MONDO_0012783	DOID:0080566
MONDO:0012784	DOID:0070241
MONDO_0012784	DOID:0070241
MONDO:0012786	DOID:0070353
MONDO_0012786	DOID:0070353
MONDO:0012787	DOID:0110790
MONDO_0012787	DOID:0110790
MONDO:0012789	DOID:0090048
MONDO_0012789	DOID:0090048
MONDO:0012790	DOID:0060201
MONDO_0012790	DOID:0060201
MONDO:0012791	DOID:0080124
MONDO_0012791	DOID:0080124
MONDO:0012792	DOID:0070331
MONDO_0012792	DOID:0070331
MONDO:0012792	DOID:0080127
MONDO_0012792	DOID:0080127
MONDO:0012794	DOID:0112244
MONDO_0012794	DOID:0112244
MONDO:0012796	DOID:0110376
MONDO_0012796	DOID:0110376
MONDO:0012797	DOID:0060926
MONDO_0012797	DOID:0060926
MONDO:0012799	DOID:0110317
MONDO_0012799	DOID:0110317
MONDO:0012802	DOID:0060482
MONDO_0012802	DOID:0060482
MONDO:0012804	DOID:0110318
MONDO_0012804	DOID:0110318
MONDO:0012805	DOID:0090045
MONDO_0012805	DOID:0090045
MONDO:0012806	DOID:0081079
MONDO_0012806	DOID:0081079
MONDO:0012808	DOID:0110428
MONDO_0012808	DOID:0110428
MONDO:0012810	DOID:0080970
MONDO_0012810	DOID:0080970
MONDO:0012811	DOID:0080971
MONDO_0012811	DOID:0080971
MONDO:0012812	DOID:0080436
MONDO_0012812	DOID:0080436
MONDO:0012813	DOID:0110378
MONDO_0012813	DOID:0110378
MONDO:0012817	DOID:3369
MONDO_0012817	DOID:3369
MONDO:0012818	DOID:0111107
MONDO_0012818	DOID:0111107
MONDO:0012819	DOID:1837
MONDO_0012819	DOID:1837
MONDO:0012824	DOID:0060789
MONDO_0012824	DOID:0060789
MONDO:0012825	DOID:6496
MONDO_0012825	DOID:6496
MONDO:0012829	DOID:0110887
MONDO_0012829	DOID:0110887
MONDO:0012830	DOID:0060389
MONDO_0012830	DOID:0060389
MONDO:0012831	DOID:0110893
MONDO_0012831	DOID:0110893
MONDO:0012832	DOID:0110895
MONDO_0012832	DOID:0110895
MONDO:0012833	DOID:0111161
MONDO_0012833	DOID:0111161
MONDO:0012837	DOID:0110897
MONDO_0012837	DOID:0110897
MONDO:0012838	DOID:0110896
MONDO_0012838	DOID:0110896
MONDO:0012840	DOID:0110883
MONDO_0012840	DOID:0110883
MONDO:0012841	DOID:0110888
MONDO_0012841	DOID:0110888
MONDO:0012844	DOID:0110616
MONDO_0012844	DOID:0110616
MONDO:0012845	DOID:0110890
MONDO_0012845	DOID:0110890
MONDO:0012846	DOID:0111300
MONDO_0012846	DOID:0111300
MONDO:0012847	DOID:0060715
MONDO_0012847	DOID:0060715
MONDO:0012848	DOID:0070120
MONDO_0012848	DOID:0070120
MONDO:0012849	DOID:0111004
MONDO_0012849	DOID:0111004
MONDO:0012850	DOID:0080077
MONDO_0012850	DOID:0080077
MONDO:0012851	DOID:0080078
MONDO_0012851	DOID:0080078
MONDO:0012852	DOID:0110898
MONDO_0012852	DOID:0110898
MONDO:0012853	DOID:0051067
MONDO_0012853	DOID:0051067
MONDO:0012855	DOID:0111003
MONDO_0012855	DOID:0111003
MONDO:0012856	DOID:0050675
MONDO_0012856	DOID:0050675
MONDO:0012859	DOID:0110946
MONDO_0012859	DOID:0110946
MONDO:0012860	DOID:0111904
MONDO_0012860	DOID:0111904
MONDO:0012861	DOID:0080863
MONDO_0012861	DOID:0080863
MONDO:0012864	DOID:0060428
MONDO_0012864	DOID:0060428
MONDO:0012866	DOID:0110786
MONDO_0012866	DOID:0110786
MONDO:0012867	DOID:0110789
MONDO_0012867	DOID:0110789
MONDO:0012868	DOID:0111900
MONDO_0012868	DOID:0111900
MONDO:0012869	DOID:0070052
MONDO_0012869	DOID:0070052
MONDO:0012870	DOID:0060416
MONDO_0012870	DOID:0060416
MONDO:0012872	DOID:0111906
MONDO_0012872	DOID:0111906
MONDO:0012873	DOID:0080739
MONDO_0012873	DOID:0080739
MONDO:0012875	DOID:0110906
MONDO_0012875	DOID:0110906
MONDO:0012876	DOID:0111901
MONDO_0012876	DOID:0111901
MONDO:0012879	DOID:0070090
MONDO_0012879	DOID:0070090
MONDO:0012880	DOID:0090084
MONDO_0012880	DOID:0090084
MONDO:0012883	DOID:0060318
MONDO_0012883	DOID:0060318
MONDO:0012883	DOID:0081081
MONDO_0012883	DOID:0081081
MONDO:0012885	DOID:0080568
MONDO_0012885	DOID:0080568
MONDO:0012886	DOID:0110905
MONDO_0012886	DOID:0110905
MONDO:0012887	DOID:0110884
MONDO_0012887	DOID:0110884
MONDO:0012890	DOID:0060268
MONDO_0012890	DOID:0060268
MONDO:0012891	DOID:0060269
MONDO_0012891	DOID:0060269
MONDO:0012892	DOID:0061197
MONDO_0012892	DOID:0061197
MONDO:0012895	DOID:0090042
MONDO_0012895	DOID:0090042
MONDO:0012896	DOID:0111289
MONDO_0012896	DOID:0111289
MONDO:0012897	DOID:2229
MONDO_0012897	DOID:2229
MONDO:0012900	DOID:0111427
MONDO_0012900	DOID:0111427
MONDO:0012902	DOID:0110556
MONDO_0012902	DOID:0110556
MONDO:0012903	DOID:0110502
MONDO_0012903	DOID:0110502
MONDO:0012904	DOID:0111448
MONDO_0012904	DOID:0111448
MONDO:0012905	DOID:0060798
MONDO_0012905	DOID:0060798
MONDO:0012906	DOID:0110622
MONDO_0012906	DOID:0110622
MONDO:0012908	DOID:0060299
MONDO_0012908	DOID:0060299
MONDO:0012911	DOID:0051013
MONDO_0012911	DOID:0051013
MONDO:0012912	DOID:4183
MONDO_0012912	DOID:4183
MONDO:0012914	DOID:0060411
MONDO_0012914	DOID:0060411
MONDO:0012915	DOID:0060435
MONDO_0012915	DOID:0060435
MONDO:0012916	DOID:0060415
MONDO_0012916	DOID:0060415
MONDO:0012918	DOID:0110612
MONDO_0012918	DOID:0110612
MONDO:0012919	DOID:0110757
MONDO_0012919	DOID:0110757
MONDO:0012920	DOID:0110758
MONDO_0012920	DOID:0110758
MONDO:0012921	DOID:0110759
MONDO_0012921	DOID:0110759
MONDO:0012923	DOID:0111137
MONDO_0012923	DOID:0111137
MONDO:0012924	DOID:0111890
MONDO_0012924	DOID:0111890
MONDO:0012925	DOID:0111883
MONDO_0012925	DOID:0111883
MONDO:0012926	DOID:0110060
MONDO_0012926	DOID:0110060
MONDO:0012927	DOID:0060412
MONDO_0012927	DOID:0060412
MONDO:0012928	DOID:0110794
MONDO_0012928	DOID:0110794
MONDO:0012929	DOID:0080101
MONDO_0012929	DOID:0080101
MONDO:0012930	DOID:0112136
MONDO_0012930	DOID:0112136
MONDO:0012937	DOID:0111879
MONDO_0012937	DOID:0111879
MONDO:0012938	DOID:0111878
MONDO_0012938	DOID:0111878
MONDO:0012939	DOID:0111881
MONDO_0012939	DOID:0111881
MONDO:0012940	DOID:0110908
MONDO_0012940	DOID:0110908
MONDO:0012941	DOID:0110909
MONDO_0012941	DOID:0110909
MONDO:0012943	DOID:0110409
MONDO_0012943	DOID:0110409
MONDO:0012945	DOID:0060202
MONDO_0012945	DOID:0060202
MONDO:0012946	DOID:0070033
MONDO_0012946	DOID:0070033
MONDO:0012947	DOID:0070034
MONDO_0012947	DOID:0070034
MONDO:0012948	DOID:0060422
MONDO_0012948	DOID:0060422
MONDO:0012949	DOID:0080972
MONDO_0012949	DOID:0080972
MONDO:0012950	DOID:0080973
MONDO_0012950	DOID:0080973
MONDO:0012959	DOID:0111285
MONDO_0012959	DOID:0111285
MONDO:0012960	DOID:0070035
MONDO_0012960	DOID:0070035
MONDO:0012961	DOID:0110760
MONDO_0012961	DOID:0110760
MONDO:0012964	DOID:0060397
MONDO_0012964	DOID:0060397
MONDO:0012965	DOID:0081117
MONDO_0012965	DOID:0081117
MONDO:0012967	DOID:0051004
MONDO_0012967	DOID:0051004
MONDO:0012968	DOID:0110835
MONDO_0012968	DOID:0110835
MONDO:0012972	DOID:0111304
MONDO_0012972	DOID:0111304
MONDO:0012973	DOID:0110901
MONDO_0012973	DOID:0110901
MONDO:0012974	DOID:0110583
MONDO_0012974	DOID:0110583
MONDO:0012975	DOID:0110565
MONDO_0012975	DOID:0110565
MONDO:0012976	DOID:0110559
MONDO_0012976	DOID:0110559
MONDO:0012977	DOID:0110476
MONDO_0012977	DOID:0110476
MONDO:0012978	DOID:0110602
MONDO_0012978	DOID:0110602
MONDO:0012979	DOID:0110601
MONDO_0012979	DOID:0110601
MONDO:0012980	DOID:0060641
MONDO_0012980	DOID:0060641
MONDO:0012981	DOID:0110919
MONDO_0012981	DOID:0110919
MONDO:0012982	DOID:0050994
MONDO_0012982	DOID:0050994
MONDO:0012983	DOID:0111019
MONDO_0012983	DOID:0111019
MONDO:0012984	DOID:0080181
MONDO_0012984	DOID:0080181
MONDO:0012985	DOID:0110920
MONDO_0012985	DOID:0110920
MONDO:0012986	DOID:0080923
MONDO_0012986	DOID:0080923
MONDO:0012987	DOID:0081138
MONDO_0012987	DOID:0081138
MONDO:0012988	DOID:0090086
MONDO_0012988	DOID:0090086
MONDO:0012989	DOID:0070278
MONDO_0012989	DOID:0070278
MONDO:0012990	DOID:0110330
MONDO_0012990	DOID:0110330
MONDO:0012991	DOID:0050807
MONDO_0012991	DOID:0050807
MONDO:0012994	DOID:0111168
MONDO_0012994	DOID:0111168
MONDO:0012996	DOID:0050712
MONDO_0012996	DOID:0050712
MONDO:0012999	DOID:0050799
MONDO_0012999	DOID:0050799
MONDO:0013002	DOID:0111020
MONDO_0013002	DOID:0111020
MONDO:0013005	DOID:0060484
MONDO_0013005	DOID:0060484
MONDO:0013006	DOID:0060874
MONDO_0013006	DOID:0060874
MONDO:0013007	DOID:0111976
MONDO_0013007	DOID:0111976
MONDO:0013008	DOID:0111970
MONDO_0013008	DOID:0111970
MONDO:0013010	DOID:0110522
MONDO_0013010	DOID:0110522
MONDO:0013011	DOID:0110110
MONDO_0013011	DOID:0110110
MONDO:0013012	DOID:0110902
MONDO_0013012	DOID:0110902
MONDO:0013015	DOID:0110222
MONDO_0013015	DOID:0110222
MONDO:0013016	DOID:0110912
MONDO_0013016	DOID:0110912
MONDO:0013017	DOID:0110702
MONDO_0013017	DOID:0110702
MONDO:0013018	DOID:0080755
MONDO_0013018	DOID:0080755
MONDO:0013021	DOID:0061225
MONDO_0013021	DOID:0061225
MONDO:0013023	DOID:0080405
MONDO_0013023	DOID:0080405
MONDO:0013025	DOID:0060424
MONDO_0013025	DOID:0060424
MONDO:0013026	DOID:0060454
MONDO_0013026	DOID:0060454
MONDO:0013027	DOID:0060452
MONDO_0013027	DOID:0060452
MONDO:0013029	DOID:0111747
MONDO_0013029	DOID:0111747
MONDO:0013030	DOID:0110458
MONDO_0013030	DOID:0110458
MONDO:0013032	DOID:0111322
MONDO_0013032	DOID:0111322
MONDO:0013033	DOID:0081360
MONDO_0013033	DOID:0081360
MONDO:0013034	DOID:0081109
MONDO_0013034	DOID:0081109
MONDO:0013035	DOID:0060381
MONDO_0013035	DOID:0060381
MONDO:0013038	DOID:0080351
MONDO_0013038	DOID:0080351
MONDO:0013048	DOID:0110802
MONDO_0013048	DOID:0110802
MONDO:0013051	DOID:0070137
MONDO_0013051	DOID:0070137
MONDO:0013052	DOID:0110386
MONDO_0013052	DOID:0110386
MONDO:0013056	DOID:0080349
MONDO_0013056	DOID:0080349
MONDO:0013057	DOID:0111291
MONDO_0013057	DOID:0111291
MONDO:0013058	DOID:0081007
MONDO_0013058	DOID:0081007
MONDO:0013060	DOID:0060900
MONDO_0013060	DOID:0060900
MONDO:0013061	DOID:0080097
MONDO_0013061	DOID:0080097
MONDO:0013062	DOID:0110653
MONDO_0013062	DOID:0110653
MONDO:0013064	DOID:0081319
MONDO_0013064	DOID:0081319
MONDO:0013065	DOID:0080864
MONDO_0013065	DOID:0080864
MONDO:0013066	DOID:0111772
MONDO_0013066	DOID:0111772
MONDO:0013067	DOID:0110230
MONDO_0013067	DOID:0110230
MONDO:0013069	DOID:0111437
MONDO_0013069	DOID:0111437
MONDO:0013070	DOID:0070173
MONDO_0013070	DOID:0070173
MONDO:0013071	DOID:0070249
MONDO_0013071	DOID:0070249
MONDO:0013072	DOID:0070250
MONDO_0013072	DOID:0070250
MONDO:0013073	DOID:0111709
MONDO_0013073	DOID:0111709
MONDO:0013078	DOID:0110761
MONDO_0013078	DOID:0110761
MONDO:0013079	DOID:0070359
MONDO_0013079	DOID:0070359
MONDO:0013080	DOID:0070360
MONDO_0013080	DOID:0070360
MONDO:0013081	DOID:0060707
MONDO_0013081	DOID:0060707
MONDO:0013087	DOID:0080527
MONDO_0013087	DOID:0080527
MONDO:0013089	DOID:0070089
MONDO_0013089	DOID:0070089
MONDO:0013090	DOID:0060408
MONDO_0013090	DOID:0060408
MONDO:0013091	DOID:0111043
MONDO_0013091	DOID:0111043
MONDO:0013103	DOID:0111292
MONDO_0013103	DOID:0111292
MONDO:0013107	DOID:0110103
MONDO_0013107	DOID:0110103
MONDO:0013110	DOID:0050719
MONDO_0013110	DOID:0050719
MONDO:0013111	DOID:0080778
MONDO_0013111	DOID:0080778
MONDO:0013112	DOID:0080528
MONDO_0013112	DOID:0080528
MONDO:0013114	DOID:0110576
MONDO_0013114	DOID:0110576
MONDO:0013117	DOID:0111518
MONDO_0013117	DOID:0111518
MONDO:0013119	DOID:0110525
MONDO_0013119	DOID:0110525
MONDO:0013120	DOID:0111776
MONDO_0013120	DOID:0111776
MONDO:0013123	DOID:0110111
MONDO_0013123	DOID:0110111
MONDO:0013127	DOID:0050549
MONDO_0013127	DOID:0050549
MONDO:0013127	DOID:0110087
MONDO_0013127	DOID:0110087
MONDO:0013128	DOID:0061119
MONDO_0013128	DOID:0061119
MONDO:0013130	DOID:0060836
MONDO_0013130	DOID:0060836
MONDO:0013131	DOID:0110859
MONDO_0013131	DOID:0110859
MONDO:0013132	DOID:0110787
MONDO_0013132	DOID:0110787
MONDO:0013135	DOID:0110925
MONDO_0013135	DOID:0110925
MONDO:0013139	DOID:0112131
MONDO_0013139	DOID:0112131
MONDO:0013142	DOID:0070150
MONDO_0013142	DOID:0070150
MONDO:0013143	DOID:0111903
MONDO_0013143	DOID:0111903
MONDO:0013144	DOID:3755
MONDO_0013144	DOID:3755
MONDO:0013145	DOID:0110223
MONDO_0013145	DOID:0110223
MONDO:0013146	DOID:0110224
MONDO_0013146	DOID:0110224
MONDO:0013147	DOID:0110424
MONDO_0013147	DOID:0110424
MONDO:0013148	DOID:0110225
MONDO_0013148	DOID:0110225
MONDO:0013153	DOID:0110899
MONDO_0013153	DOID:0110899
MONDO:0013154	DOID:0111240
MONDO_0013154	DOID:0111240
MONDO:0013155	DOID:0112378
MONDO_0013155	DOID:0112378
MONDO:0013156	DOID:0112379
MONDO_0013156	DOID:0112379
MONDO:0013157	DOID:0111241
MONDO_0013157	DOID:0111241
MONDO:0013158	DOID:0111242
MONDO_0013158	DOID:0111242
MONDO:0013159	DOID:0050588
MONDO_0013159	DOID:0050588
MONDO:0013160	DOID:0112380
MONDO_0013160	DOID:0112380
MONDO:0013161	DOID:0110292
MONDO_0013161	DOID:0110292
MONDO:0013162	DOID:0110298
MONDO_0013162	DOID:0110298
MONDO:0013163	DOID:0111117
MONDO_0013163	DOID:0111117
MONDO:0013165	DOID:0110797
MONDO_0013165	DOID:0110797
MONDO:0013166	DOID:0060174
MONDO_0013166	DOID:0060174
MONDO:0013168	DOID:0110447
MONDO_0013168	DOID:0110447
MONDO:0013169	DOID:0060460
MONDO_0013169	DOID:0060460
MONDO:0013170	DOID:0070139
MONDO_0013170	DOID:0070139
MONDO:0013171	DOID:5813
MONDO_0013171	DOID:5813
MONDO:0013173	DOID:0081098
MONDO_0013173	DOID:0081098
MONDO:0013174	DOID:0110618
MONDO_0013174	DOID:0110618
MONDO:0013175	DOID:0110396
MONDO_0013175	DOID:0110396
MONDO:0013176	DOID:0061276
MONDO_0013176	DOID:0061276
MONDO:0013177	DOID:0110639
MONDO_0013177	DOID:0110639
MONDO:0013178	DOID:0110640
MONDO_0013178	DOID:0110640
MONDO:0013179	DOID:0110796
MONDO_0013179	DOID:0110796
MONDO:0013181	DOID:0110061
MONDO_0013181	DOID:0110061
MONDO:0013182	DOID:0060432
MONDO_0013182	DOID:0060432
MONDO:0013183	DOID:0110867
MONDO_0013183	DOID:0110867
MONDO:0013184	DOID:0060776
MONDO_0013184	DOID:0060776
MONDO:0013186	DOID:0060584
MONDO_0013186	DOID:0060584
MONDO:0013188	DOID:0070558
MONDO_0013188	DOID:0070558
MONDO:0013189	DOID:0050587
MONDO_0013189	DOID:0050587
MONDO:0013191	DOID:0111130
MONDO_0013191	DOID:0111130
MONDO:0013192	DOID:0080605
MONDO_0013192	DOID:0080605
MONDO:0013195	DOID:0110319
MONDO_0013195	DOID:0110319
MONDO:0013196	DOID:0070270
MONDO_0013196	DOID:0070270
MONDO:0013197	DOID:0110320
MONDO_0013197	DOID:0110320
MONDO:0013198	DOID:0110453
MONDO_0013198	DOID:0110453
MONDO:0013199	DOID:0080325
MONDO_0013199	DOID:0080325
MONDO:0013200	DOID:0110321
MONDO_0013200	DOID:0110321
MONDO:0013201	DOID:0110954
MONDO_0013201	DOID:0110954
MONDO:0013202	DOID:0110955
MONDO_0013202	DOID:0110955
MONDO:0013208	DOID:0080536
MONDO_0013208	DOID:0080536
MONDO:0013209	DOID:0080208
MONDO_0013209	DOID:0080208
MONDO:0013209	DOID:0080546
MONDO_0013209	DOID:0080546
MONDO:0013210	DOID:0110483
MONDO_0013210	DOID:0110483
MONDO:0013211	DOID:0110459
MONDO_0013211	DOID:0110459
MONDO:0013212	DOID:0110177
MONDO_0013212	DOID:0110177
MONDO:0013215	DOID:0110526
MONDO_0013215	DOID:0110526
MONDO:0013216	DOID:0111884
MONDO_0013216	DOID:0111884
MONDO:0013217	DOID:0111888
MONDO_0013217	DOID:0111888
MONDO:0013218	DOID:0111408
MONDO_0013218	DOID:0111408
MONDO:0013220	DOID:0111032
MONDO_0013220	DOID:0111032
MONDO:0013221	DOID:0070200
MONDO_0013221	DOID:0070200
MONDO:0013222	DOID:0070201
MONDO_0013222	DOID:0070201
MONDO:0013223	DOID:0112304
MONDO_0013223	DOID:0112304
MONDO:0013224	DOID:0060997
MONDO_0013224	DOID:0060997
MONDO:0013225	DOID:0111138
MONDO_0013225	DOID:0111138
MONDO:0013229	DOID:0081104
MONDO_0013229	DOID:0081104
MONDO:0013230	DOID:0081107
MONDO_0013230	DOID:0081107
MONDO:0013231	DOID:0110188
MONDO_0013231	DOID:0110188
MONDO:0013238	DOID:0060405
MONDO_0013238	DOID:0060405
MONDO:0013239	DOID:0110793
MONDO_0013239	DOID:0110793
MONDO:0013240	DOID:0111108
MONDO_0013240	DOID:0111108
MONDO:0013241	DOID:0050979
MONDO_0013241	DOID:0050979
MONDO:0013242	DOID:0111109
MONDO_0013242	DOID:0111109
MONDO:0013243	DOID:0111209
MONDO_0013243	DOID:0111209
MONDO:0013244	DOID:0110976
MONDO_0013244	DOID:0110976
MONDO:0013247	DOID:0080758
MONDO_0013247	DOID:0080758
MONDO:0013248	DOID:0111096
MONDO_0013248	DOID:0111096
MONDO:0013249	DOID:0110529
MONDO_0013249	DOID:0110529
MONDO:0013250	DOID:0110531
MONDO_0013250	DOID:0110531
MONDO:0013252	DOID:0060535
MONDO_0013252	DOID:0060535
MONDO:0013254	DOID:0080457
MONDO_0013254	DOID:0080457
MONDO:0013255	DOID:0111354
MONDO_0013255	DOID:0111354
MONDO:0013256	DOID:0060395
MONDO_0013256	DOID:0060395
MONDO:0013259	DOID:0110713
MONDO_0013259	DOID:0110713
MONDO:0013261	DOID:0110456
MONDO_0013261	DOID:0110456
MONDO:0013262	DOID:0110454
MONDO_0013262	DOID:0110454
MONDO:0013263	DOID:0110364
MONDO_0013263	DOID:0110364
MONDO:0013264	DOID:0060203
MONDO_0013264	DOID:0060203
MONDO:0013266	DOID:0070050
MONDO_0013266	DOID:0070050
MONDO:0013267	DOID:0060398
MONDO_0013267	DOID:0060398
MONDO:0013268	DOID:0081046
MONDO_0013268	DOID:0081046
MONDO:0013269	DOID:0110536
MONDO_0013269	DOID:0110536
MONDO:0013271	DOID:0081047
MONDO_0013271	DOID:0081047
MONDO:0013272	DOID:0060392
MONDO_0013272	DOID:0060392
MONDO:0013273	DOID:0060431
MONDO_0013273	DOID:0060431
MONDO:0013274	DOID:0110398
MONDO_0013274	DOID:0110398
MONDO:0013275	DOID:0051005
MONDO_0013275	DOID:0051005
MONDO:0013277	DOID:0080438
MONDO_0013277	DOID:0080438
MONDO:0013278	DOID:0070208
MONDO_0013278	DOID:0070208
MONDO:0013279	DOID:0110654
MONDO_0013279	DOID:0110654
MONDO:0013280	DOID:5363
MONDO_0013280	DOID:5363
MONDO:0013280	DOID:5709
MONDO_0013280	DOID:5709
MONDO:0013281	DOID:0070262
MONDO_0013281	DOID:0070262
MONDO:0013282	DOID:13372
MONDO_0013282	DOID:13372
MONDO:0013283	DOID:0081146
MONDO_0013283	DOID:0081146
MONDO:0013284	DOID:0081147
MONDO_0013284	DOID:0081147
MONDO:0013285	DOID:0081148
MONDO_0013285	DOID:0081148
MONDO:0013286	DOID:0081149
MONDO_0013286	DOID:0081149
MONDO:0013287	DOID:0060024
MONDO_0013287	DOID:0060024
MONDO:0013287	DOID:0081135
MONDO_0013287	DOID:0081135
MONDO:0013288	DOID:0081137
MONDO_0013288	DOID:0081137
MONDO:0013289	DOID:0060027
MONDO_0013289	DOID:0060027
MONDO:0013290	DOID:0080588
MONDO_0013290	DOID:0080588
MONDO:0013291	DOID:0050579
MONDO_0013291	DOID:0050579
MONDO:0013292	DOID:0060420
MONDO_0013292	DOID:0060420
MONDO:0013293	DOID:0060835
MONDO_0013293	DOID:0060835
MONDO:0013294	DOID:0110104
MONDO_0013294	DOID:0110104
MONDO:0013295	DOID:0110105
MONDO_0013295	DOID:0110105
MONDO:0013296	DOID:0080167
MONDO_0013296	DOID:0080167
MONDO:0013297	DOID:0110303
MONDO_0013297	DOID:0110303
MONDO:0013298	DOID:0060434
MONDO_0013298	DOID:0060434
MONDO:0013299	DOID:0060423
MONDO_0013299	DOID:0060423
MONDO:0013302	DOID:0111118
MONDO_0013302	DOID:0111118
MONDO:0013304	DOID:0060574
MONDO_0013304	DOID:0060574
MONDO:0013305	DOID:0110577
MONDO_0013305	DOID:0110577
MONDO:0013306	DOID:0111487
MONDO_0013306	DOID:0111487
MONDO:0013307	DOID:0111186
MONDO_0013307	DOID:0111186
MONDO:0013309	DOID:0060414
MONDO_0013309	DOID:0060414
MONDO:0013310	DOID:0080925
MONDO_0013310	DOID:0080925
MONDO:0013312	DOID:0110370
MONDO_0013312	DOID:0110370
MONDO:0013314	DOID:0110371
MONDO_0013314	DOID:0110371
MONDO:0013315	DOID:0110407
MONDO_0013315	DOID:0110407
MONDO:0013316	DOID:0050578
MONDO_0013316	DOID:0050578
MONDO:0013320	DOID:0060400
MONDO_0013320	DOID:0060400
MONDO:0013322	DOID:0111695
MONDO_0013322	DOID:0111695
MONDO:0013323	DOID:0080804
MONDO_0013323	DOID:0080804
MONDO:0013325	DOID:0070261
MONDO_0013325	DOID:0070261
MONDO:0013326	DOID:0061281
MONDO_0013326	DOID:0061281
MONDO:0013327	DOID:0111672
MONDO_0013327	DOID:0111672
MONDO:0013328	DOID:0110362
MONDO_0013328	DOID:0110362
MONDO:0013334	DOID:0060647
MONDO_0013334	DOID:0060647
MONDO:0013336	DOID:0060426
MONDO_0013336	DOID:0060426
MONDO:0013337	DOID:0070157
MONDO_0013337	DOID:0070157
MONDO:0013338	DOID:0110204
MONDO_0013338	DOID:0110204
MONDO:0013339	DOID:0110435
MONDO_0013339	DOID:0110435
MONDO:0013341	DOID:0060741
MONDO_0013341	DOID:0060741
MONDO:0013342	DOID:0110800
MONDO_0013342	DOID:0110800
MONDO:0013345	DOID:0111352
MONDO_0013345	DOID:0111352
MONDO:0013348	DOID:0111021
MONDO_0013348	DOID:0111021
MONDO:0013349	DOID:0080567
MONDO_0013349	DOID:0080567
MONDO:0013350	DOID:0080123
MONDO_0013350	DOID:0080123
MONDO:0013351	DOID:0111262
MONDO_0013351	DOID:0111262
MONDO:0013352	DOID:0111331
MONDO_0013352	DOID:0111331
MONDO:0013354	DOID:0050943
MONDO_0013354	DOID:0050943
MONDO:0013355	DOID:0111400
MONDO_0013355	DOID:0111400
MONDO:0013357	DOID:0060403
MONDO_0013357	DOID:0060403
MONDO:0013358	DOID:0070010
MONDO_0013358	DOID:0070010
MONDO:0013359	DOID:0061248
MONDO_0013359	DOID:0061248
MONDO:0013361	DOID:2235
MONDO_0013361	DOID:2235
MONDO:0013363	DOID:0060458
MONDO_0013363	DOID:0060458
MONDO:0013365	DOID:0110528
MONDO_0013365	DOID:0110528
MONDO:0013366	DOID:0112364
MONDO_0013366	DOID:0112364
MONDO:0013367	DOID:0110645
MONDO_0013367	DOID:0110645
MONDO:0013369	DOID:0110313
MONDO_0013369	DOID:0110313
MONDO:0013370	DOID:0110648
MONDO_0013370	DOID:0110648
MONDO:0013371	DOID:0110455
MONDO_0013371	DOID:0110455
MONDO:0013372	DOID:0110647
MONDO_0013372	DOID:0110647
MONDO:0013373	DOID:0110427
MONDO_0013373	DOID:0110427
MONDO:0013375	DOID:0080591
MONDO_0013375	DOID:0080591
MONDO:0013377	DOID:0060838
MONDO_0013377	DOID:0060838
MONDO:0013378	DOID:0080403
MONDO_0013378	DOID:0080403
MONDO:0013379	DOID:0060585
MONDO_0013379	DOID:0060585
MONDO:0013380	DOID:0080550
MONDO_0013380	DOID:0080550
MONDO:0013381	DOID:0070156
MONDO_0013381	DOID:0070156
MONDO:0013385	DOID:0080790
MONDO_0013385	DOID:0080790
MONDO:0013386	DOID:0110523
MONDO_0013386	DOID:0110523
MONDO:0013387	DOID:0080462
MONDO_0013387	DOID:0080462
MONDO:0013388	DOID:0080421
MONDO_0013388	DOID:0080421
MONDO:0013389	DOID:0080459
MONDO_0013389	DOID:0080459
MONDO:0013390	DOID:0110285
MONDO_0013390	DOID:0110285
MONDO:0013392	DOID:0050999
MONDO_0013392	DOID:0050999
MONDO:0013395	DOID:0110372
MONDO_0013395	DOID:0110372
MONDO:0013396	DOID:0060409
MONDO_0013396	DOID:0060409
MONDO:0013400	DOID:0050546
MONDO_0013400	DOID:0050546
MONDO:0013401	DOID:0110803
MONDO_0013401	DOID:0110803
MONDO:0013402	DOID:0110397
MONDO_0013402	DOID:0110397
MONDO:0013403	DOID:0051019
MONDO_0013403	DOID:0051019
MONDO:0013404	DOID:0111039
MONDO_0013404	DOID:0111039
MONDO:0013405	DOID:0110377
MONDO_0013405	DOID:0110377
MONDO:0013406	DOID:0110018
MONDO_0013406	DOID:0110018
MONDO:0013407	DOID:0110369
MONDO_0013407	DOID:0110369
MONDO:0013408	DOID:0061060
MONDO_0013408	DOID:0061060
MONDO:0013409	DOID:0110028
MONDO_0013409	DOID:0110028
MONDO:0013410	DOID:0111769
MONDO_0013410	DOID:0111769
MONDO:0013411	DOID:0110250
MONDO_0013411	DOID:0110250
MONDO:0013412	DOID:0110315
MONDO_0013412	DOID:0110315
MONDO:0013413	DOID:0110402
MONDO_0013413	DOID:0110402
MONDO:0013414	DOID:0110394
MONDO_0013414	DOID:0110394
MONDO:0013415	DOID:0060402
MONDO_0013415	DOID:0060402
MONDO:0013416	DOID:0110020
MONDO_0013416	DOID:0110020
MONDO:0013417	DOID:8354
MONDO_0013417	DOID:8354
MONDO:0013420	DOID:0110024
MONDO_0013420	DOID:0110024
MONDO:0013421	DOID:0060302
MONDO_0013421	DOID:0060302
MONDO:0013422	DOID:0060301
MONDO_0013422	DOID:0060301
MONDO:0013424	DOID:0060417
MONDO_0013424	DOID:0060417
MONDO:0013425	DOID:0110353
MONDO_0013425	DOID:0110353
MONDO:0013426	DOID:0070237
MONDO_0013426	DOID:0070237
MONDO:0013427	DOID:0111944
MONDO_0013427	DOID:0111944
MONDO:0013428	DOID:0080513
MONDO_0013428	DOID:0080513
MONDO:0013429	DOID:0110375
MONDO_0013429	DOID:0110375
MONDO:0013430	DOID:0080514
MONDO_0013430	DOID:0080514
MONDO:0013431	DOID:0080515
MONDO_0013431	DOID:0080515
MONDO:0013432	DOID:0080516
MONDO_0013432	DOID:0080516
MONDO:0013433	DOID:0060643
MONDO_0013433	DOID:0060643
MONDO:0013434	DOID:0110598
MONDO_0013434	DOID:0110598
MONDO:0013435	DOID:0110623
MONDO_0013435	DOID:0110623
MONDO:0013436	DOID:0110360
MONDO_0013436	DOID:0110360
MONDO:0013437	DOID:0110379
MONDO_0013437	DOID:0110379
MONDO:0013438	DOID:0060270
MONDO_0013438	DOID:0060270
MONDO:0013439	DOID:0111070
MONDO_0013439	DOID:0111070
MONDO:0013440	DOID:0110293
MONDO_0013440	DOID:0110293
MONDO:0013441	DOID:0110088
MONDO_0013441	DOID:0110088
MONDO:0013442	DOID:0111119
MONDO_0013442	DOID:0111119
MONDO:0013443	DOID:0070012
MONDO_0013443	DOID:0070012
MONDO:0013444	DOID:0111120
MONDO_0013444	DOID:0111120
MONDO:0013445	DOID:0060303
MONDO_0013445	DOID:0060303
MONDO:0013446	DOID:0110329
MONDO_0013446	DOID:0110329
MONDO:0013447	DOID:0110382
MONDO_0013447	DOID:0110382
MONDO:0013448	DOID:0111299
MONDO_0013448	DOID:0111299
MONDO:0013449	DOID:0110333
MONDO_0013449	DOID:0110333
MONDO:0013450	DOID:0110868
MONDO_0013450	DOID:0110868
MONDO:0013453	DOID:0110079
MONDO_0013453	DOID:0110079
MONDO:0013454	DOID:0110216
MONDO_0013454	DOID:0110216
MONDO:0013455	DOID:0110322
MONDO_0013455	DOID:0110322
MONDO:0013457	DOID:0110189
MONDO_0013457	DOID:0110189
MONDO:0013459	DOID:0110346
MONDO_0013459	DOID:0110346
MONDO:0013460	DOID:0110348
MONDO_0013460	DOID:0110348
MONDO:0013463	DOID:0060772
MONDO_0013463	DOID:0060772
MONDO:0013464	DOID:0050993
MONDO_0013464	DOID:0050993
MONDO:0013465	DOID:0110010
MONDO_0013465	DOID:0110010
MONDO:0013466	DOID:0080406
MONDO_0013466	DOID:0080406
MONDO:0013468	DOID:0110352
MONDO_0013468	DOID:0110352
MONDO:0013469	DOID:0110367
MONDO_0013469	DOID:0110367
MONDO:0013470	DOID:0111295
MONDO_0013470	DOID:0111295
MONDO:0013471	DOID:0110513
MONDO_0013471	DOID:0110513
MONDO:0013472	DOID:0080309
MONDO_0013472	DOID:0080309
MONDO:0013474	DOID:0110323
MONDO_0013474	DOID:0110323
MONDO:0013475	DOID:0110324
MONDO_0013475	DOID:0110324
MONDO:0013476	DOID:0110325
MONDO_0013476	DOID:0110325
MONDO:0013477	DOID:0110326
MONDO_0013477	DOID:0110326
MONDO:0013478	DOID:0070205
MONDO_0013478	DOID:0070205
MONDO:0013479	DOID:0110448
MONDO_0013479	DOID:0110448
MONDO:0013480	DOID:0060884
MONDO_0013480	DOID:0060884
MONDO:0013481	DOID:0060391
MONDO_0013481	DOID:0060391
MONDO:0013482	DOID:0070122
MONDO_0013482	DOID:0070122
MONDO:0013484	DOID:0110247
MONDO_0013484	DOID:0110247
MONDO:0013485	DOID:0050982
MONDO_0013485	DOID:0050982
MONDO:0013489	DOID:0110534
MONDO_0013489	DOID:0110534
MONDO:0013490	DOID:0080318
MONDO_0013490	DOID:0080318
MONDO:0013491	DOID:0080317
MONDO_0013491	DOID:0080317
MONDO:0013492	DOID:0080951
MONDO_0013492	DOID:0080951
MONDO:0013495	DOID:0060717
MONDO_0013495	DOID:0060717
MONDO:0013498	DOID:0070091
MONDO_0013498	DOID:0070091
MONDO:0013499	DOID:0111092
MONDO_0013499	DOID:0111092
MONDO:0013500	DOID:0111996
MONDO_0013500	DOID:0111996
MONDO:0013501	DOID:0060205
MONDO_0013501	DOID:0060205
MONDO:0013502	DOID:0080931
MONDO_0013502	DOID:0080931
MONDO:0013504	DOID:0070169
MONDO_0013504	DOID:0070169
MONDO:0013505	DOID:0070175
MONDO_0013505	DOID:0070175
MONDO:0013505	DOID:0111156
MONDO_0013505	DOID:0111156
MONDO:0013506	DOID:0070092
MONDO_0013506	DOID:0070092
MONDO:0013507	DOID:0070194
MONDO_0013507	DOID:0070194
MONDO:0013509	DOID:0070036
MONDO_0013509	DOID:0070036
MONDO:0013512	DOID:0110031
MONDO_0013512	DOID:0110031
MONDO:0013514	DOID:0110700
MONDO_0013514	DOID:0110700
MONDO:0013515	DOID:0110350
MONDO_0013515	DOID:0110350
MONDO:0013516	DOID:0110411
MONDO_0013516	DOID:0110411
MONDO:0013518	DOID:0061022
MONDO_0013518	DOID:0061022
MONDO:0013519	DOID:0070017
MONDO_0013519	DOID:0070017
MONDO:0013520	DOID:0070019
MONDO_0013520	DOID:0070019
MONDO:0013521	DOID:0070016
MONDO_0013521	DOID:0070016
MONDO:0013522	DOID:0070018
MONDO_0013522	DOID:0070018
MONDO:0013523	DOID:0081334
MONDO_0013523	DOID:0081334
MONDO:0013525	DOID:0110613
MONDO_0013525	DOID:0110613
MONDO:0013526	DOID:0111449
MONDO_0013526	DOID:0111449
MONDO:0013527	DOID:0112235
MONDO_0013527	DOID:0112235
MONDO:0013528	DOID:0081188
MONDO_0013528	DOID:0081188
MONDO:0013529	DOID:0060677
MONDO_0013529	DOID:0060677
MONDO:0013531	DOID:0050724
MONDO_0013531	DOID:0050724
MONDO:0013534	DOID:0111370
MONDO_0013534	DOID:0111370
MONDO:0013537	DOID:0110487
MONDO_0013537	DOID:0110487
MONDO:0013541	DOID:0090137
MONDO_0013541	DOID:0090137
MONDO:0013546	DOID:0060331
MONDO_0013546	DOID:0060331
MONDO:0013547	DOID:0060332
MONDO_0013547	DOID:0060332
MONDO:0013550	DOID:0111190
MONDO_0013550	DOID:0111190
MONDO:0013551	DOID:0110799
MONDO_0013551	DOID:0110799
MONDO:0013552	DOID:0110804
MONDO_0013552	DOID:0110804
MONDO:0013553	DOID:0090009
MONDO_0013553	DOID:0090009
MONDO:0013554	DOID:0111287
MONDO_0013554	DOID:0111287
MONDO:0013555	DOID:0060541
MONDO_0013555	DOID:0060541
MONDO:0013556	DOID:0060542
MONDO_0013556	DOID:0060542
MONDO:0013557	DOID:0060543
MONDO_0013557	DOID:0060543
MONDO:0013558	DOID:0060544
MONDO_0013558	DOID:0060544
MONDO:0013559	DOID:0060545
MONDO_0013559	DOID:0060545
MONDO:0013560	DOID:0060546
MONDO_0013560	DOID:0060546
MONDO:0013561	DOID:0112224
MONDO_0013561	DOID:0112224
MONDO:0013563	DOID:0080138
MONDO_0013563	DOID:0080138
MONDO:0013565	DOID:0111086
MONDO_0013565	DOID:0111086
MONDO:0013566	DOID:0111082
MONDO_0013566	DOID:0111082
MONDO:0013567	DOID:0110108
MONDO_0013567	DOID:0110108
MONDO:0013569	DOID:0110090
MONDO_0013569	DOID:0110090
MONDO:0013570	DOID:0111479
MONDO_0013570	DOID:0111479
MONDO:0013571	DOID:2582
MONDO_0013571	DOID:2582
MONDO:0013573	DOID:0080805
MONDO_0013573	DOID:0080805
MONDO:0013578	DOID:0070037
MONDO_0013578	DOID:0070037
MONDO:0013581	DOID:0070032
MONDO_0013581	DOID:0070032
MONDO:0013582	DOID:0080142
MONDO_0013582	DOID:0080142
MONDO:0013584	DOID:0070158
MONDO_0013584	DOID:0070158
MONDO:0013585	DOID:0111356
MONDO_0013585	DOID:0111356
MONDO:0013589	DOID:0111131
MONDO_0013589	DOID:0111131
MONDO:0013591	DOID:0070301
MONDO_0013591	DOID:0070301
MONDO:0013592	DOID:0080087
MONDO_0013592	DOID:0080087
MONDO:0013593	DOID:0110585
MONDO_0013593	DOID:0110585
MONDO:0013594	DOID:0050983
MONDO_0013594	DOID:0050983
MONDO:0013597	DOID:0111047
MONDO_0013597	DOID:0111047
MONDO:0013598	DOID:0111072
MONDO_0013598	DOID:0111072
MONDO:0013599	DOID:0111946
MONDO_0013599	DOID:0111946
MONDO:0013602	DOID:0061220
MONDO_0013602	DOID:0061220
MONDO:0013605	DOID:0080729
MONDO_0013605	DOID:0080729
MONDO:0013606	DOID:0060547
MONDO_0013606	DOID:0060547
MONDO:0013607	DOID:0111947
MONDO_0013607	DOID:0111947
MONDO:0013608	DOID:0110982
MONDO_0013608	DOID:0110982
MONDO:0013610	DOID:0110373
MONDO_0013610	DOID:0110373
MONDO:0013611	DOID:0110380
MONDO_0013611	DOID:0110380
MONDO:0013612	DOID:0111726
MONDO_0013612	DOID:0111726
MONDO:0013613	DOID:0110118
MONDO_0013613	DOID:0110118
MONDO:0013616	DOID:0070548
MONDO_0013616	DOID:0070548
MONDO:0013619	DOID:0080384
MONDO_0013619	DOID:0080384
MONDO:0013620	DOID:0110682
MONDO_0013620	DOID:0110682
MONDO:0013621	DOID:0080380
MONDO_0013621	DOID:0080380
MONDO:0013622	DOID:0111045
MONDO_0013622	DOID:0111045
MONDO:0013623	DOID:0111057
MONDO_0013623	DOID:0111057
MONDO:0013624	DOID:0081097
MONDO_0013624	DOID:0081097
MONDO:0013625	DOID:0060897
MONDO_0013625	DOID:0060897
MONDO:0013626	DOID:0080474
MONDO_0013626	DOID:0080474
MONDO:0013628	DOID:0070435
MONDO_0013628	DOID:0070435
MONDO:0013629	DOID:0081189
MONDO_0013629	DOID:0081189
MONDO:0013632	DOID:0110562
MONDO_0013632	DOID:0110562
MONDO:0013634	DOID:0070147
MONDO_0013634	DOID:0070147
MONDO:0013636	DOID:0070361
MONDO_0013636	DOID:0070361
MONDO:0013637	DOID:0070362
MONDO_0013637	DOID:0070362
MONDO:0013638	DOID:0110718
MONDO_0013638	DOID:0110718
MONDO:0013641	DOID:0110717
MONDO_0013641	DOID:0110717
MONDO:0013642	DOID:0110877
MONDO_0013642	DOID:0110877
MONDO:0013644	DOID:0110175
MONDO_0013644	DOID:0110175
MONDO:0013645	DOID:0080063
MONDO_0013645	DOID:0080063
MONDO:0013646	DOID:0060425
MONDO_0013646	DOID:0060425
MONDO:0013649	DOID:0110706
MONDO_0013649	DOID:0110706
MONDO:0013650	DOID:0110707
MONDO_0013650	DOID:0110707
MONDO:0013651	DOID:0081190
MONDO_0013651	DOID:0081190
MONDO:0013654	DOID:0080974
MONDO_0013654	DOID:0080974
MONDO:0013655	DOID:0070038
MONDO_0013655	DOID:0070038
MONDO:0013656	DOID:0070039
MONDO_0013656	DOID:0070039
MONDO:0013657	DOID:0070040
MONDO_0013657	DOID:0070040
MONDO:0013658	DOID:0070041
MONDO_0013658	DOID:0070041
MONDO:0013661	DOID:0111263
MONDO_0013661	DOID:0111263
MONDO:0013662	DOID:9206
MONDO_0013662	DOID:9206
MONDO:0013664	DOID:0111773
MONDO_0013664	DOID:0111773
MONDO:0013665	DOID:0111328
MONDO_0013665	DOID:0111328
MONDO:0013672	DOID:0060396
MONDO_0013672	DOID:0060396
MONDO:0013673	DOID:0080584
MONDO_0013673	DOID:0080584
MONDO:0013674	DOID:0110738
MONDO_0013674	DOID:0110738
MONDO:0013675	DOID:0080134
MONDO_0013675	DOID:0080134
MONDO:0013677	DOID:0070252
MONDO_0013677	DOID:0070252
MONDO:0013679	DOID:0060757
MONDO_0013679	DOID:0060757
MONDO:0013681	DOID:0060602
MONDO_0013681	DOID:0060602
MONDO:0013686	DOID:0111191
MONDO_0013686	DOID:0111191
MONDO:0013687	DOID:0080060
MONDO_0013687	DOID:0080060
MONDO:0013689	DOID:0080495
MONDO_0013689	DOID:0080495
MONDO:0013690	DOID:0111332
MONDO_0013690	DOID:0111332
MONDO:0013693	DOID:0061192
MONDO_0013693	DOID:0061192
MONDO:0013694	DOID:0081191
MONDO_0013694	DOID:0081191
MONDO:0013695	DOID:0070273
MONDO_0013695	DOID:0070273
MONDO:0013697	DOID:0081192
MONDO_0013697	DOID:0081192
MONDO:0013698	DOID:0111598
MONDO_0013698	DOID:0111598
MONDO:0013699	DOID:0070275
MONDO_0013699	DOID:0070275
MONDO:0013702	DOID:0081193
MONDO_0013702	DOID:0081193
MONDO:0013703	DOID:0081194
MONDO_0013703	DOID:0081194
MONDO:0013704	DOID:0081195
MONDO_0013704	DOID:0081195
MONDO:0013706	DOID:0081196
MONDO_0013706	DOID:0081196
MONDO:0013707	DOID:0081197
MONDO_0013707	DOID:0081197
MONDO:0013708	DOID:0081198
MONDO_0013708	DOID:0081198
MONDO:0013709	DOID:0081199
MONDO_0013709	DOID:0081199
MONDO:0013710	DOID:0070272
MONDO_0013710	DOID:0070272
MONDO:0013715	DOID:0060207
MONDO_0013715	DOID:0060207
MONDO:0013717	DOID:0110089
MONDO_0013717	DOID:0110089
MONDO:0013718	DOID:0111121
MONDO_0013718	DOID:0111121
MONDO:0013719	DOID:0080806
MONDO_0013719	DOID:0080806
MONDO:0013720	DOID:0060298
MONDO_0013720	DOID:0060298
MONDO:0013721	DOID:0060297
MONDO_0013721	DOID:0060297
MONDO:0013722	DOID:0060797
MONDO_0013722	DOID:0060797
MONDO:0013725	DOID:0070276
MONDO_0013725	DOID:0070276
MONDO:0013726	DOID:0070347
MONDO_0013726	DOID:0070347
MONDO:0013730	DOID:0081267
MONDO_0013730	DOID:0081267
MONDO:0013731	DOID:0111333
MONDO_0013731	DOID:0111333
MONDO:0013734	DOID:0111804
MONDO_0013734	DOID:0111804
MONDO:0013737	DOID:0110798
MONDO_0013737	DOID:0110798
MONDO:0013738	DOID:0110538
MONDO_0013738	DOID:0110538
MONDO:0013741	DOID:0060752
MONDO_0013741	DOID:0060752
MONDO:0013744	DOID:0110252
MONDO_0013744	DOID:0110252
MONDO:0013745	DOID:0110983
MONDO_0013745	DOID:0110983
MONDO:0013750	DOID:0110113
MONDO_0013750	DOID:0110113
MONDO:0013751	DOID:0070136
MONDO_0013751	DOID:0070136
MONDO:0013753	DOID:0110169
MONDO_0013753	DOID:0110169
MONDO:0013754	DOID:0070133
MONDO_0013754	DOID:0070133
MONDO:0013755	DOID:0070138
MONDO_0013755	DOID:0070138
MONDO:0013757	DOID:0070128
MONDO_0013757	DOID:0070128
MONDO:0013758	DOID:0110205
MONDO_0013758	DOID:0110205
MONDO:0013763	DOID:0110984
MONDO_0013763	DOID:0110984
MONDO:0013764	DOID:0110985
MONDO_0013764	DOID:0110985
MONDO:0013766	DOID:0090064
MONDO_0013766	DOID:0090064
MONDO:0013767	DOID:0110117
MONDO_0013767	DOID:0110117
MONDO:0013770	DOID:0110114
MONDO_0013770	DOID:0110114
MONDO:0013773	DOID:0112314
MONDO_0013773	DOID:0112314
MONDO:0013775	DOID:0111908
MONDO_0013775	DOID:0111908
MONDO:0013776	DOID:0050944
MONDO_0013776	DOID:0050944
MONDO:0013780	DOID:0110385
MONDO_0013780	DOID:0110385
MONDO:0013785	DOID:0081200
MONDO_0013785	DOID:0081200
MONDO:0013786	DOID:0111022
MONDO_0013786	DOID:0111022
MONDO:0013788	DOID:0110842
MONDO_0013788	DOID:0110842
MONDO:0013789	DOID:0080569
MONDO_0013789	DOID:0080569
MONDO:0013790	DOID:0070637
MONDO_0013790	DOID:0070637
MONDO:0013795	DOID:0080673
MONDO_0013795	DOID:0080673
MONDO:0013796	DOID:0060433
MONDO_0013796	DOID:0060433
MONDO:0013797	DOID:0060404
MONDO_0013797	DOID:0060404
MONDO:0013798	DOID:0060401
MONDO_0013798	DOID:0060401
MONDO:0013801	DOID:0080445
MONDO_0013801	DOID:0080445
MONDO:0013802	DOID:0050883
MONDO_0013802	DOID:0050883
MONDO:0013805	DOID:0061144
MONDO_0013805	DOID:0061144
MONDO:0013805	DOID:0070043
MONDO_0013805	DOID:0070043
MONDO:0013807	DOID:0110869
MONDO_0013807	DOID:0110869
MONDO:0013808	DOID:0060221
MONDO_0013808	DOID:0060221
MONDO:0013810	DOID:0070264
MONDO_0013810	DOID:0070264
MONDO:0013811	DOID:0111472
MONDO_0013811	DOID:0111472
MONDO:0013812	DOID:0081113
MONDO_0013812	DOID:0081113
MONDO:0013813	DOID:0090046
MONDO_0013813	DOID:0090046
MONDO:0013815	DOID:0060992
MONDO_0013815	DOID:0060992
MONDO:0013818	DOID:0111416
MONDO_0013818	DOID:0111416
MONDO:0013819	DOID:0070044
MONDO_0013819	DOID:0070044
MONDO:0013820	DOID:0070045
MONDO_0013820	DOID:0070045
MONDO:0013821	DOID:0070046
MONDO_0013821	DOID:0070046
MONDO:0013823	DOID:0110574
MONDO_0013823	DOID:0110574
MONDO:0013824	DOID:0110986
MONDO_0013824	DOID:0110986
MONDO:0013825	DOID:0060780
MONDO_0013825	DOID:0060780
MONDO:0013826	DOID:0110532
MONDO_0013826	DOID:0110532
MONDO:0013827	DOID:0060698
MONDO_0013827	DOID:0060698
MONDO:0013828	DOID:0060697
MONDO_0013828	DOID:0060697
MONDO:0013835	DOID:0111234
MONDO_0013835	DOID:0111234
MONDO:0013836	DOID:0070243
MONDO_0013836	DOID:0070243
MONDO:0013837	DOID:0070239
MONDO_0013837	DOID:0070239
MONDO:0013838	DOID:0070240
MONDO_0013838	DOID:0070240
MONDO:0013839	DOID:0070151
MONDO_0013839	DOID:0070151
MONDO:0013840	DOID:0070242
MONDO_0013840	DOID:0070242
MONDO:0013842	DOID:0090140
MONDO_0013842	DOID:0090140
MONDO:0013847	DOID:0060430
MONDO_0013847	DOID:0060430
MONDO:0013848	DOID:0110441
MONDO_0013848	DOID:0110441
MONDO:0013849	DOID:0070282
MONDO_0013849	DOID:0070282
MONDO:0013852	DOID:0110311
MONDO_0013852	DOID:0110311
MONDO:0013853	DOID:0060266
MONDO_0013853	DOID:0060266
MONDO:0013854	DOID:0110621
MONDO_0013854	DOID:0110621
MONDO:0013859	DOID:0110245
MONDO_0013859	DOID:0110245
MONDO:0013862	DOID:0081150
MONDO_0013862	DOID:0081150
MONDO:0013863	DOID:0081151
MONDO_0013863	DOID:0081151
MONDO:0013864	DOID:0080508
MONDO_0013864	DOID:0080508
MONDO:0013865	DOID:0111480
MONDO_0013865	DOID:0111480
MONDO:0013866	DOID:0110732
MONDO_0013866	DOID:0110732
MONDO:0013867	DOID:0080786
MONDO_0013867	DOID:0080786
MONDO:0013869	DOID:0060350
MONDO_0013869	DOID:0060350
MONDO:0013870	DOID:0070263
MONDO_0013870	DOID:0070263
MONDO:0013871	DOID:0070006
MONDO_0013871	DOID:0070006
MONDO:0013873	DOID:0050885
MONDO_0013873	DOID:0050885
MONDO:0013874	DOID:0061243
MONDO_0013874	DOID:0061243
MONDO:0013875	DOID:0110001
MONDO_0013875	DOID:0110001
MONDO:0013877	DOID:0080363
MONDO_0013877	DOID:0080363
MONDO:0013882	DOID:0070434
MONDO_0013882	DOID:0070434
MONDO:0013883	DOID:0110676
MONDO_0013883	DOID:0110676
MONDO:0013884	DOID:0111205
MONDO_0013884	DOID:0111205
MONDO:0013885	DOID:0112102
MONDO_0013885	DOID:0112102
MONDO:0013886	DOID:0050998
MONDO_0013886	DOID:0050998
MONDO:0013887	DOID:0051020
MONDO_0013887	DOID:0051020
MONDO:0013888	DOID:0111431
MONDO_0013888	DOID:0111431
MONDO:0013890	DOID:0111224
MONDO_0013890	DOID:0111224
MONDO:0013891	DOID:0060209
MONDO_0013891	DOID:0060209
MONDO:0013895	DOID:0061179
MONDO_0013895	DOID:0061179
MONDO:0013896	DOID:0110987
MONDO_0013896	DOID:0110987
MONDO:0013897	DOID:0070233
MONDO_0013897	DOID:0070233
MONDO:0013898	DOID:0060911
MONDO_0013898	DOID:0060911
MONDO:0013899	DOID:0061275
MONDO_0013899	DOID:0061275
MONDO:0013901	DOID:0070178
MONDO_0013901	DOID:0070178
MONDO:0013902	DOID:0080334
MONDO_0013902	DOID:0080334
MONDO:0013903	DOID:0111791
MONDO_0013903	DOID:0111791
MONDO:0013904	DOID:0111231
MONDO_0013904	DOID:0111231
MONDO:0013905	DOID:0080062
MONDO_0013905	DOID:0080062
MONDO:0013906	DOID:0110062
MONDO_0013906	DOID:0110062
MONDO:0013907	DOID:0080920
MONDO_0013907	DOID:0080920
MONDO:0013910	DOID:0090074
MONDO_0013910	DOID:0090074
MONDO:0013911	DOID:0090085
MONDO_0013911	DOID:0090085
MONDO:0013912	DOID:0090089
MONDO_0013912	DOID:0090089
MONDO:0013913	DOID:0090071
MONDO_0013913	DOID:0090071
MONDO:0013914	DOID:0090072
MONDO_0013914	DOID:0090072
MONDO:0013915	DOID:0090073
MONDO_0013915	DOID:0090073
MONDO:0013916	DOID:0111122
MONDO_0013916	DOID:0111122
MONDO:0013917	DOID:0111123
MONDO_0013917	DOID:0111123
MONDO:0013919	DOID:0111313
MONDO_0013919	DOID:0111313
MONDO:0013920	DOID:0061101
MONDO_0013920	DOID:0061101
MONDO:0013922	DOID:0070011
MONDO_0013922	DOID:0070011
MONDO:0013923	DOID:0070292
MONDO_0013923	DOID:0070292
MONDO:0013924	DOID:0110342
MONDO_0013924	DOID:0110342
MONDO:0013926	DOID:0090087
MONDO_0013926	DOID:0090087
MONDO:0013927	DOID:0080478
MONDO_0013927	DOID:0080478
MONDO:0013928	DOID:0090051
MONDO_0013928	DOID:0090051
MONDO:0013929	DOID:0110540
MONDO_0013929	DOID:0110540
MONDO:0013930	DOID:0080479
MONDO_0013930	DOID:0080479
MONDO:0013931	DOID:0081433
MONDO_0013931	DOID:0081433
MONDO:0013931	DOID:0111612
MONDO_0013931	DOID:0111612
MONDO:0013932	DOID:0080480
MONDO_0013932	DOID:0080480
MONDO:0013933	DOID:0081434
MONDO_0013933	DOID:0081434
MONDO:0013936	DOID:0080481
MONDO_0013936	DOID:0080481
MONDO:0013937	DOID:0081435
MONDO_0013937	DOID:0081435
MONDO:0013938	DOID:0080482
MONDO_0013938	DOID:0080482
MONDO:0013939	DOID:0081436
MONDO_0013939	DOID:0081436
MONDO:0013940	DOID:0110604
MONDO_0013940	DOID:0110604
MONDO:0013942	DOID:0080483
MONDO_0013942	DOID:0080483
MONDO:0013943	DOID:0081437
MONDO_0013943	DOID:0081437
MONDO:0013944	DOID:0070615
MONDO_0013944	DOID:0070615
MONDO:0013945	DOID:0081438
MONDO_0013945	DOID:0081438
MONDO:0013946	DOID:0090075
MONDO_0013946	DOID:0090075
MONDO:0013947	DOID:0111214
MONDO_0013947	DOID:0111214
MONDO:0013948	DOID:0080484
MONDO_0013948	DOID:0080484
MONDO:0013949	DOID:0080485
MONDO_0013949	DOID:0080485
MONDO:0013950	DOID:0081439
MONDO_0013950	DOID:0081439
MONDO:0013951	DOID:0080486
MONDO_0013951	DOID:0080486
MONDO:0013952	DOID:0080487
MONDO_0013952	DOID:0080487
MONDO:0013953	DOID:0111995
MONDO_0013953	DOID:0111995
MONDO:0013954	DOID:0111950
MONDO_0013954	DOID:0111950
MONDO:0013955	DOID:0111990
MONDO_0013955	DOID:0111990
MONDO:0013956	DOID:0111945
MONDO_0013956	DOID:0111945
MONDO:0013957	DOID:0111986
MONDO_0013957	DOID:0111986
MONDO:0013959	DOID:0110193
MONDO_0013959	DOID:0110193
MONDO:0013961	DOID:0090080
MONDO_0013961	DOID:0090080
MONDO:0013962	DOID:0110805
MONDO_0013962	DOID:0110805
MONDO:0013963	DOID:0110537
MONDO_0013963	DOID:0110537
MONDO:0013964	DOID:0111892
MONDO_0013964	DOID:0111892
MONDO:0013965	DOID:0060654
MONDO_0013965	DOID:0060654
MONDO:0013966	DOID:0060678
MONDO_0013966	DOID:0060678
MONDO:0013967	DOID:0081274
MONDO_0013967	DOID:0081274
MONDO:0013968	DOID:0080570
MONDO_0013968	DOID:0080570
MONDO:0013969	DOID:0111481
MONDO_0013969	DOID:0111481
MONDO:0013970	DOID:0090126
MONDO_0013970	DOID:0090126
MONDO:0013971	DOID:0111493
MONDO_0013971	DOID:0111493
MONDO:0013972	DOID:0061117
MONDO_0013972	DOID:0061117
MONDO:0013973	DOID:0111657
MONDO_0013973	DOID:0111657
MONDO:0013974	DOID:0111659
MONDO_0013974	DOID:0111659
MONDO:0013975	DOID:0111660
MONDO_0013975	DOID:0111660
MONDO:0013976	DOID:0111656
MONDO_0013976	DOID:0111656
MONDO:0013977	DOID:0111467
MONDO_0013977	DOID:0111467
MONDO:0013978	DOID:0110521
MONDO_0013978	DOID:0110521
MONDO:0013979	DOID:0110608
MONDO_0013979	DOID:0110608
MONDO:0013982	DOID:0111653
MONDO_0013982	DOID:0111653
MONDO:0013983	DOID:0111654
MONDO_0013983	DOID:0111654
MONDO:0013984	DOID:0110530
MONDO_0013984	DOID:0110530
MONDO:0013985	DOID:0110474
MONDO_0013985	DOID:0110474
MONDO:0013986	DOID:0111477
MONDO_0013986	DOID:0111477
MONDO:0013987	DOID:0111491
MONDO_0013987	DOID:0111491
MONDO:0013989	DOID:0080439
MONDO_0013989	DOID:0080439
MONDO:0013990	DOID:0060277
MONDO_0013990	DOID:0060277
MONDO:0013991	DOID:0111334
MONDO_0013991	DOID:0111334
MONDO:0013993	DOID:0060276
MONDO_0013993	DOID:0060276
MONDO:0013994	DOID:0110989
MONDO_0013994	DOID:0110989
MONDO:0013995	DOID:0070229
MONDO_0013995	DOID:0070229
MONDO:0013998	DOID:0061099
MONDO_0013998	DOID:0061099
MONDO:0014001	DOID:0110837
MONDO_0014001	DOID:0110837
MONDO:0014002	DOID:0060686
MONDO_0014002	DOID:0060686
MONDO:0014003	DOID:0080414
MONDO_0014003	DOID:0080414
MONDO:0014005	DOID:0080388
MONDO_0014005	DOID:0080388
MONDO:0014006	DOID:0070047
MONDO_0014006	DOID:0070047
MONDO:0014009	DOID:0060716
MONDO_0014009	DOID:0060716
MONDO:0014010	DOID:0060718
MONDO_0014010	DOID:0060718
MONDO:0014011	DOID:0060719
MONDO_0014011	DOID:0060719
MONDO:0014012	DOID:0110170
MONDO_0014012	DOID:0110170
MONDO:0014015	DOID:0110808
MONDO_0014015	DOID:0110808
MONDO:0014016	DOID:0110801
MONDO_0014016	DOID:0110801
MONDO:0014018	DOID:0110806
MONDO_0014018	DOID:0110806
MONDO:0014019	DOID:0090052
MONDO_0014019	DOID:0090052
MONDO:0014020	DOID:0110807
MONDO_0014020	DOID:0110807
MONDO:0014021	DOID:0111729
MONDO_0014021	DOID:0111729
MONDO:0014022	DOID:0111239
MONDO_0014022	DOID:0111239
MONDO:0014023	DOID:0080571
MONDO_0014023	DOID:0080571
MONDO:0014024	DOID:0110795
MONDO_0014024	DOID:0110795
MONDO:0014025	DOID:0081356
MONDO_0014025	DOID:0081356
MONDO:0014026	DOID:0110864
MONDO_0014026	DOID:0110864
MONDO:0014027	DOID:0110708
MONDO_0014027	DOID:0110708
MONDO:0014028	DOID:0111594
MONDO_0014028	DOID:0111594
MONDO:0014029	DOID:0110343
MONDO_0014029	DOID:0110343
MONDO:0014030	DOID:0110625
MONDO_0014030	DOID:0110625
MONDO:0014032	DOID:0110977
MONDO_0014032	DOID:0110977
MONDO:0014033	DOID:0090055
MONDO_0014033	DOID:0090055
MONDO:0014034	DOID:0070048
MONDO_0014034	DOID:0070048
MONDO:0014035	DOID:0070049
MONDO_0014035	DOID:0070049
MONDO:0014036	DOID:0110049
MONDO_0014036	DOID:0110049
MONDO:0014037	DOID:0070180
MONDO_0014037	DOID:0070180
MONDO:0014039	DOID:0080129
MONDO_0014039	DOID:0080129
MONDO:0014040	DOID:0110940
MONDO_0014040	DOID:0110940
MONDO:0014043	DOID:0070294
MONDO_0014043	DOID:0070294
MONDO:0014046	DOID:0081000
MONDO_0014046	DOID:0081000
MONDO:0014047	DOID:0081001
MONDO_0014047	DOID:0081001
MONDO:0014048	DOID:0081002
MONDO_0014048	DOID:0081002
MONDO:0014050	DOID:0060841
MONDO_0014050	DOID:0060841
MONDO:0014051	DOID:0080358
MONDO_0014051	DOID:0080358
MONDO:0014052	DOID:0110657
MONDO_0014052	DOID:0110657
MONDO:0014054	DOID:0060708
MONDO_0014054	DOID:0060708
MONDO:0014055	DOID:0111693
MONDO_0014055	DOID:0111693
MONDO:0014057	DOID:0061205
MONDO_0014057	DOID:0061205
MONDO:0014062	DOID:0111519
MONDO_0014062	DOID:0111519
MONDO:0014063	DOID:0060351
MONDO_0014063	DOID:0060351
MONDO:0014064	DOID:0080112
MONDO_0014064	DOID:0080112
MONDO:0014065	DOID:0080113
MONDO_0014065	DOID:0080113
MONDO:0014066	DOID:0080114
MONDO_0014066	DOID:0080114
MONDO:0014067	DOID:0081201
MONDO_0014067	DOID:0081201
MONDO:0014068	DOID:0111023
MONDO_0014068	DOID:0111023
MONDO:0014070	DOID:0070100
MONDO_0014070	DOID:0070100
MONDO:0014071	DOID:0111230
MONDO_0014071	DOID:0111230
MONDO:0014072	DOID:0111619
MONDO_0014072	DOID:0111619
MONDO:0014073	DOID:0110450
MONDO_0014073	DOID:0110450
MONDO:0014074	DOID:0110206
MONDO_0014074	DOID:0110206
MONDO:0014075	DOID:0110236
MONDO_0014075	DOID:0110236
MONDO:0014076	DOID:0070022
MONDO_0014076	DOID:0070022
MONDO:0014077	DOID:0112230
MONDO_0014077	DOID:0112230
MONDO:0014078	DOID:0111053
MONDO_0014078	DOID:0111053
MONDO:0014080	DOID:0081111
MONDO_0014080	DOID:0081111
MONDO:0014081	DOID:0111957
MONDO_0014081	DOID:0111957
MONDO:0014082	DOID:0111982
MONDO_0014082	DOID:0111982
MONDO:0014083	DOID:0081139
MONDO_0014083	DOID:0081139
MONDO:0014084	DOID:0060557
MONDO_0014084	DOID:0060557
MONDO:0014086	DOID:0110347
MONDO_0014086	DOID:0110347
MONDO:0014087	DOID:0081271
MONDO_0014087	DOID:0081271
MONDO:0014088	DOID:0110012
MONDO_0014088	DOID:0110012
MONDO:0014091	DOID:0070462
MONDO_0014091	DOID:0070462
MONDO:0014092	DOID:0070093
MONDO_0014092	DOID:0070093
MONDO:0014093	DOID:0110393
MONDO_0014093	DOID:0110393
MONDO:0014095	DOID:0110438
MONDO_0014095	DOID:0110438
MONDO:0014098	DOID:0070203
MONDO_0014098	DOID:0070203
MONDO:0014099	DOID:0080389
MONDO_0014099	DOID:0080389
MONDO:0014100	DOID:0110445
MONDO_0014100	DOID:0110445
MONDO:0014101	DOID:0111235
MONDO_0014101	DOID:0111235
MONDO:0014102	DOID:0090079
MONDO_0014102	DOID:0090079
MONDO:0014103	DOID:0090076
MONDO_0014103	DOID:0090076
MONDO:0014104	DOID:0070559
MONDO_0014104	DOID:0070559
MONDO:0014105	DOID:0090090
MONDO_0014105	DOID:0090090
MONDO:0014106	DOID:0090082
MONDO_0014106	DOID:0090082
MONDO:0014107	DOID:0090093
MONDO_0014107	DOID:0090093
MONDO:0014108	DOID:0111093
MONDO_0014108	DOID:0111093
MONDO:0014110	DOID:0110251
MONDO_0014110	DOID:0110251
MONDO:0014111	DOID:0110263
MONDO_0014111	DOID:0110263
MONDO:0014112	DOID:0111461
MONDO_0014112	DOID:0111461
MONDO:0014113	DOID:0111462
MONDO_0014113	DOID:0111462
MONDO:0014114	DOID:0111463
MONDO_0014114	DOID:0111463
MONDO:0014116	DOID:0090133
MONDO_0014116	DOID:0090133
MONDO:0014117	DOID:0110194
MONDO_0014117	DOID:0110194
MONDO:0014118	DOID:0112132
MONDO_0014118	DOID:0112132
MONDO:0014119	DOID:0081099
MONDO_0014119	DOID:0081099
MONDO:0014120	DOID:0111238
MONDO_0014120	DOID:0111238
MONDO:0014121	DOID:0070349
MONDO_0014121	DOID:0070349
MONDO:0014122	DOID:0070667
MONDO_0014122	DOID:0070667
MONDO:0014123	DOID:0110596
MONDO_0014123	DOID:0110596
MONDO:0014125	DOID:0080788
MONDO_0014125	DOID:0080788
MONDO:0014127	DOID:0070099
MONDO_0014127	DOID:0070099
MONDO:0014128	DOID:0061011
MONDO_0014128	DOID:0061011
MONDO:0014132	DOID:0080135
MONDO_0014132	DOID:0080135
MONDO:0014133	DOID:0080449
MONDO_0014133	DOID:0080449
MONDO:0014137	DOID:0112309
MONDO_0014137	DOID:0112309
MONDO:0014138	DOID:0110930
MONDO_0014138	DOID:0110930
MONDO:0014140	DOID:0111233
MONDO_0014140	DOID:0111233
MONDO:0014141	DOID:0112377
MONDO_0014141	DOID:0112377
MONDO:0014142	DOID:0110294
MONDO_0014142	DOID:0110294
MONDO:0014143	DOID:0060586
MONDO_0014143	DOID:0060586
MONDO:0014144	DOID:0110287
MONDO_0014144	DOID:0110287
MONDO:0014145	DOID:0110217
MONDO_0014145	DOID:0110217
MONDO:0014146	DOID:0090108
MONDO_0014146	DOID:0090108
MONDO:0014147	DOID:0110727
MONDO_0014147	DOID:0110727
MONDO:0014149	DOID:0061261
MONDO_0014149	DOID:0061261
MONDO:0014150	DOID:0081325
MONDO_0014150	DOID:0081325
MONDO:0014152	DOID:0081157
MONDO_0014152	DOID:0081157
MONDO:0014153	DOID:0111024
MONDO_0014153	DOID:0111024
MONDO:0014154	DOID:0110198
MONDO_0014154	DOID:0110198
MONDO:0014158	DOID:0111124
MONDO_0014158	DOID:0111124
MONDO:0014159	DOID:0080058
MONDO_0014159	DOID:0080058
MONDO:0014160	DOID:0111977
MONDO_0014160	DOID:0111977
MONDO:0014162	DOID:0111469
MONDO_0014162	DOID:0111469
MONDO:0014165	DOID:0080140
MONDO_0014165	DOID:0080140
MONDO:0014167	DOID:0111691
MONDO_0014167	DOID:0111691
MONDO:0014168	DOID:0060019
MONDO_0014168	DOID:0060019
MONDO:0014170	DOID:0090134
MONDO_0014170	DOID:0090134
MONDO:0014171	DOID:0090138
MONDO_0014171	DOID:0090138
MONDO:0014172	DOID:0070171
MONDO_0014172	DOID:0070171
MONDO:0014173	DOID:0070287
MONDO_0014173	DOID:0070287
MONDO:0014175	DOID:0080335
MONDO_0014175	DOID:0080335
MONDO:0014178	DOID:0111384
MONDO_0014178	DOID:0111384
MONDO:0014179	DOID:0111386
MONDO_0014179	DOID:0111386
MONDO:0014181	DOID:0060211
MONDO_0014181	DOID:0060211
MONDO:0014182	DOID:0110533
MONDO_0014182	DOID:0110533
MONDO:0014185	DOID:0060418
MONDO_0014185	DOID:0060418
MONDO:0014186	DOID:0110419
MONDO_0014186	DOID:0110419
MONDO:0014189	DOID:0110025
MONDO_0014189	DOID:0110025
MONDO:0014190	DOID:0111496
MONDO_0014190	DOID:0111496
MONDO:0014191	DOID:0060679
MONDO_0014191	DOID:0060679
MONDO:0014192	DOID:0110597
MONDO_0014192	DOID:0110597
MONDO:0014193	DOID:0110609
MONDO_0014193	DOID:0110609
MONDO:0014194	DOID:0080115
MONDO_0014194	DOID:0080115
MONDO:0014197	DOID:0111988
MONDO_0014197	DOID:0111988
MONDO:0014198	DOID:0080131
MONDO_0014198	DOID:0080131
MONDO:0014199	DOID:0080450
MONDO_0014199	DOID:0080450
MONDO:0014201	DOID:0080413
MONDO_0014201	DOID:0080413
MONDO:0014202	DOID:0110628
MONDO_0014202	DOID:0110628
MONDO:0014203	DOID:0110615
MONDO_0014203	DOID:0110615
MONDO:0014205	DOID:0080893
MONDO_0014205	DOID:0080893
MONDO:0014207	DOID:0110026
MONDO_0014207	DOID:0110026
MONDO:0014208	DOID:0110161
MONDO_0014208	DOID:0110161
MONDO:0014209	DOID:0112344
MONDO_0014209	DOID:0112344
MONDO:0014210	DOID:0081202
MONDO_0014210	DOID:0081202
MONDO:0014211	DOID:0110627
MONDO_0014211	DOID:0110627
MONDO:0014212	DOID:0111166
MONDO_0014212	DOID:0111166
MONDO:0014213	DOID:0070051
MONDO_0014213	DOID:0070051
MONDO:0014214	DOID:0110094
MONDO_0014214	DOID:0110094
MONDO:0014215	DOID:0110611
MONDO_0014215	DOID:0110611
MONDO:0014216	DOID:0110607
MONDO_0014216	DOID:0110607
MONDO:0014219	DOID:0112321
MONDO_0014219	DOID:0112321
MONDO:0014221	DOID:0050884
MONDO_0014221	DOID:0050884
MONDO:0014222	DOID:0111936
MONDO_0014222	DOID:0111936
MONDO:0014223	DOID:0060210
MONDO_0014223	DOID:0060210
MONDO:0014224	DOID:0081203
MONDO_0014224	DOID:0081203
MONDO:0014225	DOID:0111031
MONDO_0014225	DOID:0111031
MONDO:0014226	DOID:0111987
MONDO_0014226	DOID:0111987
MONDO:0014229	DOID:0111800
MONDO_0014229	DOID:0111800
MONDO:0014231	DOID:0060891
MONDO_0014231	DOID:0060891
MONDO:0014233	DOID:0060898
MONDO_0014233	DOID:0060898
MONDO:0014234	DOID:0060258
MONDO_0014234	DOID:0060258
MONDO:0014235	DOID:0060437
MONDO_0014235	DOID:0060437
MONDO:0014236	DOID:0080735
MONDO_0014236	DOID:0080735
MONDO:0014236	DOID:0080737
MONDO_0014236	DOID:0080737
MONDO:0014237	DOID:0110524
MONDO_0014237	DOID:0110524
MONDO:0014238	DOID:0081204
MONDO_0014238	DOID:0081204
MONDO:0014240	DOID:0061269
MONDO_0014240	DOID:0061269
MONDO:0014242	DOID:0080586
MONDO_0014242	DOID:0080586
MONDO:0014243	DOID:0111715
MONDO_0014243	DOID:0111715
MONDO:0014244	DOID:0070149
MONDO_0014244	DOID:0070149
MONDO:0014245	DOID:0111882
MONDO_0014245	DOID:0111882
MONDO:0014246	DOID:0111730
MONDO_0014246	DOID:0111730
MONDO:0014247	DOID:0111731
MONDO_0014247	DOID:0111731
MONDO:0014252	DOID:0111062
MONDO_0014252	DOID:0111062
MONDO:0014256	DOID:0110359
MONDO_0014256	DOID:0110359
MONDO:0014257	DOID:0080391
MONDO_0014257	DOID:0080391
MONDO:0014259	DOID:0111210
MONDO_0014259	DOID:0111210
MONDO:0014260	DOID:0081152
MONDO_0014260	DOID:0081152
MONDO:0014261	DOID:0111484
MONDO_0014261	DOID:0111484
MONDO:0014262	DOID:0070236
MONDO_0014262	DOID:0070236
MONDO:0014264	DOID:0060927
MONDO_0014264	DOID:0060927
MONDO:0014265	DOID:0110050
MONDO_0014265	DOID:0110050
MONDO:0014266	DOID:0110027
MONDO_0014266	DOID:0110027
MONDO:0014267	DOID:0111959
MONDO_0014267	DOID:0111959
MONDO:0014268	DOID:0111935
MONDO_0014268	DOID:0111935
MONDO:0014269	DOID:0111476
MONDO_0014269	DOID:0111476
MONDO:0014270	DOID:0080572
MONDO_0014270	DOID:0080572
MONDO:0014271	DOID:0080573
MONDO_0014271	DOID:0080573
MONDO:0014272	DOID:0070555
MONDO_0014272	DOID:0070555
MONDO:0014273	DOID:0081205
MONDO_0014273	DOID:0081205
MONDO:0014275	DOID:0080759
MONDO_0014275	DOID:0080759
MONDO:0014276	DOID:0060018
MONDO_0014276	DOID:0060018
MONDO:0014276	DOID:0111973
MONDO_0014276	DOID:0111973
MONDO:0014277	DOID:0060932
MONDO_0014277	DOID:0060932
MONDO:0014278	DOID:0060017
MONDO_0014278	DOID:0060017
MONDO:0014278	DOID:0111971
MONDO_0014278	DOID:0111971
MONDO:0014280	DOID:0060016
MONDO_0014280	DOID:0060016
MONDO:0014280	DOID:0111972
MONDO_0014280	DOID:0111972
MONDO:0014282	DOID:0110817
MONDO_0014282	DOID:0110817
MONDO:0014283	DOID:0110581
MONDO_0014283	DOID:0110581
MONDO:0014284	DOID:0110091
MONDO_0014284	DOID:0110091
MONDO:0014285	DOID:0111397
MONDO_0014285	DOID:0111397
MONDO:0014286	DOID:0070154
MONDO_0014286	DOID:0070154
MONDO:0014287	DOID:0110095
MONDO_0014287	DOID:0110095
MONDO:0014288	DOID:0110990
MONDO_0014288	DOID:0110990
MONDO:0014289	DOID:0081206
MONDO_0014289	DOID:0081206
MONDO:0014290	DOID:0110740
MONDO_0014290	DOID:0110740
MONDO:0014291	DOID:0110580
MONDO_0014291	DOID:0110580
MONDO:0014293	DOID:0110582
MONDO_0014293	DOID:0110582
MONDO:0014294	DOID:0060393
MONDO_0014294	DOID:0060393
MONDO:0014295	DOID:0110809
MONDO_0014295	DOID:0110809
MONDO:0014296	DOID:0110719
MONDO_0014296	DOID:0110719
MONDO:0014297	DOID:0110991
MONDO_0014297	DOID:0110991
MONDO:0014298	DOID:0060421
MONDO_0014298	DOID:0060421
MONDO:0014299	DOID:0070481
MONDO_0014299	DOID:0070481
MONDO:0014300	DOID:0111335
MONDO_0014300	DOID:0111335
MONDO:0014302	DOID:0110813
MONDO_0014302	DOID:0110813
MONDO:0014303	DOID:0110815
MONDO_0014303	DOID:0110815
MONDO:0014304	DOID:0110812
MONDO_0014304	DOID:0110812
MONDO:0014305	DOID:0110814
MONDO_0014305	DOID:0110814
MONDO:0014308	DOID:0060749
MONDO_0014308	DOID:0060749
MONDO:0014311	DOID:0080057
MONDO_0014311	DOID:0080057
MONDO:0014313	DOID:0111941
MONDO_0014313	DOID:0111941
MONDO:0014316	DOID:0110051
MONDO_0014316	DOID:0110051
MONDO:0014318	DOID:0070436
MONDO_0014318	DOID:0070436
MONDO:0014320	DOID:0112226
MONDO_0014320	DOID:0112226
MONDO:0014321	DOID:0080865
MONDO_0014321	DOID:0080865
MONDO:0014322	DOID:0080866
MONDO_0014322	DOID:0080866
MONDO:0014323	DOID:0110374
MONDO_0014323	DOID:0110374
MONDO:0014326	DOID:0110929
MONDO_0014326	DOID:0110929
MONDO:0014327	DOID:0111710
MONDO_0014327	DOID:0111710
MONDO:0014328	DOID:0080431
MONDO_0014328	DOID:0080431
MONDO:0014329	DOID:0080663
MONDO_0014329	DOID:0080663
MONDO:0014334	DOID:0111937
MONDO_0014334	DOID:0111937
MONDO:0014336	DOID:0070053
MONDO_0014336	DOID:0070053
MONDO:0014337	DOID:0090135
MONDO_0014337	DOID:0090135
MONDO:0014338	DOID:0081153
MONDO_0014338	DOID:0081153
MONDO:0014339	DOID:0080029
MONDO_0014339	DOID:0080029
MONDO:0014341	DOID:0090136
MONDO_0014341	DOID:0090136
MONDO:0014345	DOID:0110410
MONDO_0014345	DOID:0110410
MONDO:0014346	DOID:0081288
MONDO_0014346	DOID:0081288
MONDO:0014349	DOID:0060279
MONDO_0014349	DOID:0060279
MONDO:0014350	DOID:0070009
MONDO_0014350	DOID:0070009
MONDO:0014351	DOID:0060278
MONDO_0014351	DOID:0060278
MONDO:0014352	DOID:0060612
MONDO_0014352	DOID:0060612
MONDO:0014353	DOID:0111953
MONDO_0014353	DOID:0111953
MONDO:0014354	DOID:0081207
MONDO_0014354	DOID:0081207
MONDO:0014356	DOID:0080116
MONDO_0014356	DOID:0080116
MONDO:0014357	DOID:0070054
MONDO_0014357	DOID:0070054
MONDO:0014358	DOID:0070055
MONDO_0014358	DOID:0070055
MONDO:0014359	DOID:0070549
MONDO_0014359	DOID:0070549
MONDO:0014360	DOID:0080443
MONDO_0014360	DOID:0080443
MONDO:0014361	DOID:0070056
MONDO_0014361	DOID:0070056
MONDO:0014363	DOID:0110462
MONDO_0014363	DOID:0110462
MONDO:0014364	DOID:0080117
MONDO_0014364	DOID:0080117
MONDO:0014365	DOID:0070182
MONDO_0014365	DOID:0070182
MONDO:0014366	DOID:0070179
MONDO_0014366	DOID:0070179
MONDO:0014369	DOID:0080328
MONDO_0014369	DOID:0080328
MONDO:0014370	DOID:0060271
MONDO_0014370	DOID:0060271
MONDO:0014371	DOID:0080415
MONDO_0014371	DOID:0080415
MONDO:0014372	DOID:0111025
MONDO_0014372	DOID:0111025
MONDO:0014373	DOID:0080386
MONDO_0014373	DOID:0080386
MONDO:0014374	DOID:0111125
MONDO_0014374	DOID:0111125
MONDO:0014375	DOID:0060778
MONDO_0014375	DOID:0060778
MONDO:0014376	DOID:0070057
MONDO_0014376	DOID:0070057
MONDO:0014377	DOID:0080429
MONDO_0014377	DOID:0080429
MONDO:0014378	DOID:0110600
MONDO_0014378	DOID:0110600
MONDO:0014379	DOID:0070058
MONDO_0014379	DOID:0070058
MONDO:0014380	DOID:0111802
MONDO_0014380	DOID:0111802
MONDO:0014381	DOID:0070224
MONDO_0014381	DOID:0070224
MONDO:0014382	DOID:0112339
MONDO_0014382	DOID:0112339
MONDO:0014383	DOID:0080686
MONDO_0014383	DOID:0080686
MONDO:0014384	DOID:0110709
MONDO_0014384	DOID:0110709
MONDO:0014385	DOID:0110063
MONDO_0014385	DOID:0110063
MONDO:0014386	DOID:0111051
MONDO_0014386	DOID:0111051
MONDO:0014387	DOID:0070396
MONDO_0014387	DOID:0070396
MONDO:0014388	DOID:0080407
MONDO_0014388	DOID:0080407
MONDO:0014390	DOID:0110710
MONDO_0014390	DOID:0110710
MONDO:0014391	DOID:0111938
MONDO_0014391	DOID:0111938
MONDO:0014392	DOID:0080453
MONDO_0014392	DOID:0080453
MONDO:0014393	DOID:0070209
MONDO_0014393	DOID:0070209
MONDO:0014394	DOID:0111889
MONDO_0014394	DOID:0111889
MONDO:0014395	DOID:0060214
MONDO_0014395	DOID:0060214
MONDO:0014396	DOID:0110432
MONDO_0014396	DOID:0110432
MONDO:0014397	DOID:0111478
MONDO_0014397	DOID:0111478
MONDO:0014398	DOID:0111465
MONDO_0014398	DOID:0111465
MONDO:0014399	DOID:0081385
MONDO_0014399	DOID:0081385
MONDO:0014400	DOID:0110392
MONDO_0014400	DOID:0110392
MONDO:0014401	DOID:0070316
MONDO_0014401	DOID:0070316
MONDO:0014405	DOID:0111457
MONDO_0014405	DOID:0111457
MONDO:0014406	DOID:0060988
MONDO_0014406	DOID:0060988
MONDO:0014409	DOID:0081208
MONDO_0014409	DOID:0081208
MONDO:0014410	DOID:0050984
MONDO_0014410	DOID:0050984
MONDO:0014412	DOID:0111420
MONDO_0014412	DOID:0111420
MONDO:0014413	DOID:0060958
MONDO_0014413	DOID:0060958
MONDO:0014414	DOID:0061160
MONDO_0014414	DOID:0061160
MONDO:0014416	DOID:0111624
MONDO_0014416	DOID:0111624
MONDO:0014417	DOID:0050985
MONDO_0014417	DOID:0050985
MONDO:0014418	DOID:0111222
MONDO_0014418	DOID:0111222
MONDO:0014423	DOID:0111961
MONDO_0014423	DOID:0111961
MONDO:0014427	DOID:0111026
MONDO_0014427	DOID:0111026
MONDO:0014428	DOID:0110463
MONDO_0014428	DOID:0110463
MONDO:0014429	DOID:0111956
MONDO_0014429	DOID:0111956
MONDO:0014430	DOID:0081209
MONDO_0014430	DOID:0081209
MONDO:0014431	DOID:0070206
MONDO_0014431	DOID:0070206
MONDO:0014432	DOID:0110124
MONDO_0014432	DOID:0110124
MONDO:0014433	DOID:0110126
MONDO_0014433	DOID:0110126
MONDO:0014434	DOID:0110127
MONDO_0014434	DOID:0110127
MONDO:0014435	DOID:0110129
MONDO_0014435	DOID:0110129
MONDO:0014436	DOID:0110130
MONDO_0014436	DOID:0110130
MONDO:0014437	DOID:0110131
MONDO_0014437	DOID:0110131
MONDO:0014438	DOID:0110132
MONDO_0014438	DOID:0110132
MONDO:0014439	DOID:0110133
MONDO_0014439	DOID:0110133
MONDO:0014440	DOID:0110134
MONDO_0014440	DOID:0110134
MONDO:0014441	DOID:0110135
MONDO_0014441	DOID:0110135
MONDO:0014442	DOID:0110136
MONDO_0014442	DOID:0110136
MONDO:0014443	DOID:0110137
MONDO_0014443	DOID:0110137
MONDO:0014444	DOID:0110138
MONDO_0014444	DOID:0110138
MONDO:0014445	DOID:0110139
MONDO_0014445	DOID:0110139
MONDO:0014446	DOID:0110140
MONDO_0014446	DOID:0110140
MONDO:0014447	DOID:0110141
MONDO_0014447	DOID:0110141
MONDO:0014451	DOID:0111132
MONDO_0014451	DOID:0111132
MONDO:0014453	DOID:0111949
MONDO_0014453	DOID:0111949
MONDO:0014456	DOID:0112134
MONDO_0014456	DOID:0112134
MONDO:0014457	DOID:0070432
MONDO_0014457	DOID:0070432
MONDO:0014458	DOID:0080760
MONDO_0014458	DOID:0080760
MONDO:0014461	DOID:0090081
MONDO_0014461	DOID:0090081
MONDO:0014462	DOID:0111133
MONDO_0014462	DOID:0111133
MONDO:0014465	DOID:0110624
MONDO_0014465	DOID:0110624
MONDO:0014466	DOID:0080075
MONDO_0014466	DOID:0080075
MONDO:0014467	DOID:0110203
MONDO_0014467	DOID:0110203
MONDO:0014468	DOID:0110659
MONDO_0014468	DOID:0110659
MONDO:0014469	DOID:0110464
MONDO_0014469	DOID:0110464
MONDO:0014470	DOID:0110586
MONDO_0014470	DOID:0110586
MONDO:0014471	DOID:0111143
MONDO_0014471	DOID:0111143
MONDO:0014473	DOID:0070283
MONDO_0014473	DOID:0070283
MONDO:0014474	DOID:0110295
MONDO_0014474	DOID:0110295
MONDO:0014475	DOID:0050986
MONDO_0014475	DOID:0050986
MONDO:0014476	DOID:0050996
MONDO_0014476	DOID:0050996
MONDO:0014477	DOID:0080461
MONDO_0014477	DOID:0080461
MONDO:0014478	DOID:0070639
MONDO_0014478	DOID:0070639
MONDO:0014480	DOID:0111770
MONDO_0014480	DOID:0111770
MONDO:0014481	DOID:0061191
MONDO_0014481	DOID:0061191
MONDO:0014482	DOID:0070059
MONDO_0014482	DOID:0070059
MONDO:0014484	DOID:0070284
MONDO_0014484	DOID:0070284
MONDO:0014485	DOID:0112334
MONDO_0014485	DOID:0112334
MONDO:0014486	DOID:0070060
MONDO_0014486	DOID:0070060
MONDO:0014487	DOID:0080209
MONDO_0014487	DOID:0080209
MONDO:0014489	DOID:0112381
MONDO_0014489	DOID:0112381
MONDO:0014491	DOID:0111939
MONDO_0014491	DOID:0111939
MONDO:0014492	DOID:0070554
MONDO_0014492	DOID:0070554
MONDO:0014494	DOID:0111281
MONDO_0014494	DOID:0111281
MONDO:0014496	DOID:0080118
MONDO_0014496	DOID:0080118
MONDO:0014498	DOID:0090065
MONDO_0014498	DOID:0090065
MONDO:0014499	DOID:0081210
MONDO_0014499	DOID:0081210
MONDO:0014502	DOID:0111934
MONDO_0014502	DOID:0111934
MONDO:0014503	DOID:0080064
MONDO_0014503	DOID:0080064
MONDO:0014505	DOID:0080444
MONDO_0014505	DOID:0080444
MONDO:0014506	DOID:0060791
MONDO_0014506	DOID:0060791
MONDO:0014507	DOID:0081122
MONDO_0014507	DOID:0081122
MONDO:0014510	DOID:0081243
MONDO_0014510	DOID:0081243
MONDO:0014511	DOID:0110171
MONDO_0014511	DOID:0110171
MONDO:0014512	DOID:0070061
MONDO_0014512	DOID:0070061
MONDO:0014513	DOID:0110931
MONDO_0014513	DOID:0110931
MONDO:0014516	DOID:0080106
MONDO_0014516	DOID:0080106
MONDO:0014517	DOID:0111301
MONDO_0014517	DOID:0111301
MONDO:0014518	DOID:0111048
MONDO_0014518	DOID:0111048
MONDO:0014520	DOID:0080496
MONDO_0014520	DOID:0080496
MONDO:0014521	DOID:0111447
MONDO_0014521	DOID:0111447
MONDO:0014524	DOID:0081211
MONDO_0014524	DOID:0081211
MONDO:0014525	DOID:0111500
MONDO_0014525	DOID:0111500
MONDO:0014527	DOID:0111264
MONDO_0014527	DOID:0111264
MONDO:0014528	DOID:0060339
MONDO_0014528	DOID:0060339
MONDO:0014529	DOID:0080898
MONDO_0014529	DOID:0080898
MONDO:0014530	DOID:0080042
MONDO_0014530	DOID:0080042
MONDO:0014531	DOID:0060355
MONDO_0014531	DOID:0060355
MONDO:0014532	DOID:0081357
MONDO_0014532	DOID:0081357
MONDO:0014533	DOID:0080452
MONDO_0014533	DOID:0080452
MONDO:0014534	DOID:0112236
MONDO_0014534	DOID:0112236
MONDO:0014537	DOID:0111126
MONDO_0014537	DOID:0111126
MONDO:0014538	DOID:0081020
MONDO_0014538	DOID:0081020
MONDO:0014539	DOID:0111134
MONDO_0014539	DOID:0111134
MONDO:0014540	DOID:0110064
MONDO_0014540	DOID:0110064
MONDO:0014541	DOID:0111713
MONDO_0014541	DOID:0111713
MONDO:0014542	DOID:0110658
MONDO_0014542	DOID:0110658
MONDO:0014543	DOID:0110669
MONDO_0014543	DOID:0110669
MONDO:0014544	DOID:0110345
MONDO_0014544	DOID:0110345
MONDO:0014545	DOID:0111451
MONDO_0014545	DOID:0111451
MONDO:0014547	DOID:0111485
MONDO_0014547	DOID:0111485
MONDO:0014548	DOID:0110655
MONDO_0014548	DOID:0110655
MONDO:0014549	DOID:0061262
MONDO_0014549	DOID:0061262
MONDO:0014550	DOID:0110656
MONDO_0014550	DOID:0110656
MONDO:0014555	DOID:0070522
MONDO_0014555	DOID:0070522
MONDO:0014556	DOID:0081048
MONDO_0014556	DOID:0081048
MONDO:0014557	DOID:0081383
MONDO_0014557	DOID:0081383
MONDO:0014558	DOID:0070062
MONDO_0014558	DOID:0070062
MONDO:0014559	DOID:0081212
MONDO_0014559	DOID:0081212
MONDO:0014560	DOID:0110065
MONDO_0014560	DOID:0110065
MONDO:0014561	DOID:0081134
MONDO_0014561	DOID:0081134
MONDO:0014561	DOID:0110003
MONDO_0014561	DOID:0110003
MONDO:0014562	DOID:0070244
MONDO_0014562	DOID:0070244
MONDO:0014563	DOID:0070540
MONDO_0014563	DOID:0070540
MONDO:0014564	DOID:0111066
MONDO_0014564	DOID:0111066
MONDO:0014565	DOID:0110259
MONDO_0014565	DOID:0110259
MONDO:0014566	DOID:0110173
MONDO_0014566	DOID:0110173
MONDO:0014567	DOID:0070542
MONDO_0014567	DOID:0070542
MONDO:0014568	DOID:0110818
MONDO_0014568	DOID:0110818
MONDO:0014569	DOID:0061263
MONDO_0014569	DOID:0061263
MONDO:0014570	DOID:0061264
MONDO_0014570	DOID:0061264
MONDO:0014571	DOID:0111442
MONDO_0014571	DOID:0111442
MONDO:0014572	DOID:0080065
MONDO_0014572	DOID:0080065
MONDO:0014574	DOID:0070526
MONDO_0014574	DOID:0070526
MONDO:0014577	DOID:0110093
MONDO_0014577	DOID:0110093
MONDO:0014578	DOID:0110674
MONDO_0014578	DOID:0110674
MONDO:0014579	DOID:0061282
MONDO_0014579	DOID:0061282
MONDO:0014580	DOID:0070063
MONDO_0014580	DOID:0070063
MONDO:0014581	DOID:0110681
MONDO_0014581	DOID:0110681
MONDO:0014582	DOID:0110680
MONDO_0014582	DOID:0110680
MONDO:0014583	DOID:0110666
MONDO_0014583	DOID:0110666
MONDO:0014584	DOID:0110665
MONDO_0014584	DOID:0110665
MONDO:0014585	DOID:0110664
MONDO_0014585	DOID:0110664
MONDO:0014586	DOID:0110677
MONDO_0014586	DOID:0110677
MONDO:0014587	DOID:0110670
MONDO_0014587	DOID:0110670
MONDO:0014588	DOID:0110675
MONDO_0014588	DOID:0110675
MONDO:0014589	DOID:0111110
MONDO_0014589	DOID:0111110
MONDO:0014590	DOID:0110683
MONDO_0014590	DOID:0110683
MONDO:0014591	DOID:0060765
MONDO_0014591	DOID:0060765
MONDO:0014592	DOID:0080107
MONDO_0014592	DOID:0080107
MONDO:0014593	DOID:0080451
MONDO_0014593	DOID:0080451
MONDO:0014594	DOID:0110588
MONDO_0014594	DOID:0110588
MONDO:0014595	DOID:0080465
MONDO_0014595	DOID:0080465
MONDO:0014596	DOID:0112231
MONDO_0014596	DOID:0112231
MONDO:0014597	DOID:0111969
MONDO_0014597	DOID:0111969
MONDO:0014598	DOID:0080437
MONDO_0014598	DOID:0080437
MONDO:0014599	DOID:0070064
MONDO_0014599	DOID:0070064
MONDO:0014600	DOID:0070024
MONDO_0014600	DOID:0070024
MONDO:0014601	DOID:0080066
MONDO_0014601	DOID:0080066
MONDO:0014602	DOID:0070065
MONDO_0014602	DOID:0070065
MONDO:0014603	DOID:0110566
MONDO_0014603	DOID:0110566
MONDO:0014604	DOID:0111251
MONDO_0014604	DOID:0111251
MONDO:0014605	DOID:0070066
MONDO_0014605	DOID:0070066
MONDO:0014606	DOID:0070067
MONDO_0014606	DOID:0070067
MONDO:0014607	DOID:0080416
MONDO_0014607	DOID:0080416
MONDO:0014608	DOID:0060365
MONDO_0014608	DOID:0060365
MONDO:0014611	DOID:0080136
MONDO_0014611	DOID:0080136
MONDO:0014614	DOID:0110714
MONDO_0014614	DOID:0110714
MONDO:0014615	DOID:0111869
MONDO_0014615	DOID:0111869
MONDO:0014617	DOID:0070068
MONDO_0014617	DOID:0070068
MONDO:0014618	DOID:0110363
MONDO_0014618	DOID:0110363
MONDO:0014619	DOID:0111871
MONDO_0014619	DOID:0111871
MONDO:0014620	DOID:0090036
MONDO_0014620	DOID:0090036
MONDO:0014621	DOID:0110226
MONDO_0014621	DOID:0110226
MONDO:0014622	DOID:0111708
MONDO_0014622	DOID:0111708
MONDO:0014622	DOID:0111711
MONDO_0014622	DOID:0111711
MONDO:0014623	DOID:0070279
MONDO_0014623	DOID:0070279
MONDO:0014624	DOID:10235
MONDO_0014624	DOID:10235
MONDO:0014625	DOID:0080463
MONDO_0014625	DOID:0080463
MONDO:0014626	DOID:0111744
MONDO_0014626	DOID:0111744
MONDO:0014627	DOID:0090050
MONDO_0014627	DOID:0090050
MONDO:0014629	DOID:0081242
MONDO_0014629	DOID:0081242
MONDO:0014630	DOID:0080411
MONDO_0014630	DOID:0080411
MONDO:0014632	DOID:0060788
MONDO_0014632	DOID:0060788
MONDO:0014633	DOID:0060475
MONDO_0014633	DOID:0060475
MONDO:0014634	DOID:0111775
MONDO_0014634	DOID:0111775
MONDO:0014636	DOID:0111468
MONDO_0014636	DOID:0111468
MONDO:0014637	DOID:0111951
MONDO_0014637	DOID:0111951
MONDO:0014638	DOID:0111081
MONDO_0014638	DOID:0111081
MONDO:0014639	DOID:0060751
MONDO_0014639	DOID:0060751
MONDO:0014640	DOID:0110068
MONDO_0014640	DOID:0110068
MONDO:0014641	DOID:0110069
MONDO_0014641	DOID:0110069
MONDO:0014644	DOID:0110819
MONDO_0014644	DOID:0110819
MONDO:0014647	DOID:0080419
MONDO_0014647	DOID:0080419
MONDO:0014649	DOID:0081213
MONDO_0014649	DOID:0081213
MONDO:0014650	DOID:0060754
MONDO_0014650	DOID:0060754
MONDO:0014651	DOID:0060353
MONDO_0014651	DOID:0060353
MONDO:0014652	DOID:0111410
MONDO_0014652	DOID:0111410
MONDO:0014653	DOID:0110395
MONDO_0014653	DOID:0110395
MONDO:0014654	DOID:0060948
MONDO_0014654	DOID:0060948
MONDO:0014656	DOID:0111515
MONDO_0014656	DOID:0111515
MONDO:0014657	DOID:0110603
MONDO_0014657	DOID:0110603
MONDO:0014658	DOID:0111158
MONDO_0014658	DOID:0111158
MONDO:0014660	DOID:0070277
MONDO_0014660	DOID:0070277
MONDO:0014662	DOID:0070153
MONDO_0014662	DOID:0070153
MONDO:0014664	DOID:0110992
MONDO_0014664	DOID:0110992
MONDO:0014665	DOID:0110178
MONDO_0014665	DOID:0110178
MONDO:0014666	DOID:0060792
MONDO_0014666	DOID:0060792
MONDO:0014667	DOID:0080359
MONDO_0014667	DOID:0080359
MONDO:0014668	DOID:0080360
MONDO_0014668	DOID:0080360
MONDO:0014669	DOID:0081447
MONDO_0014669	DOID:0081447
MONDO:0014670	DOID:0061265
MONDO_0014670	DOID:0061265
MONDO:0014672	DOID:0110338
MONDO_0014672	DOID:0110338
MONDO:0014673	DOID:0110267
MONDO_0014673	DOID:0110267
MONDO:0014674	DOID:0111111
MONDO_0014674	DOID:0111111
MONDO:0014675	DOID:0110465
MONDO_0014675	DOID:0110465
MONDO:0014676	DOID:0070248
MONDO_0014676	DOID:0070248
MONDO:0014677	DOID:0110009
MONDO_0014677	DOID:0110009
MONDO:0014678	DOID:0070069
MONDO_0014678	DOID:0070069
MONDO:0014683	DOID:0111232
MONDO_0014683	DOID:0111232
MONDO:0014684	DOID:0111490
MONDO_0014684	DOID:0111490
MONDO:0014685	DOID:0111450
MONDO_0014685	DOID:0111450
MONDO:0014687	DOID:0110389
MONDO_0014687	DOID:0110389
MONDO:0014688	DOID:0110096
MONDO_0014688	DOID:0110096
MONDO:0014689	DOID:0080592
MONDO_0014689	DOID:0080592
MONDO:0014690	DOID:0070023
MONDO_0014690	DOID:0070023
MONDO:0014691	DOID:0060587
MONDO_0014691	DOID:0060587
MONDO:0014692	DOID:0110401
MONDO_0014692	DOID:0110401
MONDO:0014693	DOID:0060588
MONDO_0014693	DOID:0060588
MONDO:0014694	DOID:0112360
MONDO_0014694	DOID:0112360
MONDO:0014696	DOID:0080913
MONDO_0014696	DOID:0080913
MONDO:0014697	DOID:0081154
MONDO_0014697	DOID:0081154
MONDO:0014699	DOID:0070070
MONDO_0014699	DOID:0070070
MONDO:0014701	DOID:0112281
MONDO_0014701	DOID:0112281
MONDO:0014702	DOID:0110825
MONDO_0014702	DOID:0110825
MONDO:0014705	DOID:0061008
MONDO_0014705	DOID:0061008
MONDO:0014706	DOID:0070131
MONDO_0014706	DOID:0070131
MONDO:0014708	DOID:0070621
MONDO_0014708	DOID:0070621
MONDO:0014710	DOID:0111940
MONDO_0014710	DOID:0111940
MONDO:0014711	DOID:0110162
MONDO_0014711	DOID:0110162
MONDO:0014712	DOID:0061283
MONDO_0014712	DOID:0061283
MONDO:0014715	DOID:0111975
MONDO_0014715	DOID:0111975
MONDO:0014717	DOID:0111445
MONDO_0014717	DOID:0111445
MONDO:0014718	DOID:0080460
MONDO_0014718	DOID:0080460
MONDO:0014719	DOID:0080458
MONDO_0014719	DOID:0080458
MONDO:0014720	DOID:0111340
MONDO_0014720	DOID:0111340
MONDO:0014724	DOID:0110993
MONDO_0014724	DOID:0110993
MONDO:0014725	DOID:0070537
MONDO_0014725	DOID:0070537
MONDO:0014726	DOID:0110176
MONDO_0014726	DOID:0110176
MONDO:0014727	DOID:0111994
MONDO_0014727	DOID:0111994
MONDO:0014728	DOID:0111489
MONDO_0014728	DOID:0111489
MONDO:0014729	DOID:0110820
MONDO_0014729	DOID:0110820
MONDO:0014730	DOID:0070289
MONDO_0014730	DOID:0070289
MONDO:0014732	DOID:0060796
MONDO_0014732	DOID:0060796
MONDO:0014733	DOID:0110187
MONDO_0014733	DOID:0110187
MONDO:0014734	DOID:0111315
MONDO_0014734	DOID:0111315
MONDO:0014735	DOID:0110168
MONDO_0014735	DOID:0110168
MONDO:0014736	DOID:0110181
MONDO_0014736	DOID:0110181
MONDO:0014737	DOID:0111577
MONDO_0014737	DOID:0111577
MONDO:0014738	DOID:0110590
MONDO_0014738	DOID:0110590
MONDO:0014739	DOID:0110539
MONDO_0014739	DOID:0110539
MONDO:0014740	DOID:0110589
MONDO_0014740	DOID:0110589
MONDO:0014742	DOID:0080504
MONDO_0014742	DOID:0080504
MONDO:0014743	DOID:0110854
MONDO_0014743	DOID:0110854
MONDO:0014744	DOID:0111155
MONDO_0014744	DOID:0111155
MONDO:0014745	DOID:0110673
MONDO_0014745	DOID:0110673
MONDO:0014746	DOID:0070266
MONDO_0014746	DOID:0070266
MONDO:0014750	DOID:0110619
MONDO_0014750	DOID:0110619
MONDO:0014752	DOID:0080385
MONDO_0014752	DOID:0080385
MONDO:0014754	DOID:0070245
MONDO_0014754	DOID:0070245
MONDO:0014755	DOID:0112243
MONDO_0014755	DOID:0112243
MONDO:0014756	DOID:0111432
MONDO_0014756	DOID:0111432
MONDO:0014759	DOID:0081214
MONDO_0014759	DOID:0081214
MONDO:0014760	DOID:0111948
MONDO_0014760	DOID:0111948
MONDO:0014762	DOID:0051021
MONDO_0014762	DOID:0051021
MONDO:0014765	DOID:0111574
MONDO_0014765	DOID:0111574
MONDO:0014767	DOID:0070005
MONDO_0014767	DOID:0070005
MONDO:0014768	DOID:0111036
MONDO_0014768	DOID:0111036
MONDO:0014770	DOID:0110994
MONDO_0014770	DOID:0110994
MONDO:0014771	DOID:0110995
MONDO_0014771	DOID:0110995
MONDO:0014772	DOID:0080408
MONDO_0014772	DOID:0080408
MONDO:0014775	DOID:0111470
MONDO_0014775	DOID:0111470
MONDO:0014776	DOID:0111742
MONDO_0014776	DOID:0111742
MONDO:0014780	DOID:0070437
MONDO_0014780	DOID:0070437
MONDO:0014781	DOID:0111501
MONDO_0014781	DOID:0111501
MONDO:0014782	DOID:0110290
MONDO_0014782	DOID:0110290
MONDO:0014788	DOID:0110288
MONDO_0014788	DOID:0110288
MONDO:0014789	DOID:0070267
MONDO_0014789	DOID:0070267
MONDO:0014790	DOID:0070268
MONDO_0014790	DOID:0070268
MONDO:0014792	DOID:0081369
MONDO_0014792	DOID:0081369
MONDO:0014794	DOID:0080517
MONDO_0014794	DOID:0080517
MONDO:0014796	DOID:0060896
MONDO_0014796	DOID:0060896
MONDO:0014798	DOID:0110978
MONDO_0014798	DOID:0110978
MONDO:0014799	DOID:0110262
MONDO_0014799	DOID:0110262
MONDO:0014802	DOID:0081003
MONDO_0014802	DOID:0081003
MONDO:0014804	DOID:0080343
MONDO_0014804	DOID:0080343
MONDO:0014808	DOID:0060777
MONDO_0014808	DOID:0060777
MONDO:0014810	DOID:0081155
MONDO_0014810	DOID:0081155
MONDO:0014811	DOID:0081276
MONDO_0014811	DOID:0081276
MONDO:0014813	DOID:0060795
MONDO_0014813	DOID:0060795
MONDO:0014814	DOID:0110013
MONDO_0014814	DOID:0110013
MONDO:0014815	DOID:0081215
MONDO_0014815	DOID:0081215
MONDO:0014817	DOID:0080387
MONDO_0014817	DOID:0080387
MONDO:0014818	DOID:0080381
MONDO_0014818	DOID:0080381
MONDO:0014819	DOID:0060767
MONDO_0014819	DOID:0060767
MONDO:0014820	DOID:0080336
MONDO_0014820	DOID:0080336
MONDO:0014823	DOID:0060935
MONDO_0014823	DOID:0060935
MONDO:0014827	DOID:0110821
MONDO_0014827	DOID:0110821
MONDO:0014828	DOID:0090010
MONDO_0014828	DOID:0090010
MONDO:0014829	DOID:0090011
MONDO_0014829	DOID:0090011
MONDO:0014830	DOID:0111055
MONDO_0014830	DOID:0111055
MONDO:0014835	DOID:0060998
MONDO_0014835	DOID:0060998
MONDO:0014836	DOID:0110180
MONDO_0014836	DOID:0110180
MONDO:0014838	DOID:0112368
MONDO_0014838	DOID:0112368
MONDO:0014840	DOID:0081140
MONDO_0014840	DOID:0081140
MONDO:0014841	DOID:0111872
MONDO_0014841	DOID:0111872
MONDO:0014842	DOID:0070071
MONDO_0014842	DOID:0070071
MONDO:0014843	DOID:0080868
MONDO_0014843	DOID:0080868
MONDO:0014843	DOID:0080869
MONDO_0014843	DOID:0080869
MONDO:0014845	DOID:0111614
MONDO_0014845	DOID:0111614
MONDO:0014846	DOID:0111613
MONDO_0014846	DOID:0111613
MONDO:0014847	DOID:0070172
MONDO_0014847	DOID:0070172
MONDO:0014851	DOID:0061135
MONDO_0014851	DOID:0061135
MONDO:0014853	DOID:0110592
MONDO_0014853	DOID:0110592
MONDO:0014854	DOID:0110587
MONDO_0014854	DOID:0110587
MONDO:0014855	DOID:0070072
MONDO_0014855	DOID:0070072
MONDO:0014856	DOID:0111471
MONDO_0014856	DOID:0111471
MONDO:0014858	DOID:0070073
MONDO_0014858	DOID:0070073
MONDO:0014859	DOID:0080435
MONDO_0014859	DOID:0080435
MONDO:0014860	DOID:0060975
MONDO_0014860	DOID:0060975
MONDO:0014861	DOID:0061161
MONDO_0014861	DOID:0061161
MONDO:0014862	DOID:0081361
MONDO_0014862	DOID:0081361
MONDO:0014864	DOID:0080537
MONDO_0014864	DOID:0080537
MONDO:0014865	DOID:0112129
MONDO_0014865	DOID:0112129
MONDO:0014866	DOID:0110160
MONDO_0014866	DOID:0110160
MONDO:0014867	DOID:0111745
MONDO_0014867	DOID:0111745
MONDO:0014868	DOID:0080417
MONDO_0014868	DOID:0080417
MONDO:0014870	DOID:0061266
MONDO_0014870	DOID:0061266
MONDO:0014871	DOID:0110361
MONDO_0014871	DOID:0110361
MONDO:0014872	DOID:0110866
MONDO_0014872	DOID:0110866
MONDO:0014874	DOID:0112329
MONDO_0014874	DOID:0112329
MONDO:0014875	DOID:0061250
MONDO_0014875	DOID:0061250
MONDO:0014876	DOID:0081216
MONDO_0014876	DOID:0081216
MONDO:0014880	DOID:0061029
MONDO_0014880	DOID:0061029
MONDO:0014882	DOID:0110822
MONDO_0014882	DOID:0110822
MONDO:0014883	DOID:0110327
MONDO_0014883	DOID:0110327
MONDO:0014884	DOID:0070225
MONDO_0014884	DOID:0070225
MONDO:0014890	DOID:0080331
MONDO_0014890	DOID:0080331
MONDO:0014891	DOID:0061120
MONDO_0014891	DOID:0061120
MONDO:0014892	DOID:0070074
MONDO_0014892	DOID:0070074
MONDO:0014894	DOID:0080518
MONDO_0014894	DOID:0080518
MONDO:0014895	DOID:0080427
MONDO_0014895	DOID:0080427
MONDO:0014898	DOID:0111523
MONDO_0014898	DOID:0111523
MONDO:0014899	DOID:0111516
MONDO_0014899	DOID:0111516
MONDO:0014900	DOID:0110289
MONDO_0014900	DOID:0110289
MONDO:0014903	DOID:0081118
MONDO_0014903	DOID:0081118
MONDO:0014904	DOID:0080553
MONDO_0014904	DOID:0080553
MONDO:0014905	DOID:0060994
MONDO_0014905	DOID:0060994
MONDO:0014906	DOID:0111557
MONDO_0014906	DOID:0111557
MONDO:0014908	DOID:0070288
MONDO_0014908	DOID:0070288
MONDO:0014909	DOID:0110610
MONDO_0014909	DOID:0110610
MONDO:0014910	DOID:0110620
MONDO_0014910	DOID:0110620
MONDO:0014912	DOID:0080163
MONDO_0014912	DOID:0080163
MONDO:0014916	DOID:0080442
MONDO_0014916	DOID:0080442
MONDO:0014917	DOID:0080454
MONDO_0014917	DOID:0080454
MONDO:0014920	DOID:0060865
MONDO_0014920	DOID:0060865
MONDO:0014921	DOID:0080447
MONDO_0014921	DOID:0080447
MONDO:0014922	DOID:0080098
MONDO_0014922	DOID:0080098
MONDO:0014923	DOID:0070524
MONDO_0014923	DOID:0070524
MONDO:0014924	DOID:0081422
MONDO_0014924	DOID:0081422
MONDO:0014925	DOID:0081423
MONDO_0014925	DOID:0081423
MONDO:0014926	DOID:0081011
MONDO_0014926	DOID:0081011
MONDO:0014927	DOID:0110996
MONDO_0014927	DOID:0110996
MONDO:0014928	DOID:0110997
MONDO_0014928	DOID:0110997
MONDO:0014929	DOID:0061103
MONDO_0014929	DOID:0061103
MONDO:0014930	DOID:0081217
MONDO_0014930	DOID:0081217
MONDO:0014933	DOID:0080424
MONDO_0014933	DOID:0080424
MONDO:0014934	DOID:0111615
MONDO_0014934	DOID:0111615
MONDO:0014935	DOID:0111787
MONDO_0014935	DOID:0111787
MONDO:0014936	DOID:0060953
MONDO_0014936	DOID:0060953
MONDO:0014939	DOID:0110661
MONDO_0014939	DOID:0110661
MONDO:0014940	DOID:0081364
MONDO_0014940	DOID:0081364
MONDO:0014942	DOID:0080428
MONDO_0014942	DOID:0080428
MONDO:0014943	DOID:0080337
MONDO_0014943	DOID:0080337
MONDO:0014945	DOID:0081363
MONDO_0014945	DOID:0081363
MONDO:0014946	DOID:0070529
MONDO_0014946	DOID:0070529
MONDO:0014947	DOID:0080456
MONDO_0014947	DOID:0080456
MONDO:0014949	DOID:0080425
MONDO_0014949	DOID:0080425
MONDO:0014951	DOID:0081218
MONDO_0014951	DOID:0081218
MONDO:0014951	DOID:0112104
MONDO_0014951	DOID:0112104
MONDO:0014953	DOID:0081008
MONDO_0014953	DOID:0081008
MONDO:0014954	DOID:0080987
MONDO_0014954	DOID:0080987
MONDO:0014958	DOID:0081395
MONDO_0014958	DOID:0081395
MONDO:0014959	DOID:0080130
MONDO_0014959	DOID:0080130
MONDO:0014961	DOID:0070184
MONDO_0014961	DOID:0070184
MONDO:0014962	DOID:0081219
MONDO_0014962	DOID:0081219
MONDO:0014965	DOID:0061267
MONDO_0014965	DOID:0061267
MONDO:0014966	DOID:0061270
MONDO_0014966	DOID:0061270
MONDO:0014967	DOID:0051022
MONDO_0014967	DOID:0051022
MONDO:0014970	DOID:0070174
MONDO_0014970	DOID:0070174
MONDO:0014971	DOID:0080960
MONDO_0014971	DOID:0080960
MONDO:0014975	DOID:0112348
MONDO_0014975	DOID:0112348
MONDO:0014976	DOID:0111488
MONDO_0014976	DOID:0111488
MONDO:0014977	DOID:0080762
MONDO_0014977	DOID:0080762
MONDO:0014981	DOID:0111979
MONDO_0014981	DOID:0111979
MONDO:0014983	DOID:0110672
MONDO_0014983	DOID:0110672
MONDO:0014985	DOID:0111080
MONDO_0014985	DOID:0111080
MONDO:0014986	DOID:0111090
MONDO_0014986	DOID:0111090
MONDO:0014987	DOID:0111085
MONDO_0014987	DOID:0111085
MONDO:0014991	DOID:0070008
MONDO_0014991	DOID:0070008
MONDO:0014992	DOID:0112233
MONDO_0014992	DOID:0112233
MONDO:0014993	DOID:0080308
MONDO_0014993	DOID:0080308
MONDO:0014996	DOID:0081220
MONDO_0014996	DOID:0081220
MONDO:0014997	DOID:0111127
MONDO_0014997	DOID:0111127
MONDO:0015000	DOID:0080448
MONDO_0015000	DOID:0080448
MONDO:0015002	DOID:0080441
MONDO_0015002	DOID:0080441
MONDO:0015003	DOID:0081419
MONDO_0015003	DOID:0081419
MONDO:0015004	DOID:0060936
MONDO_0015004	DOID:0060936
MONDO:0015005	DOID:0080769
MONDO_0015005	DOID:0080769
MONDO:0015008	DOID:0080953
MONDO_0015008	DOID:0080953
MONDO:0015011	DOID:0111436
MONDO_0015011	DOID:0111436
MONDO:0015013	DOID:0080350
MONDO_0015013	DOID:0080350
MONDO:0015015	DOID:0111067
MONDO_0015015	DOID:0111067
MONDO:0015016	DOID:0080611
MONDO_0015016	DOID:0080611
MONDO:0015017	DOID:0080613
MONDO_0015017	DOID:0080613
MONDO:0015020	DOID:0081221
MONDO_0015020	DOID:0081221
MONDO:0015021	DOID:0081176
MONDO_0015021	DOID:0081176
MONDO:0015023	DOID:0110933
MONDO_0015023	DOID:0110933
MONDO:0015024	DOID:0111652
MONDO_0015024	DOID:0111652
MONDO:0015025	DOID:0080433
MONDO_0015025	DOID:0080433
MONDO:0015032	DOID:4696
MONDO_0015032	DOID:4696
MONDO:0015044	DOID:0060128
MONDO_0015044	DOID:0060128
MONDO:0015045	DOID:0060126
MONDO_0015045	DOID:0060126
MONDO:0015046	DOID:0060127
MONDO_0015046	DOID:0060127
MONDO:0015059	DOID:0081390
MONDO_0015059	DOID:0081390
MONDO:0015070	DOID:5457
MONDO_0015070	DOID:5457
MONDO:0015075	DOID:3963
MONDO_0015075	DOID:3963
MONDO:0015104	DOID:3132
MONDO_0015104	DOID:3132
MONDO:0015129	DOID:13774
MONDO_0015129	DOID:13774
MONDO:0015131	DOID:0111962
MONDO_0015131	DOID:0111962
MONDO:0015131	DOID:628
MONDO_0015131	DOID:628
MONDO:0015148	DOID:0112232
MONDO_0015148	DOID:0112232
MONDO:0015151	DOID:0110273
MONDO_0015151	DOID:0110273
MONDO:0015152	DOID:0110274
MONDO_0015152	DOID:0110274
MONDO:0015168	DOID:0080954
MONDO_0015168	DOID:0080954
MONDO:0015175	DOID:0040091
MONDO_0015175	DOID:0040091
MONDO:0015183	DOID:10605
MONDO_0015183	DOID:10605
MONDO:0015194	DOID:8955
MONDO_0015194	DOID:8955
MONDO:0015200	DOID:7033
MONDO_0015200	DOID:7033
MONDO:0015203	DOID:11843
MONDO_0015203	DOID:11843
MONDO:0015204	DOID:0112234
MONDO_0015204	DOID:0112234
MONDO:0015229	DOID:1935
MONDO_0015229	DOID:1935
MONDO:0015231	DOID:445
MONDO_0015231	DOID:445
MONDO:0015240	DOID:0111596
MONDO_0015240	DOID:0111596
MONDO:0015243	DOID:13166
MONDO_0015243	DOID:13166
MONDO:0015244	DOID:0050950
MONDO_0015244	DOID:0050950
MONDO:0015253	DOID:1339
MONDO_0015253	DOID:1339
MONDO:0015254	DOID:1395
MONDO_0015254	DOID:1395
MONDO:0015260	DOID:10075
MONDO_0015260	DOID:10075
MONDO:0015262	DOID:0050690
MONDO_0015262	DOID:0050690
MONDO:0015263	DOID:0050451
MONDO_0015263	DOID:0050451
MONDO:0015264	DOID:0050157
MONDO_0015264	DOID:0050157
MONDO:0015265	DOID:2799
MONDO_0015265	DOID:2799
MONDO:0015267	DOID:0060464
MONDO_0015267	DOID:0060464
MONDO:0015274	DOID:10322
MONDO_0015274	DOID:10322
MONDO:0015277	DOID:3973
MONDO_0015277	DOID:3973
MONDO:0015279	DOID:2058
MONDO_0015279	DOID:2058
MONDO:0015280	DOID:0060233
MONDO_0015280	DOID:0060233
MONDO:0015285	DOID:0050471
MONDO_0015285	DOID:0050471
MONDO:0015286	DOID:5212
MONDO_0015286	DOID:5212
MONDO:0015288	DOID:0080158
MONDO_0015288	DOID:0080158
MONDO:0015301	DOID:0050639
MONDO_0015301	DOID:0050639
MONDO:0015304	DOID:12156
MONDO_0015304	DOID:12156
MONDO:0015306	DOID:11337
MONDO_0015306	DOID:11337
MONDO:0015333	DOID:0081332
MONDO_0015333	DOID:0081332
MONDO:0015347	DOID:11824
MONDO_0015347	DOID:11824
MONDO:0015352	DOID:0111206
MONDO_0015352	DOID:0111206
MONDO:0015353	DOID:0111204
MONDO_0015353	DOID:0111204
MONDO:0015355	DOID:0111199
MONDO_0015355	DOID:0111199
MONDO:0015362	DOID:0111198
MONDO_0015362	DOID:0111198
MONDO:0015363	DOID:0111197
MONDO_0015363	DOID:0111197
MONDO:0015364	DOID:0050548
MONDO_0015364	DOID:0050548
MONDO:0015375	DOID:4501
MONDO_0015375	DOID:4501
MONDO:0015397	DOID:2907
MONDO_0015397	DOID:2907
MONDO:0015404	DOID:0080895
MONDO_0015404	DOID:0080895
MONDO:0015408	DOID:0081031
MONDO_0015408	DOID:0081031
MONDO:0015426	DOID:0060462
MONDO_0015426	DOID:0060462
MONDO:0015436	DOID:0070622
MONDO_0015436	DOID:0070622
MONDO:0015447	DOID:0080525
MONDO_0015447	DOID:0080525
MONDO:0015448	DOID:0111139
MONDO_0015448	DOID:0111139
MONDO:0015452	DOID:1925
MONDO_0015452	DOID:1925
MONDO:0015453	DOID:0060216
MONDO_0015453	DOID:0060216
MONDO:0015454	DOID:857
MONDO_0015454	DOID:857
MONDO:0015459	DOID:9261
MONDO_0015459	DOID:9261
MONDO:0015465	DOID:0080033
MONDO_0015465	DOID:0080033
MONDO:0015469	DOID:2340
MONDO_0015469	DOID:2340
MONDO:0015474	DOID:1733
MONDO_0015474	DOID:1733
MONDO:0015484	DOID:10079
MONDO_0015484	DOID:10079
MONDO:0015486	DOID:10126
MONDO_0015486	DOID:10126
MONDO:0015487	DOID:0050713
MONDO_0015487	DOID:0050713
MONDO:0015515	DOID:0060235
MONDO_0015515	DOID:0060235
MONDO:0015517	DOID:12177
MONDO_0015517	DOID:12177
MONDO:0015523	DOID:0080190
MONDO_0015523	DOID:0080190
MONDO:0015526	DOID:0060294
MONDO_0015526	DOID:0060294
MONDO:0015528	DOID:7280
MONDO_0015528	DOID:7280
MONDO:0015528	DOID:8303
MONDO_0015528	DOID:8303
MONDO:0015531	DOID:4330
MONDO_0015531	DOID:4330
MONDO:0015534	DOID:4424
MONDO_0015534	DOID:4424
MONDO:0015540	DOID:0050120
MONDO_0015540	DOID:0050120
MONDO:0015564	DOID:0111157
MONDO_0015564	DOID:0111157
MONDO:0015588	DOID:0080741
MONDO_0015588	DOID:0080741
MONDO:0015597	DOID:4398
MONDO_0015597	DOID:4398
MONDO:0015601	DOID:0111840
MONDO_0015601	DOID:0111840
MONDO:0015609	DOID:0050628
MONDO_0015609	DOID:0050628
MONDO:0015611	DOID:0050729
MONDO_0015611	DOID:0050729
MONDO:0015612	DOID:0050699
MONDO_0015612	DOID:0050699
MONDO:0015613	DOID:701
MONDO_0015613	DOID:701
MONDO:0015614	DOID:8505
MONDO_0015614	DOID:8505
MONDO:0015626	DOID:10595
MONDO_0015626	DOID:10595
MONDO:0015627	DOID:0070305
MONDO_0015627	DOID:0070305
MONDO:0015636	DOID:1082
MONDO_0015636	DOID:1082
MONDO:0015643	DOID:0060281
MONDO_0015643	DOID:0060281
MONDO:0015661	DOID:9565
MONDO_0015661	DOID:9565
MONDO:0015681	DOID:13487
MONDO_0015681	DOID:13487
MONDO:0015687	DOID:0080367
MONDO_0015687	DOID:0080367
MONDO:0015688	DOID:0080164
MONDO_0015688	DOID:0080164
MONDO:0015689	DOID:0080165
MONDO_0015689	DOID:0080165
MONDO:0015690	DOID:0080166
MONDO_0015690	DOID:0080166
MONDO:0015691	DOID:999
MONDO_0015691	DOID:999
MONDO:0015696	DOID:0060028
MONDO_0015696	DOID:0060028
MONDO:0015698	DOID:624
MONDO_0015698	DOID:624
MONDO:0015701	DOID:0060015
MONDO_0015701	DOID:0060015
MONDO:0015702	DOID:0060014
MONDO_0015702	DOID:0060014
MONDO:0015705	DOID:0111216
MONDO_0015705	DOID:0111216
MONDO:0015722	DOID:0112172
MONDO_0015722	DOID:0112172
MONDO:0015742	DOID:13088
MONDO_0015742	DOID:13088
MONDO:0015746	DOID:0112312
MONDO_0015746	DOID:0112312
MONDO:0015748	DOID:0050448
MONDO_0015748	DOID:0050448
MONDO:0015760	DOID:0081312
MONDO_0015760	DOID:0081312
MONDO:0015762	DOID:0070221
MONDO_0015762	DOID:0070221
MONDO:0015766	DOID:1498
MONDO_0015766	DOID:1498
MONDO:0015776	DOID:2580
MONDO_0015776	DOID:2580
MONDO:0015779	DOID:0080656
MONDO_0015779	DOID:0080656
MONDO:0015780	DOID:2729
MONDO_0015780	DOID:2729
MONDO:0015790	DOID:0081055
MONDO_0015790	DOID:0081055
MONDO:0015797	DOID:0060240
MONDO_0015797	DOID:0060240
MONDO:0015798	DOID:0050905
MONDO_0015798	DOID:0050905
MONDO:0015799	DOID:0060247
MONDO_0015799	DOID:0060247
MONDO:0015802	DOID:0060307
MONDO_0015802	DOID:0060307
MONDO:0015803	DOID:0050353
MONDO_0015803	DOID:0050353
MONDO:0015804	DOID:0050354
MONDO_0015804	DOID:0050354
MONDO:0015805	DOID:0050141
MONDO_0015805	DOID:0050141
MONDO:0015864	DOID:3306
MONDO_0015864	DOID:3306
MONDO:0015867	DOID:0050918
MONDO_0015867	DOID:0050918
MONDO:0015871	DOID:1631
MONDO_0015871	DOID:1631
MONDO:0015908	DOID:1562
MONDO_0015908	DOID:1562
MONDO:0015909	DOID:12449
MONDO_0015909	DOID:12449
MONDO:0015912	DOID:0060651
MONDO_0015912	DOID:0060651
MONDO:0015925	DOID:3082
MONDO_0015925	DOID:3082
MONDO:0015926	DOID:10316
MONDO_0015926	DOID:10316
MONDO:0015942	DOID:0111785
MONDO_0015942	DOID:0111785
MONDO:0015943	DOID:3049
MONDO_0015943	DOID:3049
MONDO:0015974	DOID:627
MONDO_0015974	DOID:627
MONDO:0015977	DOID:2583
MONDO_0015977	DOID:2583
MONDO:0015986	DOID:0080200
MONDO_0015986	DOID:0080200
MONDO:0015991	DOID:9273
MONDO_0015991	DOID:9273
MONDO:0015993	DOID:0050572
MONDO_0015993	DOID:0050572
MONDO:0015998	DOID:0111148
MONDO_0015998	DOID:0111148
MONDO:0015999	DOID:0060280
MONDO_0015999	DOID:0060280
MONDO:0016001	DOID:0050573
MONDO_0016001	DOID:0050573
MONDO:0016002	DOID:0080734
MONDO_0016002	DOID:0080734
MONDO:0016003	DOID:10242
MONDO_0016003	DOID:10242
MONDO:0016006	DOID:2962
MONDO_0016006	DOID:2962
MONDO:0016011	DOID:0050665
MONDO_0016011	DOID:0050665
MONDO:0016011	DOID:0050667
MONDO_0016011	DOID:0050667
MONDO:0016012	DOID:0051077
MONDO_0016012	DOID:0051077
MONDO:0016027	DOID:14264
MONDO_0016027	DOID:14264
MONDO:0016027	DOID:14777
MONDO_0016027	DOID:14777
MONDO:0016028	DOID:9240
MONDO_0016028	DOID:9240
MONDO:0016030	DOID:8931
MONDO_0016030	DOID:8931
MONDO:0016033	DOID:11725
MONDO_0016033	DOID:11725
MONDO:0016035	DOID:4968
MONDO_0016035	DOID:4968
MONDO:0016047	DOID:4692
MONDO_0016047	DOID:4692
MONDO:0016052	DOID:0060042
MONDO_0016052	DOID:0060042
MONDO:0016056	DOID:0070297
MONDO_0016056	DOID:0070297
MONDO:0016063	DOID:6457
MONDO_0016063	DOID:6457
MONDO:0016064	DOID:674
MONDO_0016064	DOID:674
MONDO:0016068	DOID:0060465
MONDO_0016068	DOID:0060465
MONDO:0016070	DOID:0060466
MONDO_0016070	DOID:0060466
MONDO:0016073	DOID:0080636
MONDO_0016073	DOID:0080636
MONDO:0016075	DOID:1080
MONDO_0016075	DOID:1080
MONDO:0016085	DOID:0060438
MONDO_0016085	DOID:0060438
MONDO:0016086	DOID:11760
MONDO_0016086	DOID:11760
MONDO:0016103	DOID:0111338
MONDO_0016103	DOID:0111338
MONDO:0016107	DOID:450
MONDO_0016107	DOID:450
MONDO:0016129	DOID:4031
MONDO_0016129	DOID:4031
MONDO:0016162	DOID:0080921
MONDO_0016162	DOID:0080921
MONDO:0016163	DOID:0050958
MONDO_0016163	DOID:0050958
MONDO:0016175	DOID:3144
MONDO_0016175	DOID:3144
MONDO:0016215	DOID:10970
MONDO_0016215	DOID:10970
MONDO:0016216	DOID:0070328
MONDO_0016216	DOID:0070328
MONDO:0016218	DOID:12842
MONDO_0016218	DOID:12842
MONDO:0016222	DOID:496
MONDO_0016222	DOID:496
MONDO:0016227	DOID:963
MONDO_0016227	DOID:963
MONDO:0016239	DOID:1064
MONDO_0016239	DOID:1064
MONDO:0016241	DOID:0050635
MONDO_0016241	DOID:0050635
MONDO:0016242	DOID:2859
MONDO_0016242	DOID:2859
MONDO:0016243	DOID:5379
MONDO_0016243	DOID:5379
MONDO:0016244	DOID:0080301
MONDO_0016244	DOID:0080301
MONDO:0016256	DOID:0060366
MONDO_0016256	DOID:0060366
MONDO:0016262	DOID:5289
MONDO_0016262	DOID:5289
MONDO:0016264	DOID:2048
MONDO_0016264	DOID:2048
MONDO:0016293	DOID:0050534
MONDO_0016293	DOID:0050534
MONDO:0016293	DOID:8498
MONDO_0016293	DOID:8498
MONDO:0016295	DOID:14503
MONDO_0016295	DOID:14503
MONDO:0016296	DOID:4621
MONDO_0016296	DOID:4621
MONDO:0016318	DOID:643
MONDO_0016318	DOID:643
MONDO:0016344	DOID:4626
MONDO_0016344	DOID:4626
MONDO:0016358	DOID:1577
MONDO_0016358	DOID:1577
MONDO:0016367	DOID:10223
MONDO_0016367	DOID:10223
MONDO:0016372	DOID:14423
MONDO_0016372	DOID:14423
MONDO:0016383	DOID:12387
MONDO_0016383	DOID:12387
MONDO:0016390	DOID:0111387
MONDO_0016390	DOID:0111387
MONDO:0016391	DOID:11717
MONDO_0016391	DOID:11717
MONDO:0016392	DOID:0070339
MONDO_0016392	DOID:0070339
MONDO:0016396	DOID:0112322
MONDO_0016396	DOID:0112322
MONDO:0016407	DOID:0111142
MONDO_0016407	DOID:0111142
MONDO:0016426	DOID:0050289
MONDO_0016426	DOID:0050289
MONDO:0016430	DOID:0060215
MONDO_0016430	DOID:0060215
MONDO:0016453	DOID:0050352
MONDO_0016453	DOID:0050352
MONDO:0016466	DOID:10320
MONDO_0016466	DOID:10320
MONDO:0016471	DOID:0050449
MONDO_0016471	DOID:0050449
MONDO:0016472	DOID:14418
MONDO_0016472	DOID:14418
MONDO:0016473	DOID:0070617
MONDO_0016473	DOID:0070617
MONDO:0016474	DOID:0040093
MONDO_0016474	DOID:0040093
MONDO:0016483	DOID:0060228
MONDO_0016483	DOID:0060228
MONDO:0016484	DOID:0110827
MONDO_0016484	DOID:0110827
MONDO:0016485	DOID:0110828
MONDO_0016485	DOID:0110828
MONDO:0016486	DOID:0080771
MONDO_0016486	DOID:0080771
MONDO:0016487	DOID:0080772
MONDO_0016487	DOID:0080772
MONDO:0016489	DOID:0080773
MONDO_0016489	DOID:0080773
MONDO:0016512	DOID:0060473
MONDO_0016512	DOID:0060473
MONDO:0016516	DOID:0080724
MONDO_0016516	DOID:0080724
MONDO:0016525	DOID:0061247
MONDO_0016525	DOID:0061247
MONDO:0016532	DOID:0050561
MONDO_0016532	DOID:0050561
MONDO:0016535	DOID:14793
MONDO_0016535	DOID:14793
MONDO:0016537	DOID:0060704
MONDO_0016537	DOID:0060704
MONDO:0016558	DOID:0111153
MONDO_0016558	DOID:0111153
MONDO:0016566	DOID:13523
MONDO_0016566	DOID:13523
MONDO:0016567	DOID:12697
MONDO_0016567	DOID:12697
MONDO:0016575	DOID:0050144
MONDO_0016575	DOID:0050144
MONDO:0016575	DOID:9562
MONDO_0016575	DOID:9562
MONDO:0016576	DOID:0090020
MONDO_0016576	DOID:0090020
MONDO:0016584	DOID:0081127
MONDO_0016584	DOID:0081127
MONDO:0016586	DOID:349
MONDO_0016586	DOID:349
MONDO:0016587	DOID:0050431
MONDO_0016587	DOID:0050431
MONDO:0016595	DOID:0050160
MONDO_0016595	DOID:0050160
MONDO:0016596	DOID:0070431
MONDO_0016596	DOID:0070431
MONDO:0016612	DOID:0050953
MONDO_0016612	DOID:0050953
MONDO:0016612	DOID:0111828
MONDO_0016612	DOID:0111828
MONDO:0016620	DOID:14283
MONDO_0016620	DOID:14283
MONDO:0016642	DOID:3565
MONDO_0016642	DOID:3565
MONDO:0016643	DOID:0081044
MONDO_0016643	DOID:0081044
MONDO:0016644	DOID:0081389
MONDO_0016644	DOID:0081389
MONDO:0016648	DOID:12721
MONDO_0016648	DOID:12721
MONDO:0016649	DOID:0060237
MONDO_0016649	DOID:0060237
MONDO:0016660	DOID:0070296
MONDO_0016660	DOID:0070296
MONDO:0016675	DOID:0111593
MONDO_0016675	DOID:0111593
MONDO:0016681	DOID:3071
MONDO_0016681	DOID:3071
MONDO:0016682	DOID:3074
MONDO_0016682	DOID:3074
MONDO:0016683	DOID:6128
MONDO_0016683	DOID:6128
MONDO:0016684	DOID:3078
MONDO_0016684	DOID:3078
MONDO:0016686	DOID:4857
MONDO_0016686	DOID:4857
MONDO:0016687	DOID:7008
MONDO_0016687	DOID:7008
MONDO:0016688	DOID:6726
MONDO_0016688	DOID:6726
MONDO:0016689	DOID:7005
MONDO_0016689	DOID:7005
MONDO:0016690	DOID:4852
MONDO_0016690	DOID:4852
MONDO:0016691	DOID:4851
MONDO_0016691	DOID:4851
MONDO:0016692	DOID:4845
MONDO_0016692	DOID:4845
MONDO:0016693	DOID:5077
MONDO_0016693	DOID:5077
MONDO:0016695	DOID:3181
MONDO_0016695	DOID:3181
MONDO:0016696	DOID:7154
MONDO_0016696	DOID:7154
MONDO:0016698	DOID:4844
MONDO_0016698	DOID:4844
MONDO:0016699	DOID:5075
MONDO_0016699	DOID:5075
MONDO:0016700	DOID:5074
MONDO_0016700	DOID:5074
MONDO:0016700	DOID:5889
MONDO_0016700	DOID:5889
MONDO:0016702	DOID:7912
MONDO_0016702	DOID:7912
MONDO:0016705	DOID:0081261
MONDO_0016705	DOID:0081261
MONDO:0016706	DOID:3773
MONDO_0016706	DOID:3773
MONDO:0016706	DOID:3774
MONDO_0016706	DOID:3774
MONDO:0016707	DOID:7305
MONDO_0016707	DOID:7305
MONDO:0016710	DOID:3873
MONDO_0016710	DOID:3873
MONDO:0016715	DOID:0080903
MONDO_0016715	DOID:0080903
MONDO:0016715	DOID:4794
MONDO_0016715	DOID:4794
MONDO:0016718	DOID:5648
MONDO_0016718	DOID:5648
MONDO:0016722	DOID:1664
MONDO_0016722	DOID:1664
MONDO:0016723	DOID:0081248
MONDO_0016723	DOID:0081248
MONDO:0016724	DOID:0081251
MONDO_0016724	DOID:0081251
MONDO:0016727	DOID:0081314
MONDO_0016727	DOID:0081314
MONDO:0016730	DOID:2426
MONDO_0016730	DOID:2426
MONDO:0016733	DOID:5078
MONDO_0016733	DOID:5078
MONDO:0016735	DOID:0081283
MONDO_0016735	DOID:0081283
MONDO:0016736	DOID:0081284
MONDO_0016736	DOID:0081284
MONDO:0016746	DOID:5900
MONDO_0016746	DOID:5900
MONDO:0016748	DOID:5241
MONDO_0016748	DOID:5241
MONDO:0016755	DOID:962
MONDO_0016755	DOID:962
MONDO:0016757	DOID:6707
MONDO_0016757	DOID:6707
MONDO:0016759	DOID:0112328
MONDO_0016759	DOID:0112328
MONDO:0016761	DOID:0112280
MONDO_0016761	DOID:0112280
MONDO:0016763	DOID:0112295
MONDO_0016763	DOID:0112295
MONDO:0016779	DOID:0111712
MONDO_0016779	DOID:0111712
MONDO:0016787	DOID:3593
MONDO_0016787	DOID:3593
MONDO:0016817	DOID:0060306
MONDO_0016817	DOID:0060306
MONDO:0016820	DOID:13099
MONDO_0016820	DOID:13099
MONDO:0016824	DOID:0080109
MONDO_0016824	DOID:0080109
MONDO:0016830	DOID:11726
MONDO_0016830	DOID:11726
MONDO:0016932	DOID:0070614
MONDO_0016932	DOID:0070614
MONDO:0016955	DOID:0111159
MONDO_0016955	DOID:0111159
MONDO:0016971	DOID:11724
MONDO_0016971	DOID:11724
MONDO:0016974	DOID:3282
MONDO_0016974	DOID:3282
MONDO:0016975	DOID:3280
MONDO_0016975	DOID:3280
MONDO:0016982	DOID:0001816
MONDO_0016982	DOID:0001816
MONDO:0016987	DOID:0050765
MONDO_0016987	DOID:0050765
MONDO:0016989	DOID:9375
MONDO_0016989	DOID:9375
MONDO:0017042	DOID:13481
MONDO_0017042	DOID:13481
MONDO:0017043	DOID:4773
MONDO_0017043	DOID:4773
MONDO:0017048	DOID:3559
MONDO_0017048	DOID:3559
MONDO:0017093	DOID:0080919
MONDO_0017093	DOID:0080919
MONDO:0017123	DOID:0050763
MONDO_0017123	DOID:0050763
MONDO:0017124	DOID:9672
MONDO_0017124	DOID:9672
MONDO:0017136	DOID:0060288
MONDO_0017136	DOID:0060288
MONDO:0017137	DOID:11678
MONDO_0017137	DOID:11678
MONDO:0017138	DOID:0050780
MONDO_0017138	DOID:0050780
MONDO:0017138	DOID:0080697
MONDO_0017138	DOID:0080697
MONDO:0017169	DOID:3125
MONDO_0017169	DOID:3125
MONDO:0017178	DOID:84
MONDO_0017178	DOID:84
MONDO:0017194	DOID:14798
MONDO_0017194	DOID:14798
MONDO:0017195	DOID:0060231
MONDO_0017195	DOID:0060231
MONDO:0017198	DOID:13533
MONDO_0017198	DOID:13533
MONDO:0017202	DOID:11752
MONDO_0017202	DOID:11752
MONDO:0017203	DOID:10697
MONDO_0017203	DOID:10697
MONDO:0017210	DOID:9389
MONDO_0017210	DOID:9389
MONDO:0017215	DOID:4734
MONDO_0017215	DOID:4734
MONDO:0017219	DOID:0111380
MONDO_0017219	DOID:0111380
MONDO:0017236	DOID:4776
MONDO_0017236	DOID:4776
MONDO:0017255	DOID:12030
MONDO_0017255	DOID:12030
MONDO:0017265	DOID:0060655
MONDO_0017265	DOID:0060655
MONDO:0017276	DOID:9255
MONDO_0017276	DOID:9255
MONDO:0017278	DOID:14040
MONDO_0017278	DOID:14040
MONDO:0017279	DOID:0060894
MONDO_0017279	DOID:0060894
MONDO:0017282	DOID:12148
MONDO_0017282	DOID:12148
MONDO:0017287	DOID:0080356
MONDO_0017287	DOID:0080356
MONDO:0017304	DOID:0050633
MONDO_0017304	DOID:0050633
MONDO:0017312	DOID:0050857
MONDO_0017312	DOID:0050857
MONDO:0017319	DOID:2373
MONDO_0017319	DOID:2373
MONDO:0017324	DOID:0050949
MONDO_0017324	DOID:0050949
MONDO:0017338	DOID:0070330
MONDO_0017338	DOID:0070330
MONDO:0017347	DOID:0080779
MONDO_0017347	DOID:0080779
MONDO:0017359	DOID:0060336
MONDO_0017359	DOID:0060336
MONDO:0017364	DOID:14039
MONDO_0017364	DOID:14039
MONDO:0017373	DOID:4953
MONDO_0017373	DOID:4953
MONDO:0017376	DOID:6196
MONDO_0017376	DOID:6196
MONDO:0017386	DOID:3250
MONDO_0017386	DOID:3250
MONDO:0017387	DOID:6193
MONDO_0017387	DOID:6193
MONDO:0017388	DOID:9892
MONDO_0017388	DOID:9892
MONDO:0017398	DOID:0060225
MONDO_0017398	DOID:0060225
MONDO:0017401	DOID:0070534
MONDO_0017401	DOID:0070534
MONDO:0017402	DOID:0070535
MONDO_0017402	DOID:0070535
MONDO:0017410	DOID:0060263
MONDO_0017410	DOID:0060263
MONDO:0017415	DOID:0080110
MONDO_0017415	DOID:0080110
MONDO:0017416	DOID:4952
MONDO_0017416	DOID:4952
MONDO:0017417	DOID:0060259
MONDO_0017417	DOID:0060259
MONDO:0017435	DOID:0060055
MONDO_0017435	DOID:0060055
MONDO:0017436	DOID:0060558
MONDO_0017436	DOID:0060558
MONDO:0017569	DOID:0070143
MONDO_0017569	DOID:0070143
MONDO:0017570	DOID:6612
MONDO_0017570	DOID:6612
MONDO:0017572	DOID:0050175
MONDO_0017572	DOID:0050175
MONDO:0017579	DOID:0060229
MONDO_0017579	DOID:0060229
MONDO:0017582	DOID:4916
MONDO_0017582	DOID:4916
MONDO:0017590	DOID:4932
MONDO_0017590	DOID:4932
MONDO:0017596	DOID:0081313
MONDO_0017596	DOID:0081313
MONDO:0017600	DOID:713
MONDO_0017600	DOID:713
MONDO:0017604	DOID:0050748
MONDO_0017604	DOID:0050748
MONDO:0017607	DOID:0080700
MONDO_0017607	DOID:0080700
MONDO:0017610	DOID:4644
MONDO_0017610	DOID:4644
MONDO:0017612	DOID:3209
MONDO_0017612	DOID:3209
MONDO:0017615	DOID:0060169
MONDO_0017615	DOID:0060169
MONDO:0017623	DOID:0080191
MONDO_0017623	DOID:0080191
MONDO:0017675	DOID:0060361
MONDO_0017675	DOID:0060361
MONDO:0017719	DOID:2368
MONDO_0017719	DOID:2368
MONDO:0017720	DOID:3321
MONDO_0017720	DOID:3321
MONDO:0017767	DOID:1586
MONDO_0017767	DOID:1586
MONDO:0017768	DOID:2548
MONDO_0017768	DOID:2548
MONDO:0017771	DOID:0112177
MONDO_0017771	DOID:0112177
MONDO:0017774	DOID:1390
MONDO_0017774	DOID:1390
MONDO:0017775	DOID:5052
MONDO_0017775	DOID:5052
MONDO:0017776	DOID:2312
MONDO_0017776	DOID:2312
MONDO:0017779	DOID:0112317
MONDO_0017779	DOID:0112317
MONDO:0017795	DOID:0050894
MONDO_0017795	DOID:0050894
MONDO:0017810	DOID:0080929
MONDO_0017810	DOID:0080929
MONDO:0017813	DOID:0060238
MONDO_0017813	DOID:0060238
MONDO:0017814	DOID:6759
MONDO_0017814	DOID:6759
MONDO:0017827	DOID:5940
MONDO_0017827	DOID:5940
MONDO:0017838	DOID:0060251
MONDO_0017838	DOID:0060251
MONDO:0017842	DOID:0050576
MONDO_0017842	DOID:0050576
MONDO:0017844	DOID:8541
MONDO_0017844	DOID:8541
MONDO:0017845	DOID:0050952
MONDO_0017845	DOID:0050952
MONDO:0017851	DOID:0050467
MONDO_0017851	DOID:0050467
MONDO:0017853	DOID:841
MONDO_0017853	DOID:841
MONDO:0017858	DOID:0080780
MONDO_0017858	DOID:0080780
MONDO:0017872	DOID:0050202
MONDO_0017872	DOID:0050202
MONDO:0017874	DOID:0050194
MONDO_0017874	DOID:0050194
MONDO:0017875	DOID:0050195
MONDO_0017875	DOID:0050195
MONDO:0017876	DOID:0050196
MONDO_0017876	DOID:0050196
MONDO:0017877	DOID:0050197
MONDO_0017877	DOID:0050197
MONDO:0017878	DOID:0050198
MONDO_0017878	DOID:0050198
MONDO:0017879	DOID:14472
MONDO_0017879	DOID:14472
MONDO:0017880	DOID:1328
MONDO_0017880	DOID:1328
MONDO:0017881	DOID:11320
MONDO_0017881	DOID:11320
MONDO:0017882	DOID:992
MONDO_0017882	DOID:992
MONDO:0017884	DOID:4465
MONDO_0017884	DOID:4465
MONDO:0017885	DOID:4471
MONDO_0017885	DOID:4471
MONDO:0017886	DOID:0081413
MONDO_0017886	DOID:0081413
MONDO:0017894	DOID:0081095
MONDO_0017894	DOID:0081095
MONDO:0017906	DOID:0080932
MONDO_0017906	DOID:0080932
MONDO:0017909	DOID:0080699
MONDO_0017909	DOID:0080699
MONDO:0017910	DOID:0111575
MONDO_0017910	DOID:0111575
MONDO:0017919	DOID:0080173
MONDO_0017919	DOID:0080173
MONDO:0017923	DOID:0050794
MONDO_0017923	DOID:0050794
MONDO:0017941	DOID:0050012
MONDO_0017941	DOID:0050012
MONDO:0017979	DOID:6688
MONDO_0017979	DOID:6688
MONDO:0017985	DOID:9827
MONDO_0017985	DOID:9827
MONDO:0017987	DOID:327
MONDO_0017987	DOID:327
MONDO:0017990	DOID:0060674
MONDO_0017990	DOID:0060674
MONDO:0017991	DOID:2508
MONDO_0017991	DOID:2508
MONDO:0018018	DOID:0080937
MONDO_0018018	DOID:0080937
MONDO:0018029	DOID:2211
MONDO_0018029	DOID:2211
MONDO:0018037	DOID:0080545
MONDO_0018037	DOID:0080545
MONDO:0018039	DOID:0050222
MONDO_0018039	DOID:0050222
MONDO:0018053	DOID:0111866
MONDO_0018053	DOID:0111866
MONDO:0018054	DOID:0050650
MONDO_0018054	DOID:0050650
MONDO:0018055	DOID:0070322
MONDO_0018055	DOID:0070322
MONDO:0018059	DOID:0080176
MONDO_0018059	DOID:0080176
MONDO:0018063	DOID:1525
MONDO_0018063	DOID:1525
MONDO:0018068	DOID:11665
MONDO_0018068	DOID:11665
MONDO:0018071	DOID:1085
MONDO_0018071	DOID:1085
MONDO:0018075	DOID:0080074
MONDO_0018075	DOID:0080074
MONDO:0018076	DOID:399
MONDO_0018076	DOID:399
MONDO:0018077	DOID:2123
MONDO_0018077	DOID:2123
MONDO:0018078	DOID:0070663
MONDO_0018078	DOID:0070663
MONDO:0018088	DOID:2987
MONDO_0018088	DOID:2987
MONDO:0018089	DOID:6406
MONDO_0018089	DOID:6406
MONDO:0018092	DOID:12297
MONDO_0018092	DOID:12297
MONDO:0018094	DOID:9258
MONDO_0018094	DOID:9258
MONDO:0018096	DOID:0050475
MONDO_0018096	DOID:0050475
MONDO:0018097	DOID:0050562
MONDO_0018097	DOID:0050562
MONDO:0018100	DOID:0060879
MONDO_0018100	DOID:0060879
MONDO:0018102	DOID:2566
MONDO_0018102	DOID:2566
MONDO:0018105	DOID:10632
MONDO_0018105	DOID:10632
MONDO:0018106	DOID:0060236
MONDO_0018106	DOID:0060236
MONDO:0018116	DOID:9870
MONDO_0018116	DOID:9870
MONDO:0018130	DOID:0070490
MONDO_0018130	DOID:0070490
MONDO:0018149	DOID:3322
MONDO_0018149	DOID:3322
MONDO:0018150	DOID:1926
MONDO_0018150	DOID:1926
MONDO:0018151	DOID:0050730
MONDO_0018151	DOID:0050730
MONDO:0018153	DOID:4329
MONDO_0018153	DOID:4329
MONDO:0018155	DOID:230
MONDO_0018155	DOID:230
MONDO:0018158	DOID:0070329
MONDO_0018158	DOID:0070329
MONDO:0018160	DOID:4648
MONDO_0018160	DOID:4648
MONDO:0018163	DOID:0070134
MONDO_0018163	DOID:0070134
MONDO:0018166	DOID:5773
MONDO_0018166	DOID:5773
MONDO:0018171	DOID:2155
MONDO_0018171	DOID:2155
MONDO:0018177	DOID:3068
MONDO_0018177	DOID:3068
MONDO:0018181	DOID:9063
MONDO_0018181	DOID:9063
MONDO:0018184	DOID:4023
MONDO_0018184	DOID:4023
MONDO:0018190	DOID:0070348
MONDO_0018190	DOID:0070348
MONDO:0018213	DOID:0070162
MONDO_0018213	DOID:0070162
MONDO:0018214	DOID:0060170
MONDO_0018214	DOID:0060170
MONDO:0018216	DOID:0050880
MONDO_0018216	DOID:0050880
MONDO:0018216	DOID:0070076
MONDO_0018216	DOID:0070076
MONDO:0018223	DOID:0070324
MONDO_0018223	DOID:0070324
MONDO:0018229	DOID:0050426
MONDO_0018229	DOID:0050426
MONDO:0018233	DOID:0111782
MONDO_0018233	DOID:0111782
MONDO:0018234	DOID:1934
MONDO_0018234	DOID:1934
MONDO:0018237	DOID:0060379
MONDO_0018237	DOID:0060379
MONDO:0018256	DOID:0070630
MONDO_0018256	DOID:0070630
MONDO:0018264	DOID:0080614
MONDO_0018264	DOID:0080614
MONDO:0018270	DOID:4232
MONDO_0018270	DOID:4232
MONDO:0018274	DOID:0060470
MONDO_0018274	DOID:0060470
MONDO:0018276	DOID:0112374
MONDO_0018276	DOID:0112374
MONDO:0018301	DOID:13949
MONDO_0018301	DOID:13949
MONDO:0018301	DOID:1678
MONDO_0018301	DOID:1678
MONDO:0018304	DOID:4371
MONDO_0018304	DOID:4371
MONDO:0018305	DOID:3265
MONDO_0018305	DOID:3265
MONDO:0018306	DOID:0060831
MONDO_0018306	DOID:0060831
MONDO:0018307	DOID:0110734
MONDO_0018307	DOID:0110734
MONDO:0018309	DOID:10487
MONDO_0018309	DOID:10487
MONDO:0018310	DOID:2571
MONDO_0018310	DOID:2571
MONDO:0018312	DOID:1731
MONDO_0018312	DOID:1731
MONDO:0018319	DOID:0111728
MONDO_0018319	DOID:0111728
MONDO:0018327	DOID:2431
MONDO_0018327	DOID:2431
MONDO:0018352	DOID:5518
MONDO_0018352	DOID:5518
MONDO:0018364	DOID:2151
MONDO_0018364	DOID:2151
MONDO:0018368	DOID:6228
MONDO_0018368	DOID:6228
MONDO:0018369	DOID:6331
MONDO_0018369	DOID:6331
MONDO:0018381	DOID:8125
MONDO_0018381	DOID:8125
MONDO:0018408	DOID:1495
MONDO_0018408	DOID:1495
MONDO:0018422	DOID:0070454
MONDO_0018422	DOID:0070454
MONDO:0018458	DOID:0060699
MONDO_0018458	DOID:0060699
MONDO:0018465	DOID:0040100
MONDO_0018465	DOID:0040100
MONDO:0018470	DOID:14766
MONDO_0018470	DOID:14766
MONDO:0018472	DOID:0111566
MONDO_0018472	DOID:0111566
MONDO:0018473	DOID:3145
MONDO_0018473	DOID:3145
MONDO:0018477	DOID:2382
MONDO_0018477	DOID:2382
MONDO:0018479	DOID:0050811
MONDO_0018479	DOID:0050811
MONDO:0018484	DOID:0080193
MONDO_0018484	DOID:0080193
MONDO:0018492	DOID:7192
MONDO_0018492	DOID:7192
MONDO:0018493	DOID:8545
MONDO_0018493	DOID:8545
MONDO:0018510	DOID:4434
MONDO_0018510	DOID:4434
MONDO:0018513	DOID:5519
MONDO_0018513	DOID:5519
MONDO:0018515	DOID:5528
MONDO_0018515	DOID:5528
MONDO:0018521	DOID:0080323
MONDO_0018521	DOID:0080323
MONDO:0018523	DOID:7235
MONDO_0018523	DOID:7235
MONDO:0018523	DOID:7735
MONDO_0018523	DOID:7735
MONDO:0018525	DOID:6827
MONDO_0018525	DOID:6827
MONDO:0018540	DOID:0081451
MONDO_0018540	DOID:0081451
MONDO:0018542	DOID:0050590
MONDO_0018542	DOID:0050590
MONDO:0018543	DOID:0090109
MONDO_0018543	DOID:0090109
MONDO:0018544	DOID:10588
MONDO_0018544	DOID:10588
MONDO:0018555	DOID:0090070
MONDO_0018555	DOID:0090070
MONDO:0018555	DOID:7455
MONDO_0018555	DOID:7455
MONDO:0018556	DOID:0050214
MONDO_0018556	DOID:0050214
MONDO:0018570	DOID:14213
MONDO_0018570	DOID:14213
MONDO:0018582	DOID:0112306
MONDO_0018582	DOID:0112306
MONDO:0018589	DOID:0080927
MONDO_0018589	DOID:0080927
MONDO:0018590	DOID:0080928
MONDO_0018590	DOID:0080928
MONDO:0018612	DOID:0050328
MONDO_0018612	DOID:0050328
MONDO:0018613	DOID:0080934
MONDO_0018613	DOID:0080934
MONDO:0018626	DOID:3055
MONDO_0018626	DOID:3055
MONDO:0018637	DOID:0111417
MONDO_0018637	DOID:0111417
MONDO:0018638	DOID:4479
MONDO_0018638	DOID:4479
MONDO:0018646	DOID:14268
MONDO_0018646	DOID:14268
MONDO:0018660	DOID:0061030
MONDO_0018660	DOID:0061030
MONDO:0018661	DOID:0060478
MONDO_0018661	DOID:0060478
MONDO:0018666	DOID:687
MONDO_0018666	DOID:687
MONDO:0018667	DOID:3798
MONDO_0018667	DOID:3798
MONDO:0018677	DOID:0050545
MONDO_0018677	DOID:0050545
MONDO:0018687	DOID:318
MONDO_0018687	DOID:318
MONDO:0018689	DOID:9513
MONDO_0018689	DOID:9513
MONDO:0018690	DOID:11549
MONDO_0018690	DOID:11549
MONDO:0018695	DOID:4492
MONDO_0018695	DOID:4492
MONDO:0018696	DOID:0081392
MONDO_0018696	DOID:0081392
MONDO:0018734	DOID:470
MONDO_0018734	DOID:470
MONDO:0018746	DOID:11656
MONDO_0018746	DOID:11656
MONDO:0018747	DOID:4313
MONDO_0018747	DOID:4313
MONDO:0018756	DOID:0081120
MONDO_0018756	DOID:0081120
MONDO:0018760	DOID:0081126
MONDO_0018760	DOID:0081126
MONDO:0018761	DOID:0080532
MONDO_0018761	DOID:0080532
MONDO:0018767	DOID:0080361
MONDO_0018767	DOID:0080361
MONDO:0018768	DOID:0090061
MONDO_0018768	DOID:0090061
MONDO:0018769	DOID:2112
MONDO_0018769	DOID:2112
MONDO:0018770	DOID:0050592
MONDO_0018770	DOID:0050592
MONDO:0018772	DOID:0050777
MONDO_0018772	DOID:0050777
MONDO:0018778	DOID:0050543
MONDO_0018778	DOID:0050543
MONDO:0018800	DOID:3614
MONDO_0018800	DOID:3614
MONDO:0018801	DOID:0111862
MONDO_0018801	DOID:0111862
MONDO:0018805	DOID:899
MONDO_0018805	DOID:899
MONDO:0018808	DOID:0081394
MONDO_0018808	DOID:0081394
MONDO:0018820	DOID:0081386
MONDO_0018820	DOID:0081386
MONDO:0018824	DOID:8553
MONDO_0018824	DOID:8553
MONDO:0018830	DOID:7365
MONDO_0018830	DOID:7365
MONDO:0018838	DOID:0050453
MONDO_0018838	DOID:0050453
MONDO:0018841	DOID:0050674
MONDO_0018841	DOID:0050674
MONDO:0018843	DOID:7232
MONDO_0018843	DOID:7232
MONDO:0018849	DOID:4154
MONDO_0018849	DOID:4154
MONDO:0018852	DOID:13911
MONDO_0018852	DOID:13911
MONDO:0018855	DOID:0080751
MONDO_0018855	DOID:0080751
MONDO:0018865	DOID:0081105
MONDO_0018865	DOID:0081105
MONDO:0018866	DOID:0050629
MONDO_0018866	DOID:0050629
MONDO:0018868	DOID:10581
MONDO_0018868	DOID:10581
MONDO:0018870	DOID:0050644
MONDO_0018870	DOID:0050644
MONDO:0018871	DOID:0081082
MONDO_0018871	DOID:0081082
MONDO:0018872	DOID:8761
MONDO_0018872	DOID:8761
MONDO:0018874	DOID:9119
MONDO_0018874	DOID:9119
MONDO:0018875	DOID:0111503
MONDO_0018875	DOID:0111503
MONDO:0018875	DOID:3012
MONDO_0018875	DOID:3012
MONDO:0018876	DOID:0050746
MONDO_0018876	DOID:0050746
MONDO:0018878	DOID:0060232
MONDO_0018878	DOID:0060232
MONDO:0018881	DOID:0050908
MONDO_0018881	DOID:0050908
MONDO:0018882	DOID:865
MONDO_0018882	DOID:865
MONDO:0018889	DOID:0111267
MONDO_0018889	DOID:0111267
MONDO:0018896	DOID:10772
MONDO_0018896	DOID:10772
MONDO:0018901	DOID:0060480
MONDO_0018901	DOID:0060480
MONDO:0018902	DOID:0050868
MONDO_0018902	DOID:0050868
MONDO:0018903	DOID:9640
MONDO_0018903	DOID:9640
MONDO:0018905	DOID:0050745
MONDO_0018905	DOID:0050745
MONDO:0018906	DOID:0050873
MONDO_0018906	DOID:0050873
MONDO:0018907	DOID:3840
MONDO_0018907	DOID:3840
MONDO:0018908	DOID:0060060
MONDO_0018908	DOID:0060060
MONDO:0018910	DOID:0050632
MONDO_0018910	DOID:0050632
MONDO:0018911	DOID:0050524
MONDO_0018911	DOID:0050524
MONDO:0018919	DOID:1858
MONDO_0018919	DOID:1858
MONDO:0018920	DOID:9997
MONDO_0018920	DOID:9997
MONDO:0018921	DOID:0050778
MONDO_0018921	DOID:0050778
MONDO:0018931	DOID:0080071
MONDO_0018931	DOID:0080071
MONDO:0018935	DOID:285
MONDO_0018935	DOID:285
MONDO:0018936	DOID:0060098
MONDO_0018936	DOID:0060098
MONDO:0018937	DOID:12801
MONDO_0018937	DOID:12801
MONDO:0018938	DOID:12804
MONDO_0018938	DOID:12804
MONDO:0018940	DOID:3635
MONDO_0018940	DOID:3635
MONDO:0018943	DOID:0080307
MONDO_0018943	DOID:0080307
MONDO:0018944	DOID:3590
MONDO_0018944	DOID:3590
MONDO:0018945	DOID:0112107
MONDO_0018945	DOID:0112107
MONDO:0018947	DOID:14717
MONDO_0018947	DOID:14717
MONDO:0018948	DOID:0080991
MONDO_0018948	DOID:0080991
MONDO:0018949	DOID:11720
MONDO_0018949	DOID:11720
MONDO:0018950	DOID:0050710
MONDO_0018950	DOID:0050710
MONDO:0018953	DOID:0060285
MONDO_0018953	DOID:0060285
MONDO:0018954	DOID:0050466
MONDO_0018954	DOID:0050466
MONDO:0018958	DOID:3191
MONDO_0018958	DOID:3191
MONDO:0018961	DOID:6846
MONDO_0018961	DOID:6846
MONDO:0018965	DOID:10983
MONDO_0018965	DOID:10983
MONDO:0018974	DOID:0080852
MONDO_0018974	DOID:0080852
MONDO:0018975	DOID:0111253
MONDO_0018975	DOID:0111253
MONDO:0018983	DOID:1278
MONDO_0018983	DOID:1278
MONDO:0018984	DOID:0050398
MONDO_0018984	DOID:0050398
MONDO:0018992	DOID:14351
MONDO_0018992	DOID:14351
MONDO:0018993	DOID:0050539
MONDO_0018993	DOID:0050539
MONDO:0018994	DOID:0050542
MONDO_0018994	DOID:0050542
MONDO:0018995	DOID:0050541
MONDO_0018995	DOID:0050541
MONDO:0018996	DOID:0050755
MONDO_0018996	DOID:0050755
MONDO:0018997	DOID:3490
MONDO_0018997	DOID:3490
MONDO:0018998	DOID:14791
MONDO_0018998	DOID:14791
MONDO:0019004	DOID:2154
MONDO_0019004	DOID:2154
MONDO:0019004	DOID:5176
MONDO_0019004	DOID:5176
MONDO:0019005	DOID:12712
MONDO_0019005	DOID:12712
MONDO:0019008	DOID:0070230
MONDO_0019008	DOID:0070230
MONDO:0019011	DOID:0050538
MONDO_0019011	DOID:0050538
MONDO:0019012	DOID:0060234
MONDO_0019012	DOID:0060234
MONDO:0019015	DOID:0060327
MONDO_0019015	DOID:0060327
MONDO:0019019	DOID:12347
MONDO_0019019	DOID:12347
MONDO:0019023	DOID:3663
MONDO_0019023	DOID:3663
MONDO:0019024	DOID:355
MONDO_0019024	DOID:355
MONDO:0019025	DOID:4659
MONDO_0019025	DOID:4659
MONDO:0019035	DOID:6823
MONDO_0019035	DOID:6823
MONDO:0019037	DOID:678
MONDO_0019037	DOID:678
MONDO:0019040	DOID:0080014
MONDO_0019040	DOID:0080014
MONDO:0019046	DOID:0050987
MONDO_0019046	DOID:0050987
MONDO:0019046	DOID:0060786
MONDO_0019046	DOID:0060786
MONDO:0019046	DOID:10579
MONDO_0019046	DOID:10579
MONDO:0019050	DOID:2860
MONDO_0019050	DOID:2860
MONDO:0019052	DOID:655
MONDO_0019052	DOID:655
MONDO:0019053	DOID:906
MONDO_0019053	DOID:906
MONDO:0019056	DOID:440
MONDO_0019056	DOID:440
MONDO:0019064	DOID:2476
MONDO_0019064	DOID:2476
MONDO:0019065	DOID:9120
MONDO_0019065	DOID:9120
MONDO:0019071	DOID:0111655
MONDO_0019071	DOID:0111655
MONDO:0019072	DOID:1852
MONDO_0019072	DOID:1852
MONDO:0019073	DOID:0111360
MONDO_0019073	DOID:0111360
MONDO:0019078	DOID:0060565
MONDO_0019078	DOID:0060565
MONDO:0019082	DOID:8506
MONDO_0019082	DOID:8506
MONDO:0019086	DOID:1107
MONDO_0019086	DOID:1107
MONDO:0019087	DOID:4947
MONDO_0019087	DOID:4947
MONDO:0019091	DOID:11650
MONDO_0019091	DOID:11650
MONDO:0019095	DOID:3482
MONDO_0019095	DOID:3482
MONDO:0019100	DOID:8869
MONDO_0019100	DOID:8869
MONDO:0019107	DOID:0050641
MONDO_0019107	DOID:0050641
MONDO:0019118	DOID:8500
MONDO_0019118	DOID:8500
MONDO:0019118	DOID:8501
MONDO_0019118	DOID:8501
MONDO:0019121	DOID:11339
MONDO_0019121	DOID:11339
MONDO:0019122	DOID:9503
MONDO_0019122	DOID:9503
MONDO:0019125	DOID:2556
MONDO_0019125	DOID:2556
MONDO:0019127	DOID:0080745
MONDO_0019127	DOID:0080745
MONDO:0019134	DOID:14174
MONDO_0019134	DOID:14174
MONDO:0019136	DOID:8485
MONDO_0019136	DOID:8485
MONDO:0019142	DOID:13268
MONDO_0019142	DOID:13268
MONDO:0019143	DOID:0050256
MONDO_0019143	DOID:0050256
MONDO:0019144	DOID:0111905
MONDO_0019144	DOID:0111905
MONDO:0019145	DOID:3756
MONDO_0019145	DOID:3756
MONDO:0019147	DOID:11080
MONDO_0019147	DOID:11080
MONDO:0019148	DOID:14497
MONDO_0019148	DOID:14497
MONDO:0019149	DOID:14502
MONDO_0019149	DOID:14502
MONDO:0019154	DOID:4674
MONDO_0019154	DOID:4674
MONDO:0019155	DOID:0112259
MONDO_0019155	DOID:0112259
MONDO:0019159	DOID:396
MONDO_0019159	DOID:396
MONDO:0019165	DOID:0112308
MONDO_0019165	DOID:0112308
MONDO:0019167	DOID:11123
MONDO_0019167	DOID:11123
MONDO:0019168	DOID:876
MONDO_0019168	DOID:876
MONDO:0019169	DOID:3649
MONDO_0019169	DOID:3649
MONDO:0019170	DOID:9810
MONDO_0019170	DOID:9810
MONDO:0019172	DOID:12271
MONDO_0019172	DOID:12271
MONDO:0019173	DOID:11260
MONDO_0019173	DOID:11260
MONDO:0019180	DOID:1270
MONDO_0019180	DOID:1270
MONDO:0019181	DOID:0050776
MONDO_0019181	DOID:0050776
MONDO:0019186	DOID:11100
MONDO_0019186	DOID:11100
MONDO:0019187	DOID:14686
MONDO_0019187	DOID:14686
MONDO:0019188	DOID:1933
MONDO_0019188	DOID:1933
MONDO:0019191	DOID:12900
MONDO_0019191	DOID:12900
MONDO:0019193	DOID:0080300
MONDO_0019193	DOID:0080300
MONDO:0019198	DOID:12029
MONDO_0019198	DOID:12029
MONDO:0019200	DOID:10584
MONDO_0019200	DOID:10584
MONDO:0019202	DOID:0080534
MONDO_0019202	DOID:0080534
MONDO:0019203	DOID:2800
MONDO_0019203	DOID:2800
MONDO:0019209	DOID:10844
MONDO_0019209	DOID:10844
MONDO:0019214	DOID:2978
MONDO_0019214	DOID:2978
MONDO:0019220	DOID:0050731
MONDO_0019220	DOID:0050731
MONDO:0019228	DOID:9265
MONDO_0019228	DOID:9265
MONDO:0019234	DOID:0080377
MONDO_0019234	DOID:0080377
MONDO:0019238	DOID:0050832
MONDO_0019238	DOID:0050832
MONDO:0019245	DOID:9455
MONDO_0019245	DOID:9455
MONDO:0019248	DOID:0080488
MONDO_0019248	DOID:0080488
MONDO:0019249	DOID:12798
MONDO_0019249	DOID:12798
MONDO:0019254	DOID:653
MONDO_0019254	DOID:653
MONDO:0019255	DOID:1927
MONDO_0019255	DOID:1927
MONDO:0019257	DOID:0111034
MONDO_0019257	DOID:0111034
MONDO:0019262	DOID:0050756
MONDO_0019262	DOID:0050756
MONDO:0019264	DOID:0112320
MONDO_0019264	DOID:0112320
MONDO:0019266	DOID:13677
MONDO_0019266	DOID:13677
MONDO:0019269	DOID:1697
MONDO_0019269	DOID:1697
MONDO:0019280	DOID:420
MONDO_0019280	DOID:420
MONDO:0019284	DOID:0080683
MONDO_0019284	DOID:0080683
MONDO:0019287	DOID:2121
MONDO_0019287	DOID:2121
MONDO:0019288	DOID:10123
MONDO_0019288	DOID:10123
MONDO:0019293	DOID:9540
MONDO_0019293	DOID:9540
MONDO:0019297	DOID:4977
MONDO_0019297	DOID:4977
MONDO:0019306	DOID:1699
MONDO_0019306	DOID:1699
MONDO:0019307	DOID:0060738
MONDO_0019307	DOID:0060738
MONDO:0019312	DOID:3753
MONDO_0019312	DOID:3753
MONDO:0019313	DOID:0050580
MONDO_0019313	DOID:0050580
MONDO:0019315	DOID:3665
MONDO_0019315	DOID:3665
MONDO:0019316	DOID:12309
MONDO_0019316	DOID:12309
MONDO:0019324	DOID:0080850
MONDO_0019324	DOID:0080850
MONDO:0019337	DOID:8502
MONDO_0019337	DOID:8502
MONDO:0019338	DOID:11335
MONDO_0019338	DOID:11335
MONDO:0019340	DOID:419
MONDO_0019340	DOID:419
MONDO:0019342	DOID:0050569
MONDO_0019342	DOID:0050569
MONDO:0019344	DOID:0080744
MONDO_0019344	DOID:0080744
MONDO:0019345	DOID:12385
MONDO_0019345	DOID:12385
MONDO:0019347	DOID:0060283
MONDO_0019347	DOID:0060283
MONDO:0019349	DOID:0112103
MONDO_0019349	DOID:0112103
MONDO:0019349	DOID:14748
MONDO_0019349	DOID:14748
MONDO:0019350	DOID:12971
MONDO_0019350	DOID:12971
MONDO:0019353	DOID:0050817
MONDO_0019353	DOID:0050817
MONDO:0019354	DOID:0080046
MONDO_0019354	DOID:0080046
MONDO:0019355	DOID:14256
MONDO_0019355	DOID:14256
MONDO:0019359	DOID:0050052
MONDO_0019359	DOID:0050052
MONDO:0019360	DOID:11103
MONDO_0019360	DOID:11103
MONDO:0019362	DOID:0050480
MONDO_0019362	DOID:0050480
MONDO:0019365	DOID:13371
MONDO_0019365	DOID:13371
MONDO:0019369	DOID:14022
MONDO_0019369	DOID:14022
MONDO:0019369	DOID:3223
MONDO_0019369	DOID:3223
MONDO:0019373	DOID:6785
MONDO_0019373	DOID:6785
MONDO:0019376	DOID:2365
MONDO_0019376	DOID:2365
MONDO:0019378	DOID:0050118
MONDO_0019378	DOID:0050118
MONDO:0019380	DOID:10843
MONDO_0019380	DOID:10843
MONDO:0019383	DOID:639
MONDO_0019383	DOID:639
MONDO:0019384	DOID:5225
MONDO_0019384	DOID:5225
MONDO:0019391	DOID:13636
MONDO_0019391	DOID:13636
MONDO:0019392	DOID:5445
MONDO_0019392	DOID:5445
MONDO:0019402	DOID:12241
MONDO_0019402	DOID:12241
MONDO:0019403	DOID:1338
MONDO_0019403	DOID:1338
MONDO:0019404	DOID:4697
MONDO_0019404	DOID:4697
MONDO:0019407	DOID:0111673
MONDO_0019407	DOID:0111673
MONDO:0019409	DOID:12559
MONDO_0019409	DOID:12559
MONDO:0019438	DOID:0080933
MONDO_0019438	DOID:0080933
MONDO:0019439	DOID:0080936
MONDO_0019439	DOID:0080936
MONDO:0019443	DOID:0060770
MONDO_0019443	DOID:0060770
MONDO:0019444	DOID:9784
MONDO_0019444	DOID:9784
MONDO:0019451	DOID:0080187
MONDO_0019451	DOID:0080187
MONDO:0019458	DOID:0080795
MONDO_0019458	DOID:0080795
MONDO:0019461	DOID:0081041
MONDO_0019461	DOID:0081041
MONDO:0019462	DOID:0050750
MONDO_0019462	DOID:0050750
MONDO:0019464	DOID:0060125
MONDO_0019464	DOID:0060125
MONDO:0019465	DOID:0080211
MONDO_0019465	DOID:0080211
MONDO:0019466	DOID:0081307
MONDO_0019466	DOID:0081307
MONDO:0019467	DOID:0081076
MONDO_0019467	DOID:0081076
MONDO:0019468	DOID:0081042
MONDO_0019468	DOID:0081042
MONDO:0019469	DOID:0050751
MONDO_0019469	DOID:0050751
MONDO:0019470	DOID:1035
MONDO_0019470	DOID:1035
MONDO:0019471	DOID:0050523
MONDO_0019471	DOID:0050523
MONDO:0019472	DOID:0080797
MONDO_0019472	DOID:0080797
MONDO:0019474	DOID:0081049
MONDO_0019474	DOID:0081049
MONDO:0019475	DOID:0070662
MONDO_0019475	DOID:0070662
MONDO:0019479	DOID:0080915
MONDO_0019479	DOID:0080915
MONDO:0019480	DOID:7146
MONDO_0019480	DOID:7146
MONDO:0019483	DOID:5821
MONDO_0019483	DOID:5821
MONDO:0019490	DOID:0111073
MONDO_0019490	DOID:0111073
MONDO:0019496	DOID:169
MONDO_0019496	DOID:169
MONDO:0019497	DOID:0050563
MONDO_0019497	DOID:0050563
MONDO:0019498	DOID:0050266
MONDO_0019498	DOID:0050266
MONDO:0019499	DOID:3491
MONDO_0019499	DOID:3491
MONDO:0019501	DOID:0050439
MONDO_0019501	DOID:0050439
MONDO:0019502	DOID:0060308
MONDO_0019502	DOID:0060308
MONDO:0019503	DOID:0060648
MONDO_0019503	DOID:0060648
MONDO:0019507	DOID:2187
MONDO_0019507	DOID:2187
MONDO:0019508	DOID:0060239
MONDO_0019508	DOID:0060239
MONDO:0019514	DOID:0080177
MONDO_0019514	DOID:0080177
MONDO:0019516	DOID:0050535
MONDO_0019516	DOID:0050535
MONDO:0019526	DOID:0060567
MONDO_0019526	DOID:0060567
MONDO:0019531	DOID:0051009
MONDO_0019531	DOID:0051009
MONDO:0019537	DOID:5378
MONDO_0019537	DOID:5378
MONDO:0019538	DOID:2838
MONDO_0019538	DOID:2838
MONDO:0019551	DOID:0080068
MONDO_0019551	DOID:0080068
MONDO:0019557	DOID:0060386
MONDO_0019557	DOID:0060386
MONDO:0019562	DOID:8472
MONDO_0019562	DOID:8472
MONDO:0019563	DOID:0060218
MONDO_0019563	DOID:0060218
MONDO:0019565	DOID:12531
MONDO_0019565	DOID:12531
MONDO:0019567	DOID:14720
MONDO_0019567	DOID:14720
MONDO:0019568	DOID:0080726
MONDO_0019568	DOID:0080726
MONDO:0019569	DOID:0080907
MONDO_0019569	DOID:0080907
MONDO:0019570	DOID:0080908
MONDO_0019570	DOID:0080908
MONDO:0019571	DOID:0070142
MONDO_0019571	DOID:0070142
MONDO:0019572	DOID:0070144
MONDO_0019572	DOID:0070144
MONDO:0019586	DOID:0050566
MONDO_0019586	DOID:0050566
MONDO:0019587	DOID:0050564
MONDO_0019587	DOID:0050564
MONDO:0019588	DOID:0050565
MONDO_0019588	DOID:0050565
MONDO:0019591	DOID:9410
MONDO_0019591	DOID:9410
MONDO:0019600	DOID:0050427
MONDO_0019600	DOID:0050427
MONDO:0019609	DOID:905
MONDO_0019609	DOID:905
MONDO:0019610	DOID:0050782
MONDO_0019610	DOID:0050782
MONDO:0019613	DOID:5715
MONDO_0019613	DOID:5715
MONDO:0019618	DOID:9476
MONDO_0019618	DOID:9476
MONDO:0019622	DOID:2801
MONDO_0019622	DOID:2801
MONDO:0019623	DOID:14735
MONDO_0019623	DOID:14735
MONDO:0019624	DOID:0080941
MONDO_0019624	DOID:0080941
MONDO:0019629	DOID:0060252
MONDO_0019629	DOID:0060252
MONDO:0019631	DOID:0060282
MONDO_0019631	DOID:0060282
MONDO:0019632	DOID:11729
MONDO_0019632	DOID:11729
MONDO:0019633	DOID:13034
MONDO_0019633	DOID:13034
MONDO:0019637	DOID:0080204
MONDO_0019637	DOID:0080204
MONDO:0019648	DOID:0080043
MONDO_0019648	DOID:0080043
MONDO:0019666	DOID:0050812
MONDO_0019666	DOID:0050812
MONDO:0019667	DOID:0112284
MONDO_0019667	DOID:0112284
MONDO:0019669	DOID:0080044
MONDO_0019669	DOID:0080044
MONDO:0019675	DOID:0112197
MONDO_0019675	DOID:0112197
MONDO:0019696	DOID:0080049
MONDO_0019696	DOID:0080049
MONDO:0019701	DOID:2581
MONDO_0019701	DOID:2581
MONDO:0019719	DOID:0080205
MONDO_0019719	DOID:0080205
MONDO:0019735	DOID:853
MONDO_0019735	DOID:853
MONDO:0019751	DOID:0051000
MONDO_0019751	DOID:0051000
MONDO:0019754	DOID:0111152
MONDO_0019754	DOID:0111152
MONDO:0019771	DOID:0050843
MONDO_0019771	DOID:0050843
MONDO:0019772	DOID:3982
MONDO_0019772	DOID:3982
MONDO:0019773	DOID:0060326
MONDO_0019773	DOID:0060326
MONDO:0019783	DOID:1687
MONDO_0019783	DOID:1687
MONDO:0019790	DOID:14464
MONDO_0019790	DOID:14464
MONDO:0019796	DOID:12960
MONDO_0019796	DOID:12960
MONDO:0019797	DOID:14669
MONDO_0019797	DOID:14669
MONDO:0019799	DOID:5230
MONDO_0019799	DOID:5230
MONDO:0019803	DOID:4028
MONDO_0019803	DOID:4028
MONDO:0019804	DOID:0060313
MONDO_0019804	DOID:0060313
MONDO:0019805	DOID:13576
MONDO_0019805	DOID:13576
MONDO:0019806	DOID:0081388
MONDO_0019806	DOID:0081388
MONDO:0019917	DOID:0111714
MONDO_0019917	DOID:0111714
MONDO:0019930	DOID:0112260
MONDO_0019930	DOID:0112260
MONDO:0019931	DOID:0112261
MONDO_0019931	DOID:0112261
MONDO:0019933	DOID:2449
MONDO_0019933	DOID:2449
MONDO:0019941	DOID:0070161
MONDO_0019941	DOID:0070161
MONDO:0019942	DOID:0050646
MONDO_0019942	DOID:0050646
MONDO:0019947	DOID:0060255
MONDO_0019947	DOID:0060255
MONDO:0019948	DOID:0080090
MONDO_0019948	DOID:0080090
MONDO:0019950	DOID:0050557
MONDO_0019950	DOID:0050557
MONDO:0019952	DOID:0080100
MONDO_0019952	DOID:0080100
MONDO:0019952	DOID:0081337
MONDO_0019952	DOID:0081337
MONDO:0019956	DOID:9588
MONDO_0019956	DOID:9588
MONDO:0019960	DOID:5574
MONDO_0019960	DOID:5574
MONDO:0019962	DOID:10011
MONDO_0019962	DOID:10011
MONDO:0019975	DOID:8457
MONDO_0019975	DOID:8457
MONDO:0019976	DOID:0081291
MONDO_0019976	DOID:0081291
MONDO:0019978	DOID:0060254
MONDO_0019978	DOID:0060254
MONDO:0019992	DOID:4184
MONDO_0019992	DOID:4184
MONDO:0020066	DOID:13359
MONDO_0020066	DOID:13359
MONDO:0020068	DOID:10993
MONDO_0020068	DOID:10993
MONDO:0020074	DOID:891
MONDO_0020074	DOID:891
MONDO:0020076	DOID:2226
MONDO_0020076	DOID:2226
MONDO:0020088	DOID:0050440
MONDO_0020088	DOID:0050440
MONDO:0020108	DOID:718
MONDO_0020108	DOID:718
MONDO:0020119	DOID:0060309
MONDO_0020119	DOID:0060309
MONDO:0020121	DOID:9884
MONDO_0020121	DOID:9884
MONDO:0020124	DOID:439
MONDO_0020124	DOID:439
MONDO:0020128	DOID:231
MONDO_0020128	DOID:231
MONDO:0020135	DOID:0060264
MONDO_0020135	DOID:0060264
MONDO:0020143	DOID:10742
MONDO_0020143	DOID:10742
MONDO:0020153	DOID:0111716
MONDO_0020153	DOID:0111716
MONDO:0020213	DOID:0060442
MONDO_0020213	DOID:0060442
MONDO:0020283	DOID:13141
MONDO_0020283	DOID:13141
MONDO:0020290	DOID:0050651
MONDO_0020290	DOID:0050651
MONDO:0020291	DOID:0070315
MONDO_0020291	DOID:0070315
MONDO:0020310	DOID:0081420
MONDO_0020310	DOID:0081420
MONDO:0020311	DOID:0080188
MONDO_0020311	DOID:0080188
MONDO:0020320	DOID:0081087
MONDO_0020320	DOID:0081087
MONDO:0020322	DOID:9953
MONDO_0020322	DOID:9953
MONDO:0020323	DOID:0080210
MONDO_0020323	DOID:0080210
MONDO:0020324	DOID:0081311
MONDO_0020324	DOID:0081311
MONDO:0020325	DOID:0050744
MONDO_0020325	DOID:0050744
MONDO:0020331	DOID:4660
MONDO_0020331	DOID:4660
MONDO:0020332	DOID:4797
MONDO_0020332	DOID:4797
MONDO:0020333	DOID:4798
MONDO_0020333	DOID:4798
MONDO:0020334	DOID:9254
MONDO_0020334	DOID:9254
MONDO:0020337	DOID:0111396
MONDO_0020337	DOID:0111396
MONDO:0020340	DOID:0080924
MONDO_0020340	DOID:0080924
MONDO:0020341	DOID:0050454
MONDO_0020341	DOID:0050454
MONDO:0020359	DOID:0111720
MONDO_0020359	DOID:0111720
MONDO:0020360	DOID:0111719
MONDO_0020360	DOID:0111719
MONDO:0020361	DOID:0111718
MONDO_0020361	DOID:0111718
MONDO:0020364	DOID:0060457
MONDO_0020364	DOID:0060457
MONDO:0020366	DOID:11212
MONDO_0020366	DOID:11212
MONDO:0020367	DOID:1068
MONDO_0020367	DOID:1068
MONDO:0020369	DOID:11554
MONDO_0020369	DOID:11554
MONDO:0020370	DOID:0060217
MONDO_0020370	DOID:0060217
MONDO:0020380	DOID:1441
MONDO_0020380	DOID:1441
MONDO:0020381	DOID:0060863
MONDO_0020381	DOID:0060863
MONDO:0020439	DOID:13620
MONDO_0020439	DOID:13620
MONDO:0020458	DOID:0051008
MONDO_0020458	DOID:0051008
MONDO:0020460	DOID:0111146
MONDO_0020460	DOID:0111146
MONDO:0020478	DOID:0111754
MONDO_0020478	DOID:0111754
MONDO:0020480	DOID:0111165
MONDO_0020480	DOID:0111165
MONDO:0020487	DOID:0050150
MONDO_0020487	DOID:0050150
MONDO:0020491	DOID:0111169
MONDO_0020491	DOID:0111169
MONDO:0020496	DOID:0112313
MONDO_0020496	DOID:0112313
MONDO:0020499	DOID:0050192
MONDO_0020499	DOID:0050192
MONDO:0020500	DOID:4327
MONDO_0020500	DOID:4327
MONDO:0020501	DOID:12287
MONDO_0020501	DOID:12287
MONDO:0020502	DOID:9682
MONDO_0020502	DOID:9682
MONDO:0020507	DOID:0070374
MONDO_0020507	DOID:0070374
MONDO:0020511	DOID:0080638
MONDO_0020511	DOID:0080638
MONDO:0020513	DOID:5834
MONDO_0020513	DOID:5834
MONDO:0020513	DOID:7891
MONDO_0020513	DOID:7891
MONDO:0020525	DOID:0060334
MONDO_0020525	DOID:0060334
MONDO:0020527	DOID:0060890
MONDO_0020527	DOID:0060890
MONDO:0020528	DOID:3946
MONDO_0020528	DOID:3946
MONDO:0020532	DOID:12096
MONDO_0020532	DOID:12096
MONDO:0020533	DOID:13238
MONDO_0020533	DOID:13238
MONDO:0020550	DOID:2025
MONDO_0020550	DOID:2025
MONDO:0020552	DOID:3596
MONDO_0020552	DOID:3596
MONDO:0020560	DOID:2129
MONDO_0020560	DOID:2129
MONDO:0020562	DOID:5702
MONDO_0020562	DOID:5702
MONDO:0020563	DOID:0080531
MONDO_0020563	DOID:0080531
MONDO:0020572	DOID:3222
MONDO_0020572	DOID:3222
MONDO:0020602	DOID:0060248
MONDO_0020602	DOID:0060248
MONDO:0020603	DOID:0080352
MONDO_0020603	DOID:0080352
MONDO:0020604	DOID:0080009
MONDO_0020604	DOID:0080009
MONDO:0020605	DOID:0080012
MONDO_0020605	DOID:0080012
MONDO:0020630	DOID:0080472
MONDO_0020630	DOID:0080472
MONDO:0020631	DOID:0080471
MONDO_0020631	DOID:0080471
MONDO:0020632	DOID:0112275
MONDO_0020632	DOID:0112275
MONDO:0020642	DOID:0080322
MONDO_0020642	DOID:0080322
MONDO:0020655	DOID:0040092
MONDO_0020655	DOID:0040092
MONDO:0020658	DOID:6845
MONDO_0020658	DOID:6845
MONDO:0020667	DOID:0081290
MONDO_0020667	DOID:0081290
MONDO:0020678	DOID:10003
MONDO_0020678	DOID:10003
MONDO:0020681	DOID:0080736
MONDO_0020681	DOID:0080736
MONDO:0020682	DOID:0080738
MONDO_0020682	DOID:0080738
MONDO:0020684	DOID:0080986
MONDO_0020684	DOID:0080986
MONDO:0020692	DOID:0112365
MONDO_0020692	DOID:0112365
MONDO:0020712	DOID:0111778
MONDO_0020712	DOID:0111778
MONDO:0020713	DOID:0081268
MONDO_0020713	DOID:0081268
MONDO:0020716	DOID:0112185
MONDO_0020716	DOID:0112185
MONDO:0020717	DOID:0111573
MONDO_0020717	DOID:0111573
MONDO:0020721	DOID:0060063
MONDO_0020721	DOID:0060063
MONDO:0020722	DOID:0080652
MONDO_0020722	DOID:0080652
MONDO:0020723	DOID:0080886
MONDO_0020723	DOID:0080886
MONDO:0020724	DOID:0080491
MONDO_0020724	DOID:0080491
MONDO:0020726	DOID:0061118
MONDO_0020726	DOID:0061118
MONDO:0020727	DOID:0111498
MONDO_0020727	DOID:0111498
MONDO:0020729	DOID:0081136
MONDO_0020729	DOID:0081136
MONDO:0020730	DOID:0070466
MONDO_0020730	DOID:0070466
MONDO:0020733	DOID:0080787
MONDO_0020733	DOID:0080787
MONDO:0020735	DOID:0111623
MONDO_0020735	DOID:0111623
MONDO:0020737	DOID:0111434
MONDO_0020737	DOID:0111434
MONDO:0020738	DOID:0112242
MONDO_0020738	DOID:0112242
MONDO:0020739	DOID:0061136
MONDO_0020739	DOID:0061136
MONDO:0020740	DOID:0081078
MONDO_0020740	DOID:0081078
MONDO:0020741	DOID:0070519
MONDO_0020741	DOID:0070519
MONDO:0020746	DOID:0081322
MONDO_0020746	DOID:0081322
MONDO:0020747	DOID:0070634
MONDO_0020747	DOID:0070634
MONDO:0020748	DOID:0060983
MONDO_0020748	DOID:0060983
MONDO:0020753	DOID:0080599
MONDO_0020753	DOID:0080599
MONDO:0020756	DOID:0111181
MONDO_0020756	DOID:0111181
MONDO:0020765	DOID:0070679
MONDO_0020765	DOID:0070679
MONDO:0020766	DOID:0070680
MONDO_0020766	DOID:0070680
MONDO:0020770	DOID:0070465
MONDO_0020770	DOID:0070465
MONDO:0020772	DOID:0111324
MONDO_0020772	DOID:0111324
MONDO:0020791	DOID:0080670
MONDO_0020791	DOID:0080670
MONDO:0020793	DOID:0081297
MONDO_0020793	DOID:0081297
MONDO:0020798	DOID:0061151
MONDO_0020798	DOID:0061151
MONDO:0020820	DOID:0111600
MONDO_0020820	DOID:0111600
MONDO:0020840	DOID:0061070
MONDO_0020840	DOID:0061070
MONDO:0020845	DOID:0111524
MONDO_0020845	DOID:0111524
MONDO:0020846	DOID:0081225
MONDO_0020846	DOID:0081225
MONDO:0020847	DOID:0061032
MONDO_0020847	DOID:0061032
MONDO:0020849	DOID:0111952
MONDO_0020849	DOID:0111952
MONDO:0020850	DOID:0081226
MONDO_0020850	DOID:0081226
MONDO:0020851	DOID:0111913
MONDO_0020851	DOID:0111913
MONDO:0020852	DOID:0111922
MONDO_0020852	DOID:0111922
MONDO:0020855	DOID:0111925
MONDO_0020855	DOID:0111925
MONDO:0020857	DOID:0080499
MONDO_0020857	DOID:0080499
MONDO:0020858	DOID:0070463
MONDO_0020858	DOID:0070463
MONDO:0021001	DOID:0111029
MONDO_0021001	DOID:0111029
MONDO:0021002	DOID:11193
MONDO_0021002	DOID:11193
MONDO:0021003	DOID:1148
MONDO_0021003	DOID:1148
MONDO:0021004	DOID:0050581
MONDO_0021004	DOID:0050581
MONDO:0021005	DOID:0111824
MONDO_0021005	DOID:0111824
MONDO:0021009	DOID:0081293
MONDO_0021009	DOID:0081293
MONDO:0021013	DOID:0050528
MONDO_0021013	DOID:0050528
MONDO:0021018	DOID:0110305
MONDO_0021018	DOID:0110305
MONDO:0021021	DOID:0080807
MONDO_0021021	DOID:0080807
MONDO:0021022	DOID:0060695
MONDO_0021022	DOID:0060695
MONDO:0021023	DOID:0080775
MONDO_0021023	DOID:0080775
MONDO:0021035	DOID:0080628
MONDO_0021035	DOID:0080628
MONDO:0021039	DOID:4985
MONDO_0021039	DOID:4985
MONDO:0021048	DOID:4658
MONDO_0021048	DOID:4658
MONDO:0021054	DOID:0080639
MONDO_0021054	DOID:0080639
MONDO:0021055	DOID:0050424
MONDO_0021055	DOID:0050424
MONDO:0021056	DOID:0080409
MONDO_0021056	DOID:0080409
MONDO:0021060	DOID:0080690
MONDO_0021060	DOID:0080690
MONDO:0021061	DOID:8712
MONDO_0021061	DOID:8712
MONDO:0021063	DOID:219
MONDO_0021063	DOID:219
MONDO:0021069	DOID:170
MONDO_0021069	DOID:170
MONDO:0021083	DOID:0081015
MONDO_0021083	DOID:0081015
MONDO:0021090	DOID:7076
MONDO_0021090	DOID:7076
MONDO:0021093	DOID:0080803
MONDO_0021093	DOID:0080803
MONDO:0021095	DOID:0080855
MONDO_0021095	DOID:0080855
MONDO:0021097	DOID:1626
MONDO_0021097	DOID:1626
MONDO:0021101	DOID:8151
MONDO_0021101	DOID:8151
MONDO:0021107	DOID:8986
MONDO_0021107	DOID:8986
MONDO:0021113	DOID:11162
MONDO_0021113	DOID:11162
MONDO:0021115	DOID:0080674
MONDO_0021115	DOID:0080674
MONDO:0021118	DOID:4610
MONDO_0021118	DOID:4610
MONDO:0021129	DOID:10629
MONDO_0021129	DOID:10629
MONDO:0021162	DOID:9969
MONDO_0021162	DOID:9969
MONDO:0021167	DOID:633
MONDO_0021167	DOID:633
MONDO:0021169	DOID:474
MONDO_0021169	DOID:474
MONDO:0021181	DOID:2214
MONDO_0021181	DOID:2214
MONDO:0021259	DOID:13206
MONDO_0021259	DOID:13206
MONDO:0021439	DOID:60009
MONDO_0021439	DOID:60009
MONDO:0021441	DOID:0080781
MONDO_0021441	DOID:0080781
MONDO:0021443	DOID:0080617
MONDO_0021443	DOID:0080617
MONDO:0021463	DOID:60008
MONDO_0021463	DOID:60008
MONDO:0021503	DOID:0080640
MONDO_0021503	DOID:0080640
MONDO:0021547	DOID:0080243
MONDO_0021547	DOID:0080243
MONDO:0021553	DOID:0080743
MONDO_0021553	DOID:0080743
MONDO:0021569	DOID:0070247
MONDO_0021569	DOID:0070247
MONDO:0021569	DOID:0110301
MONDO_0021569	DOID:0110301
MONDO:0021636	DOID:3069
MONDO_0021636	DOID:3069
MONDO:0021637	DOID:0060101
MONDO_0021637	DOID:0060101
MONDO:0021637	DOID:0080829
MONDO_0021637	DOID:0080829
MONDO:0021657	DOID:0080369
MONDO_0021657	DOID:0080369
MONDO:0021661	DOID:0061139
MONDO_0021661	DOID:0061139
MONDO:0022519	DOID:0080767
MONDO_0022519	DOID:0080767
MONDO:0022529	DOID:0040086
MONDO_0022529	DOID:0040086
MONDO:0022687	DOID:1443
MONDO_0022687	DOID:1443
MONDO:0022697	DOID:0050672
MONDO_0022697	DOID:0050672
MONDO:0022742	DOID:0080820
MONDO_0022742	DOID:0080820
MONDO:0022965	DOID:0081259
MONDO_0022965	DOID:0081259
MONDO:0022993	DOID:0081058
MONDO_0022993	DOID:0081058
MONDO:0023069	DOID:0050332
MONDO_0023069	DOID:0050332
MONDO:0023227	DOID:0081057
MONDO_0023227	DOID:0081057
MONDO:0023419	DOID:0080541
MONDO_0023419	DOID:0080541
MONDO:0023657	DOID:0061038
MONDO_0023657	DOID:0061038
MONDO:0023659	DOID:0070377
MONDO_0023659	DOID:0070377
MONDO:0023664	DOID:0112335
MONDO_0023664	DOID:0112335
MONDO:0023670	DOID:0081009
MONDO_0023670	DOID:0081009
MONDO:0023671	DOID:0081299
MONDO_0023671	DOID:0081299
MONDO:0023691	DOID:0061203
MONDO_0023691	DOID:0061203
MONDO:0023692	DOID:0061206
MONDO_0023692	DOID:0061206
MONDO:0023693	DOID:0061207
MONDO_0023693	DOID:0061207
MONDO:0024182	DOID:0070318
MONDO_0024182	DOID:0070318
MONDO:0024183	DOID:0070317
MONDO_0024183	DOID:0070317
MONDO:0024227	DOID:0070319
MONDO_0024227	DOID:0070319
MONDO:0024228	DOID:0070320
MONDO_0024228	DOID:0070320
MONDO:0024229	DOID:0070321
MONDO_0024229	DOID:0070321
MONDO:0024240	DOID:4920
MONDO_0024240	DOID:4920
MONDO:0024245	DOID:5570
MONDO_0024245	DOID:5570
MONDO:0024264	DOID:0070124
MONDO_0024264	DOID:0070124
MONDO:0024265	DOID:0061027
MONDO_0024265	DOID:0061027
MONDO:0024268	DOID:0050133
MONDO_0024268	DOID:0050133
MONDO:0024286	DOID:60006
MONDO_0024286	DOID:60006
MONDO:0024299	DOID:0080883
MONDO_0024299	DOID:0080883
MONDO:0024301	DOID:0050032
MONDO_0024301	DOID:0050032
MONDO:0024305	DOID:12700
MONDO_0024305	DOID:12700
MONDO:0024306	DOID:3650
MONDO_0024306	DOID:3650
MONDO:0024309	DOID:0070155
MONDO_0024309	DOID:0070155
MONDO:0024323	DOID:8020
MONDO_0024323	DOID:8020
MONDO:0024331	DOID:0080199
MONDO_0024331	DOID:0080199
MONDO:0024336	DOID:2098
MONDO_0024336	DOID:2098
MONDO:0024358	DOID:0080302
MONDO_0024358	DOID:0080302
MONDO:0024377	DOID:0111141
MONDO_0024377	DOID:0111141
MONDO:0024387	DOID:0080370
MONDO_0024387	DOID:0080370
MONDO:0024432	DOID:3688
MONDO_0024432	DOID:3688
MONDO:0024455	DOID:0060766
MONDO_0024455	DOID:0060766
MONDO:0024456	DOID:0080608
MONDO_0024456	DOID:0080608
MONDO:0024457	DOID:0110735
MONDO_0024457	DOID:0110735
MONDO:0024463	DOID:0080493
MONDO_0024463	DOID:0080493
MONDO:0024464	DOID:0061019
MONDO_0024464	DOID:0061019
MONDO:0024472	DOID:14095
MONDO_0024472	DOID:14095
MONDO:0024473	DOID:0050041
MONDO_0024473	DOID:0050041
MONDO:0024477	DOID:916
MONDO_0024477	DOID:916
MONDO:0024507	DOID:0070532
MONDO_0024507	DOID:0070532
MONDO:0024508	DOID:0081106
MONDO_0024508	DOID:0081106
MONDO:0024517	DOID:0070480
MONDO_0024517	DOID:0070480
MONDO:0024522	DOID:0080930
MONDO_0024522	DOID:0080930
MONDO:0024523	DOID:0080333
MONDO_0024523	DOID:0080333
MONDO:0024525	DOID:0080757
MONDO_0024525	DOID:0080757
MONDO:0024528	DOID:0111521
MONDO_0024528	DOID:0111521
MONDO:0024530	DOID:0061198
MONDO_0024530	DOID:0061198
MONDO:0024536	DOID:0080621
MONDO_0024536	DOID:0080621
MONDO:0024537	DOID:0080785
MONDO_0024537	DOID:0080785
MONDO:0024541	DOID:0111415
MONDO_0024541	DOID:0111415
MONDO:0024542	DOID:0070556
MONDO_0024542	DOID:0070556
MONDO:0024545	DOID:0070199
MONDO_0024545	DOID:0070199
MONDO:0024547	DOID:0061003
MONDO_0024547	DOID:0061003
MONDO:0024548	DOID:0070520
MONDO_0024548	DOID:0070520
MONDO:0024550	DOID:0111786
MONDO_0024550	DOID:0111786
MONDO:0024552	DOID:0111808
MONDO_0024552	DOID:0111808
MONDO:0024553	DOID:0111185
MONDO_0024553	DOID:0111185
MONDO:0024554	DOID:0111351
MONDO_0024554	DOID:0111351
MONDO:0024555	DOID:0080316
MONDO_0024555	DOID:0080316
MONDO:0024556	DOID:0081421
MONDO_0024556	DOID:0081421
MONDO:0024557	DOID:0081384
MONDO_0024557	DOID:0081384
MONDO:0024566	DOID:0111308
MONDO_0024566	DOID:0111308
MONDO:0024568	DOID:0080717
MONDO_0024568	DOID:0080717
MONDO:0024569	DOID:0111439
MONDO_0024569	DOID:0111439
MONDO:0024573	DOID:0080326
MONDO_0024573	DOID:0080326
MONDO:0024607	DOID:0080197
MONDO_0024607	DOID:0080197
MONDO:0024608	DOID:946
MONDO_0024608	DOID:946
MONDO:0024609	DOID:2101
MONDO_0024609	DOID:2101
MONDO:0024622	DOID:0080524
MONDO_0024622	DOID:0080524
MONDO:0024647	DOID:0080653
MONDO_0024647	DOID:0080653
MONDO:0024677	DOID:3892
MONDO_0024677	DOID:3892
MONDO:0024686	DOID:2702
MONDO_0024686	DOID:2702
MONDO:0024686	DOID:9898
MONDO_0024686	DOID:9898
MONDO:0024772	DOID:0070422
MONDO_0024772	DOID:0070422
MONDO:0024773	DOID:0070595
MONDO_0024773	DOID:0070595
MONDO:0024777	DOID:0061068
MONDO_0024777	DOID:0061068
MONDO:0024781	DOID:0061072
MONDO_0024781	DOID:0061072
MONDO:0024889	DOID:2616
MONDO_0024889	DOID:2616
MONDO:0024892	DOID:6755
MONDO_0024892	DOID:6755
MONDO:0024988	DOID:0080368
MONDO_0024988	DOID:0080368
MONDO:0025193	DOID:0081296
MONDO_0025193	DOID:0081296
MONDO:0025353	DOID:0070381
MONDO_0025353	DOID:0070381
MONDO:0025354	DOID:0112274
MONDO_0025354	DOID:0112274
MONDO:0025514	DOID:0040099
MONDO_0025514	DOID:0040099
MONDO:0025556	DOID:0040041
MONDO_0025556	DOID:0040041
MONDO:0025598	DOID:0040083
MONDO_0025598	DOID:0040083
MONDO:0025622	DOID:0061168
MONDO_0025622	DOID:0061168
MONDO:0025691	DOID:0060937
MONDO_0025691	DOID:0060937
MONDO:0025699	DOID:0112370
MONDO_0025699	DOID:0112370
MONDO:0025701	DOID:0070402
MONDO_0025701	DOID:0070402
MONDO:0026720	DOID:0112099
MONDO_0026720	DOID:0112099
MONDO:0026721	DOID:0112098
MONDO_0026721	DOID:0112098
MONDO:0026722	DOID:0111845
MONDO_0026722	DOID:0111845
MONDO:0026723	DOID:0111844
MONDO_0026723	DOID:0111844
MONDO:0026724	DOID:0111843
MONDO_0026724	DOID:0111843
MONDO:0026726	DOID:0070357
MONDO_0026726	DOID:0070357
MONDO:0026727	DOID:0111841
MONDO_0026727	DOID:0111841
MONDO:0026729	DOID:0111839
MONDO_0026729	DOID:0111839
MONDO:0026730	DOID:0111838
MONDO_0026730	DOID:0111838
MONDO:0026731	DOID:0111837
MONDO_0026731	DOID:0111837
MONDO:0026732	DOID:0111835
MONDO_0026732	DOID:0111835
MONDO:0026762	DOID:0061015
MONDO_0026762	DOID:0061015
MONDO:0026763	DOID:0060954
MONDO_0026763	DOID:0060954
MONDO:0026765	DOID:0051048
MONDO_0026765	DOID:0051048
MONDO:0026767	DOID:0112063
MONDO_0026767	DOID:0112063
MONDO:0026771	DOID:0070380
MONDO_0026771	DOID:0070380
MONDO:0026777	DOID:0080828
MONDO_0026777	DOID:0080828
MONDO:0027048	DOID:0111758
MONDO_0027048	DOID:0111758
MONDO:0027068	DOID:0112101
MONDO_0027068	DOID:0112101
MONDO:0027069	DOID:0111748
MONDO_0027069	DOID:0111748
MONDO:0027353	DOID:0070021
MONDO_0027353	DOID:0070021
MONDO:0027407	DOID:0060352
MONDO_0027407	DOID:0060352
MONDO:0027407	DOID:0070075
MONDO_0027407	DOID:0070075
MONDO:0027451	DOID:0070129
MONDO_0027451	DOID:0070129
MONDO:0027462	DOID:0070140
MONDO_0027462	DOID:0070140
MONDO:0027676	DOID:0080207
MONDO_0027676	DOID:0080207
MONDO:0027694	DOID:0080225
MONDO_0027694	DOID:0080225
MONDO:0027766	DOID:0080298
MONDO_0027766	DOID:0080298
MONDO:0027767	DOID:0080299
MONDO_0027767	DOID:0080299
MONDO:0027772	DOID:0080303
MONDO_0027772	DOID:0080303
MONDO:0027772	DOID:0080304
MONDO_0027772	DOID:0080304
MONDO:0029134	DOID:0111984
MONDO_0029134	DOID:0111984
MONDO:0029135	DOID:0112382
MONDO_0029135	DOID:0112382
MONDO:0029136	DOID:0061132
MONDO_0029136	DOID:0061132
MONDO:0029137	DOID:0112165
MONDO_0029137	DOID:0112165
MONDO:0029138	DOID:0112203
MONDO_0029138	DOID:0112203
MONDO:0029140	DOID:0070382
MONDO_0029140	DOID:0070382
MONDO:0029142	DOID:0111640
MONDO_0029142	DOID:0111640
MONDO:0029145	DOID:0080401
MONDO_0029145	DOID:0080401
MONDO:0029147	DOID:0111915
MONDO_0029147	DOID:0111915
MONDO:0029148	DOID:0111911
MONDO_0029148	DOID:0111911
MONDO:0029465	DOID:0061042
MONDO_0029465	DOID:0061042
MONDO:0030005	DOID:0070471
MONDO_0030005	DOID:0070471
MONDO:0030006	DOID:0112117
MONDO_0030006	DOID:0112117
MONDO:0030007	DOID:0112119
MONDO_0030007	DOID:0112119
MONDO:0030008	DOID:0112118
MONDO_0030008	DOID:0112118
MONDO:0030009	DOID:0080950
MONDO_0030009	DOID:0080950
MONDO:0030013	DOID:0111998
MONDO_0030013	DOID:0111998
MONDO:0030014	DOID:0061131
MONDO_0030014	DOID:0061131
MONDO:0030017	DOID:0112116
MONDO_0030017	DOID:0112116
MONDO:0030019	DOID:0080963
MONDO_0030019	DOID:0080963
MONDO:0030020	DOID:0070424
MONDO_0030020	DOID:0070424
MONDO:0030026	DOID:0080946
MONDO_0030026	DOID:0080946
MONDO:0030027	DOID:0081295
MONDO_0030027	DOID:0081295
MONDO:0030031	DOID:0112229
MONDO_0030031	DOID:0112229
MONDO:0030043	DOID:0051049
MONDO_0030043	DOID:0051049
MONDO:0030049	DOID:0080943
MONDO_0030049	DOID:0080943
MONDO:0030051	DOID:0081430
MONDO_0030051	DOID:0081430
MONDO:0030054	DOID:0112220
MONDO_0030054	DOID:0112220
MONDO:0030055	DOID:0081427
MONDO_0030055	DOID:0081427
MONDO:0030056	DOID:0080761
MONDO_0030056	DOID:0080761
MONDO:0030058	DOID:0112168
MONDO_0030058	DOID:0112168
MONDO:0030059	DOID:0112221
MONDO_0030059	DOID:0112221
MONDO:0030061	DOID:0061246
MONDO_0030061	DOID:0061246
MONDO:0030062	DOID:0080959
MONDO_0030062	DOID:0080959
MONDO:0030064	DOID:0060965
MONDO_0030064	DOID:0060965
MONDO:0030065	DOID:0080948
MONDO_0030065	DOID:0080948
MONDO:0030066	DOID:0070368
MONDO_0030066	DOID:0070368
MONDO:0030067	DOID:0080792
MONDO_0030067	DOID:0080792
MONDO:0030070	DOID:0051023
MONDO_0030070	DOID:0051023
MONDO:0030071	DOID:0112146
MONDO_0030071	DOID:0112146
MONDO:0030072	DOID:0112222
MONDO_0030072	DOID:0112222
MONDO:0030073	DOID:0070516
MONDO_0030073	DOID:0070516
MONDO:0030074	DOID:0112303
MONDO_0030074	DOID:0112303
MONDO:0030105	DOID:0060969
MONDO_0030105	DOID:0060969
MONDO:0030134	DOID:0081298
MONDO_0030134	DOID:0081298
MONDO:0030258	DOID:0112325
MONDO_0030258	DOID:0112325
MONDO:0030259	DOID:0112326
MONDO_0030259	DOID:0112326
MONDO:0030260	DOID:0112330
MONDO_0030260	DOID:0112330
MONDO:0030261	DOID:0112331
MONDO_0030261	DOID:0112331
MONDO:0030263	DOID:0070407
MONDO_0030263	DOID:0070407
MONDO:0030266	DOID:0061051
MONDO_0030266	DOID:0061051
MONDO:0030268	DOID:0070379
MONDO_0030268	DOID:0070379
MONDO:0030281	DOID:0070336
MONDO_0030281	DOID:0070336
MONDO:0030300	DOID:0081160
MONDO_0030300	DOID:0081160
MONDO:0030302	DOID:0061052
MONDO_0030302	DOID:0061052
MONDO:0030307	DOID:0112337
MONDO_0030307	DOID:0112337
MONDO:0030308	DOID:0061053
MONDO_0030308	DOID:0061053
MONDO:0030311	DOID:0070425
MONDO_0030311	DOID:0070425
MONDO:0030312	DOID:0070410
MONDO_0030312	DOID:0070410
MONDO:0030318	DOID:0070411
MONDO_0030318	DOID:0070411
MONDO:0030323	DOID:0070412
MONDO_0030323	DOID:0070412
MONDO:0030326	DOID:0070447
MONDO_0030326	DOID:0070447
MONDO:0030330	DOID:0061025
MONDO_0030330	DOID:0061025
MONDO:0030333	DOID:0061054
MONDO_0030333	DOID:0061054
MONDO:0030339	DOID:0051039
MONDO_0030339	DOID:0051039
MONDO:0030354	DOID:0060917
MONDO_0030354	DOID:0060917
MONDO:0030355	DOID:0060918
MONDO_0030355	DOID:0060918
MONDO:0030366	DOID:0081161
MONDO_0030366	DOID:0081161
MONDO:0030374	DOID:0060973
MONDO_0030374	DOID:0060973
MONDO:0030378	DOID:0070426
MONDO_0030378	DOID:0070426
MONDO:0030423	DOID:0051050
MONDO_0030423	DOID:0051050
MONDO:0030428	DOID:0061055
MONDO_0030428	DOID:0061055
MONDO:0030430	DOID:0112336
MONDO_0030430	DOID:0112336
MONDO:0030436	DOID:0061007
MONDO_0030436	DOID:0061007
MONDO:0030437	DOID:0051051
MONDO_0030437	DOID:0051051
MONDO:0030438	DOID:0112333
MONDO_0030438	DOID:0112333
MONDO:0030439	DOID:0112338
MONDO_0030439	DOID:0112338
MONDO:0030440	DOID:0081448
MONDO_0030440	DOID:0081448
MONDO:0030448	DOID:0061056
MONDO_0030448	DOID:0061056
MONDO:0030449	DOID:0070672
MONDO_0030449	DOID:0070672
MONDO:0030453	DOID:0070383
MONDO_0030453	DOID:0070383
MONDO:0030455	DOID:0060938
MONDO_0030455	DOID:0060938
MONDO:0030456	DOID:0061133
MONDO_0030456	DOID:0061133
MONDO:0030457	DOID:0061057
MONDO_0030457	DOID:0061057
MONDO:0030463	DOID:0112352
MONDO_0030463	DOID:0112352
MONDO:0030472	DOID:0070384
MONDO_0030472	DOID:0070384
MONDO:0030473	DOID:0070385
MONDO_0030473	DOID:0070385
MONDO:0030474	DOID:0051024
MONDO_0030474	DOID:0051024
MONDO:0030475	DOID:0051025
MONDO_0030475	DOID:0051025
MONDO:0030480	DOID:0070673
MONDO_0030480	DOID:0070673
MONDO:0030482	DOID:0112347
MONDO_0030482	DOID:0112347
MONDO:0030483	DOID:0061058
MONDO_0030483	DOID:0061058
MONDO:0030484	DOID:0061059
MONDO_0030484	DOID:0061059
MONDO:0030486	DOID:0060939
MONDO_0030486	DOID:0060939
MONDO:0030491	DOID:0061061
MONDO_0030491	DOID:0061061
MONDO:0030492	DOID:0112357
MONDO_0030492	DOID:0112357
MONDO:0030493	DOID:0112355
MONDO_0030493	DOID:0112355
MONDO:0030498	DOID:0061062
MONDO_0030498	DOID:0061062
MONDO:0030500	DOID:0060964
MONDO_0030500	DOID:0060964
MONDO:0030506	DOID:0061013
MONDO_0030506	DOID:0061013
MONDO:0030507	DOID:0112350
MONDO_0030507	DOID:0112350
MONDO:0030508	DOID:0112351
MONDO_0030508	DOID:0112351
MONDO:0030512	DOID:0112345
MONDO_0030512	DOID:0112345
MONDO:0030513	DOID:0060940
MONDO_0030513	DOID:0060940
MONDO:0030514	DOID:0070397
MONDO_0030514	DOID:0070397
MONDO:0030515	DOID:0112356
MONDO_0030515	DOID:0112356
MONDO:0030517	DOID:0061023
MONDO_0030517	DOID:0061023
MONDO:0030518	DOID:0061024
MONDO_0030518	DOID:0061024
MONDO:0030519	DOID:0081141
MONDO_0030519	DOID:0081141
MONDO:0030522	DOID:0112353
MONDO_0030522	DOID:0112353
MONDO:0030524	DOID:0061128
MONDO_0030524	DOID:0061128
MONDO:0030528	DOID:0061063
MONDO_0030528	DOID:0061063
MONDO:0030529	DOID:0081142
MONDO_0030529	DOID:0081142
MONDO:0030531	DOID:0112354
MONDO_0030531	DOID:0112354
MONDO:0030533	DOID:0081233
MONDO_0030533	DOID:0081233
MONDO:0030538	DOID:0060957
MONDO_0030538	DOID:0060957
MONDO:0030543	DOID:0070427
MONDO_0030543	DOID:0070427
MONDO:0030549	DOID:0070608
MONDO_0030549	DOID:0070608
MONDO:0030553	DOID:0081238
MONDO_0030553	DOID:0081238
MONDO:0030602	DOID:13272
MONDO_0030602	DOID:13272
MONDO:0030604	DOID:7571
MONDO_0030604	DOID:7571
MONDO:0030606	DOID:0051011
MONDO_0030606	DOID:0051011
MONDO:0030607	DOID:0051012
MONDO_0030607	DOID:0051012
MONDO:0030608	DOID:0060941
MONDO_0030608	DOID:0060941
MONDO:0030619	DOID:0061107
MONDO_0030619	DOID:0061107
MONDO:0030639	DOID:0081073
MONDO_0030639	DOID:0081073
MONDO:0030673	DOID:0112342
MONDO_0030673	DOID:0112342
MONDO:0030674	DOID:0081074
MONDO_0030674	DOID:0081074
MONDO:0030680	DOID:0081162
MONDO_0030680	DOID:0081162
MONDO:0030681	DOID:0061064
MONDO_0030681	DOID:0061064
MONDO:0030692	DOID:0061065
MONDO_0030692	DOID:0061065
MONDO:0030693	DOID:0061066
MONDO_0030693	DOID:0061066
MONDO:0030695	DOID:0070386
MONDO_0030695	DOID:0070386
MONDO:0030696	DOID:0070451
MONDO_0030696	DOID:0070451
MONDO:0030700	DOID:0040094
MONDO_0030700	DOID:0040094
MONDO:0030701	DOID:0040095
MONDO_0030701	DOID:0040095
MONDO:0030702	DOID:0040096
MONDO_0030702	DOID:0040096
MONDO:0030703	DOID:0040097
MONDO_0030703	DOID:0040097
MONDO:0030711	DOID:0051001
MONDO_0030711	DOID:0051001
MONDO:0030712	DOID:0081300
MONDO_0030712	DOID:0081300
MONDO:0030716	DOID:0070565
MONDO_0030716	DOID:0070565
MONDO:0030717	DOID:0061067
MONDO_0030717	DOID:0061067
MONDO:0030718	DOID:0070566
MONDO_0030718	DOID:0070566
MONDO:0030719	DOID:0070603
MONDO_0030719	DOID:0070603
MONDO:0030721	DOID:0070567
MONDO_0030721	DOID:0070567
MONDO:0030723	DOID:0070609
MONDO_0030723	DOID:0070609
MONDO:0030724	DOID:0070604
MONDO_0030724	DOID:0070604
MONDO:0030727	DOID:0070387
MONDO_0030727	DOID:0070387
MONDO:0030732	DOID:0070568
MONDO_0030732	DOID:0070568
MONDO:0030733	DOID:0070569
MONDO_0030733	DOID:0070569
MONDO:0030736	DOID:0061014
MONDO_0030736	DOID:0061014
MONDO:0030770	DOID:0060990
MONDO_0030770	DOID:0060990
MONDO:0030781	DOID:0070370
MONDO_0030781	DOID:0070370
MONDO:0030785	DOID:0081234
MONDO_0030785	DOID:0081234
MONDO:0030787	DOID:0070570
MONDO_0030787	DOID:0070570
MONDO:0030797	DOID:0061105
MONDO_0030797	DOID:0061105
MONDO:0030798	DOID:0061069
MONDO_0030798	DOID:0061069
MONDO:0030809	DOID:0070571
MONDO_0030809	DOID:0070571
MONDO:0030813	DOID:0061071
MONDO_0030813	DOID:0061071
MONDO:0030818	DOID:0070572
MONDO_0030818	DOID:0070572
MONDO:0030827	DOID:0060995
MONDO_0030827	DOID:0060995
MONDO:0030844	DOID:0112175
MONDO_0030844	DOID:0112175
MONDO:0030846	DOID:0112176
MONDO_0030846	DOID:0112176
MONDO:0030847	DOID:0112190
MONDO_0030847	DOID:0112190
MONDO:0030856	DOID:0112223
MONDO_0030856	DOID:0112223
MONDO:0030860	DOID:0081401
MONDO_0030860	DOID:0081401
MONDO:0030861	DOID:0112201
MONDO_0030861	DOID:0112201
MONDO:0030866	DOID:0070543
MONDO_0030866	DOID:0070543
MONDO:0030868	DOID:0112271
MONDO_0030868	DOID:0112271
MONDO:0030869	DOID:0112272
MONDO_0030869	DOID:0112272
MONDO:0030870	DOID:0080874
MONDO_0030870	DOID:0080874
MONDO:0030871	DOID:0070418
MONDO_0030871	DOID:0070418
MONDO:0030881	DOID:0070388
MONDO_0030881	DOID:0070388
MONDO:0030883	DOID:0070467
MONDO_0030883	DOID:0070467
MONDO:0030885	DOID:0081380
MONDO_0030885	DOID:0081380
MONDO:0030887	DOID:0081163
MONDO_0030887	DOID:0081163
MONDO:0030891	DOID:0061039
MONDO_0030891	DOID:0061039
MONDO:0030894	DOID:0080952
MONDO_0030894	DOID:0080952
MONDO:0030895	DOID:0112268
MONDO_0030895	DOID:0112268
MONDO:0030905	DOID:0070671
MONDO_0030905	DOID:0070671
MONDO:0030906	DOID:0050270
MONDO_0030906	DOID:0050270
MONDO:0030907	DOID:0080240
MONDO_0030907	DOID:0080240
MONDO:0030908	DOID:0080241
MONDO_0030908	DOID:0080241
MONDO:0030909	DOID:0080242
MONDO_0030909	DOID:0080242
MONDO:0030910	DOID:0080236
MONDO_0030910	DOID:0080236
MONDO:0030911	DOID:0080237
MONDO_0030911	DOID:0080237
MONDO:0030912	DOID:0080238
MONDO_0030912	DOID:0080238
MONDO:0030913	DOID:0080235
MONDO_0030913	DOID:0080235
MONDO:0030914	DOID:0080234
MONDO_0030914	DOID:0080234
MONDO:0030915	DOID:0080239
MONDO_0030915	DOID:0080239
MONDO:0030916	DOID:0080233
MONDO_0030916	DOID:0080233
MONDO:0030917	DOID:0080232
MONDO_0030917	DOID:0080232
MONDO:0030918	DOID:0080231
MONDO_0030918	DOID:0080231
MONDO:0030919	DOID:0080228
MONDO_0030919	DOID:0080228
MONDO:0030920	DOID:0080230
MONDO_0030920	DOID:0080230
MONDO:0030921	DOID:0080227
MONDO_0030921	DOID:0080227
MONDO:0030922	DOID:0080226
MONDO_0030922	DOID:0080226
MONDO:0030924	DOID:0060919
MONDO_0030924	DOID:0060919
MONDO:0030926	DOID:0112273
MONDO_0030926	DOID:0112273
MONDO:0030927	DOID:0081338
MONDO_0030927	DOID:0081338
MONDO:0030928	DOID:0051037
MONDO_0030928	DOID:0051037
MONDO:0030929	DOID:0051038
MONDO_0030929	DOID:0051038
MONDO:0030931	DOID:0060915
MONDO_0030931	DOID:0060915
MONDO:0030934	DOID:0061037
MONDO_0030934	DOID:0061037
MONDO:0030938	DOID:0112270
MONDO_0030938	DOID:0112270
MONDO:0030939	DOID:0112269
MONDO_0030939	DOID:0112269
MONDO:0030947	DOID:0061189
MONDO_0030947	DOID:0061189
MONDO:0030953	DOID:0112358
MONDO_0030953	DOID:0112358
MONDO:0030957	DOID:0070389
MONDO_0030957	DOID:0070389
MONDO:0030958	DOID:0060955
MONDO_0030958	DOID:0060955
MONDO:0030962	DOID:0112266
MONDO_0030962	DOID:0112266
MONDO:0030964	DOID:0061040
MONDO_0030964	DOID:0061040
MONDO:0030968	DOID:0081235
MONDO_0030968	DOID:0081235
MONDO:0030969	DOID:0061041
MONDO_0030969	DOID:0061041
MONDO:0030970	DOID:0061075
MONDO_0030970	DOID:0061075
MONDO:0030972	DOID:0070573
MONDO_0030972	DOID:0070573
MONDO:0030977	DOID:0081426
MONDO_0030977	DOID:0081426
MONDO:0030981	DOID:0112277
MONDO_0030981	DOID:0112277
MONDO:0030984	DOID:0070574
MONDO_0030984	DOID:0070574
MONDO:0030985	DOID:0112278
MONDO_0030985	DOID:0112278
MONDO:0030989	DOID:0112279
MONDO_0030989	DOID:0112279
MONDO:0030991	DOID:0061180
MONDO_0030991	DOID:0061180
MONDO:0030994	DOID:0061147
MONDO_0030994	DOID:0061147
MONDO:0030998	DOID:0070602
MONDO_0030998	DOID:0070602
MONDO:0031003	DOID:0061182
MONDO_0031003	DOID:0061182
MONDO:0031007	DOID:0112290
MONDO_0031007	DOID:0112290
MONDO:0031008	DOID:0061194
MONDO_0031008	DOID:0061194
MONDO:0031012	DOID:0040088
MONDO_0031012	DOID:0040088
MONDO:0031013	DOID:0040089
MONDO_0031013	DOID:0040089
MONDO:0031014	DOID:0040090
MONDO_0031014	DOID:0040090
MONDO:0031019	DOID:0070456
MONDO_0031019	DOID:0070456
MONDO:0031021	DOID:0070390
MONDO_0031021	DOID:0070390
MONDO:0031028	DOID:0070391
MONDO_0031028	DOID:0070391
MONDO:0031030	DOID:0061076
MONDO_0031030	DOID:0061076
MONDO:0031031	DOID:0081236
MONDO_0031031	DOID:0081236
MONDO:0031043	DOID:0081030
MONDO_0031043	DOID:0081030
MONDO:0031044	DOID:0061006
MONDO_0031044	DOID:0061006
MONDO:0031052	DOID:0070392
MONDO_0031052	DOID:0070392
MONDO:0031055	DOID:0070393
MONDO_0031055	DOID:0070393
MONDO:0031057	DOID:0060984
MONDO_0031057	DOID:0060984
MONDO:0031060	DOID:0051040
MONDO_0031060	DOID:0051040
MONDO:0031061	DOID:0061193
MONDO_0031061	DOID:0061193
MONDO:0031062	DOID:0060952
MONDO_0031062	DOID:0060952
MONDO:0031077	DOID:0070575
MONDO_0031077	DOID:0070575
MONDO:0031083	DOID:0070576
MONDO_0031083	DOID:0070576
MONDO:0031084	DOID:0060945
MONDO_0031084	DOID:0060945
MONDO:0031166	DOID:0070438
MONDO_0031166	DOID:0070438
MONDO:0031200	DOID:0051010
MONDO_0031200	DOID:0051010
MONDO:0031213	DOID:0060762
MONDO_0031213	DOID:0060762
MONDO:0031219	DOID:0112182
MONDO_0031219	DOID:0112182
MONDO:0031329	DOID:0081072
MONDO_0031329	DOID:0081072
MONDO:0031332	DOID:2219
MONDO_0031332	DOID:2219
MONDO:0031376	DOID:0060991
MONDO_0031376	DOID:0060991
MONDO:0031421	DOID:0112011
MONDO_0031421	DOID:0112011
MONDO:0031446	DOID:0061181
MONDO_0031446	DOID:0061181
MONDO:0031632	DOID:0070476
MONDO_0031632	DOID:0070476
MONDO:0032485	DOID:0061034
MONDO_0032485	DOID:0061034
MONDO:0032526	DOID:0111746
MONDO_0032526	DOID:0111746
MONDO:0032569	DOID:0061016
MONDO_0032569	DOID:0061016
MONDO:0032577	DOID:0112140
MONDO_0032577	DOID:0112140
MONDO:0032578	DOID:0061138
MONDO_0032578	DOID:0061138
MONDO:0032580	DOID:0080392
MONDO_0032580	DOID:0080392
MONDO:0032581	DOID:0080393
MONDO_0032581	DOID:0080393
MONDO:0032582	DOID:0080394
MONDO_0032582	DOID:0080394
MONDO:0032583	DOID:0051035
MONDO_0032583	DOID:0051035
MONDO:0032584	DOID:0111662
MONDO_0032584	DOID:0111662
MONDO:0032588	DOID:0061245
MONDO_0032588	DOID:0061245
MONDO:0032590	DOID:0080500
MONDO_0032590	DOID:0080500
MONDO:0032592	DOID:0081159
MONDO_0032592	DOID:0081159
MONDO:0032598	DOID:0112204
MONDO_0032598	DOID:0112204
MONDO:0032599	DOID:0111960
MONDO_0032599	DOID:0111960
MONDO:0032600	DOID:0070668
MONDO_0032600	DOID:0070668
MONDO:0032604	DOID:0112141
MONDO_0032604	DOID:0112141
MONDO:0032605	DOID:0081227
MONDO_0032605	DOID:0081227
MONDO:0032606	DOID:0112083
MONDO_0032606	DOID:0112083
MONDO:0032607	DOID:0070345
MONDO_0032607	DOID:0070345
MONDO:0032608	DOID:0112093
MONDO_0032608	DOID:0112093
MONDO:0032609	DOID:0112082
MONDO_0032609	DOID:0112082
MONDO:0032610	DOID:0112068
MONDO_0032610	DOID:0112068
MONDO:0032611	DOID:0112066
MONDO_0032611	DOID:0112066
MONDO:0032612	DOID:0112092
MONDO_0032612	DOID:0112092
MONDO:0032613	DOID:0112081
MONDO_0032613	DOID:0112081
MONDO:0032615	DOID:0112073
MONDO_0032615	DOID:0112073
MONDO:0032616	DOID:0112075
MONDO_0032616	DOID:0112075
MONDO:0032617	DOID:0112089
MONDO_0032617	DOID:0112089
MONDO:0032618	DOID:0112076
MONDO_0032618	DOID:0112076
MONDO:0032619	DOID:0112094
MONDO_0032619	DOID:0112094
MONDO:0032620	DOID:0112077
MONDO_0032620	DOID:0112077
MONDO:0032621	DOID:0112096
MONDO_0032621	DOID:0112096
MONDO:0032622	DOID:0112078
MONDO_0032622	DOID:0112078
MONDO:0032623	DOID:0112070
MONDO_0032623	DOID:0112070
MONDO:0032624	DOID:0112085
MONDO_0032624	DOID:0112085
MONDO:0032625	DOID:0112088
MONDO_0032625	DOID:0112088
MONDO:0032626	DOID:0112069
MONDO_0032626	DOID:0112069
MONDO:0032627	DOID:0112087
MONDO_0032627	DOID:0112087
MONDO:0032628	DOID:0112079
MONDO_0032628	DOID:0112079
MONDO:0032629	DOID:0112067
MONDO_0032629	DOID:0112067
MONDO:0032630	DOID:0112086
MONDO_0032630	DOID:0112086
MONDO:0032631	DOID:0112090
MONDO_0032631	DOID:0112090
MONDO:0032632	DOID:0112095
MONDO_0032632	DOID:0112095
MONDO:0032633	DOID:0112084
MONDO_0032633	DOID:0112084
MONDO:0032634	DOID:0112071
MONDO_0032634	DOID:0112071
MONDO:0032635	DOID:0112080
MONDO_0032635	DOID:0112080
MONDO:0032636	DOID:0112097
MONDO_0032636	DOID:0112097
MONDO:0032637	DOID:0111854
MONDO_0032637	DOID:0111854
MONDO:0032639	DOID:0111637
MONDO_0032639	DOID:0111637
MONDO:0032641	DOID:0070638
MONDO_0032641	DOID:0070638
MONDO:0032643	DOID:0112327
MONDO_0032643	DOID:0112327
MONDO:0032648	DOID:0111403
MONDO_0032648	DOID:0111403
MONDO:0032649	DOID:0080582
MONDO_0032649	DOID:0080582
MONDO:0032654	DOID:0080595
MONDO_0032654	DOID:0080595
MONDO:0032655	DOID:0070356
MONDO_0032655	DOID:0070356
MONDO:0032657	DOID:0112205
MONDO_0032657	DOID:0112205
MONDO:0032660	DOID:0070350
MONDO_0032660	DOID:0070350
MONDO:0032662	DOID:0081228
MONDO_0032662	DOID:0081228
MONDO:0032663	DOID:0112206
MONDO_0032663	DOID:0112206
MONDO:0032664	DOID:0111853
MONDO_0032664	DOID:0111853
MONDO:0032665	DOID:0081229
MONDO_0032665	DOID:0081229
MONDO:0032666	DOID:0061094
MONDO_0032666	DOID:0061094
MONDO:0032667	DOID:0061095
MONDO_0032667	DOID:0061095
MONDO:0032667	DOID:0061171
MONDO_0032667	DOID:0061171
MONDO:0032668	DOID:0111896
MONDO_0032668	DOID:0111896
MONDO:0032669	DOID:0111886
MONDO_0032669	DOID:0111886
MONDO:0032670	DOID:0111891
MONDO_0032670	DOID:0111891
MONDO:0032677	DOID:0112228
MONDO_0032677	DOID:0112228
MONDO:0032678	DOID:0112207
MONDO_0032678	DOID:0112207
MONDO:0032679	DOID:0111499
MONDO_0032679	DOID:0111499
MONDO:0032685	DOID:0061156
MONDO_0032685	DOID:0061156
MONDO:0032686	DOID:0111914
MONDO_0032686	DOID:0111914
MONDO:0032687	DOID:0081265
MONDO_0032687	DOID:0081265
MONDO:0032689	DOID:0112142
MONDO_0032689	DOID:0112142
MONDO:0032690	DOID:0081051
MONDO_0032690	DOID:0081051
MONDO:0032694	DOID:0051036
MONDO_0032694	DOID:0051036
MONDO:0032699	DOID:0111316
MONDO_0032699	DOID:0111316
MONDO:0032702	DOID:0112367
MONDO_0032702	DOID:0112367
MONDO:0032706	DOID:0111616
MONDO_0032706	DOID:0111616
MONDO:0032710	DOID:0112208
MONDO_0032710	DOID:0112208
MONDO:0032712	DOID:0111466
MONDO_0032712	DOID:0111466
MONDO:0032715	DOID:0081230
MONDO_0032715	DOID:0081230
MONDO:0032717	DOID:0111722
MONDO_0032717	DOID:0111722
MONDO:0032721	DOID:0112283
MONDO_0032721	DOID:0112283
MONDO:0032723	DOID:0111954
MONDO_0032723	DOID:0111954
MONDO:0032724	DOID:0112200
MONDO_0032724	DOID:0112200
MONDO:0032725	DOID:0112210
MONDO_0032725	DOID:0112210
MONDO:0032726	DOID:0111475
MONDO_0032726	DOID:0111475
MONDO:0032728	DOID:0111559
MONDO_0032728	DOID:0111559
MONDO:0032729	DOID:0081231
MONDO_0032729	DOID:0081231
MONDO:0032730	DOID:0070399
MONDO_0032730	DOID:0070399
MONDO:0032732	DOID:0111636
MONDO_0032732	DOID:0111636
MONDO:0032735	DOID:0070354
MONDO_0032735	DOID:0070354
MONDO:0032737	DOID:0112341
MONDO_0032737	DOID:0112341
MONDO:0032739	DOID:0111921
MONDO_0032739	DOID:0111921
MONDO:0032740	DOID:0111638
MONDO_0032740	DOID:0111638
MONDO:0032744	DOID:0111927
MONDO_0032744	DOID:0111927
MONDO:0032748	DOID:0111919
MONDO_0032748	DOID:0111919
MONDO:0032749	DOID:0111641
MONDO_0032749	DOID:0111641
MONDO:0032750	DOID:0111601
MONDO_0032750	DOID:0111601
MONDO:0032751	DOID:0111602
MONDO_0032751	DOID:0111602
MONDO:0032752	DOID:0112211
MONDO_0032752	DOID:0112211
MONDO:0032756	DOID:0110649
MONDO_0032756	DOID:0110649
MONDO:0032757	DOID:0111858
MONDO_0032757	DOID:0111858
MONDO:0032761	DOID:0111642
MONDO_0032761	DOID:0111642
MONDO:0032762	DOID:0111643
MONDO_0032762	DOID:0111643
MONDO:0032763	DOID:0111991
MONDO_0032763	DOID:0111991
MONDO:0032766	DOID:0080958
MONDO_0032766	DOID:0080958
MONDO:0032767	DOID:0061221
MONDO_0032767	DOID:0061221
MONDO:0032768	DOID:0112212
MONDO_0032768	DOID:0112212
MONDO:0032771	DOID:0061222
MONDO_0032771	DOID:0061222
MONDO:0032776	DOID:0111634
MONDO_0032776	DOID:0111634
MONDO:0032777	DOID:0111296
MONDO_0032777	DOID:0111296
MONDO:0032778	DOID:0080979
MONDO_0032778	DOID:0080979
MONDO:0032782	DOID:0111997
MONDO_0032782	DOID:0111997
MONDO:0032783	DOID:0080977
MONDO_0032783	DOID:0080977
MONDO:0032786	DOID:0112169
MONDO_0032786	DOID:0112169
MONDO:0032787	DOID:0081398
MONDO_0032787	DOID:0081398
MONDO:0032789	DOID:0081232
MONDO_0032789	DOID:0081232
MONDO:0032790	DOID:0081443
MONDO_0032790	DOID:0081443
MONDO:0032791	DOID:0112371
MONDO_0032791	DOID:0112371
MONDO:0032794	DOID:0081169
MONDO_0032794	DOID:0081169
MONDO:0032795	DOID:0061033
MONDO_0032795	DOID:0061033
MONDO:0032796	DOID:0080596
MONDO_0032796	DOID:0080596
MONDO:0032797	DOID:0081348
MONDO_0032797	DOID:0081348
MONDO:0032799	DOID:0070446
MONDO_0032799	DOID:0070446
MONDO:0032800	DOID:0060974
MONDO_0032800	DOID:0060974
MONDO:0032801	DOID:0080766
MONDO_0032801	DOID:0080766
MONDO:0032802	DOID:0070601
MONDO_0032802	DOID:0070601
MONDO:0032803	DOID:0111980
MONDO_0032803	DOID:0111980
MONDO:0032804	DOID:0111651
MONDO_0032804	DOID:0111651
MONDO:0032806	DOID:0111870
MONDO_0032806	DOID:0111870
MONDO:0032808	DOID:0112213
MONDO_0032808	DOID:0112213
MONDO:0032812	DOID:0112214
MONDO_0032812	DOID:0112214
MONDO:0032813	DOID:0112215
MONDO_0032813	DOID:0112215
MONDO:0032815	DOID:0070448
MONDO_0032815	DOID:0070448
MONDO:0032817	DOID:0070346
MONDO_0032817	DOID:0070346
MONDO:0032819	DOID:0111836
MONDO_0032819	DOID:0111836
MONDO:0032821	DOID:0081351
MONDO_0032821	DOID:0081351
MONDO:0032822	DOID:0112216
MONDO_0032822	DOID:0112216
MONDO:0032823	DOID:0061050
MONDO_0032823	DOID:0061050
MONDO:0032826	DOID:0112267
MONDO_0032826	DOID:0112267
MONDO:0032831	DOID:0112332
MONDO_0032831	DOID:0112332
MONDO:0032834	DOID:0112143
MONDO_0032834	DOID:0112143
MONDO:0032835	DOID:0112288
MONDO_0032835	DOID:0112288
MONDO:0032837	DOID:0080945
MONDO_0032837	DOID:0080945
MONDO:0032839	DOID:0112170
MONDO_0032839	DOID:0112170
MONDO:0032842	DOID:0081273
MONDO_0032842	DOID:0081273
MONDO:0032845	DOID:0111926
MONDO_0032845	DOID:0111926
MONDO:0032846	DOID:0111849
MONDO_0032846	DOID:0111849
MONDO:0032848	DOID:0111978
MONDO_0032848	DOID:0111978
MONDO:0032849	DOID:0070539
MONDO_0032849	DOID:0070539
MONDO:0032850	DOID:0111675
MONDO_0032850	DOID:0111675
MONDO:0032852	DOID:0081342
MONDO_0032852	DOID:0081342
MONDO:0032858	DOID:0112217
MONDO_0032858	DOID:0112217
MONDO:0032859	DOID:0111918
MONDO_0032859	DOID:0111918
MONDO:0032860	DOID:0080765
MONDO_0032860	DOID:0080765
MONDO:0032863	DOID:0111912
MONDO_0032863	DOID:0111912
MONDO:0032866	DOID:0061143
MONDO_0032866	DOID:0061143
MONDO:0032869	DOID:0111749
MONDO_0032869	DOID:0111749
MONDO:0032870	DOID:0111674
MONDO_0032870	DOID:0111674
MONDO:0032871	DOID:0070400
MONDO_0032871	DOID:0070400
MONDO:0032872	DOID:0111855
MONDO_0032872	DOID:0111855
MONDO:0032874	DOID:0111856
MONDO_0032874	DOID:0111856
MONDO:0032879	DOID:0112014
MONDO_0032879	DOID:0112014
MONDO:0032880	DOID:0080715
MONDO_0032880	DOID:0080715
MONDO:0032881	DOID:0080873
MONDO_0032881	DOID:0080873
MONDO:0032891	DOID:0080975
MONDO_0032891	DOID:0080975
MONDO:0032893	DOID:0081266
MONDO_0032893	DOID:0081266
MONDO:0032895	DOID:0112218
MONDO_0032895	DOID:0112218
MONDO:0032896	DOID:0111923
MONDO_0032896	DOID:0111923
MONDO:0032898	DOID:0111917
MONDO_0032898	DOID:0111917
MONDO:0032899	DOID:0112135
MONDO_0032899	DOID:0112135
MONDO:0032903	DOID:0080980
MONDO_0032903	DOID:0080980
MONDO:0032904	DOID:0080671
MONDO_0032904	DOID:0080671
MONDO:0032906	DOID:0112343
MONDO_0032906	DOID:0112343
MONDO:0032910	DOID:0112091
MONDO_0032910	DOID:0112091
MONDO:0032911	DOID:0112166
MONDO_0032911	DOID:0112166
MONDO:0032912	DOID:0112372
MONDO_0032912	DOID:0112372
MONDO:0032914	DOID:0111851
MONDO_0032914	DOID:0111851
MONDO:0032915	DOID:0070533
MONDO_0032915	DOID:0070533
MONDO:0032917	DOID:0112167
MONDO_0032917	DOID:0112167
MONDO:0032918	DOID:0112219
MONDO_0032918	DOID:0112219
MONDO:0032919	DOID:0061035
MONDO_0032919	DOID:0061035
MONDO:0032923	DOID:0070409
MONDO_0032923	DOID:0070409
MONDO:0032924	DOID:0111857
MONDO_0032924	DOID:0111857
MONDO:0032926	DOID:0081272
MONDO_0032926	DOID:0081272
MONDO:0032931	DOID:0081396
MONDO_0032931	DOID:0081396
MONDO:0032932	DOID:0070449
MONDO_0032932	DOID:0070449
MONDO:0032933	DOID:0070470
MONDO_0032933	DOID:0070470
MONDO:0032936	DOID:0081343
MONDO_0032936	DOID:0081343
MONDO:0032937	DOID:0081344
MONDO_0032937	DOID:0081344
MONDO:0032939	DOID:0061036
MONDO_0032939	DOID:0061036
MONDO:0032940	DOID:0112145
MONDO_0032940	DOID:0112145
MONDO:0033004	DOID:0080212
MONDO_0033004	DOID:0080212
MONDO:0033005	DOID:0060364
MONDO_0033005	DOID:0060364
MONDO:0033006	DOID:0080244
MONDO_0033006	DOID:0080244
MONDO:0033007	DOID:0080245
MONDO_0033007	DOID:0080245
MONDO:0033008	DOID:0080246
MONDO_0033008	DOID:0080246
MONDO:0033009	DOID:0080247
MONDO_0033009	DOID:0080247
MONDO:0033010	DOID:0111195
MONDO_0033010	DOID:0111195
MONDO:0033012	DOID:0080248
MONDO_0033012	DOID:0080248
MONDO:0033013	DOID:0080249
MONDO_0033013	DOID:0080249
MONDO:0033014	DOID:0080250
MONDO_0033014	DOID:0080250
MONDO:0033015	DOID:0080251
MONDO_0033015	DOID:0080251
MONDO:0033043	DOID:0080252
MONDO_0033043	DOID:0080252
MONDO:0033044	DOID:0080253
MONDO_0033044	DOID:0080253
MONDO:0033045	DOID:0080254
MONDO_0033045	DOID:0080254
MONDO:0033046	DOID:0080255
MONDO_0033046	DOID:0080255
MONDO:0033047	DOID:0080256
MONDO_0033047	DOID:0080256
MONDO:0033091	DOID:0080258
MONDO_0033091	DOID:0080258
MONDO:0033092	DOID:0080257
MONDO_0033092	DOID:0080257
MONDO:0033115	DOID:0080259
MONDO_0033115	DOID:0080259
MONDO:0033116	DOID:0080260
MONDO_0033116	DOID:0080260
MONDO:0033123	DOID:0080264
MONDO_0033123	DOID:0080264
MONDO:0033135	DOID:0111560
MONDO_0033135	DOID:0111560
MONDO:0033198	DOID:0080261
MONDO_0033198	DOID:0080261
MONDO:0033199	DOID:0080262
MONDO_0033199	DOID:0080262
MONDO:0033200	DOID:0080263
MONDO_0033200	DOID:0080263
MONDO:0033201	DOID:0111635
MONDO_0033201	DOID:0111635
MONDO:0033202	DOID:0111639
MONDO_0033202	DOID:0111639
MONDO:0033203	DOID:0080265
MONDO_0033203	DOID:0080265
MONDO:0033204	DOID:0080266
MONDO_0033204	DOID:0080266
MONDO:0033258	DOID:0080267
MONDO_0033258	DOID:0080267
MONDO:0033259	DOID:0080268
MONDO_0033259	DOID:0080268
MONDO:0033260	DOID:0080269
MONDO_0033260	DOID:0080269
MONDO:0033261	DOID:0080270
MONDO_0033261	DOID:0080270
MONDO:0033262	DOID:0080271
MONDO_0033262	DOID:0080271
MONDO:0033280	DOID:0080272
MONDO_0033280	DOID:0080272
MONDO:0033281	DOID:0080273
MONDO_0033281	DOID:0080273
MONDO:0033282	DOID:0080274
MONDO_0033282	DOID:0080274
MONDO:0033304	DOID:0111757
MONDO_0033304	DOID:0111757
MONDO:0033308	DOID:0080275
MONDO_0033308	DOID:0080275
MONDO:0033309	DOID:0080278
MONDO_0033309	DOID:0080278
MONDO:0033310	DOID:0080277
MONDO_0033310	DOID:0080277
MONDO:0033311	DOID:0080279
MONDO_0033311	DOID:0080279
MONDO:0033312	DOID:0080281
MONDO_0033312	DOID:0080281
MONDO:0033352	DOID:0070678
MONDO_0033352	DOID:0070678
MONDO:0033361	DOID:0080455
MONDO_0033361	DOID:0080455
MONDO:0033362	DOID:0080464
MONDO_0033362	DOID:0080464
MONDO:0033363	DOID:0080418
MONDO_0033363	DOID:0080418
MONDO:0033364	DOID:0080283
MONDO_0033364	DOID:0080283
MONDO:0033365	DOID:0080282
MONDO_0033365	DOID:0080282
MONDO:0033366	DOID:0080284
MONDO_0033366	DOID:0080284
MONDO:0033367	DOID:0080285
MONDO_0033367	DOID:0080285
MONDO:0033368	DOID:0080291
MONDO_0033368	DOID:0080291
MONDO:0033369	DOID:0080432
MONDO_0033369	DOID:0080432
MONDO:0033370	DOID:0080434
MONDO_0033370	DOID:0080434
MONDO:0033371	DOID:0080420
MONDO_0033371	DOID:0080420
MONDO:0033372	DOID:0080426
MONDO_0033372	DOID:0080426
MONDO:0033373	DOID:0070375
MONDO_0033373	DOID:0070375
MONDO:0033374	DOID:0080430
MONDO_0033374	DOID:0080430
MONDO:0033375	DOID:0080289
MONDO_0033375	DOID:0080289
MONDO:0033479	DOID:0080286
MONDO_0033479	DOID:0080286
MONDO:0033480	DOID:0080287
MONDO_0033480	DOID:0080287
MONDO:0033481	DOID:0080288
MONDO_0033481	DOID:0080288
MONDO:0033482	DOID:0111743
MONDO_0033482	DOID:0111743
MONDO:0033483	DOID:0080290
MONDO_0033483	DOID:0080290
MONDO:0033485	DOID:0080295
MONDO_0033485	DOID:0080295
MONDO:0033486	DOID:0080296
MONDO_0033486	DOID:0080296
MONDO:0033492	DOID:0080297
MONDO_0033492	DOID:0080297
MONDO:0033493	DOID:0080280
MONDO_0033493	DOID:0080280
MONDO:0033533	DOID:0112113
MONDO_0033533	DOID:0112113
MONDO:0033534	DOID:0112115
MONDO_0033534	DOID:0112115
MONDO:0033537	DOID:0112114
MONDO_0033537	DOID:0112114
MONDO:0033541	DOID:0112006
MONDO_0033541	DOID:0112006
MONDO:0033542	DOID:0112005
MONDO_0033542	DOID:0112005
MONDO:0033545	DOID:0070450
MONDO_0033545	DOID:0070450
MONDO:0033548	DOID:0081349
MONDO_0033548	DOID:0081349
MONDO:0033549	DOID:0080840
MONDO_0033549	DOID:0080840
MONDO:0033551	DOID:0112015
MONDO_0033551	DOID:0112015
MONDO:0033554	DOID:0112061
MONDO_0033554	DOID:0112061
MONDO:0033555	DOID:0112062
MONDO_0033555	DOID:0112062
MONDO:0033556	DOID:0112376
MONDO_0033556	DOID:0112376
MONDO:0033560	DOID:0112139
MONDO_0033560	DOID:0112139
MONDO:0033563	DOID:0112147
MONDO_0033563	DOID:0112147
MONDO:0033566	DOID:0112112
MONDO_0033566	DOID:0112112
MONDO:0033569	DOID:0112110
MONDO_0033569	DOID:0112110
MONDO:0033570	DOID:0112111
MONDO_0033570	DOID:0112111
MONDO:0033614	DOID:0112346
MONDO_0033614	DOID:0112346
MONDO:0033615	DOID:0112138
MONDO_0033615	DOID:0112138
MONDO:0033618	DOID:0081397
MONDO_0033618	DOID:0081397
MONDO:0033620	DOID:0112108
MONDO_0033620	DOID:0112108
MONDO:0033622	DOID:0112109
MONDO_0033622	DOID:0112109
MONDO:0033630	DOID:0070417
MONDO_0033630	DOID:0070417
MONDO:0033631	DOID:0112137
MONDO_0033631	DOID:0112137
MONDO:0033635	DOID:0070492
MONDO_0033635	DOID:0070492
MONDO:0033636	DOID:0070493
MONDO_0033636	DOID:0070493
MONDO:0033637	DOID:0070494
MONDO_0033637	DOID:0070494
MONDO:0033638	DOID:0070495
MONDO_0033638	DOID:0070495
MONDO:0033639	DOID:0070496
MONDO_0033639	DOID:0070496
MONDO:0033643	DOID:0112154
MONDO_0033643	DOID:0112154
MONDO:0033645	DOID:0070497
MONDO_0033645	DOID:0070497
MONDO:0033646	DOID:0070498
MONDO_0033646	DOID:0070498
MONDO:0033649	DOID:0070499
MONDO_0033649	DOID:0070499
MONDO:0033650	DOID:0070500
MONDO_0033650	DOID:0070500
MONDO:0033651	DOID:0070501
MONDO_0033651	DOID:0070501
MONDO:0033652	DOID:0070502
MONDO_0033652	DOID:0070502
MONDO:0033653	DOID:0070503
MONDO_0033653	DOID:0070503
MONDO:0033654	DOID:0070504
MONDO_0033654	DOID:0070504
MONDO:0033655	DOID:0070505
MONDO_0033655	DOID:0070505
MONDO:0033656	DOID:0070506
MONDO_0033656	DOID:0070506
MONDO:0033657	DOID:0112153
MONDO_0033657	DOID:0112153
MONDO:0033665	DOID:0112159
MONDO_0033665	DOID:0112159
MONDO:0033668	DOID:0112160
MONDO_0033668	DOID:0112160
MONDO:0033669	DOID:0112161
MONDO_0033669	DOID:0112161
MONDO:0033670	DOID:0112162
MONDO_0033670	DOID:0112162
MONDO:0033671	DOID:0112163
MONDO_0033671	DOID:0112163
MONDO:0033673	DOID:0112164
MONDO_0033673	DOID:0112164
MONDO:0033885	DOID:3762
MONDO_0033885	DOID:3762
MONDO:0033946	DOID:0080939
MONDO_0033946	DOID:0080939
MONDO:0033980	DOID:0080892
MONDO_0033980	DOID:0080892
MONDO:0034022	DOID:0061201
MONDO_0034022	DOID:0061201
MONDO:0034106	DOID:0112209
MONDO_0034106	DOID:0112209
MONDO:0034109	DOID:0081346
MONDO_0034109	DOID:0081346
MONDO:0034127	DOID:0080851
MONDO_0034127	DOID:0080851
MONDO:0035112	DOID:0080976
MONDO_0035112	DOID:0080976
MONDO:0035153	DOID:0112311
MONDO_0035153	DOID:0112311
MONDO:0035940	DOID:0080643
MONDO_0035940	DOID:0080643
MONDO:0035943	DOID:0080646
MONDO_0035943	DOID:0080646
MONDO:0035944	DOID:0080647
MONDO_0035944	DOID:0080647
MONDO:0036482	DOID:0080292
MONDO_0036482	DOID:0080292
MONDO:0036483	DOID:0080293
MONDO_0036483	DOID:0080293
MONDO:0036484	DOID:0080294
MONDO_0036484	DOID:0080294
MONDO:0040500	DOID:0081223
MONDO_0040500	DOID:0081223
MONDO:0040501	DOID:0080728
MONDO_0040501	DOID:0080728
MONDO:0040502	DOID:0061244
MONDO_0040502	DOID:0061244
MONDO:0040503	DOID:0080346
MONDO_0040503	DOID:0080346
MONDO:0042486	DOID:0111685
MONDO_0042486	DOID:0111685
MONDO:0042487	DOID:8991
MONDO_0042487	DOID:8991
MONDO:0042490	DOID:0080625
MONDO_0042490	DOID:0080625
MONDO:0042499	DOID:0081114
MONDO_0042499	DOID:0081114
MONDO:0042977	DOID:0061187
MONDO_0042977	DOID:0061187
MONDO:0042981	DOID:1712
MONDO_0042981	DOID:1712
MONDO:0043275	DOID:0080835
MONDO_0043275	DOID:0080835
MONDO:0043693	DOID:0070658
MONDO_0043693	DOID:0070658
MONDO:0044210	DOID:0080774
MONDO_0044210	DOID:0080774
MONDO:0044212	DOID:0080749
MONDO_0044212	DOID:0080749
MONDO:0044299	DOID:0080587
MONDO_0044299	DOID:0080587
MONDO:0044300	DOID:0080412
MONDO_0044300	DOID:0080412
MONDO:0044302	DOID:0112247
MONDO_0044302	DOID:0112247
MONDO:0044305	DOID:0111650
MONDO_0044305	DOID:0111650
MONDO:0044308	DOID:0081010
MONDO_0044308	DOID:0081010
MONDO:0044309	DOID:0111893
MONDO_0044309	DOID:0111893
MONDO:0044310	DOID:0111880
MONDO_0044310	DOID:0111880
MONDO:0044311	DOID:0070415
MONDO_0044311	DOID:0070415
MONDO:0044313	DOID:0081222
MONDO_0044313	DOID:0081222
MONDO:0044314	DOID:0061113
MONDO_0044314	DOID:0061113
MONDO:0044315	DOID:0060912
MONDO_0044315	DOID:0060912
MONDO:0044317	DOID:0080870
MONDO_0044317	DOID:0080870
MONDO:0044320	DOID:0061108
MONDO_0044320	DOID:0061108
MONDO:0044325	DOID:0060978
MONDO_0044325	DOID:0060978
MONDO:0044326	DOID:0080473
MONDO_0044326	DOID:0080473
MONDO:0044327	DOID:0060977
MONDO_0044327	DOID:0060977
MONDO:0044329	DOID:0111848
MONDO_0044329	DOID:0111848
MONDO:0044330	DOID:0080581
MONDO_0044330	DOID:0080581
MONDO:0044634	DOID:0081175
MONDO_0044634	DOID:0081175
MONDO:0044646	DOID:0070423
MONDO_0044646	DOID:0070423
MONDO:0044701	DOID:0070474
MONDO_0044701	DOID:0070474
MONDO:0044702	DOID:0111738
MONDO_0044702	DOID:0111738
MONDO:0044704	DOID:0070664
MONDO_0044704	DOID:0070664
MONDO:0044705	DOID:2442
MONDO_0044705	DOID:2442
MONDO:0044720	DOID:0070148
MONDO_0044720	DOID:0070148
MONDO:0044721	DOID:0111983
MONDO_0044721	DOID:0111983
MONDO:0044723	DOID:0070000
MONDO_0044723	DOID:0070000
MONDO:0044724	DOID:0070002
MONDO_0044724	DOID:0070002
MONDO:0044725	DOID:0111993
MONDO_0044725	DOID:0111993
MONDO:0044737	DOID:0112349
MONDO_0044737	DOID:0112349
MONDO:0044762	DOID:0050131
MONDO_0044762	DOID:0050131
MONDO:0044767	DOID:0070325
MONDO_0044767	DOID:0070325
MONDO:0044776	DOID:0080867
MONDO_0044776	DOID:0080867
MONDO:0044777	DOID:0080871
MONDO_0044777	DOID:0080871
MONDO:0044789	DOID:5590
MONDO_0044789	DOID:5590
MONDO:0044792	DOID:0111359
MONDO_0044792	DOID:0111359
MONDO:0044923	DOID:0081089
MONDO_0044923	DOID:0081089
MONDO:0045055	DOID:0081028
MONDO_0045055	DOID:0081028
MONDO:0045059	DOID:5675
MONDO_0045059	DOID:5675
MONDO:0049222	DOID:0112054
MONDO_0049222	DOID:0112054
MONDO:0049223	DOID:0111847
MONDO_0049223	DOID:0111847
MONDO:0054549	DOID:0081440
MONDO_0054549	DOID:0081440
MONDO:0054559	DOID:0070269
MONDO_0054559	DOID:0070269
MONDO:0054560	DOID:0050640
MONDO_0054560	DOID:0050640
MONDO:0054561	DOID:0080962
MONDO_0054561	DOID:0080962
MONDO:0054588	DOID:0080693
MONDO_0054588	DOID:0080693
MONDO:0054593	DOID:0070295
MONDO_0054593	DOID:0070295
MONDO:0054601	DOID:0112008
MONDO_0054601	DOID:0112008
MONDO:0054615	DOID:0070165
MONDO_0054615	DOID:0070165
MONDO:0054637	DOID:0080692
MONDO_0054637	DOID:0080692
MONDO:0054654	DOID:0111492
MONDO_0054654	DOID:0111492
MONDO:0054665	DOID:0112010
MONDO_0054665	DOID:0112010
MONDO:0054666	DOID:0080497
MONDO_0054666	DOID:0080497
MONDO:0054669	DOID:0112324
MONDO_0054669	DOID:0112324
MONDO:0054677	DOID:0111495
MONDO_0054677	DOID:0111495
MONDO:0054680	DOID:0070302
MONDO_0054680	DOID:0070302
MONDO:0054691	DOID:0081156
MONDO_0054691	DOID:0081156
MONDO:0054695	DOID:0111221
MONDO_0054695	DOID:0111221
MONDO:0054696	DOID:0111992
MONDO_0054696	DOID:0111992
MONDO:0054697	DOID:0111958
MONDO_0054697	DOID:0111958
MONDO:0054699	DOID:0060916
MONDO_0054699	DOID:0060916
MONDO:0054700	DOID:0060914
MONDO_0054700	DOID:0060914
MONDO:0054701	DOID:0080598
MONDO_0054701	DOID:0080598
MONDO:0054708	DOID:0061111
MONDO_0054708	DOID:0061111
MONDO:0054716	DOID:0070281
MONDO_0054716	DOID:0070281
MONDO:0054722	DOID:0111727
MONDO_0054722	DOID:0111727
MONDO:0054723	DOID:0070170
MONDO_0054723	DOID:0070170
MONDO:0054724	DOID:0070166
MONDO_0054724	DOID:0070166
MONDO:0054725	DOID:0070163
MONDO_0054725	DOID:0070163
MONDO:0054726	DOID:0070177
MONDO_0054726	DOID:0070177
MONDO:0054727	DOID:0070181
MONDO_0054727	DOID:0070181
MONDO:0054728	DOID:0111929
MONDO_0054728	DOID:0111929
MONDO:0054729	DOID:0111920
MONDO_0054729	DOID:0111920
MONDO:0054730	DOID:0111924
MONDO_0054730	DOID:0111924
MONDO:0054731	DOID:0111928
MONDO_0054731	DOID:0111928
MONDO:0054732	DOID:0111916
MONDO_0054732	DOID:0111916
MONDO:0054733	DOID:0111930
MONDO_0054733	DOID:0111930
MONDO:0054736	DOID:0080689
MONDO_0054736	DOID:0080689
MONDO:0054737	DOID:0111405
MONDO_0054737	DOID:0111405
MONDO:0054738	DOID:0111407
MONDO_0054738	DOID:0111407
MONDO:0054739	DOID:0111406
MONDO_0054739	DOID:0111406
MONDO:0054740	DOID:0080345
MONDO_0054740	DOID:0080345
MONDO:0054741	DOID:0111497
MONDO_0054741	DOID:0111497
MONDO:0054742	DOID:0111464
MONDO_0054742	DOID:0111464
MONDO:0054743	DOID:0060976
MONDO_0054743	DOID:0060976
MONDO:0054748	DOID:0060979
MONDO_0054748	DOID:0060979
MONDO:0054750	DOID:0081378
MONDO_0054750	DOID:0081378
MONDO:0054752	DOID:0081320
MONDO_0054752	DOID:0081320
MONDO:0054761	DOID:0051031
MONDO_0054761	DOID:0051031
MONDO:0054770	DOID:0060961
MONDO_0054770	DOID:0060961
MONDO:0054776	DOID:0081424
MONDO_0054776	DOID:0081424
MONDO:0054781	DOID:0111482
MONDO_0054781	DOID:0111482
MONDO:0054782	DOID:0070398
MONDO_0054782	DOID:0070398
MONDO:0054785	DOID:0070332
MONDO_0054785	DOID:0070332
MONDO:0054791	DOID:0070405
MONDO_0054791	DOID:0070405
MONDO:0054801	DOID:0111632
MONDO_0054801	DOID:0111632
MONDO:0054802	DOID:0111631
MONDO_0054802	DOID:0111631
MONDO:0054804	DOID:0051032
MONDO_0054804	DOID:0051032
MONDO:0054805	DOID:0051033
MONDO_0054805	DOID:0051033
MONDO:0054806	DOID:0051034
MONDO_0054806	DOID:0051034
MONDO:0054813	DOID:0080732
MONDO_0054813	DOID:0080732
MONDO:0054817	DOID:0070404
MONDO_0054817	DOID:0070404
MONDO:0054831	DOID:0112369
MONDO_0054831	DOID:0112369
MONDO:0054832	DOID:0080669
MONDO_0054832	DOID:0080669
MONDO:0054833	DOID:0111558
MONDO_0054833	DOID:0111558
MONDO:0054835	DOID:0070489
MONDO_0054835	DOID:0070489
MONDO:0054837	DOID:0061031
MONDO_0054837	DOID:0061031
MONDO:0054838	DOID:0061102
MONDO_0054838	DOID:0061102
MONDO:0054842	DOID:0060951
MONDO_0054842	DOID:0060951
MONDO:0054843	DOID:0111852
MONDO_0054843	DOID:0111852
MONDO:0054844	DOID:0112323
MONDO_0054844	DOID:0112323
MONDO:0054845	DOID:0080446
MONDO_0054845	DOID:0080446
MONDO:0054846	DOID:0111696
MONDO_0054846	DOID:0111696
MONDO:0054847	DOID:0111694
MONDO_0054847	DOID:0111694
MONDO:0054849	DOID:0112155
MONDO_0054849	DOID:0112155
MONDO:0054850	DOID:0080498
MONDO_0054850	DOID:0080498
MONDO:0054852	DOID:0070525
MONDO_0054852	DOID:0070525
MONDO:0054860	DOID:0111644
MONDO_0054860	DOID:0111644
MONDO:0054861	DOID:0081224
MONDO_0054861	DOID:0081224
MONDO:0054862	DOID:0080872
MONDO_0054862	DOID:0080872
MONDO:0056795	DOID:0070189
MONDO_0056795	DOID:0070189
MONDO:0056796	DOID:0070314
MONDO_0056796	DOID:0070314
MONDO:0056797	DOID:0080312
MONDO_0056797	DOID:0080312
MONDO:0056798	DOID:60000
MONDO_0056798	DOID:60000
MONDO:0056804	DOID:0080320
MONDO_0056804	DOID:0080320
MONDO:0056806	DOID:0080521
MONDO_0056806	DOID:0080521
MONDO:0060455	DOID:0111846
MONDO_0060455	DOID:0111846
MONDO:0060486	DOID:0080978
MONDO_0060486	DOID:0080978
MONDO:0060489	DOID:0111764
MONDO_0060489	DOID:0111764
MONDO:0060491	DOID:0112276
MONDO_0060491	DOID:0112276
MONDO:0060533	DOID:0081431
MONDO_0060533	DOID:0081431
MONDO:0060549	DOID:0112359
MONDO_0060549	DOID:0112359
MONDO:0060583	DOID:0112004
MONDO_0060583	DOID:0112004
MONDO:0060585	DOID:0111212
MONDO_0060585	DOID:0111212
MONDO:0060592	DOID:0080538
MONDO_0060592	DOID:0080538
MONDO:0060596	DOID:0070514
MONDO_0060596	DOID:0070514
MONDO:0060631	DOID:0111555
MONDO_0060631	DOID:0111555
MONDO:0060640	DOID:0060934
MONDO_0060640	DOID:0060934
MONDO:0060650	DOID:0112240
MONDO_0060650	DOID:0112240
MONDO:0060664	DOID:0081263
MONDO_0060664	DOID:0081263
MONDO:0060670	DOID:0081379
MONDO_0060670	DOID:0081379
MONDO:0060671	DOID:0111325
MONDO_0060671	DOID:0111325
MONDO:0060732	DOID:0112193
MONDO_0060732	DOID:0112193
MONDO:0060752	DOID:0070421
MONDO_0060752	DOID:0070421
MONDO:0060759	DOID:0081327
MONDO_0060759	DOID:0081327
MONDO:0060760	DOID:0061129
MONDO_0060760	DOID:0061129
MONDO:0060764	DOID:0112192
MONDO_0060764	DOID:0112192
MONDO:0100001	DOID:0070659
MONDO_0100001	DOID:0070659
MONDO:0100017	DOID:9212
MONDO_0100017	DOID:9212
MONDO:0100040	DOID:0070657
MONDO_0100040	DOID:0070657
MONDO:0100058	DOID:0060950
MONDO_0100058	DOID:0060950
MONDO:0100062	DOID:0112202
MONDO_0100062	DOID:0112202
MONDO:0100063	DOID:0080896
MONDO_0100063	DOID:0080896
MONDO:0100082	DOID:0080548
MONDO_0100082	DOID:0080548
MONDO:0100095	DOID:0070352
MONDO_0100095	DOID:0070352
MONDO:0100096	DOID:0080600
MONDO_0100096	DOID:0080600
MONDO:0100101	DOID:0111377
MONDO_0100101	DOID:0111377
MONDO:0100102	DOID:0111378
MONDO_0100102	DOID:0111378
MONDO:0100103	DOID:0111376
MONDO_0100103	DOID:0111376
MONDO:0100104	DOID:0111379
MONDO_0100104	DOID:0111379
MONDO:0100105	DOID:0112315
MONDO_0100105	DOID:0112315
MONDO:0100115	DOID:0080947
MONDO_0100115	DOID:0080947
MONDO:0100116	DOID:0080642
MONDO_0100116	DOID:0080642
MONDO:0100130	DOID:11394
MONDO_0100130	DOID:11394
MONDO:0100133	DOID:0060536
MONDO_0100133	DOID:0060536
MONDO:0100135	DOID:0060171
MONDO_0100135	DOID:0060171
MONDO:0100135	DOID:0080422
MONDO_0100135	DOID:0080422
MONDO:0100153	DOID:0112227
MONDO_0100153	DOID:0112227
MONDO:0100160	DOID:0080949
MONDO_0100160	DOID:0080949
MONDO:0100163	DOID:0080711
MONDO_0100163	DOID:0080711
MONDO:0100164	DOID:0060639
MONDO_0100164	DOID:0060639
MONDO:0100168	DOID:0111349
MONDO_0100168	DOID:0111349
MONDO:0100186	DOID:0112225
MONDO_0100186	DOID:0112225
MONDO:0100211	DOID:0080836
MONDO_0100211	DOID:0080836
MONDO:0100213	DOID:0111821
MONDO_0100213	DOID:0111821
MONDO:0100216	DOID:0081063
MONDO_0100216	DOID:0081063
MONDO:0100217	DOID:0070478
MONDO_0100217	DOID:0070478
MONDO:0100218	DOID:0080981
MONDO_0100218	DOID:0080981
MONDO:0100219	DOID:0080837
MONDO_0100219	DOID:0080837
MONDO:0100223	DOID:0112065
MONDO_0100223	DOID:0112065
MONDO:0100224	DOID:0112074
MONDO_0100224	DOID:0112074
MONDO:0100233	DOID:0080848
MONDO_0100233	DOID:0080848
MONDO:0100244	DOID:0060284
MONDO_0100244	DOID:0060284
MONDO:0100247	DOID:0080503
MONDO_0100247	DOID:0080503
MONDO:0100249	DOID:0111760
MONDO_0100249	DOID:0111760
MONDO:0100250	DOID:0111761
MONDO_0100250	DOID:0111761
MONDO:0100251	DOID:0111063
MONDO_0100251	DOID:0111063
MONDO:0100253	DOID:0050536
MONDO_0100253	DOID:0050536
MONDO:0100253	DOID:5325
MONDO_0100253	DOID:5325
MONDO:0100255	DOID:0111038
MONDO_0100255	DOID:0111038
MONDO:0100280	DOID:0060901
MONDO_0100280	DOID:0060901
MONDO:0100288	DOID:0090059
MONDO_0100288	DOID:0090059
MONDO:0100289	DOID:0061231
MONDO_0100289	DOID:0061231
MONDO:0100292	DOID:0061116
MONDO_0100292	DOID:0061116
MONDO:0100294	DOID:0060537
MONDO_0100294	DOID:0060537
MONDO:0100296	DOID:0112013
MONDO_0100296	DOID:0112013
MONDO:0100297	DOID:0060989
MONDO_0100297	DOID:0060989
MONDO:0100309	DOID:0050951
MONDO_0100309	DOID:0050951
MONDO:0100313	DOID:1312
MONDO_0100313	DOID:1312
MONDO:0100316	DOID:0110644
MONDO_0100316	DOID:0110644
MONDO:0100338	DOID:0080784
MONDO_0100338	DOID:0080784
MONDO:0100339	DOID:12705
MONDO_0100339	DOID:12705
MONDO:0100340	DOID:0111218
MONDO_0100340	DOID:0111218
MONDO:0100342	DOID:3070
MONDO_0100342	DOID:3070
MONDO:0100344	DOID:0110142
MONDO_0100344	DOID:0110142
MONDO:0100345	DOID:10604
MONDO_0100345	DOID:10604
MONDO:0100349	DOID:0111589
MONDO_0100349	DOID:0111589
MONDO:0100350	DOID:0111203
MONDO_0100350	DOID:0111203
MONDO:0100352	DOID:0090053
MONDO_0100352	DOID:0090053
MONDO:0100354	DOID:0060610
MONDO_0100354	DOID:0060610
MONDO:0100382	DOID:0081080
MONDO_0100382	DOID:0081080
MONDO:0100404	DOID:0081094
MONDO_0100404	DOID:0081094
MONDO:0100409	DOID:0081092
MONDO_0100409	DOID:0081092
MONDO:0100413	DOID:0081090
MONDO_0100413	DOID:0081090
MONDO:0100422	DOID:0081091
MONDO_0100422	DOID:0081091
MONDO:0100428	DOID:0080632
MONDO_0100428	DOID:0080632
MONDO:0100429	DOID:0070227
MONDO_0100429	DOID:0070227
MONDO:0100431	DOID:12783
MONDO_0100431	DOID:12783
MONDO:0100435	DOID:0090005
MONDO_0100435	DOID:0090005
MONDO:0100436	DOID:0110235
MONDO_0100436	DOID:0110235
MONDO:0100444	DOID:0061127
MONDO_0100444	DOID:0061127
MONDO:0100450	DOID:9719
MONDO_0100450	DOID:9719
MONDO:0100452	DOID:0112144
MONDO_0100452	DOID:0112144
MONDO:0100459	DOID:14227
MONDO_0100459	DOID:14227
MONDO:0100468	DOID:0081335
MONDO_0100468	DOID:0081335
MONDO:0100471	DOID:10574
MONDO_0100471	DOID:10574
MONDO:0100510	DOID:0080027
MONDO_0100510	DOID:0080027
MONDO:0100514	DOID:6901
MONDO_0100514	DOID:6901
MONDO:0100522	DOID:0110701
MONDO_0100522	DOID:0110701
MONDO:0100531	DOID:0070246
MONDO_0100531	DOID:0070246
MONDO:0100610	DOID:0050432
MONDO_0100610	DOID:0050432
MONDO:0600030	DOID:0080649
MONDO_0600030	DOID:0080649
MONDO:0700081	DOID:12716
MONDO_0700081	DOID:12716
MONDO:0700087	DOID:0070655
MONDO_0700087	DOID:0070655
MONDO:0700089	DOID:0090049
MONDO_0700089	DOID:0090049
MONDO:0700090	DOID:0060748
MONDO_0700090	DOID:0060748
MONDO:0700091	DOID:0070620
MONDO_0700091	DOID:0070620
MONDO:0700117	DOID:0070487
MONDO_0700117	DOID:0070487
MONDO:0700200	DOID:0070488
MONDO_0700200	DOID:0070488
MONDO:0700226	DOID:3044
MONDO_0700226	DOID:3044
MONDO:0700245	DOID:0061208
MONDO_0700245	DOID:0061208
MONDO:0700248	DOID:0061223
MONDO_0700248	DOID:0061223
MONDO:0700249	DOID:0081358
MONDO_0700249	DOID:0081358
MONDO:0700250	DOID:0070491
MONDO_0700250	DOID:0070491
MONDO:0700251	DOID:0080400
MONDO_0700251	DOID:0080400
MONDO:0700286	DOID:0051014
MONDO_0700286	DOID:0051014
MONDO:0700291	DOID:0050594
MONDO_0700291	DOID:0050594
MONDO:0700307	DOID:0070647
MONDO_0700307	DOID:0070647
MONDO:0700309	DOID:0070641
MONDO_0700309	DOID:0070641
MONDO:0700338	DOID:0061169
MONDO_0700338	DOID:0061169
MONDO:0700341	DOID:0061152
MONDO_0700341	DOID:0061152
MONDO:0700342	DOID:0061153
MONDO_0700342	DOID:0061153
MONDO:0700343	DOID:0061145
MONDO_0700343	DOID:0061145
MONDO:0700385	DOID:0061229
MONDO_0700385	DOID:0061229
MONDO:0700386	DOID:0061232
MONDO_0700386	DOID:0061232
MONDO:0800025	DOID:0080698
MONDO_0800025	DOID:0080698
MONDO:0800026	DOID:0060731
MONDO_0800026	DOID:0060731
MONDO:0800027	DOID:0080523
MONDO_0800027	DOID:0080523
MONDO:0800030	DOID:14671
MONDO_0800030	DOID:14671
MONDO:0800042	DOID:0070369
MONDO_0800042	DOID:0070369
MONDO:0800044	DOID:0060728
MONDO_0800044	DOID:0060728
MONDO:0800045	DOID:0080944
MONDO_0800045	DOID:0080944
MONDO:0800047	DOID:0090102
MONDO_0800047	DOID:0090102
MONDO:0800104	DOID:0061074
MONDO_0800104	DOID:0061074
MONDO:0800306	DOID:0061211
MONDO_0800306	DOID:0061211
MONDO:0800366	DOID:0070020
MONDO_0800366	DOID:0070020
MONDO:0800368	DOID:0081158
MONDO_0800368	DOID:0081158
MONDO:0800372	DOID:0080276
MONDO_0800372	DOID:0080276
MONDO:0800436	DOID:0081124
MONDO_0800436	DOID:0081124
MONDO:0800437	DOID:0061115
MONDO_0800437	DOID:0061115
MONDO:0800437	DOID:0080194
MONDO_0800437	DOID:0080194
MONDO:0800438	DOID:0070477
MONDO_0800438	DOID:0070477
MONDO:0800445	DOID:0050676
MONDO_0800445	DOID:0050676
MONDO:0800448	DOID:0060868
MONDO_0800448	DOID:0060868
MONDO:0800449	DOID:0080217
MONDO_0800449	DOID:0080217
MONDO:0800452	DOID:0061005
MONDO_0800452	DOID:0061005
MONDO:0800452	DOID:0090118
MONDO_0800452	DOID:0090118
MONDO:0800453	DOID:0060172
MONDO_0800453	DOID:0060172
MONDO:0800491	DOID:0050709
MONDO_0800491	DOID:0050709
MONDO:0800491	DOID:2481
MONDO_0800491	DOID:2481
MONDO:0800491	DOID:308
MONDO_0800491	DOID:308
MONDO:0800497	DOID:0060971
MONDO_0800497	DOID:0060971
MONDO:0800504	DOID:0050156
MONDO_0800504	DOID:0050156
MONDO:0850092	DOID:0070306
MONDO_0850092	DOID:0070306
MONDO:0850094	DOID:0070310
MONDO_0850094	DOID:0070310
MONDO:0850098	DOID:0070311
MONDO_0850098	DOID:0070311
MONDO:0850101	DOID:0070326
MONDO_0850101	DOID:0070326
MONDO:0850110	DOID:0070327
MONDO_0850110	DOID:0070327
MONDO:0850112	DOID:0070333
MONDO_0850112	DOID:0070333
MONDO:0850122	DOID:0080306
MONDO_0850122	DOID:0080306
MONDO:0850123	DOID:0080321
MONDO_0850123	DOID:0080321
MONDO:0850125	DOID:0080364
MONDO_0850125	DOID:0080364
MONDO:0850126	DOID:0080371
MONDO_0850126	DOID:0080371
MONDO:0850127	DOID:0080372
MONDO_0850127	DOID:0080372
MONDO:0850128	DOID:0080373
MONDO_0850128	DOID:0080373
MONDO:0850129	DOID:0080374
MONDO_0850129	DOID:0080374
MONDO:0850130	DOID:0080375
MONDO_0850130	DOID:0080375
MONDO:0850144	DOID:0080601
MONDO_0850144	DOID:0080601
MONDO:0850149	DOID:0080615
MONDO_0850149	DOID:0080615
MONDO:0850150	DOID:0080616
MONDO_0850150	DOID:0080616
MONDO:0850151	DOID:0080618
MONDO_0850151	DOID:0080618
MONDO:0850152	DOID:0080619
MONDO_0850152	DOID:0080619
MONDO:0850154	DOID:0080641
MONDO_0850154	DOID:0080641
MONDO:0850156	DOID:0080644
MONDO_0850156	DOID:0080644
MONDO:0850157	DOID:0080645
MONDO_0850157	DOID:0080645
MONDO:0850160	DOID:0080648
MONDO_0850160	DOID:0080648
MONDO:0850161	DOID:0080650
MONDO_0850161	DOID:0080650
MONDO:0850162	DOID:0080651
MONDO_0850162	DOID:0080651
MONDO:0850170	DOID:0080667
MONDO_0850170	DOID:0080667
MONDO:0850196	DOID:0080702
MONDO_0850196	DOID:0080702
MONDO:0850197	DOID:0080703
MONDO_0850197	DOID:0080703
MONDO:0850198	DOID:0080706
MONDO_0850198	DOID:0080706
MONDO:0850199	DOID:0080709
MONDO_0850199	DOID:0080709
MONDO:0850200	DOID:0080710
MONDO_0850200	DOID:0080710
MONDO:0850201	DOID:0080714
MONDO_0850201	DOID:0080714
MONDO:0850223	DOID:0080740
MONDO_0850223	DOID:0080740
MONDO:0850225	DOID:0080742
MONDO_0850225	DOID:0080742
MONDO:0850230	DOID:0080747
MONDO_0850230	DOID:0080747
MONDO:0850231	DOID:0080750
MONDO_0850231	DOID:0080750
MONDO:0850257	DOID:0080782
MONDO_0850257	DOID:0080782
MONDO:0850267	DOID:0080794
MONDO_0850267	DOID:0080794
MONDO:0850269	DOID:0080796
MONDO_0850269	DOID:0080796
MONDO:0850271	DOID:0080798
MONDO_0850271	DOID:0080798
MONDO:0850273	DOID:0080800
MONDO_0850273	DOID:0080800
MONDO:0850281	DOID:0080808
MONDO_0850281	DOID:0080808
MONDO:0850282	DOID:0080809
MONDO_0850282	DOID:0080809
MONDO:0850283	DOID:0080810
MONDO_0850283	DOID:0080810
MONDO:0850284	DOID:0080811
MONDO_0850284	DOID:0080811
MONDO:0850285	DOID:0080819
MONDO_0850285	DOID:0080819
MONDO:0850286	DOID:0080821
MONDO_0850286	DOID:0080821
MONDO:0850287	DOID:0080822
MONDO_0850287	DOID:0080822
MONDO:0850289	DOID:0080827
MONDO_0850289	DOID:0080827
MONDO:0850292	DOID:0080831
MONDO_0850292	DOID:0080831
MONDO:0850295	DOID:0080834
MONDO_0850295	DOID:0080834
MONDO:0850301	DOID:0080841
MONDO_0850301	DOID:0080841
MONDO:0850302	DOID:0060106
MONDO_0850302	DOID:0060106
MONDO:0850302	DOID:0080842
MONDO_0850302	DOID:0080842
MONDO:0850303	DOID:0080843
MONDO_0850303	DOID:0080843
MONDO:0850306	DOID:0080846
MONDO_0850306	DOID:0080846
MONDO:0850312	DOID:0080854
MONDO_0850312	DOID:0080854
MONDO:0850332	DOID:0080875
MONDO_0850332	DOID:0080875
MONDO:0850333	DOID:0080876
MONDO_0850333	DOID:0080876
MONDO:0850335	DOID:0080878
MONDO_0850335	DOID:0080878
MONDO:0850338	DOID:0080888
MONDO_0850338	DOID:0080888
MONDO:0850339	DOID:0080889
MONDO_0850339	DOID:0080889
MONDO:0850340	DOID:0080890
MONDO_0850340	DOID:0080890
MONDO:0850345	DOID:0080899
MONDO_0850345	DOID:0080899
MONDO:0850346	DOID:0080900
MONDO_0850346	DOID:0080900
MONDO:0850347	DOID:0080901
MONDO_0850347	DOID:0080901
MONDO:0850348	DOID:0080902
MONDO_0850348	DOID:0080902
MONDO:0850349	DOID:0080904
MONDO_0850349	DOID:0080904
MONDO:0850353	DOID:0080909
MONDO_0850353	DOID:0080909
MONDO:0850368	DOID:0080935
MONDO_0850368	DOID:0080935
MONDO:0850371	DOID:0080938
MONDO_0850371	DOID:0080938
MONDO:0850388	DOID:0080956
MONDO_0850388	DOID:0080956
MONDO:0850415	DOID:0080992
MONDO_0850415	DOID:0080992
MONDO:0850416	DOID:0080994
MONDO_0850416	DOID:0080994
MONDO:0850417	DOID:0080995
MONDO_0850417	DOID:0080995
MONDO:0850418	DOID:0080996
MONDO_0850418	DOID:0080996
MONDO:0850419	DOID:0080997
MONDO_0850419	DOID:0080997
MONDO:0850420	DOID:0080998
MONDO_0850420	DOID:0080998
MONDO:0850421	DOID:0080999
MONDO_0850421	DOID:0080999
MONDO:0850426	DOID:0081004
MONDO_0850426	DOID:0081004
MONDO:0850445	DOID:0081026
MONDO_0850445	DOID:0081026
MONDO:0850449	DOID:0081036
MONDO_0850449	DOID:0081036
MONDO:0850450	DOID:0081037
MONDO_0850450	DOID:0081037
MONDO:0850451	DOID:0081038
MONDO_0850451	DOID:0081038
MONDO:0850452	DOID:0081039
MONDO_0850452	DOID:0081039
MONDO:0850459	DOID:0081050
MONDO_0850459	DOID:0081050
MONDO:0850461	DOID:0081052
MONDO_0850461	DOID:0081052
MONDO:0850468	DOID:0081064
MONDO_0850468	DOID:0081064
MONDO:0850469	DOID:0081065
MONDO_0850469	DOID:0081065
MONDO:0850470	DOID:0081066
MONDO_0850470	DOID:0081066
MONDO:0850471	DOID:0081067
MONDO_0850471	DOID:0081067
MONDO:0850472	DOID:0081068
MONDO_0850472	DOID:0081068
MONDO:0850473	DOID:0081069
MONDO_0850473	DOID:0081069
MONDO:0850492	DOID:0081093
MONDO_0850492	DOID:0081093
MONDO:0850495	DOID:0081096
MONDO_0850495	DOID:0081096
MONDO:0850514	DOID:0081121
MONDO_0850514	DOID:0081121
MONDO:0850519	DOID:0081132
MONDO_0850519	DOID:0081132
MONDO:0850618	DOID:0081239
MONDO_0850618	DOID:0081239
MONDO:0850812	DOID:0111963
MONDO_0850812	DOID:0111963
MONDO:0851095	DOID:0112383
MONDO_0851095	DOID:0112383
MONDO:0851100	DOID:370
MONDO_0851100	DOID:370
MONDO:0851102	DOID:60001
MONDO_0851102	DOID:60001
MONDO:0851103	DOID:60002
MONDO_0851103	DOID:60002
MONDO:0851105	DOID:60007
MONDO_0851105	DOID:60007
MONDO:0858910	DOID:0060034
MONDO_0858910	DOID:0060034
MONDO:0858916	DOID:0081244
MONDO_0858916	DOID:0081244
MONDO:0858917	DOID:0081245
MONDO_0858917	DOID:0081245
MONDO:0858921	DOID:0081249
MONDO_0858921	DOID:0081249
MONDO:0858926	DOID:0081264
MONDO_0858926	DOID:0081264
MONDO:0858939	DOID:0081277
MONDO_0858939	DOID:0081277
MONDO:0858940	DOID:0081278
MONDO_0858940	DOID:0081278
MONDO:0858944	DOID:0081285
MONDO_0858944	DOID:0081285
MONDO:0858950	DOID:0081292
MONDO_0858950	DOID:0081292
MONDO:0858956	DOID:0081302
MONDO_0858956	DOID:0081302
MONDO:0858957	DOID:0081303
MONDO_0858957	DOID:0081303
MONDO:0858958	DOID:0081304
MONDO_0858958	DOID:0081304
MONDO:0858959	DOID:0081305
MONDO_0858959	DOID:0081305
MONDO:0858960	DOID:0081306
MONDO_0858960	DOID:0081306
MONDO:0858966	DOID:0081315
MONDO_0858966	DOID:0081315
MONDO:0858967	DOID:0081316
MONDO_0858967	DOID:0081316
MONDO:0858974	DOID:0081323
MONDO_0858974	DOID:0081323
MONDO:0859139	DOID:0081442
MONDO_0859139	DOID:0081442
MONDO:0859148	DOID:0070651
MONDO_0859148	DOID:0070651
MONDO:0859152	DOID:0070443
MONDO_0859152	DOID:0070443
MONDO:0859160	DOID:0070507
MONDO_0859160	DOID:0070507
MONDO:0859168	DOID:0051044
MONDO_0859168	DOID:0051044
MONDO:0859171	DOID:0070416
MONDO_0859171	DOID:0070416
MONDO:0859179	DOID:0070469
MONDO_0859179	DOID:0070469
MONDO:0859197	DOID:0081262
MONDO_0859197	DOID:0081262
MONDO:0859208	DOID:0070408
MONDO_0859208	DOID:0070408
MONDO:0859209	DOID:0070473
MONDO_0859209	DOID:0070473
MONDO:0859215	DOID:0070445
MONDO_0859215	DOID:0070445
MONDO:0859217	DOID:0061126
MONDO_0859217	DOID:0061126
MONDO:0859220	DOID:0070677
MONDO_0859220	DOID:0070677
MONDO:0859221	DOID:0070468
MONDO_0859221	DOID:0070468
MONDO:0859222	DOID:0051026
MONDO_0859222	DOID:0051026
MONDO:0859224	DOID:0070600
MONDO_0859224	DOID:0070600
MONDO:0859226	DOID:0112340
MONDO_0859226	DOID:0112340
MONDO:0859228	DOID:0070428
MONDO_0859228	DOID:0070428
MONDO:0859234	DOID:0081143
MONDO_0859234	DOID:0081143
MONDO:0859235	DOID:0112373
MONDO_0859235	DOID:0112373
MONDO:0859237	DOID:0081133
MONDO_0859237	DOID:0081133
MONDO:0859242	DOID:0070406
MONDO_0859242	DOID:0070406
MONDO:0859245	DOID:0070413
MONDO_0859245	DOID:0070413
MONDO:0859256	DOID:0070444
MONDO_0859256	DOID:0070444
MONDO:0859279	DOID:0081425
MONDO_0859279	DOID:0081425
MONDO:0859280	DOID:0070420
MONDO_0859280	DOID:0070420
MONDO:0859286	DOID:0070536
MONDO_0859286	DOID:0070536
MONDO:0859295	DOID:0070479
MONDO_0859295	DOID:0070479
MONDO:0859296	DOID:0081324
MONDO_0859296	DOID:0081324
MONDO:0859300	DOID:0081399
MONDO_0859300	DOID:0081399
MONDO:0859303	DOID:0081301
MONDO_0859303	DOID:0081301
MONDO:0859305	DOID:0081275
MONDO_0859305	DOID:0081275
MONDO:0859308	DOID:0061112
MONDO_0859308	DOID:0061112
MONDO:0859309	DOID:0070457
MONDO_0859309	DOID:0070457
MONDO:0859310	DOID:0060960
MONDO_0859310	DOID:0060960
MONDO:0859314	DOID:0070394
MONDO_0859314	DOID:0070394
MONDO:0859322	DOID:0061183
MONDO_0859322	DOID:0061183
MONDO:0859323	DOID:0070429
MONDO_0859323	DOID:0070429
MONDO:0859325	DOID:0070378
MONDO_0859325	DOID:0070378
MONDO:0859327	DOID:0070395
MONDO_0859327	DOID:0070395
MONDO:0859328	DOID:0060972
MONDO_0859328	DOID:0060972
MONDO:0859329	DOID:0060981
MONDO_0859329	DOID:0060981
MONDO:0859332	DOID:0061142
MONDO_0859332	DOID:0061142
MONDO:0859333	DOID:0061043
MONDO_0859333	DOID:0061043
MONDO:0859335	DOID:0081347
MONDO_0859335	DOID:0081347
MONDO:0859337	DOID:0070430
MONDO_0859337	DOID:0070430
MONDO:0859338	DOID:0070577
MONDO_0859338	DOID:0070577
MONDO:0859340	DOID:0061137
MONDO_0859340	DOID:0061137
MONDO:0859341	DOID:0060968
MONDO_0859341	DOID:0060968
MONDO:0859342	DOID:0051041
MONDO_0859342	DOID:0051041
MONDO:0859346	DOID:0060982
MONDO_0859346	DOID:0060982
MONDO:0859352	DOID:0070578
MONDO_0859352	DOID:0070578
MONDO:0859355	DOID:0070510
MONDO_0859355	DOID:0070510
MONDO:0859356	DOID:0051052
MONDO_0859356	DOID:0051052
MONDO:0859357	DOID:0051053
MONDO_0859357	DOID:0051053
MONDO:0859360	DOID:0070414
MONDO_0859360	DOID:0070414
MONDO:0859362	DOID:0081328
MONDO_0859362	DOID:0081328
MONDO:0859363	DOID:0070455
MONDO_0859363	DOID:0070455
MONDO:0859364	DOID:0070579
MONDO_0859364	DOID:0070579
MONDO:0859366	DOID:0070605
MONDO_0859366	DOID:0070605
MONDO:0859367	DOID:0061104
MONDO_0859367	DOID:0061104
MONDO:0859374	DOID:0070674
MONDO_0859374	DOID:0070674
MONDO:0859377	DOID:0081444
MONDO_0859377	DOID:0081444
MONDO:0859378	DOID:0070401
MONDO_0859378	DOID:0070401
MONDO:0859380	DOID:0060944
MONDO_0859380	DOID:0060944
MONDO:0859477	DOID:0070596
MONDO_0859477	DOID:0070596
MONDO:0859478	DOID:0070597
MONDO_0859478	DOID:0070597
MONDO:0859514	DOID:0081350
MONDO_0859514	DOID:0081350
MONDO:0859515	DOID:0081345
MONDO_0859515	DOID:0081345
MONDO:0859517	DOID:0081339
MONDO_0859517	DOID:0081339
MONDO:0859518	DOID:0070403
MONDO_0859518	DOID:0070403
MONDO:0859520	DOID:0070485
MONDO_0859520	DOID:0070485
MONDO:0859522	DOID:0070580
MONDO_0859522	DOID:0070580
MONDO:0859523	DOID:0081340
MONDO_0859523	DOID:0081340
MONDO:0859524	DOID:0070610
MONDO_0859524	DOID:0070610
MONDO:0859525	DOID:0070606
MONDO_0859525	DOID:0070606
MONDO:0859526	DOID:0061078
MONDO_0859526	DOID:0061078
MONDO:0859527	DOID:0070611
MONDO_0859527	DOID:0070611
MONDO:0859528	DOID:0070612
MONDO_0859528	DOID:0070612
MONDO:0859529	DOID:0081381
MONDO_0859529	DOID:0081381
MONDO:0859567	DOID:0081125
MONDO_0859567	DOID:0081125
MONDO:0859568	DOID:0070441
MONDO_0859568	DOID:0070441
MONDO:0859573	DOID:0060993
MONDO_0859573	DOID:0060993
MONDO:0859577	DOID:0081371
MONDO_0859577	DOID:0081371
MONDO:0859578	DOID:0081372
MONDO_0859578	DOID:0081372
MONDO:0859588	DOID:0080752
MONDO_0859588	DOID:0080752
MONDO:0859591	DOID:0080830
MONDO_0859591	DOID:0080830
MONDO:0859592	DOID:0080882
MONDO_0859592	DOID:0080882
MONDO:0859597	DOID:0080906
MONDO_0859597	DOID:0080906
MONDO:0859598	DOID:0080916
MONDO_0859598	DOID:0080916
MONDO:0859614	DOID:0081260
MONDO_0859614	DOID:0081260
MONDO:0859615	DOID:0081279
MONDO_0859615	DOID:0081279
MONDO:0859689	DOID:3117
MONDO_0859689	DOID:3117
MONDO:0859690	DOID:60004
MONDO_0859690	DOID:60004
MONDO:0859747	DOID:0081308
MONDO_0859747	DOID:0081308
MONDO:0859748	DOID:0081309
MONDO_0859748	DOID:0081309
MONDO:0859749	DOID:0081310
MONDO_0859749	DOID:0081310
MONDO:0956962	DOID:0080602
MONDO_0956962	DOID:0080602
MONDO:0956964	DOID:0080704
MONDO_0956964	DOID:0080704
MONDO:0956965	DOID:0080705
MONDO_0956965	DOID:0080705
MONDO:0956966	DOID:0080707
MONDO_0956966	DOID:0080707
MONDO:0956967	DOID:0080708
MONDO_0956967	DOID:0080708
MONDO:0956969	DOID:0080748
MONDO_0956969	DOID:0080748
MONDO:0956971	DOID:0080812
MONDO_0956971	DOID:0080812
MONDO:0956975	DOID:0080817
MONDO_0956975	DOID:0080817
MONDO:0956976	DOID:0080818
MONDO_0956976	DOID:0080818
MONDO:0956977	DOID:0080823
MONDO_0956977	DOID:0080823
MONDO:0956979	DOID:0080826
MONDO_0956979	DOID:0080826
MONDO:0956980	DOID:0080856
MONDO_0956980	DOID:0080856
MONDO:0956981	DOID:0080877
MONDO_0956981	DOID:0080877
MONDO:0956983	DOID:0080881
MONDO_0956983	DOID:0080881
MONDO:0956984	DOID:0080891
MONDO_0956984	DOID:0080891
MONDO:0956985	DOID:0080894
MONDO_0956985	DOID:0080894
MONDO:0956986	DOID:0080897
MONDO_0956986	DOID:0080897
MONDO:0956987	DOID:0081070
MONDO_0956987	DOID:0081070
MONDO:0956988	DOID:0081071
MONDO_0956988	DOID:0081071
MONDO:0956989	DOID:0081250
MONDO_0956989	DOID:0081250
MONDO:0956990	DOID:0081252
MONDO_0956990	DOID:0081252
MONDO:0956991	DOID:0081253
MONDO_0956991	DOID:0081253
MONDO:0956992	DOID:0081254
MONDO_0956992	DOID:0081254
MONDO:0956993	DOID:0081255
MONDO_0956993	DOID:0081255
MONDO:0956994	DOID:0081256
MONDO_0956994	DOID:0081256
MONDO:0956995	DOID:0081257
MONDO_0956995	DOID:0081257
MONDO:0956996	DOID:0081281
MONDO_0956996	DOID:0081281
MONDO:0956997	DOID:0081282
MONDO_0956997	DOID:0081282
MONDO:0957196	DOID:0080684
MONDO_0957196	DOID:0080684
MONDO:0957197	DOID:0080880
MONDO_0957197	DOID:0080880
MONDO:0957202	DOID:0070598
MONDO_0957202	DOID:0070598
MONDO:0957203	DOID:0060929
MONDO_0957203	DOID:0060929
MONDO:0957208	DOID:0061018
MONDO_0957208	DOID:0061018
MONDO:0957215	DOID:0081352
MONDO_0957215	DOID:0081352
MONDO:0957217	DOID:0061141
MONDO_0957217	DOID:0061141
MONDO:0957224	DOID:0081353
MONDO_0957224	DOID:0081353
MONDO:0957228	DOID:0061044
MONDO_0957228	DOID:0061044
MONDO:0957240	DOID:0081449
MONDO_0957240	DOID:0081449
MONDO:0957247	DOID:0081354
MONDO_0957247	DOID:0081354
MONDO:0957248	DOID:0070376
MONDO_0957248	DOID:0070376
MONDO:0957249	DOID:0070581
MONDO_0957249	DOID:0070581
MONDO:0957250	DOID:0070582
MONDO_0957250	DOID:0070582
MONDO:0957254	DOID:0070461
MONDO_0957254	DOID:0070461
MONDO:0957255	DOID:0070464
MONDO_0957255	DOID:0070464
MONDO:0957265	DOID:0081355
MONDO_0957265	DOID:0081355
MONDO:0957270	DOID:0061130
MONDO_0957270	DOID:0061130
MONDO:0957274	DOID:0070458
MONDO_0957274	DOID:0070458
MONDO:0957281	DOID:0081374
MONDO_0957281	DOID:0081374
MONDO:0957284	DOID:0081375
MONDO_0957284	DOID:0081375
MONDO:0957301	DOID:0070583
MONDO_0957301	DOID:0070583
MONDO:0957303	DOID:0070551
MONDO_0957303	DOID:0070551
MONDO:0957308	DOID:0070459
MONDO_0957308	DOID:0070459
MONDO:0957309	DOID:0070460
MONDO_0957309	DOID:0070460
MONDO:0957314	DOID:0061110
MONDO_0957314	DOID:0061110
MONDO:0957317	DOID:0111365
MONDO_0957317	DOID:0111365
MONDO:0957385	DOID:0060956
MONDO_0957385	DOID:0060956
MONDO:0957386	DOID:0081387
MONDO_0957386	DOID:0081387
MONDO:0957388	DOID:0061162
MONDO_0957388	DOID:0061162
MONDO:0957397	DOID:0061045
MONDO_0957397	DOID:0061045
MONDO:0957497	DOID:0081373
MONDO_0957497	DOID:0081373
MONDO:0957519	DOID:0080763
MONDO_0957519	DOID:0080763
MONDO:0957524	DOID:0081377
MONDO_0957524	DOID:0081377
MONDO:0957535	DOID:0061079
MONDO_0957535	DOID:0061079
MONDO:0957536	DOID:0061046
MONDO_0957536	DOID:0061046
MONDO:0957538	DOID:0081382
MONDO_0957538	DOID:0081382
MONDO:0957539	DOID:0060966
MONDO_0957539	DOID:0060966
MONDO:0957541	DOID:0070512
MONDO_0957541	DOID:0070512
MONDO:0957542	DOID:0060967
MONDO_0957542	DOID:0060967
MONDO:0957575	DOID:0061002
MONDO_0957575	DOID:0061002
MONDO:0957576	DOID:0070486
MONDO_0957576	DOID:0070486
MONDO:0957583	DOID:0070513
MONDO_0957583	DOID:0070513
MONDO:0957584	DOID:0070584
MONDO_0957584	DOID:0070584
MONDO:0957593	DOID:0070585
MONDO_0957593	DOID:0070585
MONDO:0957594	DOID:0070586
MONDO_0957594	DOID:0070586
MONDO:0957787	DOID:0070653
MONDO_0957787	DOID:0070653
MONDO:0957788	DOID:0070640
MONDO_0957788	DOID:0070640
MONDO:0957810	DOID:0060933
MONDO_0957810	DOID:0060933
MONDO:0957813	DOID:0070643
MONDO_0957813	DOID:0070643
MONDO:0957820	DOID:0051047
MONDO_0957820	DOID:0051047
MONDO:0957821	DOID:0070587
MONDO_0957821	DOID:0070587
MONDO:0957825	DOID:0070675
MONDO_0957825	DOID:0070675
MONDO:0957870	DOID:0070373
MONDO_0957870	DOID:0070373
MONDO:0957871	DOID:0070372
MONDO_0957871	DOID:0070372
MONDO:0957872	DOID:0070371
MONDO_0957872	DOID:0070371
MONDO:0957873	DOID:0070367
MONDO_0957873	DOID:0070367
MONDO:0957874	DOID:0081428
MONDO_0957874	DOID:0081428
MONDO:0957875	DOID:0081400
MONDO_0957875	DOID:0081400
MONDO:0957876	DOID:0081429
MONDO_0957876	DOID:0081429
MONDO:0957896	DOID:0070508
MONDO_0957896	DOID:0070508
MONDO:0957912	DOID:0081393
MONDO_0957912	DOID:0081393
MONDO:0957920	DOID:0051056
MONDO_0957920	DOID:0051056
MONDO:0957921	DOID:0060970
MONDO_0957921	DOID:0060970
MONDO:0957928	DOID:0060928
MONDO_0957928	DOID:0060928
MONDO:0957955	DOID:0061080
MONDO_0957955	DOID:0061080
MONDO:0957958	DOID:0070642
MONDO_0957958	DOID:0070642
MONDO:0957981	DOID:0061081
MONDO_0957981	DOID:0061081
MONDO:0958011	DOID:0061083
MONDO_0958011	DOID:0061083
MONDO:0958030	DOID:0061084
MONDO_0958030	DOID:0061084
MONDO:0958106	DOID:0081075
MONDO_0958106	DOID:0081075
MONDO:0958150	DOID:0070527
MONDO_0958150	DOID:0070527
MONDO:0958151	DOID:0070528
MONDO_0958151	DOID:0070528
MONDO:0958159	DOID:0081402
MONDO_0958159	DOID:0081402
MONDO:0958160	DOID:0081406
MONDO_0958160	DOID:0081406
MONDO:0958161	DOID:0081411
MONDO_0958161	DOID:0081411
MONDO:0958162	DOID:0081412
MONDO_0958162	DOID:0081412
MONDO:0958164	DOID:0081417
MONDO_0958164	DOID:0081417
MONDO:0958165	DOID:0081418
MONDO_0958165	DOID:0081418
MONDO:0958179	DOID:0070616
MONDO_0958179	DOID:0070616
MONDO:0958180	DOID:0070363
MONDO_0958180	DOID:0070363
MONDO:0958181	DOID:0070619
MONDO_0958181	DOID:0070619
MONDO:0958184	DOID:0081359
MONDO_0958184	DOID:0081359
MONDO:0958185	DOID:0060999
MONDO_0958185	DOID:0060999
MONDO:0958189	DOID:0070366
MONDO_0958189	DOID:0070366
MONDO:0958190	DOID:0070364
MONDO_0958190	DOID:0070364
MONDO:0958192	DOID:0061001
MONDO_0958192	DOID:0061001
MONDO:0958196	DOID:0070472
MONDO_0958196	DOID:0070472
MONDO:0958199	DOID:0070660
MONDO_0958199	DOID:0070660
MONDO:0958203	DOID:0061047
MONDO_0958203	DOID:0061047
MONDO:0958206	DOID:0070588
MONDO_0958206	DOID:0070588
MONDO:0958228	DOID:0070669
MONDO_0958228	DOID:0070669
MONDO:0958230	DOID:0060962
MONDO_0958230	DOID:0060962
MONDO:0958232	DOID:0070607
MONDO_0958232	DOID:0070607
MONDO:0958233	DOID:0061199
MONDO_0958233	DOID:0061199
MONDO:0958234	DOID:0061200
MONDO_0958234	DOID:0061200
MONDO:0958235	DOID:0060942
MONDO_0958235	DOID:0060942
MONDO:0958236	DOID:0060943
MONDO_0958236	DOID:0060943
MONDO:0958242	DOID:0070589
MONDO_0958242	DOID:0070589
MONDO:0958277	DOID:0070670
MONDO_0958277	DOID:0070670
MONDO:0958295	DOID:0081403
MONDO_0958295	DOID:0081403
MONDO:0958296	DOID:0081404
MONDO_0958296	DOID:0081404
MONDO:0958297	DOID:0081405
MONDO_0958297	DOID:0081405
MONDO:0958298	DOID:0081407
MONDO_0958298	DOID:0081407
MONDO:0958299	DOID:0081408
MONDO_0958299	DOID:0081408
MONDO:0958300	DOID:0081409
MONDO_0958300	DOID:0081409
MONDO:0958301	DOID:0081410
MONDO_0958301	DOID:0081410
MONDO:0958302	DOID:0081414
MONDO_0958302	DOID:0081414
MONDO:0958303	DOID:0081416
MONDO_0958303	DOID:0081416
MONDO:0968944	DOID:0060947
MONDO_0968944	DOID:0060947
MONDO:0968949	DOID:0080223
MONDO_0968949	DOID:0080223
MONDO:0968974	DOID:0081452
MONDO_0968974	DOID:0081452
MONDO:0968981	DOID:0070676
MONDO_0968981	DOID:0070676
MONDO:0970943	DOID:0070599
MONDO_0970943	DOID:0070599
MONDO:0970945	DOID:0070545
MONDO_0970945	DOID:0070545
MONDO:0970952	DOID:0070590
MONDO_0970952	DOID:0070590
MONDO:0970993	DOID:0061085
MONDO_0970993	DOID:0061085
MONDO:0970994	DOID:0061086
MONDO_0970994	DOID:0061086
MONDO:0970999	DOID:0070591
MONDO_0970999	DOID:0070591
MONDO:0971000	DOID:0070592
MONDO_0971000	DOID:0070592
MONDO:0971001	DOID:0061087
MONDO_0971001	DOID:0061087
MONDO:0971002	DOID:0070593
MONDO_0971002	DOID:0070593
MONDO:0971031	DOID:0081455
MONDO_0971031	DOID:0081455
MONDO:0971032	DOID:0081456
MONDO_0971032	DOID:0081456
MONDO:0971033	DOID:0081457
MONDO_0971033	DOID:0081457
MONDO:0971034	DOID:0081458
MONDO_0971034	DOID:0081458
MONDO:0971035	DOID:0081459
MONDO_0971035	DOID:0081459
MONDO:0971036	DOID:0081460
MONDO_0971036	DOID:0081460
MONDO:0971149	DOID:0070646
MONDO_0971149	DOID:0070646
MONDO:0971151	DOID:0061088
MONDO_0971151	DOID:0061088
MONDO:0971152	DOID:0061124
MONDO_0971152	DOID:0061124
MONDO:0971171	DOID:0061134
MONDO_0971171	DOID:0061134
MONDO:0971172	DOID:0061190
MONDO_0971172	DOID:0061190
MONDO:0971177	DOID:0061089
MONDO_0971177	DOID:0061089
MONDO:0975708	DOID:0070564
MONDO_0975708	DOID:0070564
MONDO:0975746	DOID:0070644
MONDO_0975746	DOID:0070644
MONDO:0975747	DOID:0070594
MONDO_0975747	DOID:0070594
MONDO:0975749	DOID:0061091
MONDO_0975749	DOID:0061091
MONDO:0975795	DOID:0061158
MONDO_0975795	DOID:0061158
MONDO:0975796	DOID:0070645
MONDO_0975796	DOID:0070645
MONDO:0975808	DOID:0061256
MONDO_0975808	DOID:0061256
MONDO:0975829	DOID:0051002
MONDO_0975829	DOID:0051002
MONDO:0975830	DOID:0061184
MONDO_0975830	DOID:0061184
MONDO:0975832	DOID:0061092
MONDO_0975832	DOID:0061092
MONDO:0975834	DOID:0061093
MONDO_0975834	DOID:0061093
MONDO:0975838	DOID:0061048
MONDO_0975838	DOID:0061048
MONDO:0975840	DOID:0061109
MONDO_0975840	DOID:0061109
MONDO:0975847	DOID:0061163
MONDO_0975847	DOID:0061163
MONDO:0975862	DOID:0070623
MONDO_0975862	DOID:0070623
MONDO:0975863	DOID:0070624
MONDO_0975863	DOID:0070624
MONDO:0975864	DOID:0070625
MONDO_0975864	DOID:0070625
MONDO:0975865	DOID:0070626
MONDO_0975865	DOID:0070626
MONDO:0975866	DOID:0070627
MONDO_0975866	DOID:0070627
MONDO:0975867	DOID:0070628
MONDO_0975867	DOID:0070628
MONDO:0975868	DOID:0070629
MONDO_0975868	DOID:0070629
MONDO:0975870	DOID:0070631
MONDO_0975870	DOID:0070631
MONDO:0975871	DOID:0070632
MONDO_0975871	DOID:0070632
MONDO:0975872	DOID:0070633
MONDO_0975872	DOID:0070633
MONDO:0975953	DOID:0061146
MONDO_0975953	DOID:0061146
MONDO:0975955	DOID:0061170
MONDO_0975955	DOID:0061170
MONDO:0976123	DOID:0061177
MONDO_0976123	DOID:0061177
MONDO:0976126	DOID:0051030
MONDO_0976126	DOID:0051030
MONDO:0976132	DOID:0051029
MONDO_0976132	DOID:0051029
MONDO:0976133	DOID:0051045
MONDO_0976133	DOID:0051045
MONDO:0976134	DOID:0051027
MONDO_0976134	DOID:0051027
MONDO:0976135	DOID:0061123
MONDO_0976135	DOID:0061123
MONDO:0976226	DOID:0051042
MONDO_0976226	DOID:0051042
MONDO:0976227	DOID:0051043
MONDO_0976227	DOID:0051043
MONDO:0976228	DOID:0061097
MONDO_0976228	DOID:0061097
MONDO:0976229	DOID:0061125
MONDO_0976229	DOID:0061125
MONDO:0976230	DOID:0051046
MONDO_0976230	DOID:0051046
MONDO:0976231	DOID:0061114
MONDO_0976231	DOID:0061114
MONDO:0976232	DOID:0061073
MONDO_0976232	DOID:0061073
MONDO:0976234	DOID:0061121
MONDO_0976234	DOID:0061121
MONDO:0976294	DOID:0061140
MONDO_0976294	DOID:0061140
MONDO:0976301	DOID:0070635
MONDO_0976301	DOID:0070635
MONDO:0979229	DOID:0061257
MONDO_0979229	DOID:0061257
MONDO:0979235	DOID:0061164
MONDO_0979235	DOID:0061164
MONDO:0979238	DOID:0061176
MONDO_0979238	DOID:0061176
MONDO:0979246	DOID:0070652
MONDO_0979246	DOID:0070652
MONDO:0979570	DOID:0061096
MONDO_0979570	DOID:0061096
MONDO:0979867	DOID:0061227
MONDO_0979867	DOID:0061227
MONDO:0979873	DOID:0061234
MONDO_0979873	DOID:0061234
MONDO:0979880	DOID:0061235
MONDO_0979880	DOID:0061235
MONDO:0979885	DOID:0051058
MONDO_0979885	DOID:0051058
MONDO:0979897	DOID:0061258
MONDO_0979897	DOID:0061258
MONDO:0979905	DOID:0061149
MONDO_0979905	DOID:0061149
MONDO:0980711	DOID:0061236
MONDO_0980711	DOID:0061236
MONDO:0980722	DOID:0061240
MONDO_0980722	DOID:0061240
MONDO:0980735	DOID:0051064
MONDO_0980735	DOID:0051064
MONDO:0980737	DOID:0051066
MONDO_0980737	DOID:0051066
MONDO:0980739	DOID:0070661
MONDO_0980739	DOID:0070661
MONDO:0980747	DOID:0061233
MONDO_0980747	DOID:0061233
MONDO:0980756	DOID:0061259
MONDO_0980756	DOID:0061259
MONDO:0980767	DOID:0070665
MONDO_0980767	DOID:0070665
MONDO:0980940	DOID:0061252
MONDO_0980940	DOID:0061252
MONDO:0980941	DOID:0061253
MONDO_0980941	DOID:0061253
MONDO:0980942	DOID:0061254
MONDO_0980942	DOID:0061254
MONDO:0980963	DOID:0061251
MONDO_0980963	DOID:0061251
MONDO:0980990	DOID:0051076
MONDO_0980990	DOID:0051076
MONDO:0980991	DOID:0051074
MONDO_0980991	DOID:0051074
MONDO:0980992	DOID:0051069
MONDO_0980992	DOID:0051069
MONDO:0981022	DOID:0051073
MONDO_0981022	DOID:0051073
MONDO:0981023	DOID:0061255
MONDO_0981023	DOID:0061255
MONDO:0981024	DOID:0051072
MONDO_0981024	DOID:0051072
MONDO:0981030	DOID:0061260
MONDO_0981030	DOID:0061260
MONDO:0981031	DOID:0061268
MONDO_0981031	DOID:0061268
MONDO:0981032	DOID:0051071
MONDO_0981032	DOID:0051071
MONDO:0981050	DOID:0051070
MONDO_0981050	DOID:0051070
MONDO:1010154	DOID:0110913
MONDO_1010154	DOID:0110913
MONDO:1010168	DOID:0110915
MONDO_1010168	DOID:0110915
MONDO:1010169	DOID:0110914
MONDO_1010169	DOID:0110914
MONDO:1030008	DOID:11502
MONDO_1030008	DOID:11502
MONDO:1060198	DOID:0051062
MONDO_1060198	DOID:0051062
MONDO:1060199	DOID:0051063
MONDO_1060199	DOID:0051063
MONDO:7770002	DOID:0051057
MONDO_7770002	DOID:0051057
MONDO:8000006	DOID:0060591
MONDO_8000006	DOID:0060591
MONDO:8000008	DOID:0111586
MONDO_8000008	DOID:0111586
MONDO:8000010	DOID:2988
MONDO_8000010	DOID:2988
MONDO:8000011	DOID:0080679
MONDO_8000011	DOID:0080679
MONDO:8000018	DOID:13941
MONDO_8000018	DOID:13941
MONDO:8000024	DOID:0110119
MONDO_8000024	DOID:0110119
