source_id	target_id
C0018923	DOID:0001816
UMLS:C0018923	DOID:0001816
C0854893	DOID:0001816
UMLS:C0854893	DOID:0001816
C0033999	DOID:0002116
UMLS:C0033999	DOID:0002116
C0025517	DOID:0014667
UMLS:C0025517	DOID:0014667
C0004058	DOID:0040002
UMLS:C0004058	DOID:0040002
C0571411	DOID:0040003
UMLS:C0571411	DOID:0040003
C0571417	DOID:0040004
UMLS:C0571417	DOID:0040004
C0571463	DOID:0040005
UMLS:C0571463	DOID:0040005
C0570787	DOID:0040006
UMLS:C0570787	DOID:0040006
C0570646	DOID:0040009
UMLS:C0570646	DOID:0040009
C0570785	DOID:0040011
UMLS:C0570785	DOID:0040011
C0570789	DOID:0040012
UMLS:C0570789	DOID:0040012
C0570577	DOID:0040013
UMLS:C0570577	DOID:0040013
C0038757	DOID:0040015
UMLS:C0038757	DOID:0040015
C0570633	DOID:0040018
UMLS:C0570633	DOID:0040018
C0571922	DOID:0040019
UMLS:C0571922	DOID:0040019
C0571457	DOID:0040020
UMLS:C0571457	DOID:0040020
C0571444	DOID:0040021
UMLS:C0571444	DOID:0040021
C0571303	DOID:0040022
UMLS:C0571303	DOID:0040022
C0571453	DOID:0040023
UMLS:C0571453	DOID:0040023
C0571458	DOID:0040024
UMLS:C0571458	DOID:0040024
C0571454	DOID:0040025
UMLS:C0571454	DOID:0040025
C0571344	DOID:0040026
UMLS:C0571344	DOID:0040026
C0570670	DOID:0040027
UMLS:C0570670	DOID:0040027
C0571140	DOID:0040028
UMLS:C0571140	DOID:0040028
C0571390	DOID:0040029
UMLS:C0571390	DOID:0040029
C0571460	DOID:0040030
UMLS:C0571460	DOID:0040030
C0570540	DOID:0040031
UMLS:C0570540	DOID:0040031
C0571443	DOID:0040032
UMLS:C0571443	DOID:0040032
C0571427	DOID:0040033
UMLS:C0571427	DOID:0040033
C0571149	DOID:0040034
UMLS:C0571149	DOID:0040034
C0570587	DOID:0040035
UMLS:C0570587	DOID:0040035
C0571147	DOID:0040036
UMLS:C0571147	DOID:0040036
C0571476	DOID:0040037
UMLS:C0571476	DOID:0040037
C0571102	DOID:0040057
UMLS:C0571102	DOID:0040057
C0570547	DOID:0040060
UMLS:C0570547	DOID:0040060
C0571881	DOID:0040065
UMLS:C0571881	DOID:0040065
C0570673	DOID:0040066
UMLS:C0570673	DOID:0040066
C1443961	DOID:0040067
UMLS:C1443961	DOID:0040067
C0571504	DOID:0040070
UMLS:C0571504	DOID:0040070
C0571155	DOID:0040071
UMLS:C0571155	DOID:0040071
C0571339	DOID:0040074
UMLS:C0571339	DOID:0040074
C0571482	DOID:0040076
UMLS:C0571482	DOID:0040076
C0571145	DOID:0040078
UMLS:C0571145	DOID:0040078
C1697878	DOID:0040086
UMLS:C1697878	DOID:0040086
C2609129	DOID:0040091
UMLS:C2609129	DOID:0040091
C0409675	DOID:0040092
UMLS:C0409675	DOID:0040092
C0263591	DOID:0040093
UMLS:C0263591	DOID:0040093
C1328843	DOID:0040097
UMLS:C1328843	DOID:0040097
C0854359	DOID:0040100
UMLS:C0854359	DOID:0040100
C0578661	DOID:0050004
UMLS:C0578661	DOID:0050004
C0001485	DOID:0050117
UMLS:C0001485	DOID:0050117
C0014053	DOID:0050118
UMLS:C0014053	DOID:0050118
C0024291	DOID:0050120
UMLS:C0024291	DOID:0050120
C0149512	DOID:0050127
UMLS:C0149512	DOID:0050127
C0031898	DOID:0050133
UMLS:C0031898	DOID:0050133
C2980104	DOID:0050133
UMLS:C2980104	DOID:0050133
C0396023	DOID:0050145
UMLS:C0396023	DOID:0050145
C0155811	DOID:0050148
UMLS:C0155811	DOID:0050148
C0155837	DOID:0050148
UMLS:C0155837	DOID:0050148
C0032290	DOID:0050152
UMLS:C0032290	DOID:0050152
C1800706	DOID:0050156
UMLS:C1800706	DOID:0050156
C0242770	DOID:0050157
UMLS:C0242770	DOID:0050157
C0238378	DOID:0050158
UMLS:C0238378	DOID:0050158
C0029581	DOID:0050161
UMLS:C0029581	DOID:0050161
C0152828	DOID:0050166
UMLS:C0152828	DOID:0050166
C0014054	DOID:0050175
UMLS:C0014054	DOID:0050175
C4303115	DOID:0050192
UMLS:C4303115	DOID:0050192
C4274433	DOID:0050202
UMLS:C4274433	DOID:0050202
C0022972	DOID:0050214
UMLS:C0022972	DOID:0050214
C0010308	DOID:0050328
UMLS:C0010308	DOID:0050328
C0342200	DOID:0050328
UMLS:C0342200	DOID:0050328
C1842073	DOID:0050335
UMLS:C1842073	DOID:0050335
C0032580	DOID:0050424
UMLS:C0032580	DOID:0050424
C0035258	DOID:0050425
UMLS:C0035258	DOID:0050425
C0038325	DOID:0050426
UMLS:C0038325	DOID:0050426
C0043346	DOID:0050427
UMLS:C0043346	DOID:0050427
C1833030	DOID:0050428
UMLS:C1833030	DOID:0050428
C0085106	DOID:0050429
UMLS:C0085106	DOID:0050429
C0025268	DOID:0050430
UMLS:C0025268	DOID:0050430
C0349788	DOID:0050431
UMLS:C0349788	DOID:0050431
C0236792	DOID:0050432
UMLS:C0236792	DOID:0050432
C0206042	DOID:0050433
UMLS:C0206042	DOID:0050433
C1563715	DOID:0050434
UMLS:C1563715	DOID:0050434
C0524582	DOID:0050436
UMLS:C0524582	DOID:0050436
C0878677	DOID:0050437
UMLS:C0878677	DOID:0050437
C0950122	DOID:0050438
UMLS:C0950122	DOID:0050438
C0271694	DOID:0050440
UMLS:C0271694	DOID:0050440
C1720859	DOID:0050440
UMLS:C1720859	DOID:0050440
C1720860	DOID:0050440
UMLS:C1720860	DOID:0050440
C1720861	DOID:0050440
UMLS:C1720861	DOID:0050440
C0268263	DOID:0050441
UMLS:C0268263	DOID:0050441
C0282527	DOID:0050444
UMLS:C0282527	DOID:0050444
C0733682	DOID:0050445
UMLS:C0733682	DOID:0050445
C1845168	DOID:0050445
UMLS:C1845168	DOID:0050445
C3540852	DOID:0050445
UMLS:C3540852	DOID:0050445
C1721005	DOID:0050448
UMLS:C1721005	DOID:0050448
C0265334	DOID:0050449
UMLS:C0265334	DOID:0050449
C1706595	DOID:0050449
UMLS:C1706595	DOID:0050449
C1721007	DOID:0050449
UMLS:C1721007	DOID:0050449
C0268450	DOID:0050450
UMLS:C0268450	DOID:0050450
C1142166	DOID:0050451
UMLS:C1142166	DOID:0050451
C1721096	DOID:0050451
UMLS:C1721096	DOID:0050451
C0342731	DOID:0050452
UMLS:C0342731	DOID:0050452
C0398691	DOID:0050452
UMLS:C0398691	DOID:0050452
C1959626	DOID:0050452
UMLS:C1959626	DOID:0050452
C0266463	DOID:0050453
UMLS:C0266463	DOID:0050453
C0266483	DOID:0050453
UMLS:C0266483	DOID:0050453
C1848213	DOID:0050454
UMLS:C1848213	DOID:0050454
C1868720	DOID:0050454
UMLS:C1868720	DOID:0050454
C0085568	DOID:0050456
UMLS:C0085568	DOID:0050456
C1384583	DOID:0050457
UMLS:C1384583	DOID:0050457
C0349639	DOID:0050458
UMLS:C0349639	DOID:0050458
C0085681	DOID:0050459
UMLS:C0085681	DOID:0050459
C0796117	DOID:0050460
UMLS:C0796117	DOID:0050460
C1956097	DOID:0050460
UMLS:C1956097	DOID:0050460
C0268225	DOID:0050461
UMLS:C0268225	DOID:0050461
C1861922	DOID:0050463
UMLS:C1861922	DOID:0050463
C1861923	DOID:0050463
UMLS:C1861923	DOID:0050463
C0268255	DOID:0050464
UMLS:C0268255	DOID:0050464
C1321489	DOID:0050465
UMLS:C1321489	DOID:0050465
C1836635	DOID:0050466
UMLS:C1836635	DOID:0050466
C2697932	DOID:0050466
UMLS:C2697932	DOID:0050466
C0265961	DOID:0050467
UMLS:C0265961	DOID:0050467
C1851480	DOID:0050467
UMLS:C1851480	DOID:0050467
C0221348	DOID:0050468
UMLS:C0221348	DOID:0050468
C0587248	DOID:0050469
UMLS:C0587248	DOID:0050469
C0265344	DOID:0050470
UMLS:C0265344	DOID:0050470
C0271695	DOID:0050470
UMLS:C0271695	DOID:0050470
C0406810	DOID:0050471
UMLS:C0406810	DOID:0050471
C1854540	DOID:0050471
UMLS:C1854540	DOID:0050471
C2607929	DOID:0050471
UMLS:C2607929	DOID:0050471
C0546966	DOID:0050472
UMLS:C0546966	DOID:0050472
C0268425	DOID:0050473
UMLS:C0268425	DOID:0050473
C0265962	DOID:0050474
UMLS:C0265962	DOID:0050474
C0265313	DOID:0050475
UMLS:C0265313	DOID:0050475
C1869114	DOID:0050475
UMLS:C1869114	DOID:0050475
C1869115	DOID:0050475
UMLS:C1869115	DOID:0050475
C0574083	DOID:0050476
UMLS:C0574083	DOID:0050476
C0221043	DOID:0050477
UMLS:C0221043	DOID:0050477
C0015230	DOID:0050486
UMLS:C0015230	DOID:0050486
C0015231	DOID:0050495
UMLS:C0015231	DOID:0050495
C1812609	DOID:0050508
UMLS:C1812609	DOID:0050508
C0276286	DOID:0050516
UMLS:C0276286	DOID:0050516
C0276386	DOID:0050521
UMLS:C0276386	DOID:0050521
C0023493	DOID:0050523
UMLS:C0023493	DOID:0050523
C0342276	DOID:0050524
UMLS:C0342276	DOID:0050524
C1838230	DOID:0050529
UMLS:C1838230	DOID:0050529
C0393538	DOID:0050530
UMLS:C0393538	DOID:0050530
C1306122	DOID:0050534
UMLS:C1306122	DOID:0050534
C0004608	DOID:0050535
UMLS:C0004608	DOID:0050535
C0392553	DOID:0050539
UMLS:C0392553	DOID:0050539
C0027889	DOID:0050548
UMLS:C0027889	DOID:0050548
C2937300	DOID:0050557
UMLS:C2937300	DOID:0050557
C1313885	DOID:0050580
UMLS:C1313885	DOID:0050580
C0021390	DOID:0050589
UMLS:C0021390	DOID:0050589
C0399352	DOID:0050591
UMLS:C0399352	DOID:0050591
C0152073	DOID:0050596
UMLS:C0152073	DOID:0050596
C0036329	DOID:0050597
UMLS:C0036329	DOID:0050597
C0036330	DOID:0050597
UMLS:C0036330	DOID:0050597
C0276932	DOID:0050597
UMLS:C0276932	DOID:0050597
C0854995	DOID:0050619
UMLS:C0854995	DOID:0050619
C1335336	DOID:0050619
UMLS:C1335336	DOID:0050619
C1335337	DOID:0050619
UMLS:C1335337	DOID:0050619
C1335340	DOID:0050619
UMLS:C1335340	DOID:0050619
C0345913	DOID:0050625
UMLS:C0345913	DOID:0050625
C0796028	DOID:0050647
UMLS:C0796028	DOID:0050647
C0014116	DOID:0050651
UMLS:C0014116	DOID:0050651
C0265308	DOID:0050654
UMLS:C0265308	DOID:0050654
C0391826	DOID:0050657
UMLS:C0391826	DOID:0050657
C1866398	DOID:0050657
UMLS:C1866398	DOID:0050657
C1959582	DOID:0050657
UMLS:C1959582	DOID:0050657
C4706610	DOID:0050657
UMLS:C4706610	DOID:0050657
C1834674	DOID:0050663
UMLS:C1834674	DOID:0050663
C0266006	DOID:0050677
UMLS:C0266006	DOID:0050677
C0265339	DOID:0050681
UMLS:C0265339	DOID:0050681
C1859405	DOID:0050684
UMLS:C1859405	DOID:0050684
C0334239	DOID:0050685
UMLS:C0334239	DOID:0050685
C1857941	DOID:0050693
UMLS:C1857941	DOID:0050693
C0878681	DOID:0050699
UMLS:C0878681	DOID:0050699
C0033141	DOID:0050700
UMLS:C0033141	DOID:0050700
C0036529	DOID:0050700
UMLS:C0036529	DOID:0050700
C0878544	DOID:0050700
UMLS:C0878544	DOID:0050700
C4273730	DOID:0050713
UMLS:C4273730	DOID:0050713
C0028043	DOID:0050742
UMLS:C0028043	DOID:0050742
C0553604	DOID:0050759
UMLS:C0553604	DOID:0050759
C0393576	DOID:0050766
UMLS:C0393576	DOID:0050766
C0030421	DOID:0050773
UMLS:C0030421	DOID:0050773
C1849453	DOID:0050774
UMLS:C1849453	DOID:0050774
C0265215	DOID:0050778
UMLS:C0265215	DOID:0050778
C0043515	DOID:0050782
UMLS:C0043515	DOID:0050782
C0751965	DOID:0050783
UMLS:C0751965	DOID:0050783
C0751964	DOID:0050784
UMLS:C0751964	DOID:0050784
C0393666	DOID:0050785
UMLS:C0393666	DOID:0050785
C1849930	DOID:0050791
UMLS:C1849930	DOID:0050791
C1838437	DOID:0050792
UMLS:C1838437	DOID:0050792
C1860212	DOID:0050796
UMLS:C1860212	DOID:0050796
C1849678	DOID:0050797
UMLS:C1849678	DOID:0050797
C3809210	DOID:0050802
UMLS:C3809210	DOID:0050802
C0701163	DOID:0050811
UMLS:C0701163	DOID:0050811
C1854466	DOID:0050814
UMLS:C1854466	DOID:0050814
C0004245	DOID:0050820
UMLS:C0004245	DOID:0050820
C0264776	DOID:0050826
UMLS:C0264776	DOID:0050826
C0265354	DOID:0050834
UMLS:C0265354	DOID:0050834
C2936502	DOID:0050834
UMLS:C2936502	DOID:0050834
C0013423	DOID:0050835
UMLS:C0013423	DOID:0050835
C0154674	DOID:0050835
UMLS:C0154674	DOID:0050835
C0154675	DOID:0050835
UMLS:C0154675	DOID:0050835
C0393598	DOID:0050835
UMLS:C0393598	DOID:0050835
C0393601	DOID:0050835
UMLS:C0393601	DOID:0050835
C0752207	DOID:0050835
UMLS:C0752207	DOID:0050835
C0154676	DOID:0050841
UMLS:C0154676	DOID:0050841
C0037315	DOID:0050847
UMLS:C0037315	DOID:0050847
C0520679	DOID:0050848
UMLS:C0520679	DOID:0050848
C0268390	DOID:0050854
UMLS:C0268390	DOID:0050854
C1319315	DOID:0050861
UMLS:C1319315	DOID:0050861
C0349566	DOID:0050865
UMLS:C0349566	DOID:0050865
C0162510	DOID:0050876
UMLS:C0162510	DOID:0050876
C0025149	DOID:0050902
UMLS:C0025149	DOID:0050902
C0206663	DOID:0050902
UMLS:C0206663	DOID:0050902
C1334410	DOID:0050902
UMLS:C1334410	DOID:0050902
C2713368	DOID:0050908
UMLS:C2713368	DOID:0050908
C5985049	DOID:0050935
UMLS:C5985049	DOID:0050935
C0752122	DOID:0050957
UMLS:C0752122	DOID:0050957
C0394006	DOID:0050997
UMLS:C0394006	DOID:0050997
C0853695	DOID:0051077
UMLS:C0853695	DOID:0051077
C1279481	DOID:0060013
UMLS:C1279481	DOID:0060013
C0272167	DOID:0060020
UMLS:C0272167	DOID:0060020
C1720957	DOID:0060023
UMLS:C1720957	DOID:0060023
C0162538	DOID:0060025
UMLS:C0162538	DOID:0060025
C0154451	DOID:0060040
UMLS:C0154451	DOID:0060040
C0265259	DOID:0060055
UMLS:C0265259	DOID:0060055
C0024299	DOID:0060058
UMLS:C0024299	DOID:0060058
C0598798	DOID:0060058
UMLS:C0598798	DOID:0060058
C0024305	DOID:0060060
UMLS:C0024305	DOID:0060060
C0031347	DOID:0060119
UMLS:C0031347	DOID:0060119
C0037579	DOID:0060123
UMLS:C0037579	DOID:0060123
C0018852	DOID:0060125
UMLS:C0018852	DOID:0060125
C0018854	DOID:0060125
UMLS:C0018854	DOID:0060125
C0242310	DOID:0060125
UMLS:C0242310	DOID:0060125
C0003635	DOID:0060135
UMLS:C0003635	DOID:0060135
C2930796	DOID:0060155
UMLS:C2930796	DOID:0060155
C0263479	DOID:0060157
UMLS:C0263479	DOID:0060157
C0700595	DOID:0060160
UMLS:C0700595	DOID:0060160
C1839259	DOID:0060161
UMLS:C1839259	DOID:0060161
C0751781	DOID:0060162
UMLS:C0751781	DOID:0060162
C1832916	DOID:0060173
UMLS:C1832916	DOID:0060173
C0477373	DOID:0060178
UMLS:C0477373	DOID:0060178
C0009319	DOID:0060180
UMLS:C0009319	DOID:0060180
C0162529	DOID:0060181
UMLS:C0162529	DOID:0060181
C0400821	DOID:0060182
UMLS:C0400821	DOID:0060182
C0238067	DOID:0060183
UMLS:C0238067	DOID:0060183
C0400822	DOID:0060184
UMLS:C0400822	DOID:0060184
C0014358	DOID:0060185
UMLS:C0014358	DOID:0060185
C0085819	DOID:0060185
UMLS:C0085819	DOID:0060185
C1257843	DOID:0060185
UMLS:C1257843	DOID:0060185
C1257844	DOID:0060185
UMLS:C1257844	DOID:0060185
C1257845	DOID:0060185
UMLS:C1257845	DOID:0060185
C0029512	DOID:0060186
UMLS:C0029512	DOID:0060186
C0029512	DOID:0060187
UMLS:C0029512	DOID:0060187
C0020877	DOID:0060189
UMLS:C0020877	DOID:0060189
C0156147	DOID:0060192
UMLS:C0156147	DOID:0060192
C0007795	DOID:0060215
UMLS:C0007795	DOID:0060215
C0271270	DOID:0060216
UMLS:C0271270	DOID:0060216
C1168173	DOID:0060217
UMLS:C1168173	DOID:0060217
C0206138	DOID:0060218
UMLS:C0206138	DOID:0060218
C1527226	DOID:0060218
UMLS:C1527226	DOID:0060218
C0004238	DOID:0060224
UMLS:C0004238	DOID:0060224
C1860118	DOID:0060226
UMLS:C1860118	DOID:0060226
C0265268	DOID:0060227
UMLS:C0265268	DOID:0060227
C0393590	DOID:0060230
UMLS:C0393590	DOID:0060230
C4273131	DOID:0060232
UMLS:C4273131	DOID:0060232
C1275078	DOID:0060234
UMLS:C1275078	DOID:0060234
C0342790	DOID:0060235
UMLS:C0342790	DOID:0060235
C0220988	DOID:0060236
UMLS:C0220988	DOID:0060236
C1838625	DOID:0060237
UMLS:C1838625	DOID:0060237
C1832390	DOID:0060238
UMLS:C1832390	DOID:0060238
C0175697	DOID:0060239
UMLS:C0175697	DOID:0060239
C1848862	DOID:0060241
UMLS:C1848862	DOID:0060241
C3280146	DOID:0060241
UMLS:C3280146	DOID:0060241
C2699746	DOID:0060242
UMLS:C2699746	DOID:0060242
C0038131	DOID:0060243
UMLS:C0038131	DOID:0060243
C0038506	DOID:0060243
UMLS:C0038506	DOID:0060243
C0454542	DOID:0060243
UMLS:C0454542	DOID:0060243
C0751527	DOID:0060243
UMLS:C0751527	DOID:0060243
C0751528	DOID:0060243
UMLS:C0751528	DOID:0060243
C0751529	DOID:0060243
UMLS:C0751529	DOID:0060243
C3489627	DOID:0060243
UMLS:C3489627	DOID:0060243
C0795953	DOID:0060246
UMLS:C0795953	DOID:0060246
C1846431	DOID:0060247
UMLS:C1846431	DOID:0060247
C0796154	DOID:0060248
UMLS:C0796154	DOID:0060248
C0036439	DOID:0060249
UMLS:C0036439	DOID:0060249
C0265301	DOID:0060251
UMLS:C0265301	DOID:0060251
C1853235	DOID:0060252
UMLS:C1853235	DOID:0060252
C0265205	DOID:0060254
UMLS:C0265205	DOID:0060254
C1853698	DOID:0060255
UMLS:C1853698	DOID:0060255
C0406811	DOID:0060256
UMLS:C0406811	DOID:0060256
C3714534	DOID:0060256
UMLS:C3714534	DOID:0060256
C0406775	DOID:0060257
UMLS:C0406775	DOID:0060257
C0406811	DOID:0060258
UMLS:C0406811	DOID:0060258
C0005745	DOID:0060260
UMLS:C0005745	DOID:0060260
C0266573	DOID:0060261
UMLS:C0266573	DOID:0060261
C0016977	DOID:0060262
UMLS:C0016977	DOID:0060262
C0302892	DOID:0060263
UMLS:C0302892	DOID:0060263
C1867983	DOID:0060263
UMLS:C1867983	DOID:0060263
C3698507	DOID:0060263
UMLS:C3698507	DOID:0060263
C0266468	DOID:0060264
UMLS:C0266468	DOID:0060264
C1848526	DOID:0060267
UMLS:C1848526	DOID:0060267
C2676466	DOID:0060268
UMLS:C2676466	DOID:0060268
C2676465	DOID:0060269
UMLS:C2676465	DOID:0060269
C1842687	DOID:0060272
UMLS:C1842687	DOID:0060272
C1856974	DOID:0060273
UMLS:C1856974	DOID:0060273
C1857762	DOID:0060274
UMLS:C1857762	DOID:0060274
C1969084	DOID:0060275
UMLS:C1969084	DOID:0060275
C4304832	DOID:0060280
UMLS:C4304832	DOID:0060280
C5816750	DOID:0060280
UMLS:C5816750	DOID:0060280
C0266568	DOID:0060282
UMLS:C0266568	DOID:0060282
C1849193	DOID:0060283
UMLS:C1849193	DOID:0060283
C0019050	DOID:0060284
UMLS:C0019050	DOID:0060284
C0024790	DOID:0060284
UMLS:C0024790	DOID:0060284
C0086774	DOID:0060284
UMLS:C0086774	DOID:0060284
C1868598	DOID:0060285
UMLS:C1868598	DOID:0060285
C4510897	DOID:0060288
UMLS:C4510897	DOID:0060288
C0796094	DOID:0060289
UMLS:C0796094	DOID:0060289
C1863557	DOID:0060290
UMLS:C1863557	DOID:0060290
C0812437	DOID:0060291
UMLS:C0812437	DOID:0060291
C1832409	DOID:0060294
UMLS:C1832409	DOID:0060294
C0267662	DOID:0060296
UMLS:C0267662	DOID:0060296
C2930995	DOID:0060304
UMLS:C2930995	DOID:0060304
C0344530	DOID:0060305
UMLS:C0344530	DOID:0060305
C1868684	DOID:0060306
UMLS:C1868684	DOID:0060306
C0149825	DOID:0060311
UMLS:C0149825	DOID:0060311
C0221237	DOID:0060312
UMLS:C0221237	DOID:0060312
C0392109	DOID:0060313
UMLS:C0392109	DOID:0060313
C0206186	DOID:0060315
UMLS:C0206186	DOID:0060315
C0026363	DOID:0060316
UMLS:C0026363	DOID:0060316
C0029294	DOID:0060316
UMLS:C0029294	DOID:0060316
C1510460	DOID:0060316
UMLS:C1510460	DOID:0060316
C0024110	DOID:0060317
UMLS:C0024110	DOID:0060317
C0023487	DOID:0060318
UMLS:C0023487	DOID:0060318
C0018790	DOID:0060319
UMLS:C0018790	DOID:0060319
C0600228	DOID:0060319
UMLS:C0600228	DOID:0060319
C0019294	DOID:0060320
UMLS:C0019294	DOID:0060320
C0019295	DOID:0060320
UMLS:C0019295	DOID:0060320
C0019296	DOID:0060320
UMLS:C0019296	DOID:0060320
C0795690	DOID:0060321
UMLS:C0795690	DOID:0060321
C1306503	DOID:0060321
UMLS:C1306503	DOID:0060321
C0024904	DOID:0060322
UMLS:C0024904	DOID:0060322
C0153996	DOID:0060325
UMLS:C0153996	DOID:0060325
C0025312	DOID:0060326
UMLS:C0025312	DOID:0060326
C0086664	DOID:0060326
UMLS:C0086664	DOID:0060326
C0751316	DOID:0060326
UMLS:C0751316	DOID:0060326
C0795690	DOID:0060327
UMLS:C0795690	DOID:0060327
C1306503	DOID:0060327
UMLS:C1306503	DOID:0060327
C0032987	DOID:0060329
UMLS:C0032987	DOID:0060329
C4273660	DOID:0060331
UMLS:C4273660	DOID:0060331
C1836033	DOID:0060337
UMLS:C1836033	DOID:0060337
C0029805	DOID:0060344
UMLS:C0029805	DOID:0060344
C0085434	DOID:0060345
UMLS:C0085434	DOID:0060345
C1850625	DOID:0060346
UMLS:C1850625	DOID:0060346
C3495490	DOID:0060347
UMLS:C3495490	DOID:0060347
C1855840	DOID:0060348
UMLS:C1855840	DOID:0060348
C1835265	DOID:0060349
UMLS:C1835265	DOID:0060349
C0268120	DOID:0060350
UMLS:C0268120	DOID:0060350
C3665382	DOID:0060350
UMLS:C3665382	DOID:0060350
C0795833	DOID:0060352
UMLS:C0795833	DOID:0060352
C1861451	DOID:0060354
UMLS:C1861451	DOID:0060354
C1855772	DOID:0060356
UMLS:C1855772	DOID:0060356
C0795956	DOID:0060357
UMLS:C0795956	DOID:0060357
C0268596	DOID:0060358
UMLS:C0268596	DOID:0060358
C1856401	DOID:0060358
UMLS:C1856401	DOID:0060358
C1856403	DOID:0060358
UMLS:C1856403	DOID:0060358
C1856405	DOID:0060358
UMLS:C1856405	DOID:0060358
C1274216	DOID:0060361
UMLS:C1274216	DOID:0060361
C0545044	DOID:0060362
UMLS:C0545044	DOID:0060362
C0574108	DOID:0060363
UMLS:C0574108	DOID:0060363
C0340834	DOID:0060366
UMLS:C0340834	DOID:0060366
C0406726	DOID:0060373
UMLS:C0406726	DOID:0060373
C0406727	DOID:0060374
UMLS:C0406727	DOID:0060374
C1868118	DOID:0060375
UMLS:C1868118	DOID:0060375
C2745997	DOID:0060376
UMLS:C2745997	DOID:0060376
C0796101	DOID:0060378
UMLS:C0796101	DOID:0060378
C2752048	DOID:0060381
UMLS:C2752048	DOID:0060381
C0796102	DOID:0060382
UMLS:C0796102	DOID:0060382
C1860119	DOID:0060383
UMLS:C1860119	DOID:0060383
C2931762	DOID:0060384
UMLS:C2931762	DOID:0060384
C1866168	DOID:0060385
UMLS:C1866168	DOID:0060385
C0024145	DOID:0060386
UMLS:C0024145	DOID:0060386
C1859148	DOID:0060387
UMLS:C1859148	DOID:0060387
C3180937	DOID:0060393
UMLS:C3180937	DOID:0060393
C3150701	DOID:0060398
UMLS:C3150701	DOID:0060398
C4518824	DOID:0060398
UMLS:C4518824	DOID:0060398
C0432442	DOID:0060406
UMLS:C0432442	DOID:0060406
C2751651	DOID:0060408
UMLS:C2751651	DOID:0060408
C1842870	DOID:0060410
UMLS:C1842870	DOID:0060410
C2931338	DOID:0060418
UMLS:C2931338	DOID:0060418
C0268647	DOID:0060439
UMLS:C0268647	DOID:0060439
C1275685	DOID:0060444
UMLS:C1275685	DOID:0060444
C1562113	DOID:0060448
UMLS:C1562113	DOID:0060448
C0339273	DOID:0060449
UMLS:C0339273	DOID:0060449
C0339277	DOID:0060451
UMLS:C0339277	DOID:0060451
C0339278	DOID:0060453
UMLS:C0339278	DOID:0060453
C1562894	DOID:0060455
UMLS:C1562894	DOID:0060455
C0271287	DOID:0060456
UMLS:C0271287	DOID:0060456
C0432242	DOID:0060462
UMLS:C0432242	DOID:0060462
C1707291	DOID:0060463
UMLS:C1707291	DOID:0060463
C0265282	DOID:0060465
UMLS:C0265282	DOID:0060465
C0399440	DOID:0060466
UMLS:C0399440	DOID:0060466
C0265264	DOID:0060468
UMLS:C0265264	DOID:0060468
C0265219	DOID:0060469
UMLS:C0265219	DOID:0060469
C0236026	DOID:0060471
UMLS:C0236026	DOID:0060471
C0796004	DOID:0060473
UMLS:C0796004	DOID:0060473
C0276289	DOID:0060478
UMLS:C0276289	DOID:0060478
C1836123	DOID:0060481
UMLS:C1836123	DOID:0060481
C2748572	DOID:0060484
UMLS:C2748572	DOID:0060484
C1856113	DOID:0060485
UMLS:C1856113	DOID:0060485
C1970431	DOID:0060488
UMLS:C1970431	DOID:0060488
C0877024	DOID:0060490
UMLS:C0877024	DOID:0060490
C1838979	DOID:0060536
UMLS:C1838979	DOID:0060536
C3642345	DOID:0060548
UMLS:C3642345	DOID:0060548
C1319466	DOID:0060549
UMLS:C1319466	DOID:0060549
C1860224	DOID:0060550
UMLS:C1860224	DOID:0060550
C1847640	DOID:0060556
UMLS:C1847640	DOID:0060556
C1854664	DOID:0060559
UMLS:C1854664	DOID:0060559
C0796137	DOID:0060565
UMLS:C0796137	DOID:0060565
C1856095	DOID:0060566
UMLS:C1856095	DOID:0060566
C0263398	DOID:0060567
UMLS:C0263398	DOID:0060567
C1264039	DOID:0060573
UMLS:C1264039	DOID:0060573
C1264040	DOID:0060574
UMLS:C1264040	DOID:0060574
C1857663	DOID:0060589
UMLS:C1857663	DOID:0060589
C0472817	DOID:0060591
UMLS:C0472817	DOID:0060591
C1292772	DOID:0060597
UMLS:C1292772	DOID:0060597
C0796085	DOID:0060599
UMLS:C0796085	DOID:0060599
C1608393	DOID:0060610
UMLS:C1608393	DOID:0060610
C1866994	DOID:0060614
UMLS:C1866994	DOID:0060614
C1865349	DOID:0060640
UMLS:C1865349	DOID:0060640
C0566602	DOID:0060643
UMLS:C0566602	DOID:0060643
C1838654	DOID:0060644
UMLS:C1838654	DOID:0060644
C1857253	DOID:0060650
UMLS:C1857253	DOID:0060650
C0079154	DOID:0060655
UMLS:C0079154	DOID:0060655
C0007772	DOID:0060688
UMLS:C0007772	DOID:0060688
C1864436	DOID:0060703
UMLS:C1864436	DOID:0060703
C0271829	DOID:0060744
UMLS:C0271829	DOID:0060744
C1720956	DOID:0060758
UMLS:C1720956	DOID:0060758
C1720958	DOID:0060759
UMLS:C1720958	DOID:0060759
C1842413	DOID:0060760
UMLS:C1842413	DOID:0060760
C0406585	DOID:0060762
UMLS:C0406585	DOID:0060762
C0406704	DOID:0060782
UMLS:C0406704	DOID:0060782
C0406704	DOID:0060783
UMLS:C0406704	DOID:0060783
C0406704	DOID:0060784
UMLS:C0406704	DOID:0060784
C3164344	DOID:0060785
UMLS:C3164344	DOID:0060785
C1846058	DOID:0060799
UMLS:C1846058	DOID:0060799
C0796254	DOID:0060800
UMLS:C0796254	DOID:0060800
C1846278	DOID:0060801
UMLS:C1846278	DOID:0060801
C1846170	DOID:0060808
UMLS:C1846170	DOID:0060808
C1846055	DOID:0060812
UMLS:C1846055	DOID:0060812
C1839735	DOID:0060815
UMLS:C1839735	DOID:0060815
C1846056	DOID:0060818
UMLS:C1846056	DOID:0060818
C0796022	DOID:0060821
UMLS:C0796022	DOID:0060821
C1846130	DOID:0060825
UMLS:C1846130	DOID:0060825
C1859194	DOID:0060832
UMLS:C1859194	DOID:0060832
C1868679	DOID:0060833
UMLS:C1868679	DOID:0060833
C1836573	DOID:0060834
UMLS:C1836573	DOID:0060834
C0393814	DOID:0060843
UMLS:C0393814	DOID:0060843
C0266526	DOID:0060844
UMLS:C0266526	DOID:0060844
C0265309	DOID:0060847
UMLS:C0265309	DOID:0060847
C0432252	DOID:0060849
UMLS:C0432252	DOID:0060849
C0149955	DOID:0060850
UMLS:C0149955	DOID:0060850
C0030809	DOID:0060851
UMLS:C0030809	DOID:0060851
C1836876	DOID:0060852
UMLS:C1836876	DOID:0060852
C2931246	DOID:0060853
UMLS:C2931246	DOID:0060853
C0268436	DOID:0060854
UMLS:C0268436	DOID:0060854
C1449843	DOID:0060855
UMLS:C1449843	DOID:0060855
C0338503	DOID:0060857
UMLS:C0338503	DOID:0060857
C1855644	DOID:0060862
UMLS:C1855644	DOID:0060862
C4273986	DOID:0060862
UMLS:C4273986	DOID:0060862
C0013338	DOID:0060870
UMLS:C0013338	DOID:0060870
C0432306	DOID:0060877
UMLS:C0432306	DOID:0060877
C1840333	DOID:0060878
UMLS:C1840333	DOID:0060878
C2931121	DOID:0060881
UMLS:C2931121	DOID:0060881
C0432268	DOID:0060886
UMLS:C0432268	DOID:0060886
C0024419	DOID:0060901
UMLS:C0024419	DOID:0060901
C2936755	DOID:0060901
UMLS:C2936755	DOID:0060901
C0796089	DOID:0060902
UMLS:C0796089	DOID:0060902
C5567480	DOID:0060935
UMLS:C5567480	DOID:0060935
C4310633	DOID:0060936
UMLS:C4310633	DOID:0060936
C4310696	DOID:0060953
UMLS:C4310696	DOID:0060953
C1836916	DOID:0061157
UMLS:C1836916	DOID:0061157
C1850395	DOID:0061188
UMLS:C1850395	DOID:0061188
C5679610	DOID:0061188
UMLS:C5679610	DOID:0061188
C4225386	DOID:0061263
UMLS:C4225386	DOID:0061263
C5393830	DOID:0070039
UMLS:C5393830	DOID:0070039
C2673885	DOID:0070121
UMLS:C2673885	DOID:0070121
C2750804	DOID:0070139
UMLS:C2750804	DOID:0070139
C0268354	DOID:0070143
UMLS:C0268354	DOID:0070143
C0268351	DOID:0070144
UMLS:C0268351	DOID:0070144
C0020075	DOID:0070145
UMLS:C0020075	DOID:0070145
C0020074	DOID:0070146
UMLS:C0020074	DOID:0070146
C5768690	DOID:0070147
UMLS:C5768690	DOID:0070147
C1842586	DOID:0070148
UMLS:C1842586	DOID:0070148
C3281223	DOID:0070148
UMLS:C3281223	DOID:0070148
C3809882	DOID:0070149
UMLS:C3809882	DOID:0070149
C2751092	DOID:0070150
UMLS:C2751092	DOID:0070150
C3539003	DOID:0070151
UMLS:C3539003	DOID:0070151
C5235211	DOID:0070152
UMLS:C5235211	DOID:0070152
C4225308	DOID:0070153
UMLS:C4225308	DOID:0070153
C2752089	DOID:0070155
UMLS:C2752089	DOID:0070155
C5397553	DOID:0070156
UMLS:C5397553	DOID:0070156
C3150896	DOID:0070157
UMLS:C3150896	DOID:0070157
C3279885	DOID:0070158
UMLS:C3279885	DOID:0070158
C0020072	DOID:0070161
UMLS:C0020072	DOID:0070161
C0020071	DOID:0070162
UMLS:C0020071	DOID:0070162
C1720860	DOID:0070202
UMLS:C1720860	DOID:0070202
C1720861	DOID:0070204
UMLS:C1720861	DOID:0070204
C1720859	DOID:0070207
UMLS:C1720859	DOID:0070207
C1704423	DOID:0070212
UMLS:C1704423	DOID:0070212
C0238261	DOID:0070213
UMLS:C0238261	DOID:0070213
C1704424	DOID:0070213
UMLS:C1704424	DOID:0070213
C1864902	DOID:0070214
UMLS:C1864902	DOID:0070214
C0268312	DOID:0070221
UMLS:C0268312	DOID:0070221
C3489789	DOID:0070222
UMLS:C3489789	DOID:0070222
C1865643	DOID:0070223
UMLS:C1865643	DOID:0070223
C2931008	DOID:0070253
UMLS:C2931008	DOID:0070253
C1853736	DOID:0070254
UMLS:C1853736	DOID:0070254
C0398739	DOID:0070255
UMLS:C0398739	DOID:0070255
C2931009	DOID:0070256
UMLS:C2931009	DOID:0070256
C2931010	DOID:0070257
UMLS:C2931010	DOID:0070257
C1970344	DOID:0070258
UMLS:C1970344	DOID:0070258
C2931011	DOID:0070259
UMLS:C2931011	DOID:0070259
C1970021	DOID:0070260
UMLS:C1970021	DOID:0070260
C2936783	DOID:0070271
UMLS:C2936783	DOID:0070271
C1846843	DOID:0070299
UMLS:C1846843	DOID:0070299
C1847593	DOID:0070300
UMLS:C1847593	DOID:0070300
C1838280	DOID:0070303
UMLS:C1838280	DOID:0070303
C1843042	DOID:0070307
UMLS:C1843042	DOID:0070307
C0149939	DOID:0070314
UMLS:C0149939	DOID:0070314
C0344963	DOID:0070315
UMLS:C0344963	DOID:0070315
C2699747	DOID:0070324
UMLS:C2699747	DOID:0070324
C1711221	DOID:0070327
UMLS:C1711221	DOID:0070327
C0279607	DOID:0070328
UMLS:C0279607	DOID:0070328
C0878773	DOID:0070355
UMLS:C0878773	DOID:0070355
C1855923	DOID:0070431
UMLS:C1855923	DOID:0070431
C4551502	DOID:0070433
UMLS:C4551502	DOID:0070433
C0730294	DOID:0070439
UMLS:C0730294	DOID:0070439
C0268118	DOID:0070452
UMLS:C0268118	DOID:0070452
C1863688	DOID:0070453
UMLS:C1863688	DOID:0070453
C5394150	DOID:0070470
UMLS:C5394150	DOID:0070470
C4540086	DOID:0070474
UMLS:C4540086	DOID:0070474
C5567227	DOID:0070474
UMLS:C5567227	DOID:0070474
C5708330	DOID:0070475
UMLS:C5708330	DOID:0070475
C5670707	DOID:0070480
UMLS:C5670707	DOID:0070480
C5670708	DOID:0070481
UMLS:C5670708	DOID:0070481
C1969623	DOID:0070484
UMLS:C1969623	DOID:0070484
C5830322	DOID:0070485
UMLS:C5830322	DOID:0070485
C2751067	DOID:0070489
UMLS:C2751067	DOID:0070489
C4303546	DOID:0070490
UMLS:C4303546	DOID:0070490
C5435656	DOID:0070491
UMLS:C5435656	DOID:0070491
C5436682	DOID:0070492
UMLS:C5436682	DOID:0070492
C5436683	DOID:0070493
UMLS:C5436683	DOID:0070493
C5436685	DOID:0070494
UMLS:C5436685	DOID:0070494
C5436689	DOID:0070495
UMLS:C5436689	DOID:0070495
C5436692	DOID:0070496
UMLS:C5436692	DOID:0070496
C5436694	DOID:0070497
UMLS:C5436694	DOID:0070497
C5436695	DOID:0070498
UMLS:C5436695	DOID:0070498
C5436710	DOID:0070499
UMLS:C5436710	DOID:0070499
C5436712	DOID:0070500
UMLS:C5436712	DOID:0070500
C5436714	DOID:0070501
UMLS:C5436714	DOID:0070501
C5436718	DOID:0070502
UMLS:C5436718	DOID:0070502
C5436720	DOID:0070503
UMLS:C5436720	DOID:0070503
C5436723	DOID:0070504
UMLS:C5436723	DOID:0070504
C5436726	DOID:0070505
UMLS:C5436726	DOID:0070505
C5436727	DOID:0070506
UMLS:C5436727	DOID:0070506
C5543491	DOID:0070507
UMLS:C5543491	DOID:0070507
C0265227	DOID:0070509
UMLS:C0265227	DOID:0070509
C5774293	DOID:0070510
UMLS:C5774293	DOID:0070510
C1970203	DOID:0070511
UMLS:C1970203	DOID:0070511
C3150154	DOID:0070515
UMLS:C3150154	DOID:0070515
C4273657	DOID:0070515
UMLS:C4273657	DOID:0070515
C5394554	DOID:0070516
UMLS:C5394554	DOID:0070516
C4749334	DOID:0070517
UMLS:C4749334	DOID:0070517
C1275273	DOID:0070518
UMLS:C1275273	DOID:0070518
C5679693	DOID:0070520
UMLS:C5679693	DOID:0070520
C5768235	DOID:0070520
UMLS:C5768235	DOID:0070520
C1853354	DOID:0070521
UMLS:C1853354	DOID:0070521
C4225381	DOID:0070526
UMLS:C4225381	DOID:0070526
C4076531	DOID:0070527
UMLS:C4076531	DOID:0070527
C5190596	DOID:0070531
UMLS:C5190596	DOID:0070531
C4225254	DOID:0070537
UMLS:C4225254	DOID:0070537
C4310814	DOID:0070538
UMLS:C4310814	DOID:0070538
C4225391	DOID:0070540
UMLS:C4225391	DOID:0070540
C1533587	DOID:0070541
UMLS:C1533587	DOID:0070541
C4225388	DOID:0070542
UMLS:C4225388	DOID:0070542
C5567787	DOID:0070542
UMLS:C5567787	DOID:0070542
C1864846	DOID:0070546
UMLS:C1864846	DOID:0070546
C1864851	DOID:0070547
UMLS:C1864851	DOID:0070547
C5680142	DOID:0070550
UMLS:C5680142	DOID:0070550
C1835650	DOID:0070553
UMLS:C1835650	DOID:0070553
C4015202	DOID:0070554
UMLS:C4015202	DOID:0070554
C4706686	DOID:0070554
UMLS:C4706686	DOID:0070554
C3810072	DOID:0070555
UMLS:C3810072	DOID:0070555
C4551552	DOID:0070556
UMLS:C4551552	DOID:0070556
C2750234	DOID:0070557
UMLS:C2750234	DOID:0070557
C2750509	DOID:0070558
UMLS:C2750509	DOID:0070558
C1847501	DOID:0070560
UMLS:C1847501	DOID:0070560
C4551966	DOID:0070561
UMLS:C4551966	DOID:0070561
C3495427	DOID:0070562
UMLS:C3495427	DOID:0070562
C0268186	DOID:0070563
UMLS:C0268186	DOID:0070563
C0403559	DOID:0070564
UMLS:C0403559	DOID:0070564
C3245525	DOID:0070613
UMLS:C3245525	DOID:0070613
C4518499	DOID:0070614
UMLS:C4518499	DOID:0070614
C3553961	DOID:0070615
UMLS:C3553961	DOID:0070615
C2985524	DOID:0070617
UMLS:C2985524	DOID:0070617
C0035639	DOID:0070620
UMLS:C0035639	DOID:0070620
C2930916	DOID:0070621
UMLS:C2930916	DOID:0070621
C0265482	DOID:0070622
UMLS:C0265482	DOID:0070622
C5855479	DOID:0070623
UMLS:C5855479	DOID:0070623
C5855476	DOID:0070624
UMLS:C5855476	DOID:0070624
C5855485	DOID:0070625
UMLS:C5855485	DOID:0070625
C5855502	DOID:0070626
UMLS:C5855502	DOID:0070626
C5856321	DOID:0070627
UMLS:C5856321	DOID:0070627
C5855480	DOID:0070628
UMLS:C5855480	DOID:0070628
C4329266	DOID:0070629
UMLS:C4329266	DOID:0070629
C4511003	DOID:0070630
UMLS:C4511003	DOID:0070630
C5856227	DOID:0070631
UMLS:C5856227	DOID:0070631
C4055493	DOID:0070632
UMLS:C4055493	DOID:0070632
C5856228	DOID:0070633
UMLS:C5856228	DOID:0070633
C0008029	DOID:0070648
UMLS:C0008029	DOID:0070648
C0796133	DOID:0070650
UMLS:C0796133	DOID:0070650
C1865596	DOID:0070654
UMLS:C1865596	DOID:0070654
C2931206	DOID:0070655
UMLS:C2931206	DOID:0070655
C3150705	DOID:0070657
UMLS:C3150705	DOID:0070657
C0023896	DOID:0070658
UMLS:C0023896	DOID:0070658
C1630645	DOID:0070659
UMLS:C1630645	DOID:0070659
C0522624	DOID:0070662
UMLS:C0522624	DOID:0070662
C4551687	DOID:0070663
UMLS:C4551687	DOID:0070663
C0280313	DOID:0070664
UMLS:C0280313	DOID:0070664
C3274592	DOID:0070665
UMLS:C3274592	DOID:0070665
C4551572	DOID:0070666
UMLS:C4551572	DOID:0070666
C3809084	DOID:0070667
UMLS:C3809084	DOID:0070667
C4748701	DOID:0070668
UMLS:C4748701	DOID:0070668
C5562065	DOID:0070677
UMLS:C5562065	DOID:0070677
C0393818	DOID:0070678
UMLS:C0393818	DOID:0070678
C4722277	DOID:0070679
UMLS:C4722277	DOID:0070679
C4748608	DOID:0070680
UMLS:C4748608	DOID:0070680
C0020256	DOID:0070681
UMLS:C0020256	DOID:0070681
C4546092	DOID:0070682
UMLS:C4546092	DOID:0070682
C4747885	DOID:0070684
UMLS:C4747885	DOID:0070684
C5231454	DOID:0070685
UMLS:C5231454	DOID:0070685
C0265216	DOID:0070686
UMLS:C0265216	DOID:0070686
C5231392	DOID:0070687
UMLS:C5231392	DOID:0070687
C5680180	DOID:0070688
UMLS:C5680180	DOID:0070688
C4012054	DOID:0070689
UMLS:C4012054	DOID:0070689
C1861275	DOID:0070690
UMLS:C1861275	DOID:0070690
C3276706	DOID:0070701
UMLS:C3276706	DOID:0070701
C0005940	DOID:0080001
UMLS:C0005940	DOID:0080001
C0080178	DOID:0080016
UMLS:C0080178	DOID:0080016
C0432273	DOID:0080037
UMLS:C0432273	DOID:0080037
C0410529	DOID:0080041
UMLS:C0410529	DOID:0080041
C0021847	DOID:0080072
UMLS:C0021847	DOID:0080072
C0432284	DOID:0080109
UMLS:C0432284	DOID:0080109
C0205710	DOID:0080122
UMLS:C0205710	DOID:0080122
C1332997	DOID:0080145
UMLS:C1332997	DOID:0080145
C4310614	DOID:0080163
UMLS:C4310614	DOID:0080163
C2827356	DOID:0080164
UMLS:C2827356	DOID:0080164
C4546023	DOID:0080180
UMLS:C4546023	DOID:0080180
C0009402	DOID:0080199
UMLS:C0009402	DOID:0080199
C5574740	DOID:0080217
UMLS:C5574740	DOID:0080217
C1721006	DOID:0080223
UMLS:C1721006	DOID:0080223
C0338495	DOID:0080302
UMLS:C0338495	DOID:0080302
C0795898	DOID:0080313
UMLS:C0795898	DOID:0080313
C1865869	DOID:0080314
UMLS:C1865869	DOID:0080314
C1858854	DOID:0080315
UMLS:C1858854	DOID:0080315
C1858854	DOID:0080316
UMLS:C1858854	DOID:0080316
C0949658	DOID:0080326
UMLS:C0949658	DOID:0080326
C5399977	DOID:0080357
UMLS:C5399977	DOID:0080357
C3554534	DOID:0080358
UMLS:C3554534	DOID:0080358
C4225154	DOID:0080359
UMLS:C4225154	DOID:0080359
C4225304	DOID:0080360
UMLS:C4225304	DOID:0080360
C0403399	DOID:0080390
UMLS:C0403399	DOID:0080390
C0272236	DOID:0080544
UMLS:C0272236	DOID:0080544
C5203670	DOID:0080600
UMLS:C5203670	DOID:0080600
C0862030	DOID:0080630
UMLS:C0862030	DOID:0080630
C3694279	DOID:0080642
UMLS:C3694279	DOID:0080642
C2698317	DOID:0080643
UMLS:C2698317	DOID:0080643
C5680319	DOID:0080643
UMLS:C5680319	DOID:0080643
C2698311	DOID:0080646
UMLS:C2698311	DOID:0080646
C2698312	DOID:0080647
UMLS:C2698312	DOID:0080647
C2698306	DOID:0080649
UMLS:C2698306	DOID:0080649
C3642346	DOID:0080674
UMLS:C3642346	DOID:0080674
C0795949	DOID:0080694
UMLS:C0795949	DOID:0080694
C5389369	DOID:0080711
UMLS:C5389369	DOID:0080711
C1853926	DOID:0080718
UMLS:C1853926	DOID:0080718
C4552003	DOID:0080738
UMLS:C4552003	DOID:0080738
C1849508	DOID:0080768
UMLS:C1849508	DOID:0080768
C0936016	DOID:0080775
UMLS:C0936016	DOID:0080775
C1849094	DOID:0080786
UMLS:C1849094	DOID:0080786
C0010823	DOID:0080827
UMLS:C0010823	DOID:0080827
C0345160	DOID:0080833
UMLS:C0345160	DOID:0080833
C0349604	DOID:0080842
UMLS:C0349604	DOID:0080842
C1334698	DOID:0080843
UMLS:C1334698	DOID:0080843
C1850318	DOID:0080844
UMLS:C1850318	DOID:0080844
C2750355	DOID:0080845
UMLS:C2750355	DOID:0080845
C0263313	DOID:0080850
UMLS:C0263313	DOID:0080850
C1274167	DOID:0080851
UMLS:C1274167	DOID:0080851
C1112570	DOID:0080852
UMLS:C1112570	DOID:0080852
C0221468	DOID:0080883
UMLS:C0221468	DOID:0080883
C0700367	DOID:0080903
UMLS:C0700367	DOID:0080903
C5708128	DOID:0080904
UMLS:C5708128	DOID:0080904
C5708129	DOID:0080904
UMLS:C5708129	DOID:0080904
C0334319	DOID:0081028
UMLS:C0334319	DOID:0081028
C2826048	DOID:0081037
UMLS:C2826048	DOID:0081037
C1707547	DOID:0081050
UMLS:C1707547	DOID:0081050
C4538468	DOID:0081075
UMLS:C4538468	DOID:0081075
C2826169	DOID:0081080
UMLS:C2826169	DOID:0081080
C0023479	DOID:0081082
UMLS:C0023479	DOID:0081082
C2826172	DOID:0081083
UMLS:C2826172	DOID:0081083
C0522630	DOID:0081084
UMLS:C0522630	DOID:0081084
C0522631	DOID:0081085
UMLS:C0522631	DOID:0081085
C0026998	DOID:0081086
UMLS:C0026998	DOID:0081086
C1879321	DOID:0081087
UMLS:C1879321	DOID:0081087
C2826177	DOID:0081089
UMLS:C2826177	DOID:0081089
C2825139	DOID:0081092
UMLS:C2825139	DOID:0081092
C1292774	DOID:0081093
UMLS:C1292774	DOID:0081093
C2347540	DOID:0081093
UMLS:C2347540	DOID:0081093
C5707782	DOID:0081093
UMLS:C5707782	DOID:0081093
C5669918	DOID:0081277
UMLS:C5669918	DOID:0081277
C5575348	DOID:0081279
UMLS:C5575348	DOID:0081279
C5575349	DOID:0081279
UMLS:C5575349	DOID:0081279
C5556330	DOID:0081305
UMLS:C5556330	DOID:0081305
C0024307	DOID:0081307
UMLS:C0024307	DOID:0081307
C0279065	DOID:0081308
UMLS:C0279065	DOID:0081308
C0079772	DOID:0081312
UMLS:C0079772	DOID:0081312
C2026186	DOID:0081313
UMLS:C2026186	DOID:0081313
C5670630	DOID:0081315
UMLS:C5670630	DOID:0081315
C0017920	DOID:0081329
UMLS:C0017920	DOID:0081329
C5779825	DOID:0081377
UMLS:C5779825	DOID:0081377
C5708328	DOID:0081416
UMLS:C5708328	DOID:0081416
C1849094	DOID:0081433
UMLS:C1849094	DOID:0081433
C0019034	DOID:0081445
UMLS:C0019034	DOID:0081445
C1848336	DOID:0081453
UMLS:C1848336	DOID:0081453
C1845167	DOID:0081454
UMLS:C1845167	DOID:0081454
C0342907	DOID:0090019
UMLS:C0342907	DOID:0090019
C0265554	DOID:0090020
UMLS:C0265554	DOID:0090020
C0265554	DOID:0090022
UMLS:C0265554	DOID:0090022
C0265554	DOID:0090023
UMLS:C0265554	DOID:0090023
C0265554	DOID:0090025
UMLS:C0265554	DOID:0090025
C0265554	DOID:0090026
UMLS:C0265554	DOID:0090026
C0265554	DOID:0090027
UMLS:C0265554	DOID:0090027
C1848533	DOID:0090028
UMLS:C1848533	DOID:0090028
C1832855	DOID:0090044
UMLS:C1832855	DOID:0090044
C1842534	DOID:0090045
UMLS:C1842534	DOID:0090045
C0878676	DOID:0090106
UMLS:C0878676	DOID:0090106
C1857316	DOID:0090112
UMLS:C1857316	DOID:0090112
C0342287	DOID:0090117
UMLS:C0342287	DOID:0090117
C1327915	DOID:0090118
UMLS:C1327915	DOID:0090118
C1785148	DOID:0090119
UMLS:C1785148	DOID:0090119
C0543669	DOID:0090120
UMLS:C0543669	DOID:0090120
C1291564	DOID:0090123
UMLS:C1291564	DOID:0090123
C1859721	DOID:0090124
UMLS:C1859721	DOID:0090124
C1859690	DOID:0090127
UMLS:C1859690	DOID:0090127
C0220993	DOID:0090142
UMLS:C0220993	DOID:0090142
C0268616	DOID:0090142
UMLS:C0268616	DOID:0090142
C1857277	DOID:0090144
UMLS:C1857277	DOID:0090144
C0342687	DOID:0090145
UMLS:C0342687	DOID:0090145
C4721437	DOID:0110195
UMLS:C4721437	DOID:0110195
C0023931	DOID:0110334
UMLS:C0023931	DOID:0110334
C1263858	DOID:0110636
UMLS:C1263858	DOID:0110636
C2931845	DOID:0110734
UMLS:C2931845	DOID:0110734
C1853578	DOID:0110737
UMLS:C1853578	DOID:0110737
C5190860	DOID:0110801
UMLS:C5190860	DOID:0110801
C1568247	DOID:0110826
UMLS:C1568247	DOID:0110826
C1568249	DOID:0110827
UMLS:C1568249	DOID:0110827
C1568248	DOID:0110828
UMLS:C1568248	DOID:0110828
C1568248	DOID:0110829
UMLS:C1568248	DOID:0110829
C0085548	DOID:0110861
UMLS:C0085548	DOID:0110861
C1843330	DOID:0110937
UMLS:C1843330	DOID:0110937
C3179239	DOID:0110938
UMLS:C3179239	DOID:0110938
C1847800	DOID:0110948
UMLS:C1847800	DOID:0110948
C1832702	DOID:0110965
UMLS:C1832702	DOID:0110965
C1862130	DOID:0110968
UMLS:C1862130	DOID:0110968
C1300268	DOID:0110970
UMLS:C1300268	DOID:0110970
C1862103	DOID:0110970
UMLS:C1862103	DOID:0110970
C2931060	DOID:0110973
UMLS:C2931060	DOID:0110973
C1853733	DOID:0111028
UMLS:C1853733	DOID:0111028
C1858664	DOID:0111030
UMLS:C1858664	DOID:0111030
C0272302	DOID:0111044
UMLS:C0272302	DOID:0111044
C0272302	DOID:0111049
UMLS:C0272302	DOID:0111049
C1866423	DOID:0111050
UMLS:C1866423	DOID:0111050
C0796149	DOID:0111052
UMLS:C0796149	DOID:0111052
C1264041	DOID:0111054
UMLS:C1264041	DOID:0111054
C1854023	DOID:0111065
UMLS:C1854023	DOID:0111065
C1858328	DOID:0111068
UMLS:C1858328	DOID:0111068
C1856127	DOID:0111069
UMLS:C1856127	DOID:0111069
C3151147	DOID:0111070
UMLS:C3151147	DOID:0111070
C1843116	DOID:0111071
UMLS:C1843116	DOID:0111071
C2931112	DOID:0111072
UMLS:C2931112	DOID:0111072
C1838244	DOID:0111078
UMLS:C1838244	DOID:0111078
C1853959	DOID:0111079
UMLS:C1853959	DOID:0111079
C4757950	DOID:0111143
UMLS:C4757950	DOID:0111143
C0272362	DOID:0111146
UMLS:C0272362	DOID:0111146
C0020981	DOID:0111147
UMLS:C0020981	DOID:0111147
C0013581	DOID:0111148
UMLS:C0013581	DOID:0111148
C2746069	DOID:0111148
UMLS:C2746069	DOID:0111148
C1851286	DOID:0111150
UMLS:C1851286	DOID:0111150
C1334815	DOID:0111152
UMLS:C1334815	DOID:0111152
C5191311	DOID:0111153
UMLS:C5191311	DOID:0111153
C0017531	DOID:0111157
UMLS:C0017531	DOID:0111157
C2931179	DOID:0111157
UMLS:C2931179	DOID:0111157
C2674173	DOID:0111158
UMLS:C2674173	DOID:0111158
C1864852	DOID:0111160
UMLS:C1864852	DOID:0111160
C1854989	DOID:0111163
UMLS:C1854989	DOID:0111163
C1854988	DOID:0111164
UMLS:C1854988	DOID:0111164
C1854990	DOID:0111166
UMLS:C1854990	DOID:0111166
C0268468	DOID:0111168
UMLS:C0268468	DOID:0111168
C1848201	DOID:0111169
UMLS:C1848201	DOID:0111169
C1857355	DOID:0111180
UMLS:C1857355	DOID:0111180
C1845359	DOID:0111196
UMLS:C1845359	DOID:0111196
C1866784	DOID:0111200
UMLS:C1866784	DOID:0111200
C1833308	DOID:0111203
UMLS:C1833308	DOID:0111203
C3711384	DOID:0111206
UMLS:C3711384	DOID:0111206
C1846823	DOID:0111211
UMLS:C1846823	DOID:0111211
C1970211	DOID:0111213
UMLS:C1970211	DOID:0111213
C1834558	DOID:0111217
UMLS:C1834558	DOID:0111217
C0410204	DOID:0111220
UMLS:C0410204	DOID:0111220
C0410203	DOID:0111225
UMLS:C0410203	DOID:0111225
C1862382	DOID:0111228
UMLS:C1862382	DOID:0111228
C0265287	DOID:0111243
UMLS:C0265287	DOID:0111243
C1863093	DOID:0111244
UMLS:C1863093	DOID:0111244
C1859316	DOID:0111245
UMLS:C1859316	DOID:0111245
C0543859	DOID:0111246
UMLS:C0543859	DOID:0111246
C1862170	DOID:0111247
UMLS:C1862170	DOID:0111247
C0265342	DOID:0111248
UMLS:C0265342	DOID:0111248
C0795902	DOID:0111249
UMLS:C0795902	DOID:0111249
C0027832	DOID:0111252
UMLS:C0027832	DOID:0111252
C0027831	DOID:0111253
UMLS:C0027831	DOID:0111253
C0948368	DOID:0111255
UMLS:C0948368	DOID:0111255
C1833213	DOID:0111256
UMLS:C1833213	DOID:0111256
C0268524	DOID:0111257
UMLS:C0268524	DOID:0111257
C0268162	DOID:0111258
UMLS:C0268162	DOID:0111258
C0265257	DOID:0111259
UMLS:C0265257	DOID:0111259
C1970827	DOID:0111260
UMLS:C1970827	DOID:0111260
C0342770	DOID:0111261
UMLS:C0342770	DOID:0111261
C2936826	DOID:0111261
UMLS:C2936826	DOID:0111261
C3280314	DOID:0111263
UMLS:C3280314	DOID:0111263
C1859093	DOID:0111265
UMLS:C1859093	DOID:0111265
C0432255	DOID:0111266
UMLS:C0432255	DOID:0111266
C0268624	DOID:0111270
UMLS:C0268624	DOID:0111270
C2931746	DOID:0111270
UMLS:C2931746	DOID:0111270
C1848745	DOID:0111271
UMLS:C1848745	DOID:0111271
C0268353	DOID:0111272
UMLS:C0268353	DOID:0111272
C1328349	DOID:0111273
UMLS:C1328349	DOID:0111273
C1838180	DOID:0111274
UMLS:C1838180	DOID:0111274
C1843851	DOID:0111276
UMLS:C1843851	DOID:0111276
C1969443	DOID:0111277
UMLS:C1969443	DOID:0111277
C1864723	DOID:0111329
UMLS:C1864723	DOID:0111329
C1852510	DOID:0111336
UMLS:C1852510	DOID:0111336
C0795998	DOID:0111337
UMLS:C0795998	DOID:0111337
C0265964	DOID:0111339
UMLS:C0265964	DOID:0111339
C3276549	DOID:0111340
UMLS:C3276549	DOID:0111340
C1852222	DOID:0111341
UMLS:C1852222	DOID:0111341
C0406778	DOID:0111342
UMLS:C0406778	DOID:0111342
C1851710	DOID:0111343
UMLS:C1851710	DOID:0111343
C1851573	DOID:0111345
UMLS:C1851573	DOID:0111345
C0432316	DOID:0111346
UMLS:C0432316	DOID:0111346
C1851536	DOID:0111348
UMLS:C1851536	DOID:0111348
C1851124	DOID:0111349
UMLS:C1851124	DOID:0111349
C1851100	DOID:0111350
UMLS:C1851100	DOID:0111350
C0729582	DOID:0111358
UMLS:C0729582	DOID:0111358
C1318558	DOID:0111359
UMLS:C1318558	DOID:0111359
C1842036	DOID:0111359
UMLS:C1842036	DOID:0111359
C2931042	DOID:0111362
UMLS:C2931042	DOID:0111362
C1840572	DOID:0111367
UMLS:C1840572	DOID:0111367
C0342883	DOID:0111369
UMLS:C0342883	DOID:0111369
C1840437	DOID:0111371
UMLS:C1840437	DOID:0111371
C1840364	DOID:0111374
UMLS:C1840364	DOID:0111374
C1276035	DOID:0111375
UMLS:C1276035	DOID:0111375
C1327918	DOID:0111381
UMLS:C1327918	DOID:0111381
C1840061	DOID:0111382
UMLS:C1840061	DOID:0111382
C1868581	DOID:0111382
UMLS:C1868581	DOID:0111382
C1835698	DOID:0111383
UMLS:C1835698	DOID:0111383
C0086431	DOID:0111389
UMLS:C0086431	DOID:0111389
C0086795	DOID:0111390
UMLS:C0086795	DOID:0111390
C0086651	DOID:0111391
UMLS:C0086651	DOID:0111391
C0086652	DOID:0111392
UMLS:C0086652	DOID:0111392
C0086649	DOID:0111393
UMLS:C0086649	DOID:0111393
C0086648	DOID:0111394
UMLS:C0086648	DOID:0111394
C0086647	DOID:0111395
UMLS:C0086647	DOID:0111395
C0271933	DOID:0111397
UMLS:C0271933	DOID:0111397
C0271934	DOID:0111399
UMLS:C0271934	DOID:0111399
C3150926	DOID:0111400
UMLS:C3150926	DOID:0111400
C1306589	DOID:0111401
UMLS:C1306589	DOID:0111401
C0086650	DOID:0111402
UMLS:C0086650	DOID:0111402
C3495589	DOID:0111404
UMLS:C3495589	DOID:0111404
C1857276	DOID:0111414
UMLS:C1857276	DOID:0111414
C0268199	DOID:0111418
UMLS:C0268199	DOID:0111418
C1720779	DOID:0111418
UMLS:C1720779	DOID:0111418
C1833809	DOID:0111433
UMLS:C1833809	DOID:0111433
C0751779	DOID:0111444
UMLS:C0751779	DOID:0111444
C2673257	DOID:0111446
UMLS:C2673257	DOID:0111446
C4015420	DOID:0111447
UMLS:C4015420	DOID:0111447
C0878684	DOID:0111454
UMLS:C0878684	DOID:0111454
C1864002	DOID:0111455
UMLS:C1864002	DOID:0111455
C1855663	DOID:0111456
UMLS:C1855663	DOID:0111456
C0751161	DOID:0111458
UMLS:C0751161	DOID:0111458
C0268151	DOID:0111459
UMLS:C0268151	DOID:0111459
C1836797	DOID:0111474
UMLS:C1836797	DOID:0111474
C1864840	DOID:0111486
UMLS:C1864840	DOID:0111486
C1857682	DOID:0111494
UMLS:C1857682	DOID:0111494
C1835672	DOID:0111505
UMLS:C1835672	DOID:0111505
C1835664	DOID:0111506
UMLS:C1835664	DOID:0111506
C0432269	DOID:0111507
UMLS:C0432269	DOID:0111507
C1835437	DOID:0111508
UMLS:C1835437	DOID:0111508
C0265345	DOID:0111509
UMLS:C0265345	DOID:0111509
C0265235	DOID:0111510
UMLS:C0265235	DOID:0111510
C1835042	DOID:0111511
UMLS:C1835042	DOID:0111511
C0410530	DOID:0111512
UMLS:C0410530	DOID:0111512
C0265281	DOID:0111514
UMLS:C0265281	DOID:0111514
C2675014	DOID:0111526
UMLS:C2675014	DOID:0111526
C1834569	DOID:0111527
UMLS:C1834569	DOID:0111527
C0343111	DOID:0111528
UMLS:C0343111	DOID:0111528
C2931029	DOID:0111529
UMLS:C2931029	DOID:0111529
C3854181	DOID:0111530
UMLS:C3854181	DOID:0111530
C0338502	DOID:0111531
UMLS:C0338502	DOID:0111531
C0432283	DOID:0111532
UMLS:C0432283	DOID:0111532
C1833736	DOID:0111533
UMLS:C1833736	DOID:0111533
C2674705	DOID:0111534
UMLS:C2674705	DOID:0111534
C0334041	DOID:0111535
UMLS:C0334041	DOID:0111535
C0265514	DOID:0111536
UMLS:C0265514	DOID:0111536
C1833661	DOID:0111537
UMLS:C1833661	DOID:0111537
C0221055	DOID:0111538
UMLS:C0221055	DOID:0111538
C1868616	DOID:0111539
UMLS:C1868616	DOID:0111539
C0268532	DOID:0111540
UMLS:C0268532	DOID:0111540
C1868310	DOID:0111541
UMLS:C1868310	DOID:0111541
C0432292	DOID:0111542
UMLS:C0432292	DOID:0111542
C1867801	DOID:0111544
UMLS:C1867801	DOID:0111544
C0342549	DOID:0111545
UMLS:C0342549	DOID:0111545
C1504412	DOID:0111545
UMLS:C1504412	DOID:0111545
C1531773	DOID:0111546
UMLS:C1531773	DOID:0111546
C1867155	DOID:0111548
UMLS:C1867155	DOID:0111548
C0158667	DOID:0111549
UMLS:C0158667	DOID:0111549
C1867020	DOID:0111550
UMLS:C1867020	DOID:0111550
C1867005	DOID:0111551
UMLS:C1867005	DOID:0111551
C0751335	DOID:0111552
UMLS:C0751335	DOID:0111552
C3159322	DOID:0111553
UMLS:C3159322	DOID:0111553
C0265280	DOID:0111554
UMLS:C0265280	DOID:0111554
C1861456	DOID:0111561
UMLS:C1861456	DOID:0111561
C0038505	DOID:0111563
UMLS:C0038505	DOID:0111563
C1861099	DOID:0111564
UMLS:C1861099	DOID:0111564
C0265333	DOID:0111565
UMLS:C0265333	DOID:0111565
C1860518	DOID:0111567
UMLS:C1860518	DOID:0111567
C0240912	DOID:0111568
UMLS:C0240912	DOID:0111568
C3888099	DOID:0111569
UMLS:C3888099	DOID:0111569
C1860405	DOID:0111570
UMLS:C1860405	DOID:0111570
C0457013	DOID:0111571
UMLS:C0457013	DOID:0111571
C0272051	DOID:0111575
UMLS:C0272051	DOID:0111575
C0431401	DOID:0111578
UMLS:C0431401	DOID:0111578
C0221061	DOID:0111580
UMLS:C0221061	DOID:0111580
C0796095	DOID:0111581
UMLS:C0796095	DOID:0111581
C0398782	DOID:0111583
UMLS:C0398782	DOID:0111583
C0796031	DOID:0111584
UMLS:C0796031	DOID:0111584
C0796083	DOID:0111584
UMLS:C0796083	DOID:0111584
C0342791	DOID:0111585
UMLS:C0342791	DOID:0111585
C0796037	DOID:0111586
UMLS:C0796037	DOID:0111586
C1859305	DOID:0111587
UMLS:C1859305	DOID:0111587
C2931048	DOID:0111588
UMLS:C2931048	DOID:0111588
C1857662	DOID:0111589
UMLS:C1857662	DOID:0111589
C0265223	DOID:0111590
UMLS:C0265223	DOID:0111590
C2931046	DOID:0111591
UMLS:C2931046	DOID:0111591
C0398621	DOID:0111592
UMLS:C0398621	DOID:0111592
C1968804	DOID:0111592
UMLS:C1968804	DOID:0111592
C0220668	DOID:0111595
UMLS:C0220668	DOID:0111595
C1846492	DOID:0111611
UMLS:C1846492	DOID:0111611
C1842676	DOID:0111617
UMLS:C1842676	DOID:0111617
C1853116	DOID:0111618
UMLS:C1853116	DOID:0111618
C5574940	DOID:0111619
UMLS:C5574940	DOID:0111619
C1857572	DOID:0111620
UMLS:C1857572	DOID:0111620
C1857512	DOID:0111621
UMLS:C1857512	DOID:0111621
C2062388	DOID:0111622
UMLS:C2062388	DOID:0111622
C1857423	DOID:0111625
UMLS:C1857423	DOID:0111625
C1291386	DOID:0111626
UMLS:C1291386	DOID:0111626
C0795927	DOID:0111627
UMLS:C0795927	DOID:0111627
C0342803	DOID:0111629
UMLS:C0342803	DOID:0111629
C1283620	DOID:0111633
UMLS:C1283620	DOID:0111633
C0268179	DOID:0111646
UMLS:C0268179	DOID:0111646
C1857069	DOID:0111647
UMLS:C1857069	DOID:0111647
C1644196	DOID:0111648
UMLS:C1644196	DOID:0111648
C4024880	DOID:0111655
UMLS:C4024880	DOID:0111655
C0406715	DOID:0111661
UMLS:C0406715	DOID:0111661
C0162359	DOID:0111664
UMLS:C0162359	DOID:0111664
C1856972	DOID:0111666
UMLS:C1856972	DOID:0111666
C0268416	DOID:0111667
UMLS:C0268416	DOID:0111667
C0406740	DOID:0111668
UMLS:C0406740	DOID:0111668
C2745948	DOID:0111669
UMLS:C2745948	DOID:0111669
C0268164	DOID:0111670
UMLS:C0268164	DOID:0111670
C0268165	DOID:0111671
UMLS:C0268165	DOID:0111671
C3150878	DOID:0111672
UMLS:C3150878	DOID:0111672
C4509877	DOID:0111673
UMLS:C4509877	DOID:0111673
C0272340	DOID:0111676
UMLS:C0272340	DOID:0111676
C1856718	DOID:0111677
UMLS:C1856718	DOID:0111677
C0342705	DOID:0111678
UMLS:C0342705	DOID:0111678
C0268609	DOID:0111679
UMLS:C0268609	DOID:0111679
C0268160	DOID:0111680
UMLS:C0268160	DOID:0111680
C1856603	DOID:0111681
UMLS:C1856603	DOID:0111681
C2931482	DOID:0111683
UMLS:C2931482	DOID:0111683
C1832588	DOID:0111687
UMLS:C1832588	DOID:0111687
C1832812	DOID:0111688
UMLS:C1832812	DOID:0111688
C4273988	DOID:0111689
UMLS:C4273988	DOID:0111689
C1832950	DOID:0111697
UMLS:C1832950	DOID:0111697
C1833053	DOID:0111698
UMLS:C1833053	DOID:0111698
C1833136	DOID:0111699
UMLS:C1833136	DOID:0111699
C0406468	DOID:0111702
UMLS:C0406468	DOID:0111702
C2931837	DOID:0111703
UMLS:C2931837	DOID:0111703
C2931817	DOID:0111704
UMLS:C2931817	DOID:0111704
C1838329	DOID:0111705
UMLS:C1838329	DOID:0111705
C1838359	DOID:0111707
UMLS:C1838359	DOID:0111707
C2931923	DOID:0111708
UMLS:C2931923	DOID:0111708
C4015558	DOID:0111713
UMLS:C4015558	DOID:0111713
C4275029	DOID:0111714
UMLS:C4275029	DOID:0111714
C3809877	DOID:0111715
UMLS:C3809877	DOID:0111715
C0311249	DOID:0111716
UMLS:C0311249	DOID:0111716
C1852453	DOID:0111717
UMLS:C1852453	DOID:0111717
C0399376	DOID:0111721
UMLS:C0399376	DOID:0111721
C3489726	DOID:0111724
UMLS:C3489726	DOID:0111724
C1838779	DOID:0111732
UMLS:C1838779	DOID:0111732
C0268341	DOID:0111765
UMLS:C0268341	DOID:0111765
C1839161	DOID:0111767
UMLS:C1839161	DOID:0111767
C0398762	DOID:0111768
UMLS:C0398762	DOID:0111768
C1839454	DOID:0111768
UMLS:C1839454	DOID:0111768
C1839463	DOID:0111780
UMLS:C1839463	DOID:0111780
C0265251	DOID:0111783
UMLS:C0265251	DOID:0111783
C1844696	DOID:0111784
UMLS:C1844696	DOID:0111784
C0265293	DOID:0111785
UMLS:C0265293	DOID:0111785
C0025237	DOID:0111788
UMLS:C0025237	DOID:0111788
C1855305	DOID:0111789
UMLS:C1855305	DOID:0111789
C1844948	DOID:0111799
UMLS:C1844948	DOID:0111799
C1859773	DOID:0111801
UMLS:C1859773	DOID:0111801
C1832440	DOID:0111803
UMLS:C1832440	DOID:0111803
C1864689	DOID:0111805
UMLS:C1864689	DOID:0111805
C1864690	DOID:0111806
UMLS:C1864690	DOID:0111806
C1832661	DOID:0111807
UMLS:C1832661	DOID:0111807
C1846265	DOID:0111809
UMLS:C1846265	DOID:0111809
C1839728	DOID:0111813
UMLS:C1839728	DOID:0111813
C1861366	DOID:0111817
UMLS:C1861366	DOID:0111817
C1861355	DOID:0111818
UMLS:C1861355	DOID:0111818
C1861348	DOID:0111819
UMLS:C1861348	DOID:0111819
C1839988	DOID:0111821
UMLS:C1839988	DOID:0111821
C0265267	DOID:0111822
UMLS:C0265267	DOID:0111822
C1844862	DOID:0111826
UMLS:C1844862	DOID:0111826
C1844934	DOID:0111827
UMLS:C1844934	DOID:0111827
C2678048	DOID:0111833
UMLS:C2678048	DOID:0111833
C1845050	DOID:0111834
UMLS:C1845050	DOID:0111834
C1850627	DOID:0111842
UMLS:C1850627	DOID:0111842
C1846242	DOID:0111860
UMLS:C1846242	DOID:0111860
C4085243	DOID:0111865
UMLS:C4085243	DOID:0111865
C1955934	DOID:0111866
UMLS:C1955934	DOID:0111866
C3151781	DOID:0111898
UMLS:C3151781	DOID:0111898
C2749016	DOID:0111899
UMLS:C2749016	DOID:0111899
C3278211	DOID:0111900
UMLS:C3278211	DOID:0111900
C0398626	DOID:0111901
UMLS:C0398626	DOID:0111901
C1861171	DOID:0111902
UMLS:C1861171	DOID:0111902
C2751090	DOID:0111903
UMLS:C2751090	DOID:0111903
C2676759	DOID:0111904
UMLS:C2676759	DOID:0111904
C3281092	DOID:0111905
UMLS:C3281092	DOID:0111905
C2676721	DOID:0111906
UMLS:C2676721	DOID:0111906
C3160733	DOID:0111907
UMLS:C3160733	DOID:0111907
C3280976	DOID:0111908
UMLS:C3280976	DOID:0111908
C2674321	DOID:0111909
UMLS:C2674321	DOID:0111909
C2678045	DOID:0111931
UMLS:C2678045	DOID:0111931
C1968556	DOID:0111932
UMLS:C1968556	DOID:0111932
C1970848	DOID:0111933
UMLS:C1970848	DOID:0111933
C3810053	DOID:0111935
UMLS:C3810053	DOID:0111935
C4707864	DOID:0111935
UMLS:C4707864	DOID:0111935
C3714976	DOID:0111936
UMLS:C3714976	DOID:0111936
C4014233	DOID:0111937
UMLS:C4014233	DOID:0111937
C4014617	DOID:0111938
UMLS:C4014617	DOID:0111938
C4015195	DOID:0111939
UMLS:C4015195	DOID:0111939
C1857798	DOID:0111942
UMLS:C1857798	DOID:0111942
C1849236	DOID:0111943
UMLS:C1849236	DOID:0111943
C5568133	DOID:0111948
UMLS:C5568133	DOID:0111948
C4014934	DOID:0111949
UMLS:C4014934	DOID:0111949
C4225328	DOID:0111951
UMLS:C4225328	DOID:0111951
C4014371	DOID:0111953
UMLS:C4014371	DOID:0111953
C5193072	DOID:0111954
UMLS:C5193072	DOID:0111954
C3554686	DOID:0111957
UMLS:C3554686	DOID:0111957
C4539957	DOID:0111958
UMLS:C4539957	DOID:0111958
C4747743	DOID:0111959
UMLS:C4747743	DOID:0111959
C4748694	DOID:0111960
UMLS:C4748694	DOID:0111960
C4014833	DOID:0111961
UMLS:C4014833	DOID:0111961
C1864947	DOID:0111967
UMLS:C1864947	DOID:0111967
C2748557	DOID:0111970
UMLS:C2748557	DOID:0111970
C3810147	DOID:0111972
UMLS:C3810147	DOID:0111972
C3810107	DOID:0111973
UMLS:C3810107	DOID:0111973
C4510864	DOID:0111973
UMLS:C4510864	DOID:0111973
C1856263	DOID:0111974
UMLS:C1856263	DOID:0111974
C2748568	DOID:0111976
UMLS:C2748568	DOID:0111976
C3809332	DOID:0111977
UMLS:C3809332	DOID:0111977
C5190592	DOID:0111977
UMLS:C5190592	DOID:0111977
C4310656	DOID:0111979
UMLS:C4310656	DOID:0111979
C3554687	DOID:0111982
UMLS:C3554687	DOID:0111982
C4479588	DOID:0111983
UMLS:C4479588	DOID:0111983
C4748304	DOID:0111984
UMLS:C4748304	DOID:0111984
C5568557	DOID:0111984
UMLS:C5568557	DOID:0111984
C3808589	DOID:0111986
UMLS:C3808589	DOID:0111986
C4509854	DOID:0111986
UMLS:C4509854	DOID:0111986
C4706550	DOID:0111987
UMLS:C4706550	DOID:0111987
C4013949	DOID:0111990
UMLS:C4013949	DOID:0111990
C5193109	DOID:0111991
UMLS:C5193109	DOID:0111991
C6012259	DOID:0111991
UMLS:C6012259	DOID:0111991
C5193126	DOID:0111997
UMLS:C5193126	DOID:0111997
C1845903	DOID:0111999
UMLS:C1845903	DOID:0111999
C1970859	DOID:0112000
UMLS:C1970859	DOID:0112000
C4310819	DOID:0112002
UMLS:C4310819	DOID:0112002
C6012366	DOID:0112002
UMLS:C6012366	DOID:0112002
C1842398	DOID:0112064
UMLS:C1842398	DOID:0112064
C1970173	DOID:0112072
UMLS:C1970173	DOID:0112072
C0398568	DOID:0112107
UMLS:C0398568	DOID:0112107
C1845202	DOID:0112121
UMLS:C1845202	DOID:0112121
C1845343	DOID:0112122
UMLS:C1845343	DOID:0112122
C0585216	DOID:0112125
UMLS:C0585216	DOID:0112125
C1845987	DOID:0112128
UMLS:C1845987	DOID:0112128
C1846129	DOID:0112149
UMLS:C1846129	DOID:0112149
C1848097	DOID:0112150
UMLS:C1848097	DOID:0112150
C1848392	DOID:0112152
UMLS:C1848392	DOID:0112152
C0265201	DOID:0112158
UMLS:C0265201	DOID:0112158
C0406587	DOID:0112171
UMLS:C0406587	DOID:0112171
C4510617	DOID:0112172
UMLS:C4510617	DOID:0112172
C1848534	DOID:0112173
UMLS:C1848534	DOID:0112173
C0268514	DOID:0112180
UMLS:C0268514	DOID:0112180
C1849011	DOID:0112196
UMLS:C1849011	DOID:0112196
C1842149	DOID:0112282
UMLS:C1842149	DOID:0112282
C2673649	DOID:0112287
UMLS:C2673649	DOID:0112287
C1849053	DOID:0112292
UMLS:C1849053	DOID:0112292
C1866688	DOID:0112296
UMLS:C1866688	DOID:0112296
C0432221	DOID:0112297
UMLS:C0432221	DOID:0112297
C1855229	DOID:0112298
UMLS:C1855229	DOID:0112298
C1865695	DOID:0112299
UMLS:C1865695	DOID:0112299
C1837073	DOID:0112300
UMLS:C1837073	DOID:0112300
C1836862	DOID:0112301
UMLS:C1836862	DOID:0112301
C1843706	DOID:0112305
UMLS:C1843706	DOID:0112305
C0268563	DOID:0112307
UMLS:C0268563	DOID:0112307
C0342543	DOID:0112308
UMLS:C0342543	DOID:0112308
C0178238	DOID:100
UMLS:C0178238	DOID:100
C0018784	DOID:10003
UMLS:C0018784	DOID:10003
C1336753	DOID:10011
UMLS:C1336753	DOID:10011
C0025269	DOID:10016
UMLS:C0025269	DOID:10016
C0025267	DOID:10017
UMLS:C0025267	DOID:10017
C0014179	DOID:1002
UMLS:C0014179	DOID:1002
C0153454	DOID:10020
UMLS:C0153454	DOID:10020
C0153426	DOID:10021
UMLS:C0153426	DOID:10021
C0541912	DOID:10021
UMLS:C0541912	DOID:10021
C0345916	DOID:10022
UMLS:C0345916	DOID:10022
C0154723	DOID:10024
UMLS:C0154723	DOID:10024
C0039223	DOID:10027
UMLS:C0039223	DOID:10027
C0242172	DOID:1003
UMLS:C0242172	DOID:1003
C1370824	DOID:10030
UMLS:C1370824	DOID:10030
C0155918	DOID:10031
UMLS:C0155918	DOID:10031
C0524799	DOID:10032
UMLS:C0524799	DOID:10032
C0235238	DOID:10033
UMLS:C0235238	DOID:10033
C0152198	DOID:10034
UMLS:C0152198	DOID:10034
C0153167	DOID:10035
UMLS:C0153167	DOID:10035
C0153132	DOID:10039
UMLS:C0153132	DOID:10039
C0153136	DOID:10039
UMLS:C0153136	DOID:10039
C0339116	DOID:10040
UMLS:C0339116	DOID:10040
C0205747	DOID:10041
UMLS:C0205747	DOID:10041
C0334426	DOID:10044
UMLS:C0334426	DOID:10044
C0334424	DOID:10047
UMLS:C0334424	DOID:10047
C0151622	DOID:1005
UMLS:C0151622	DOID:1005
C0349515	DOID:10054
UMLS:C0349515	DOID:10054
C0345746	DOID:10069
UMLS:C0345746	DOID:10069
C1334370	DOID:10070
UMLS:C1334370	DOID:10070
C0240164	DOID:10071
UMLS:C0240164	DOID:10071
C0153166	DOID:10073
UMLS:C0153166	DOID:10073
C0020413	DOID:10074
UMLS:C0020413	DOID:10074
C0012561	DOID:10075
UMLS:C0012561	DOID:10075
C0010678	DOID:10079
UMLS:C0010678	DOID:10079
C0037753	DOID:10080
UMLS:C0037753	DOID:10080
C0153168	DOID:10081
UMLS:C0153168	DOID:10081
C0238440	DOID:10087
UMLS:C0238440	DOID:10087
C0021874	DOID:10095
UMLS:C0021874	DOID:10095
C0041228	DOID:10112
UMLS:C0041228	DOID:10112
C0041227	DOID:10113
UMLS:C0041227	DOID:10113
C0155211	DOID:10122
UMLS:C0155211	DOID:10122
C0375489	DOID:10123
UMLS:C0375489	DOID:10123
C0010034	DOID:10124
UMLS:C0010034	DOID:10124
C0339286	DOID:10125
UMLS:C0339286	DOID:10125
C0022578	DOID:10126
UMLS:C0022578	DOID:10126
C0028790	DOID:10127
UMLS:C0028790	DOID:10127
C0042485	DOID:10128
UMLS:C0042485	DOID:10128
C0042266	DOID:10131
UMLS:C0042266	DOID:10131
C0033951	DOID:10132
UMLS:C0033951	DOID:10132
C0043349	DOID:10138
UMLS:C0043349	DOID:10138
C0155160	DOID:10139
UMLS:C0155160	DOID:10139
C0013238	DOID:10140
UMLS:C0013238	DOID:10140
C1336745	DOID:10146
UMLS:C1336745	DOID:10146
C0153517	DOID:10149
UMLS:C0153517	DOID:10149
C0153518	DOID:10151
UMLS:C0153518	DOID:10151
C0153429	DOID:10152
UMLS:C0153429	DOID:10152
C0153428	DOID:10153
UMLS:C0153428	DOID:10153
C0153425	DOID:10154
UMLS:C0153425	DOID:10154
C0346627	DOID:10155
UMLS:C0346627	DOID:10155
C0020876	DOID:10156
UMLS:C0020876	DOID:10156
C0003977	DOID:10159
UMLS:C0003977	DOID:10159
C0027543	DOID:10159
UMLS:C0027543	DOID:10159
C0029445	DOID:10159
UMLS:C0029445	DOID:10159
C0158442	DOID:10159
UMLS:C0158442	DOID:10159
C0158449	DOID:10159
UMLS:C0158449	DOID:10159
C0158450	DOID:10159
UMLS:C0158450	DOID:10159
C0158451	DOID:10159
UMLS:C0158451	DOID:10159
C0745048	DOID:10159
UMLS:C0745048	DOID:10159
C0155253	DOID:10174
UMLS:C0155253	DOID:10174
C0030353	DOID:10175
UMLS:C0030353	DOID:10175
C0155288	DOID:10175
UMLS:C0155288	DOID:10175
C0242420	DOID:10175
UMLS:C0242420	DOID:10175
C0919308	DOID:10175
UMLS:C0919308	DOID:10175
C0154874	DOID:10176
UMLS:C0154874	DOID:10176
C0155593	DOID:10177
UMLS:C0155593	DOID:10177
C0852937	DOID:10183
UMLS:C0852937	DOID:10183
C0334474	DOID:10184
UMLS:C0334474	DOID:10184
C1333455	DOID:10187
UMLS:C1333455	DOID:10187
C0153968	DOID:10188
UMLS:C0153968	DOID:10188
C0347394	DOID:10188
UMLS:C0347394	DOID:10188
C1333174	DOID:10188
UMLS:C1333174	DOID:10188
C0008707	DOID:1019
UMLS:C0008707	DOID:1019
C1333970	DOID:10190
UMLS:C1333970	DOID:10190
C0205823	DOID:10192
UMLS:C0205823	DOID:10192
C1333059	DOID:10193
UMLS:C1333059	DOID:10193
C1335744	DOID:10194
UMLS:C1335744	DOID:10194
C1335434	DOID:10195
UMLS:C1335434	DOID:10195
C0349565	DOID:10199
UMLS:C0349565	DOID:10199
C1332932	DOID:10200
UMLS:C1332932	DOID:10200
C1333747	DOID:10201
UMLS:C1333747	DOID:10201
C0347423	DOID:10203
UMLS:C0347423	DOID:10203
C0347429	DOID:10205
UMLS:C0347429	DOID:10205
C0153972	DOID:10206
UMLS:C0153972	DOID:10206
C1335348	DOID:10207
UMLS:C1335348	DOID:10207
C1266131	DOID:10208
UMLS:C1266131	DOID:10208
C1333509	DOID:10209
UMLS:C1333509	DOID:10209
C0006739	DOID:10211
UMLS:C0006739	DOID:10211
C0031946	DOID:1022
UMLS:C0031946	DOID:1022
C0153241	DOID:1022
UMLS:C0153241	DOID:1022
C0153242	DOID:1022
UMLS:C0153242	DOID:1022
C0153243	DOID:1022
UMLS:C0153243	DOID:1022
C0153244	DOID:1022
UMLS:C0153244	DOID:1022
C0011633	DOID:10223
UMLS:C0011633	DOID:10223
C0023346	DOID:1023
UMLS:C0023346	DOID:1023
C0155733	DOID:10230
UMLS:C0155733	DOID:10230
C0153279	DOID:10234
UMLS:C0153279	DOID:10234
C0155339	DOID:10235
UMLS:C0155339	DOID:10235
C0015269	DOID:10236
UMLS:C0015269	DOID:10236
C0023343	DOID:1024
UMLS:C0023343	DOID:1024
C0039730	DOID:10241
UMLS:C0039730	DOID:10241
C0085399	DOID:10242
UMLS:C0085399	DOID:10242
C0029799	DOID:10247
UMLS:C0029799	DOID:10247
C0023351	DOID:1025
UMLS:C0023351	DOID:1025
C0024025	DOID:10250
UMLS:C0024025	DOID:10250
C0152456	DOID:10254
UMLS:C0152456	DOID:10254
C0155540	DOID:10261
UMLS:C0155540	DOID:10261
C0026780	DOID:10264
UMLS:C0026780	DOID:10264
C0155655	DOID:10266
UMLS:C0155655	DOID:10266
C0155702	DOID:10272
UMLS:C0155702	DOID:10272
C0029630	DOID:10273
UMLS:C0029630	DOID:10273
C0033578	DOID:10283
UMLS:C0033578	DOID:10283
C0376358	DOID:10283
UMLS:C0376358	DOID:10283
C0600139	DOID:10286
UMLS:C0600139	DOID:10286
C1302530	DOID:10287
UMLS:C1302530	DOID:10287
C1334615	DOID:10289
UMLS:C1334615	DOID:10289
C0030443	DOID:1029
UMLS:C0030443	DOID:1029
C1335512	DOID:10290
UMLS:C1335512	DOID:10290
C0152204	DOID:10293
UMLS:C0152204	DOID:10293
C0034734	DOID:10300
UMLS:C0034734	DOID:10300
C0030583	DOID:10301
UMLS:C0030583	DOID:10301
C0030579	DOID:10302
UMLS:C0030579	DOID:10302
C0037023	DOID:10303
UMLS:C0037023	DOID:10303
C0025297	DOID:10310
UMLS:C0025297	DOID:10310
C0014118	DOID:10314
UMLS:C0014118	DOID:10314
C0375268	DOID:10314
UMLS:C0375268	DOID:10314
C0032273	DOID:10316
UMLS:C0032273	DOID:10316
C0340184	DOID:10319
UMLS:C0340184	DOID:10319
C0003949	DOID:10320
UMLS:C0003949	DOID:10320
C0340177	DOID:10321
UMLS:C0340177	DOID:10321
C0005138	DOID:10322
UMLS:C0005138	DOID:10322
C0006542	DOID:10323
UMLS:C0006542	DOID:10323
C0003164	DOID:10324
UMLS:C0003164	DOID:10324
C0037116	DOID:10325
UMLS:C0037116	DOID:10325
C0006915	DOID:10326
UMLS:C0006915	DOID:10326
C0003165	DOID:10327
UMLS:C0003165	DOID:10327
C0037061	DOID:10328
UMLS:C0037061	DOID:10328
C0238377	DOID:10329
UMLS:C0238377	DOID:10329
C0340186	DOID:10330
UMLS:C0340186	DOID:10330
C0264435	DOID:10331
UMLS:C0264435	DOID:10331
C0271342	DOID:10337
UMLS:C0271342	DOID:10337
C0154653	DOID:10341
UMLS:C0154653	DOID:10341
C0005744	DOID:10348
UMLS:C0005744	DOID:10348
C0037619	DOID:10349
UMLS:C0037619	DOID:10349
C1292777	DOID:1035
UMLS:C1292777	DOID:1035
C0006144	DOID:10350
UMLS:C0006144	DOID:10350
C1305875	DOID:10352
UMLS:C1305875	DOID:10352
C0156318	DOID:10353
UMLS:C0156318	DOID:10353
C0016034	DOID:10354
UMLS:C0016034	DOID:10354
C0154652	DOID:10361
UMLS:C0154652	DOID:10361
C0153602	DOID:10366
UMLS:C0153602	DOID:10366
C1510784	DOID:10368
UMLS:C1510784	DOID:10368
C0023448	DOID:1037
UMLS:C0023448	DOID:1037
C0043388	DOID:10371
UMLS:C0043388	DOID:10371
C0750903	DOID:10375
UMLS:C0750903	DOID:10375
C0002418	DOID:10376
UMLS:C0002418	DOID:10376
C0152190	DOID:10377
UMLS:C0152190	DOID:10377
C0152189	DOID:10378
UMLS:C0152189	DOID:10378
C1510479	DOID:10383
UMLS:C1510479	DOID:10383
C0023486	DOID:1039
UMLS:C0023486	DOID:1039
C0029412	DOID:10393
UMLS:C0029412	DOID:10393
C0152937	DOID:10398
UMLS:C0152937	DOID:10398
C0152938	DOID:10398
UMLS:C0152938	DOID:10398
C0524688	DOID:10398
UMLS:C0524688	DOID:10398
C0153205	DOID:10399
UMLS:C0153205	DOID:10399
C0004623	DOID:104
UMLS:C0004623	DOID:104
C0023434	DOID:1040
UMLS:C0023434	DOID:1040
C0578661	DOID:10400
UMLS:C0578661	DOID:10400
C0001342	DOID:10423
UMLS:C0001342	DOID:10423
C0022738	DOID:10426
UMLS:C0022738	DOID:10426
C0155131	DOID:10428
UMLS:C0155131	DOID:10428
C0155439	DOID:10435
UMLS:C0155439	DOID:10435
C0155072	DOID:10439
UMLS:C0155072	DOID:10439
C0155071	DOID:10440
UMLS:C0155071	DOID:10440
C0155067	DOID:10441
UMLS:C0155067	DOID:10441
C0155070	DOID:10442
UMLS:C0155070	DOID:10442
C0020641	DOID:10443
UMLS:C0020641	DOID:10443
C0155068	DOID:10444
UMLS:C0155068	DOID:10444
C0151844	DOID:10445
UMLS:C0151844	DOID:10445
C0040425	DOID:10456
UMLS:C0040425	DOID:10456
C0149517	DOID:10456
UMLS:C0149517	DOID:10456
C0023241	DOID:10457
UMLS:C0023241	DOID:10457
C0023240	DOID:10458
UMLS:C0023240	DOID:10458
C0009443	DOID:10459
UMLS:C0009443	DOID:10459
C0027441	DOID:10460
UMLS:C0027441	DOID:10460
C0155826	DOID:10460
UMLS:C0155826	DOID:10460
C0266846	DOID:10461
UMLS:C0266846	DOID:10461
C0158317	DOID:10471
UMLS:C0158317	DOID:10471
C0011981	DOID:10480
UMLS:C0011981	DOID:10480
C0152097	DOID:10481
UMLS:C0152097	DOID:10481
C0014850	DOID:10485
UMLS:C0014850	DOID:10485
C0021828	DOID:10486
UMLS:C0021828	DOID:10486
C0019569	DOID:10487
UMLS:C0019569	DOID:10487
C0003466	DOID:10488
UMLS:C0003466	DOID:10488
C0405580	DOID:10493
UMLS:C0405580	DOID:10493
C0155262	DOID:10499
UMLS:C0155262	DOID:10499
C0152107	DOID:10507
UMLS:C0152107	DOID:10507
C0155395	DOID:10516
UMLS:C0155395	DOID:10516
C3831782	DOID:10518
UMLS:C3831782	DOID:10518
C0155396	DOID:10519
UMLS:C0155396	DOID:10519
C0155392	DOID:10520
UMLS:C0155392	DOID:10520
C0155157	DOID:10525
UMLS:C0155157	DOID:10525
C0032310	DOID:10533
UMLS:C0032310	DOID:10533
C0024623	DOID:10534
UMLS:C0024623	DOID:10534
C0038356	DOID:10534
UMLS:C0038356	DOID:10534
C0153421	DOID:10534
UMLS:C0153421	DOID:10534
C0153422	DOID:10534
UMLS:C0153422	DOID:10534
C0153423	DOID:10534
UMLS:C0153423	DOID:10534
C1334585	DOID:10536
UMLS:C1334585	DOID:10536
C0153420	DOID:10538
UMLS:C0153420	DOID:10538
C0349532	DOID:10540
UMLS:C0349532	DOID:10540
C0349530	DOID:10541
UMLS:C0349530	DOID:10541
C0153418	DOID:10544
UMLS:C0153418	DOID:10544
C0153419	DOID:10547
UMLS:C0153419	DOID:10547
C0153417	DOID:10548
UMLS:C0153417	DOID:10548
C0155429	DOID:10550
UMLS:C0155429	DOID:10550
C0025309	DOID:10554
UMLS:C0025309	DOID:10554
C0157456	DOID:10556
UMLS:C0157456	DOID:10556
C0028860	DOID:1056
UMLS:C0028860	DOID:1056
C0153234	DOID:10567
UMLS:C0153234	DOID:10567
C0276007	DOID:10567
UMLS:C0276007	DOID:10567
C1517744	DOID:10567
UMLS:C1517744	DOID:10567
C0275990	DOID:10568
UMLS:C0275990	DOID:10568
C0275998	DOID:10568
UMLS:C0275998	DOID:10568
C0343834	DOID:10568
UMLS:C0343834	DOID:10568
C0029442	DOID:10573
UMLS:C0029442	DOID:10573
C0006705	DOID:10575
UMLS:C0006705	DOID:10575
C0023520	DOID:10579
UMLS:C0023520	DOID:10579
C0023522	DOID:10581
UMLS:C0023522	DOID:10581
C0034960	DOID:10582
UMLS:C0034960	DOID:10582
C0035334	DOID:10584
UMLS:C0035334	DOID:10584
C0220701	DOID:10584
UMLS:C0220701	DOID:10584
C0023521	DOID:10587
UMLS:C0023521	DOID:10587
C0162309	DOID:10588
UMLS:C0162309	DOID:10588
C0025362	DOID:1059
UMLS:C0025362	DOID:1059
C0156664	DOID:10590
UMLS:C0156664	DOID:10590
C0032914	DOID:10591
UMLS:C0032914	DOID:10591
C0154756	DOID:10593
UMLS:C0154756	DOID:10593
C0007959	DOID:10595
UMLS:C0007959	DOID:10595
C0041326	DOID:106
UMLS:C0041326	DOID:106
C0152531	DOID:106
UMLS:C0152531	DOID:106
C0018609	DOID:1060
UMLS:C0018609	DOID:1060
C0008701	DOID:10600
UMLS:C0008701	DOID:10600
C0271650	DOID:10603
UMLS:C0271650	DOID:10603
C0022951	DOID:10604
UMLS:C0022951	DOID:10604
C0036992	DOID:10605
UMLS:C0036992	DOID:10605
C0005750	DOID:10606
UMLS:C0005750	DOID:10606
C0038054	DOID:10607
UMLS:C0038054	DOID:10607
C0007570	DOID:10608
UMLS:C0007570	DOID:10608
C0035579	DOID:10609
UMLS:C0035579	DOID:10609
C0152166	DOID:10610
UMLS:C0152166	DOID:10610
C0033680	DOID:10611
UMLS:C0033680	DOID:10611
C0149526	DOID:10612
UMLS:C0149526	DOID:10612
C0153195	DOID:10615
UMLS:C0153195	DOID:10615
C0269061	DOID:10616
UMLS:C0269061	DOID:10616
C0596869	DOID:10619
UMLS:C0596869	DOID:10619
C0015624	DOID:1062
UMLS:C0015624	DOID:1062
C0341703	DOID:1062
UMLS:C0341703	DOID:1062
C0155291	DOID:10627
UMLS:C0155291	DOID:10627
C0026010	DOID:10629
UMLS:C0026010	DOID:10629
C0027707	DOID:1063
UMLS:C0027707	DOID:1063
C0155295	DOID:10631
UMLS:C0155295	DOID:10631
C0043207	DOID:10632
UMLS:C0043207	DOID:10632
C2931187	DOID:1064
UMLS:C2931187	DOID:1064
C1443045	DOID:10646
UMLS:C1443045	DOID:10646
C0155640	DOID:10648
UMLS:C0155640	DOID:10648
C0155636	DOID:10649
UMLS:C0155636	DOID:10649
C0155627	DOID:10651
UMLS:C0155627	DOID:10651
C0002395	DOID:10652
UMLS:C0002395	DOID:10652
C0940607	DOID:10655
UMLS:C0940607	DOID:10655
C1333092	DOID:10656
UMLS:C1333092	DOID:10656
C1333094	DOID:10657
UMLS:C1333094	DOID:10657
C0154944	DOID:1066
UMLS:C0154944	DOID:1066
C1334673	DOID:10660
UMLS:C1334673	DOID:10660
C1334653	DOID:10661
UMLS:C1334653	DOID:10661
C0017612	DOID:1067
UMLS:C0017612	DOID:1067
C0152243	DOID:10686
UMLS:C0152243	DOID:10686
C0020565	DOID:10688
UMLS:C0020565	DOID:10688
C0024894	DOID:10690
UMLS:C0024894	DOID:10690
C0156321	DOID:10691
UMLS:C0156321	DOID:10691
C0154774	DOID:10697
UMLS:C0154774	DOID:10697
C0030424	DOID:10699
UMLS:C0030424	DOID:10699
C0339573	DOID:1070
UMLS:C0339573	DOID:1070
C0017536	DOID:10718
UMLS:C0017536	DOID:10718
C0154138	DOID:10719
UMLS:C0154138	DOID:10719
C0020544	DOID:1073
UMLS:C0020544	DOID:1073
C0035078	DOID:1074
UMLS:C0035078	DOID:1074
C0007788	DOID:10742
UMLS:C0007788	DOID:10742
C0346866	DOID:10744
UMLS:C0346866	DOID:10744
C0029882	DOID:10754
UMLS:C0029882	DOID:10754
C0155448	DOID:10755
UMLS:C0155448	DOID:10755
C0155449	DOID:10755
UMLS:C0155449	DOID:10755
C0155450	DOID:10755
UMLS:C0155450	DOID:10755
C0085697	DOID:1076
UMLS:C0085697	DOID:1076
C0020541	DOID:10762
UMLS:C0020541	DOID:10762
C0020538	DOID:10763
UMLS:C0020538	DOID:10763
C0034155	DOID:10772
UMLS:C0034155	DOID:10772
C0282312	DOID:10773
UMLS:C0282312	DOID:10773
C0155689	DOID:10778
UMLS:C0155689	DOID:10778
C0155690	DOID:10779
UMLS:C0155690	DOID:10779
C0152264	DOID:10780
UMLS:C0152264	DOID:10780
C0025469	DOID:10782
UMLS:C0025469	DOID:10782
C0025637	DOID:10783
UMLS:C0025637	DOID:10783
C0025322	DOID:10787
UMLS:C0025322	DOID:10787
C0036850	DOID:1079
UMLS:C0036850	DOID:1079
C0008683	DOID:10790
UMLS:C0008683	DOID:10790
C0016735	DOID:10791
UMLS:C0016735	DOID:10791
C0008698	DOID:10792
UMLS:C0008698	DOID:10792
C0008712	DOID:10793
UMLS:C0008712	DOID:10793
C0037886	DOID:10794
UMLS:C0037886	DOID:10794
C0016085	DOID:1080
UMLS:C0016085	DOID:1080
C0153193	DOID:10802
UMLS:C0153193	DOID:10802
C0038358	DOID:10808
UMLS:C0038358	DOID:10808
C0024759	DOID:1081
UMLS:C0024759	DOID:1081
C0158321	DOID:10810
UMLS:C0158321	DOID:10810
C0728864	DOID:10811
UMLS:C0728864	DOID:10811
C1334923	DOID:10812
UMLS:C1334923	DOID:10812
C1334921	DOID:10813
UMLS:C1334921	DOID:10813
C0278804	DOID:10816
UMLS:C0278804	DOID:10816
C0036913	DOID:10817
UMLS:C0036913	DOID:10817
C0012602	DOID:1082
UMLS:C0012602	DOID:1082
C0024588	DOID:10823
UMLS:C0024588	DOID:10823
C0020540	DOID:10824
UMLS:C0020540	DOID:10824
C0085580	DOID:10825
UMLS:C0085580	DOID:10825
C0042979	DOID:10834
UMLS:C0042979	DOID:10834
C0156315	DOID:10835
UMLS:C0156315	DOID:10835
C0153065	DOID:10841
UMLS:C0153065	DOID:10841
C0153066	DOID:10842
UMLS:C0153066	DOID:10842
C0153064	DOID:10843
UMLS:C0153064	DOID:10843
C0014057	DOID:10844
UMLS:C0014057	DOID:10844
C0014060	DOID:10845
UMLS:C0014060	DOID:10845
C0267367	DOID:10846
UMLS:C0267367	DOID:10846
C0036908	DOID:10849
UMLS:C0036908	DOID:10849
C0152096	DOID:1085
UMLS:C0152096	DOID:1085
C0155492	DOID:10852
UMLS:C0155492	DOID:10852
C0029773	DOID:10854
UMLS:C0029773	DOID:10854
C0152221	DOID:10863
UMLS:C0152221	DOID:10863
C0271370	DOID:10864
UMLS:C0271370	DOID:10864
C0271355	DOID:10865
UMLS:C0271355	DOID:10865
C0271371	DOID:10866
UMLS:C0271371	DOID:10866
C0242383	DOID:10871
UMLS:C0242383	DOID:10871
C0271084	DOID:10873
UMLS:C0271084	DOID:10873
C0025299	DOID:1088
UMLS:C0025299	DOID:1088
C0155772	DOID:10880
UMLS:C0155772	DOID:10880
C0018572	DOID:10881
UMLS:C0018572	DOID:10881
C0032238	DOID:10882
UMLS:C0032238	DOID:10882
C0019338	DOID:10883
UMLS:C0019338	DOID:10883
C0023348	DOID:10887
UMLS:C0023348	DOID:10887
C0560648	DOID:1089
UMLS:C0560648	DOID:1089
C0848558	DOID:10892
UMLS:C0848558	DOID:10892
C0025958	DOID:10907
UMLS:C0025958	DOID:10907
C0020255	DOID:10908
UMLS:C0020255	DOID:10908
C0040435	DOID:1091
UMLS:C0040435	DOID:1091
C0155583	DOID:10913
UMLS:C0155583	DOID:10913
C0002622	DOID:10914
UMLS:C0002622	DOID:10914
C0002625	DOID:10914
UMLS:C0002625	DOID:10914
C0349464	DOID:10915
UMLS:C0349464	DOID:10915
C0549160	DOID:10921
UMLS:C0549160	DOID:10921
C0002895	DOID:10923
UMLS:C0002895	DOID:10923
C0156042	DOID:10927
UMLS:C0156042	DOID:10927
C0006012	DOID:10930
UMLS:C0006012	DOID:10930
C0011548	DOID:10931
UMLS:C0011548	DOID:10931
C0009595	DOID:10932
UMLS:C0009595	DOID:10932
C0028768	DOID:10933
UMLS:C0028768	DOID:10933
C0026773	DOID:10934
UMLS:C0026773	DOID:10934
C0012746	DOID:10935
UMLS:C0012746	DOID:10935
C0041857	DOID:10935
UMLS:C0041857	DOID:10935
C0036339	DOID:10936
UMLS:C0036339	DOID:10936
C0021122	DOID:10937
UMLS:C0021122	DOID:10937
C0030477	DOID:10938
UMLS:C0030477	DOID:10938
C0003431	DOID:10939
UMLS:C0003431	DOID:10939
C0041671	DOID:1094
UMLS:C0041671	DOID:1094
C0007766	DOID:10941
UMLS:C0007766	DOID:10941
C0040409	DOID:10944
UMLS:C0040409	DOID:10944
C0027697	DOID:10952
UMLS:C0027697	DOID:10952
C0038463	DOID:10955
UMLS:C0038463	DOID:10955
C0155489	DOID:10963
UMLS:C0155489	DOID:10963
C0008374	DOID:10964
UMLS:C0008374	DOID:10964
C0155490	DOID:10964
UMLS:C0155490	DOID:10964
C0023882	DOID:10965
UMLS:C0023882	DOID:10965
C0154695	DOID:10965
UMLS:C0154695	DOID:10965
C0027721	DOID:10966
UMLS:C0027721	DOID:10966
C0270805	DOID:10967
UMLS:C0270805	DOID:10967
C0154698	DOID:10968
UMLS:C0154698	DOID:10968
C0392550	DOID:10969
UMLS:C0392550	DOID:10969
C0154697	DOID:10970
UMLS:C0154697	DOID:10970
C0156327	DOID:10971
UMLS:C0156327	DOID:10971
C0036133	DOID:10972
UMLS:C0036133	DOID:10972
C0269038	DOID:10973
UMLS:C0269038	DOID:10973
C0029051	DOID:10974
UMLS:C0029051	DOID:10974
C0017665	DOID:10976
UMLS:C0017665	DOID:10976
C0014761	DOID:1098
UMLS:C0014761	DOID:1098
C0027706	DOID:10983
UMLS:C0027706	DOID:10983
C0012624	DOID:10986
UMLS:C0012624	DOID:10986
C0042370	DOID:10989
UMLS:C0042370	DOID:10989
C0002312	DOID:1099
UMLS:C0002312	DOID:1099
C0751739	DOID:10991
UMLS:C0751739	DOID:10991
C0014077	DOID:10992
UMLS:C0014077	DOID:10992
C0271163	DOID:10997
UMLS:C0271163	DOID:10997
C0023308	DOID:110
UMLS:C0023308	DOID:110
C0029928	DOID:1100
UMLS:C0029928	DOID:1100
C0156183	DOID:11014
UMLS:C0156183	DOID:11014
C0155161	DOID:11028
UMLS:C0155161	DOID:11028
C0152255	DOID:11029
UMLS:C0152255	DOID:11029
C0010037	DOID:11030
UMLS:C0010037	DOID:11030
C0155111	DOID:11031
UMLS:C0155111	DOID:11031
C0155110	DOID:11032
UMLS:C0155110	DOID:11032
C0155109	DOID:11033
UMLS:C0155109	DOID:11033
C0474442	DOID:11034
UMLS:C0474442	DOID:11034
C0341694	DOID:11036
UMLS:C0341694	DOID:11036
C0236795	DOID:11037
UMLS:C0236795	DOID:11037
C0683416	DOID:11038
UMLS:C0683416	DOID:11038
C0015773	DOID:11042
UMLS:C0015773	DOID:11042
C0265706	DOID:11044
UMLS:C0265706	DOID:11044
C0025048	DOID:11049
UMLS:C0025048	DOID:11049
C0005684	DOID:11054
UMLS:C0005684	DOID:11054
C0005695	DOID:11054
UMLS:C0005695	DOID:11054
C0030636	DOID:11055
UMLS:C0030636	DOID:11055
C1333459	DOID:1106
UMLS:C1333459	DOID:1106
C0032046	DOID:11060
UMLS:C0032046	DOID:11060
C0152018	DOID:1107
UMLS:C0152018	DOID:1107
C0006309	DOID:11077
UMLS:C0006309	DOID:11077
C0019575	DOID:11079
UMLS:C0019575	DOID:11079
C1333460	DOID:1108
UMLS:C1333460	DOID:1108
C0027030	DOID:11080
UMLS:C0027030	DOID:11080
C0008512	DOID:11086
UMLS:C0008512	DOID:11086
C0004045	DOID:11088
UMLS:C0004045	DOID:11088
C0034362	DOID:11100
UMLS:C0034362	DOID:11100
C0040830	DOID:11101
UMLS:C0040830	DOID:11101
C0004771	DOID:11102
UMLS:C0004771	DOID:11102
C0035597	DOID:11103
UMLS:C0035597	DOID:11103
C0038041	DOID:11104
UMLS:C0038041	DOID:11104
C0311338	DOID:11105
UMLS:C0311338	DOID:11105
C0020295	DOID:11111
UMLS:C0020295	DOID:11111
C0040517	DOID:11119
UMLS:C0040517	DOID:11119
C0154466	DOID:11120
UMLS:C0154466	DOID:11120
C0034103	DOID:11121
UMLS:C0034103	DOID:11121
C0034152	DOID:11123
UMLS:C0034152	DOID:11123
C0235604	DOID:11125
UMLS:C0235604	DOID:11125
C0154301	DOID:11126
UMLS:C0154301	DOID:11126
C0155487	DOID:11129
UMLS:C0155487	DOID:11129
C0155616	DOID:11130
UMLS:C0155616	DOID:11130
C1443972	DOID:11133
UMLS:C1443972	DOID:11133
C0155231	DOID:11134
UMLS:C0155231	DOID:11134
C1333466	DOID:1114
UMLS:C1333466	DOID:1114
C0154968	DOID:11148
UMLS:C0154968	DOID:11148
C1135189	DOID:11149
UMLS:C1135189	DOID:11149
C0153519	DOID:1115
UMLS:C0153519	DOID:1115
C0947622	DOID:11151
UMLS:C0947622	DOID:11151
C0162423	DOID:11153
UMLS:C0162423	DOID:11153
C0020620	DOID:11155
UMLS:C0020620	DOID:11155
C0003028	DOID:11156
UMLS:C0003028	DOID:11156
C0006015	DOID:1116
UMLS:C0006015	DOID:1116
C0521648	DOID:11161
UMLS:C0521648	DOID:11161
C0264490	DOID:11162
UMLS:C0264490	DOID:11162
C0155120	DOID:11164
UMLS:C0155120	DOID:11164
C0043037	DOID:11165
UMLS:C0043037	DOID:11165
C0009663	DOID:11168
UMLS:C0009663	DOID:11168
C0554632	DOID:11168
UMLS:C0554632	DOID:11168
C0014306	DOID:11175
UMLS:C0014306	DOID:11175
C0152197	DOID:11177
UMLS:C0152197	DOID:11177
C0271446	DOID:11180
UMLS:C0271446	DOID:11180
C0155421	DOID:11181
UMLS:C0155421	DOID:11181
C0029668	DOID:11184
UMLS:C0029668	DOID:11184
C0276706	DOID:11186
UMLS:C0276706	DOID:11186
C0034100	DOID:11189
UMLS:C0034100	DOID:11189
C0155144	DOID:11190
UMLS:C0155144	DOID:11190
C0039075	DOID:11193
UMLS:C0039075	DOID:11193
C0155817	DOID:11195
UMLS:C0155817	DOID:11195
C0155142	DOID:11197
UMLS:C0155142	DOID:11197
C0012236	DOID:11198
UMLS:C0012236	DOID:11198
C0020626	DOID:11199
UMLS:C0020626	DOID:11199
C0155789	DOID:112
UMLS:C0155789	DOID:112
C0155791	DOID:112
UMLS:C0155791	DOID:112
C0155792	DOID:112
UMLS:C0155792	DOID:112
C1274233	DOID:11200
UMLS:C1274233	DOID:11200
C1333147	DOID:11200
UMLS:C1333147	DOID:11200
C0030517	DOID:11201
UMLS:C0030517	DOID:11201
C0221002	DOID:11202
UMLS:C0221002	DOID:11202
C0271846	DOID:11202
UMLS:C0271846	DOID:11202
C0001309	DOID:11203
UMLS:C0001309	DOID:11203
C0009766	DOID:11204
UMLS:C0009766	DOID:11204
C0029095	DOID:11206
UMLS:C0029095	DOID:11206
C0311251	DOID:11211
UMLS:C0311251	DOID:11211
C0020302	DOID:11212
UMLS:C0020302	DOID:11212
C1313983	DOID:11213
UMLS:C1313983	DOID:11213
C0395849	DOID:11217
UMLS:C0395849	DOID:11217
C0155143	DOID:11219
UMLS:C0155143	DOID:11219
C0267502	DOID:11223
UMLS:C0267502	DOID:11223
C0009765	DOID:11227
UMLS:C0009765	DOID:11227
C0949691	DOID:1123
UMLS:C0949691	DOID:1123
C0155256	DOID:11230
UMLS:C0155256	DOID:11230
C0155257	DOID:11231
UMLS:C0155257	DOID:11231
C0155258	DOID:11232
UMLS:C0155258	DOID:11232
C0155259	DOID:11233
UMLS:C0155259	DOID:11233
C0149507	DOID:11234
UMLS:C0149507	DOID:11234
C0155478	DOID:11235
UMLS:C0155478	DOID:11235
C0496779	DOID:11239
UMLS:C0496779	DOID:11239
C0003614	DOID:11240
UMLS:C0003614	DOID:11240
C1332328	DOID:11241
UMLS:C1332328	DOID:11241
C0272153	DOID:11242
UMLS:C0272153	DOID:11242
C0158996	DOID:11243
UMLS:C0158996	DOID:11243
C0002891	DOID:11244
UMLS:C0002891	DOID:11244
C0158997	DOID:11245
UMLS:C0158997	DOID:11245
C0158992	DOID:11246
UMLS:C0158992	DOID:11246
C0012739	DOID:11247
UMLS:C0012739	DOID:11247
C0042880	DOID:11249
UMLS:C0042880	DOID:11249
C0085576	DOID:11252
UMLS:C0085576	DOID:11252
C0006181	DOID:11254
UMLS:C0006181	DOID:11254
C0041471	DOID:11256
UMLS:C0041471	DOID:11256
C0041472	DOID:11256
UMLS:C0041472	DOID:11256
C0041473	DOID:11256
UMLS:C0041473	DOID:11256
C0031572	DOID:11257
UMLS:C0031572	DOID:11257
C0007361	DOID:11258
UMLS:C0007361	DOID:11258
C0034494	DOID:11260
UMLS:C0034494	DOID:11260
C0029291	DOID:11262
UMLS:C0029291	DOID:11262
C0040592	DOID:11265
UMLS:C0040592	DOID:11265
C0153107	DOID:11265
UMLS:C0153107	DOID:11265
C0153108	DOID:11265
UMLS:C0153108	DOID:11265
C0019101	DOID:11266
UMLS:C0019101	DOID:11266
C0152455	DOID:11267
UMLS:C0152455	DOID:11267
C0392492	DOID:11269
UMLS:C0392492	DOID:11269
C0342127	DOID:11277
UMLS:C0342127	DOID:11277
C0152131	DOID:11282
UMLS:C0152131	DOID:11282
C0154888	DOID:11283
UMLS:C0154888	DOID:11283
C0040197	DOID:11285
UMLS:C0040197	DOID:11285
C0155891	DOID:11289
UMLS:C0155891	DOID:11289
C0032001	DOID:1129
UMLS:C0032001	DOID:1129
C0334533	DOID:11294
UMLS:C0334533	DOID:11294
C0154834	DOID:11295
UMLS:C0154834	DOID:11295
C0155724	DOID:11299
UMLS:C0155724	DOID:11299
C0342405	DOID:1130
UMLS:C0342405	DOID:1130
C0546996	DOID:11302
UMLS:C0546996	DOID:11302
C0155700	DOID:11312
UMLS:C0155700	DOID:11312
C0153270	DOID:11315
UMLS:C0153270	DOID:11315
C0153278	DOID:11316
UMLS:C0153278	DOID:11316
C0022810	DOID:11320
UMLS:C0022810	DOID:11320
C0036358	DOID:11328
UMLS:C0036358	DOID:11328
C0001860	DOID:11329
UMLS:C0001860	DOID:11329
C0014733	DOID:11330
UMLS:C0014733	DOID:11330
C0036202	DOID:11335
UMLS:C0036202	DOID:11335
C0035468	DOID:11336
UMLS:C0035468	DOID:11336
C0027537	DOID:11337
UMLS:C0027537	DOID:11337
C0039614	DOID:11338
UMLS:C0039614	DOID:11338
C1535939	DOID:11339
UMLS:C1535939	DOID:11339
C0017572	DOID:1134
UMLS:C0017572	DOID:1134
C0266916	DOID:1134
UMLS:C0266916	DOID:1134
C0003742	DOID:11342
UMLS:C0003742	DOID:11342
C0036412	DOID:11343
UMLS:C0036412	DOID:11343
C0156273	DOID:11353
UMLS:C0156273	DOID:11353
C0156265	DOID:11354
UMLS:C0156265	DOID:11354
C0005683	DOID:11355
UMLS:C0005683	DOID:11355
C0030372	DOID:11360
UMLS:C0030372	DOID:11360
C0023316	DOID:11364
UMLS:C0023316	DOID:11364
C0152422	DOID:11367
UMLS:C0152422	DOID:11367
C0156173	DOID:11371
UMLS:C0156173	DOID:11371
C0025160	DOID:11372
UMLS:C0025160	DOID:11372
C0152167	DOID:11374
UMLS:C0152167	DOID:11374
C0018013	DOID:11379
UMLS:C0018013	DOID:11379
C0347515	DOID:1138
UMLS:C0347515	DOID:1138
C0085109	DOID:11382
UMLS:C0085109	DOID:11382
C0010417	DOID:11383
UMLS:C0010417	DOID:11383
C0236826	DOID:11385
UMLS:C0236826	DOID:11385
C0270629	DOID:11387
UMLS:C0270629	DOID:11387
C0038539	DOID:11389
UMLS:C0038539	DOID:11389
C0007773	DOID:11390
UMLS:C0007773	DOID:11390
C0035222	DOID:11394
UMLS:C0035222	DOID:11394
C0034063	DOID:11396
UMLS:C0034063	DOID:11396
C0018799	DOID:114
UMLS:C0018799	DOID:114
C0034186	DOID:11400
UMLS:C0034186	DOID:11400
C0034188	DOID:11401
UMLS:C0034188	DOID:11401
C0010153	DOID:11405
UMLS:C0010153	DOID:11405
C0008526	DOID:11406
UMLS:C0008526	DOID:11406
C0152207	DOID:1142
UMLS:C0152207	DOID:1142
C0014177	DOID:11424
UMLS:C0014177	DOID:11424
C0269106	DOID:11427
UMLS:C0269106	DOID:11427
C0156347	DOID:11428
UMLS:C0156347	DOID:11428
C0156345	DOID:11429
UMLS:C0156345	DOID:11429
C0015310	DOID:1143
UMLS:C0015310	DOID:1143
C0156348	DOID:11430
UMLS:C0156348	DOID:11430
C0156346	DOID:11431
UMLS:C0156346	DOID:11431
C0156344	DOID:11432
UMLS:C0156344	DOID:11432
C0149940	DOID:11446
UMLS:C0149940	DOID:11446
C0158976	DOID:11452
UMLS:C0158976	DOID:11452
C0009592	DOID:11457
UMLS:C0009592	DOID:11457
C0033845	DOID:11459
UMLS:C0033845	DOID:11459
C0154691	DOID:11465
UMLS:C0154691	DOID:11465
C0153485	DOID:11472
UMLS:C0153485	DOID:11472
C0029456	DOID:11476
UMLS:C0029456	DOID:11476
C0152427	DOID:1148
UMLS:C0152427	DOID:1148
C0220697	DOID:1148
UMLS:C0220697	DOID:1148
C0031048	DOID:11481
UMLS:C0031048	DOID:11481
C0019064	DOID:11482
UMLS:C0019064	DOID:11482
C0019937	DOID:11486
UMLS:C0019937	DOID:11486
C0154690	DOID:11488
UMLS:C0154690	DOID:11488
C0152202	DOID:11491
UMLS:C0152202	DOID:11491
C0007177	DOID:115
UMLS:C0007177	DOID:115
C0026266	DOID:11502
UMLS:C0026266	DOID:11502
C0158619	DOID:11502
UMLS:C0158619	DOID:11502
C0264774	DOID:11502
UMLS:C0264774	DOID:11502
C0271686	DOID:11503
UMLS:C0271686	DOID:11503
C0259749	DOID:11504
UMLS:C0259749	DOID:11504
C0029888	DOID:11506
UMLS:C0029888	DOID:11506
C0154575	DOID:11507
UMLS:C0154575	DOID:11507
C0019154	DOID:11512
UMLS:C0019154	DOID:11512
C0040412	DOID:11514
UMLS:C0040412	DOID:11514
C0152105	DOID:11516
UMLS:C0152105	DOID:11516
C0155376	DOID:11518
UMLS:C0155376	DOID:11518
C0155596	DOID:11520
UMLS:C0155596	DOID:11520
C0023075	DOID:11527
UMLS:C0023075	DOID:11527
C0155119	DOID:11541
UMLS:C0155119	DOID:11541
C0155091	DOID:11543
UMLS:C0155091	DOID:11543
C0162281	DOID:11547
UMLS:C0162281	DOID:11547
C0001519	DOID:11549
UMLS:C0001519	DOID:11549
C0028866	DOID:11550
UMLS:C0028866	DOID:11550
C0155115	DOID:11552
UMLS:C0155115	DOID:11552
C0544008	DOID:11554
UMLS:C0544008	DOID:11554
C0016781	DOID:11555
UMLS:C0016781	DOID:11555
C0155415	DOID:11557
UMLS:C0155415	DOID:11557
C0155418	DOID:11558
UMLS:C0155418	DOID:11558
C0033802	DOID:1156
UMLS:C0033802	DOID:1156
C0157852	DOID:1156
UMLS:C0157852	DOID:1156
C0152132	DOID:11561
UMLS:C0152132	DOID:11561
C0152026	DOID:11563
UMLS:C0152026	DOID:11563
C0027821	DOID:11569
UMLS:C0027821	DOID:11569
C0025293	DOID:11572
UMLS:C0025293	DOID:11572
C0023860	DOID:11573
UMLS:C0023860	DOID:11573
C0154639	DOID:11574
UMLS:C0154639	DOID:11574
C0392548	DOID:11577
UMLS:C0392548	DOID:11577
C0155080	DOID:11581
UMLS:C0155080	DOID:11581
C0013364	DOID:11589
UMLS:C0013364	DOID:11589
C0013396	DOID:1159
UMLS:C0013396	DOID:1159
C0496828	DOID:11593
UMLS:C0496828	DOID:11593
C0155363	DOID:11594
UMLS:C0155363	DOID:11594
C0155359	DOID:11595
UMLS:C0155359	DOID:11595
C0038994	DOID:11599
UMLS:C0038994	DOID:11599
C0346609	DOID:116
UMLS:C0346609	DOID:116
C0349574	DOID:116
UMLS:C0349574	DOID:116
C1449721	DOID:11603
UMLS:C1449721	DOID:11603
C0085438	DOID:11608
UMLS:C0085438	DOID:11608
C0032460	DOID:11612
UMLS:C0032460	DOID:11612
C0206081	DOID:11613
UMLS:C0206081	DOID:11613
C0153600	DOID:11615
UMLS:C0153600	DOID:11615
C0153601	DOID:11615
UMLS:C0153601	DOID:11615
C0011407	DOID:11623
UMLS:C0011407	DOID:11623
C0030849	DOID:11624
UMLS:C0030849	DOID:11624
C1456255	DOID:11629
UMLS:C1456255	DOID:11629
C2940786	DOID:11633
UMLS:C2940786	DOID:11633
C0027145	DOID:11634
UMLS:C0027145	DOID:11634
C0152196	DOID:11637
UMLS:C0152196	DOID:11637
C0033075	DOID:11638
UMLS:C0033075	DOID:11638
C0162280	DOID:11653
UMLS:C0162280	DOID:11653
C0030804	DOID:11656
UMLS:C0030804	DOID:11656
C0157721	DOID:11656
UMLS:C0157721	DOID:11656
C0085574	DOID:1166
UMLS:C0085574	DOID:1166
C0158178	DOID:1166
UMLS:C0158178	DOID:1166
C0155017	DOID:11661
UMLS:C0155017	DOID:11661
C0027719	DOID:11664
UMLS:C0027719	DOID:11664
C0152095	DOID:11665
UMLS:C0152095	DOID:11665
C0155212	DOID:11668
UMLS:C0155212	DOID:11668
C0155213	DOID:11669
UMLS:C0155213	DOID:11669
C0155214	DOID:11671
UMLS:C0155214	DOID:11671
C0029001	DOID:11678
UMLS:C0029001	DOID:11678
C0020473	DOID:1168
UMLS:C0020473	DOID:1168
C0020476	DOID:1168
UMLS:C0020476	DOID:1168
C1321683	DOID:11684
UMLS:C1321683	DOID:11684
C0376117	DOID:11685
UMLS:C0376117	DOID:11685
C0155934	DOID:11693
UMLS:C0155934	DOID:11693
C0155773	DOID:11695
UMLS:C0155773	DOID:11695
C0018809	DOID:117
UMLS:C0018809	DOID:117
C0153500	DOID:117
UMLS:C0153500	DOID:117
C0162538	DOID:11701
UMLS:C0162538	DOID:11701
C0013374	DOID:11702
UMLS:C0013374	DOID:11702
C0020481	DOID:1171
UMLS:C0020481	DOID:1171
C0011859	DOID:11712
UMLS:C0011859	DOID:11712
C0011871	DOID:11713
UMLS:C0011871	DOID:11713
C0011875	DOID:11713
UMLS:C0011875	DOID:11713
C0085207	DOID:11714
UMLS:C0085207	DOID:11714
C0362046	DOID:11716
UMLS:C0362046	DOID:11716
C0158981	DOID:11717
UMLS:C0158981	DOID:11717
C0154540	DOID:11718
UMLS:C0154540	DOID:11718
C0270952	DOID:11719
UMLS:C0270952	DOID:11719
C0020480	DOID:1172
UMLS:C0020480	DOID:1172
C0751336	DOID:11720
UMLS:C0751336	DOID:11720
C0017926	DOID:11721
UMLS:C0017926	DOID:11721
C0027126	DOID:11722
UMLS:C0027126	DOID:11722
C0013264	DOID:11723
UMLS:C0013264	DOID:11723
C0686353	DOID:11724
UMLS:C0686353	DOID:11724
C0270972	DOID:11725
UMLS:C0270972	DOID:11725
C0410189	DOID:11726
UMLS:C0410189	DOID:11726
C0238288	DOID:11727
UMLS:C0238288	DOID:11727
C0024198	DOID:11729
UMLS:C0024198	DOID:11729
C0752235	DOID:11729
UMLS:C0752235	DOID:11729
C0341004	DOID:11736
UMLS:C0341004	DOID:11736
C0153581	DOID:11746
UMLS:C0153581	DOID:11746
C0153577	DOID:11747
UMLS:C0153577	DOID:11747
C0153584	DOID:11747
UMLS:C0153584	DOID:11747
C0346867	DOID:11748
UMLS:C0346867	DOID:11748
C0275742	DOID:11750
UMLS:C0275742	DOID:11750
C0154773	DOID:11752
UMLS:C0154773	DOID:11752
C0271001	DOID:11754
UMLS:C0271001	DOID:11754
C0701818	DOID:11755
UMLS:C0701818	DOID:11755
C0029810	DOID:11758
UMLS:C0029810	DOID:11758
C0002884	DOID:11759
UMLS:C0002884	DOID:11759
C0006261	DOID:1176
UMLS:C0006261	DOID:1176
C0158444	DOID:11760
UMLS:C0158444	DOID:11760
C0154788	DOID:11766
UMLS:C0154788	DOID:11766
C0271384	DOID:11771
UMLS:C0271384	DOID:11771
C0152458	DOID:11772
UMLS:C0152458	DOID:11772
C0154789	DOID:11776
UMLS:C0154789	DOID:11776
C0152193	DOID:11781
UMLS:C0152193	DOID:11781
C0004106	DOID:11782
UMLS:C0004106	DOID:11782
C0155488	DOID:11783
UMLS:C0155488	DOID:11783
C1260402	DOID:11786
UMLS:C1260402	DOID:11786
C0398661	DOID:11787
UMLS:C0398661	DOID:11787
C0155102	DOID:11793
UMLS:C0155102	DOID:11793
C0155836	DOID:11797
UMLS:C0155836	DOID:11797
C0031039	DOID:118
UMLS:C0031039	DOID:118
C0033677	DOID:11801
UMLS:C0033677	DOID:11801
C0153613	DOID:11809
UMLS:C0153613	DOID:11809
C0153612	DOID:11811
UMLS:C0153612	DOID:11811
C0349666	DOID:11812
UMLS:C0349666	DOID:11812
C0496826	DOID:11813
UMLS:C0496826	DOID:11813
C0153611	DOID:11814
UMLS:C0153611	DOID:11814
C0155366	DOID:11816
UMLS:C0155366	DOID:11816
C0153615	DOID:11817
UMLS:C0153615	DOID:11817
C0153614	DOID:11818
UMLS:C0153614	DOID:11818
C0153619	DOID:11819
UMLS:C0153619	DOID:11819
C0496827	DOID:11820
UMLS:C0496827	DOID:11820
C1332561	DOID:11821
UMLS:C1332561	DOID:11821
C0019212	DOID:11823
UMLS:C0019212	DOID:11823
C0311284	DOID:11824
UMLS:C0311284	DOID:11824
C0154778	DOID:11829
UMLS:C0154778	DOID:11829
C0027092	DOID:11830
UMLS:C0027092	DOID:11830
C0155320	DOID:11831
UMLS:C0155320	DOID:11831
C0270824	DOID:11832
UMLS:C0270824	DOID:11832
C0009081	DOID:11836
UMLS:C0009081	DOID:11836
C0238352	DOID:11838
UMLS:C0238352	DOID:11838
C0153599	DOID:11839
UMLS:C0153599	DOID:11839
C0027726	DOID:1184
UMLS:C0027726	DOID:1184
C0010073	DOID:11840
UMLS:C0010073	DOID:11840
C0158623	DOID:11843
UMLS:C0158623	DOID:11843
C0010072	DOID:11847
UMLS:C0010072	DOID:11847
C0155000	DOID:11850
UMLS:C0155000	DOID:11850
C0021192	DOID:11851
UMLS:C0021192	DOID:11851
C0152206	DOID:11853
UMLS:C0152206	DOID:11853
C0339394	DOID:11864
UMLS:C0339394	DOID:11864
C0751932	DOID:1187
UMLS:C0751932	DOID:1187
C0236642	DOID:11870
UMLS:C0236642	DOID:11870
C0155076	DOID:11871
UMLS:C0155076	DOID:11871
C0155019	DOID:11874
UMLS:C0155019	DOID:11874
C0038364	DOID:11875
UMLS:C0038364	DOID:11875
C0494491	DOID:1188
UMLS:C0494491	DOID:1188
C0041955	DOID:11885
UMLS:C0041955	DOID:11885
C1336875	DOID:11887
UMLS:C1336875	DOID:11887
C1336877	DOID:11888
UMLS:C1336877	DOID:11888
C0024621	DOID:11889
UMLS:C0024621	DOID:11889
C0042237	DOID:119
UMLS:C0042237	DOID:119
C0042258	DOID:119
UMLS:C0042258	DOID:119
C0496814	DOID:11905
UMLS:C0496814	DOID:11905
C0013568	DOID:11907
UMLS:C0013568	DOID:11907
C0152020	DOID:11914
UMLS:C0152020	DOID:11914
C0011638	DOID:11917
UMLS:C0011638	DOID:11917
C0031118	DOID:1192
UMLS:C0031118	DOID:1192
C0206727	DOID:1192
UMLS:C0206727	DOID:1192
C0153489	DOID:11920
UMLS:C0153489	DOID:11920
C0018671	DOID:11934
UMLS:C0018671	DOID:11934
C0022336	DOID:11949
UMLS:C0022336	DOID:11949
C0238309	DOID:1195
UMLS:C0238309	DOID:1195
C0014868	DOID:11963
UMLS:C0014868	DOID:11963
C0156409	DOID:11968
UMLS:C0156409	DOID:11968
C0039093	DOID:11971
UMLS:C0039093	DOID:11971
C0155299	DOID:11975
UMLS:C0155299	DOID:11975
C0006057	DOID:11976
UMLS:C0006057	DOID:11976
C0028756	DOID:11981
UMLS:C0028756	DOID:11981
C0032897	DOID:11983
UMLS:C0032897	DOID:11983
C0007194	DOID:11984
UMLS:C0007194	DOID:11984
C0155162	DOID:11988
UMLS:C0155162	DOID:11988
C0152941	DOID:11990
UMLS:C0152941	DOID:11990
C0029455	DOID:11991
UMLS:C0029455	DOID:11991
C0156312	DOID:11994
UMLS:C0156312	DOID:11994
C0037856	DOID:11996
UMLS:C0037856	DOID:11996
C0037859	DOID:11997
UMLS:C0037859	DOID:11997
C0017416	DOID:120
UMLS:C0017416	DOID:120
C0153585	DOID:120
UMLS:C0153585	DOID:120
C0699889	DOID:120
UMLS:C0699889	DOID:120
C1336773	DOID:12001
UMLS:C1336773	DOID:12001
C1336774	DOID:12002
UMLS:C1336774	DOID:12002
C0345946	DOID:12003
UMLS:C0345946	DOID:12003
C1263897	DOID:1201
UMLS:C1263897	DOID:1201
C0155305	DOID:12010
UMLS:C0155305	DOID:12010
C0153635	DOID:12016
UMLS:C0153635	DOID:12016
C1263886	DOID:12016
UMLS:C1263886	DOID:12016
C1384514	DOID:12028
UMLS:C1384514	DOID:12028
C0029077	DOID:12029
UMLS:C0029077	DOID:12029
C0154325	DOID:1203
UMLS:C0154325	DOID:1203
C0030343	DOID:12030
UMLS:C0030343	DOID:12030
C0270204	DOID:12043
UMLS:C0270204	DOID:12043
C0020517	DOID:1205
UMLS:C0020517	DOID:1205
C0010414	DOID:12053
UMLS:C0010414	DOID:12053
C0154648	DOID:12055
UMLS:C0154648	DOID:12055
C0035372	DOID:1206
UMLS:C0035372	DOID:1206
C1334674	DOID:12064
UMLS:C1334674	DOID:12064
C1135229	DOID:12070
UMLS:C1135229	DOID:12070
C0152163	DOID:12072
UMLS:C0152163	DOID:12072
C0158007	DOID:12084
UMLS:C0158007	DOID:12084
C0155095	DOID:12087
UMLS:C0155095	DOID:12087
C0155302	DOID:1209
UMLS:C0155302	DOID:1209
C0152062	DOID:12096
UMLS:C0152062	DOID:12096
C0040997	DOID:12098
UMLS:C0040997	DOID:12098
C0042251	DOID:121
UMLS:C0042251	DOID:121
C0029134	DOID:1210
UMLS:C0029134	DOID:1210
C0021396	DOID:12105
UMLS:C0021396	DOID:12105
C0344289	DOID:12108
UMLS:C0344289	DOID:12108
C0155912	DOID:12117
UMLS:C0155912	DOID:12117
C0020807	DOID:12118
UMLS:C0020807	DOID:12118
C0019114	DOID:12119
UMLS:C0019114	DOID:12119
C0034050	DOID:12120
UMLS:C0034050	DOID:12120
C0175999	DOID:12123
UMLS:C0175999	DOID:12123
C0155351	DOID:12124
UMLS:C0155351	DOID:12124
C0155084	DOID:12125
UMLS:C0155084	DOID:12125
C0031873	DOID:12128
UMLS:C0031873	DOID:12128
C0006370	DOID:12129
UMLS:C0006370	DOID:12129
C3495801	DOID:12132
UMLS:C3495801	DOID:12132
C0019069	DOID:12134
UMLS:C0019069	DOID:12134
C0013415	DOID:12139
UMLS:C0013415	DOID:12139
C0155477	DOID:1214
UMLS:C0155477	DOID:1214
C0041234	DOID:12140
UMLS:C0041234	DOID:12140
C0005697	DOID:12143
UMLS:C0005697	DOID:12143
C0489967	DOID:12144
UMLS:C0489967	DOID:12144
C0341747	DOID:12145
UMLS:C0341747	DOID:12145
C0152069	DOID:12148
UMLS:C0152069	DOID:12148
C0024266	DOID:12155
UMLS:C0024266	DOID:12155
C0003708	DOID:12156
UMLS:C0003708	DOID:12156
C0025290	DOID:12157
UMLS:C0025290	DOID:12157
C1320640	DOID:12161
UMLS:C1320640	DOID:12161
C0154858	DOID:12162
UMLS:C0154858	DOID:12162
C0154857	DOID:12163
UMLS:C0154857	DOID:12163
C0154855	DOID:12164
UMLS:C0154855	DOID:12164
C0154856	DOID:12165
UMLS:C0154856	DOID:12165
C0154854	DOID:12166
UMLS:C0154854	DOID:12166
C0154859	DOID:12167
UMLS:C0154859	DOID:12167
C1288279	DOID:12168
UMLS:C1288279	DOID:12168
C0007286	DOID:12169
UMLS:C0007286	DOID:12169
C0015655	DOID:1217
UMLS:C0015655	DOID:1217
C0154744	DOID:12170
UMLS:C0154744	DOID:12170
C0748226	DOID:12171
UMLS:C0748226	DOID:12171
C0152077	DOID:12175
UMLS:C0152077	DOID:12175
C0018021	DOID:12176
UMLS:C0018021	DOID:12176
C0009447	DOID:12177
UMLS:C0009447	DOID:12177
C0546826	DOID:12179
UMLS:C0546826	DOID:12179
C0013514	DOID:1218
UMLS:C0013514	DOID:1218
C0029696	DOID:12185
UMLS:C0029696	DOID:12185
C0012102	DOID:1219
UMLS:C0012102	DOID:1219
C0153435	DOID:12190
UMLS:C0153435	DOID:12190
C0153440	DOID:12191
UMLS:C0153440	DOID:12191
C0153436	DOID:12192
UMLS:C0153436	DOID:12192
C0155074	DOID:12196
UMLS:C0155074	DOID:12196
C0259799	DOID:12197
UMLS:C0259799	DOID:12197
C0011311	DOID:12205
UMLS:C0011311	DOID:12205
C0019100	DOID:12206
UMLS:C0019100	DOID:12206
C0013884	DOID:12211
UMLS:C0013884	DOID:12211
C0079924	DOID:12215
UMLS:C0079924	DOID:12215
C0752347	DOID:12217
UMLS:C0752347	DOID:12217
C0007302	DOID:1222
UMLS:C0007302	DOID:1222
C0878705	DOID:12225
UMLS:C0878705	DOID:12225
C0267183	DOID:12234
UMLS:C0267183	DOID:12234
C0008312	DOID:12236
UMLS:C0008312	DOID:12236
C0023892	DOID:12236
UMLS:C0023892	DOID:12236
C0005403	DOID:12237
UMLS:C0005403	DOID:12237
C1412037	DOID:12239
UMLS:C1412037	DOID:12239
C0005283	DOID:12241
UMLS:C0005283	DOID:12241
C0153277	DOID:12246
UMLS:C0153277	DOID:12246
C0349644	DOID:12253
UMLS:C0349644	DOID:12253
C0154206	DOID:12257
UMLS:C0154206	DOID:12257
C0008533	DOID:12259
UMLS:C0008533	DOID:12259
C0156328	DOID:12265
UMLS:C0156328	DOID:12265
C0027947	DOID:1227
UMLS:C0027947	DOID:1227
C0009363	DOID:12270
UMLS:C0009363	DOID:12270
C0003076	DOID:12271
UMLS:C0003076	DOID:12271
C0003081	DOID:12273
UMLS:C0003081	DOID:12273
C0012555	DOID:12275
UMLS:C0012555	DOID:12275
C0153595	DOID:12276
UMLS:C0153595	DOID:12276
C0265066	DOID:12282
UMLS:C0265066	DOID:12282
C1336711	DOID:12286
UMLS:C1336711	DOID:12286
C0019099	DOID:12287
UMLS:C0019099	DOID:12287
C0036349	DOID:1229
UMLS:C0036349	DOID:1229
C0270398	DOID:1229
UMLS:C0270398	DOID:1229
C0154437	DOID:12294
UMLS:C0154437	DOID:12294
C0042170	DOID:12297
UMLS:C0042170	DOID:12297
C0546835	DOID:12298
UMLS:C0546835	DOID:12298
C0155163	DOID:12304
UMLS:C0155163	DOID:12304
C0021171	DOID:12305
UMLS:C0021171	DOID:12305
C0042900	DOID:12306
UMLS:C0042900	DOID:12306
C0155104	DOID:12307
UMLS:C0155104	DOID:12307
C0022350	DOID:12308
UMLS:C0022350	DOID:12308
C0042111	DOID:12309
UMLS:C0042111	DOID:12309
C0155105	DOID:12311
UMLS:C0155105	DOID:12311
C0018179	DOID:12318
UMLS:C0018179	DOID:12318
C0694548	DOID:12323
UMLS:C0694548	DOID:12323
C0152102	DOID:12325
UMLS:C0152102	DOID:12325
C0155673	DOID:12326
UMLS:C0155673	DOID:12326
C0086588	DOID:12328
UMLS:C0086588	DOID:12328
C0040774	DOID:1233
UMLS:C0040774	DOID:1233
C0018931	DOID:12332
UMLS:C0018931	DOID:12332
C0156316	DOID:12333
UMLS:C0156316	DOID:12333
C0042374	DOID:12335
UMLS:C0042374	DOID:12335
C0021364	DOID:12336
UMLS:C0021364	DOID:12336
C0042341	DOID:12337
UMLS:C0042341	DOID:12337
C1335779	DOID:12339
UMLS:C1335779	DOID:12339
C0040630	DOID:1234
UMLS:C0040630	DOID:1234
C0236802	DOID:1234
UMLS:C0236802	DOID:1234
C0585129	DOID:12341
UMLS:C0585129	DOID:12341
C0948749	DOID:12342
UMLS:C0948749	DOID:12342
C0029434	DOID:12347
UMLS:C0029434	DOID:12347
C0154782	DOID:12349
UMLS:C0154782	DOID:12349
C0015957	DOID:1235
UMLS:C0015957	DOID:1235
C0001306	DOID:12351
UMLS:C0001306	DOID:12351
C0156291	DOID:12355
UMLS:C0156291	DOID:12355
C0155508	DOID:12357
UMLS:C0155508	DOID:12357
C0155434	DOID:12358
UMLS:C0155434	DOID:12358
C0155264	DOID:12359
UMLS:C0155264	DOID:12359
C0155272	DOID:12360
UMLS:C0155272	DOID:12360
C0018213	DOID:12361
UMLS:C0018213	DOID:12361
C0155265	DOID:12362
UMLS:C0155265	DOID:12362
C0155270	DOID:12363
UMLS:C0155270	DOID:12363
C0155271	DOID:12364
UMLS:C0155271	DOID:12364
C0024530	DOID:12365
UMLS:C0024530	DOID:12365
C0238502	DOID:12369
UMLS:C0238502	DOID:12369
C0155118	DOID:1237
UMLS:C0155118	DOID:1237
C0006285	DOID:12375
UMLS:C0006285	DOID:12375
C0152109	DOID:12376
UMLS:C0152109	DOID:12376
C0026847	DOID:12377
UMLS:C0026847	DOID:12377
C0085417	DOID:12382
UMLS:C0085417	DOID:12382
C0013369	DOID:12384
UMLS:C0013369	DOID:12384
C0013371	DOID:12385
UMLS:C0013371	DOID:12385
C0302358	DOID:12385
UMLS:C0302358	DOID:12385
C0302359	DOID:12385
UMLS:C0302359	DOID:12385
C0302360	DOID:12385
UMLS:C0302360	DOID:12385
C0004692	DOID:12386
UMLS:C0004692	DOID:12386
C0162283	DOID:12387
UMLS:C0162283	DOID:12387
C0687720	DOID:12388
UMLS:C0687720	DOID:12388
C0155190	DOID:12395
UMLS:C0155190	DOID:12395
C0014390	DOID:12397
UMLS:C0014390	DOID:12397
C0030662	DOID:12399
UMLS:C0030662	DOID:12399
C0023418	DOID:1240
UMLS:C0023418	DOID:1240
C0022734	DOID:12400
UMLS:C0022734	DOID:12400
C0021776	DOID:12401
UMLS:C0021776	DOID:12401
C0152183	DOID:12401
UMLS:C0152183	DOID:12401
C0016142	DOID:12402
UMLS:C0016142	DOID:12402
C0040259	DOID:12403
UMLS:C0040259	DOID:12403
C0154806	DOID:1241
UMLS:C0154806	DOID:1241
C0154780	DOID:1242
UMLS:C0154780	DOID:1242
C0701822	DOID:12424
UMLS:C0701822	DOID:12424
C0496815	DOID:1243
UMLS:C0496815	DOID:1243
C0702143	DOID:12445
UMLS:C0702143	DOID:12445
C0002874	DOID:12449
UMLS:C0002874	DOID:12449
C0042995	DOID:1245
UMLS:C0042995	DOID:1245
C0375071	DOID:1245
UMLS:C0375071	DOID:1245
C0030312	DOID:12450
UMLS:C0030312	DOID:12450
C0038732	DOID:12451
UMLS:C0038732	DOID:12451
C0271847	DOID:12465
UMLS:C0271847	DOID:12465
C0020503	DOID:12466
UMLS:C0020503	DOID:12466
C0005779	DOID:1247
UMLS:C0005779	DOID:1247
C0006897	DOID:12474
UMLS:C0006897	DOID:12474
C0158314	DOID:12475
UMLS:C0158314	DOID:12475
C0155169	DOID:1248
UMLS:C0155169	DOID:1248
C0152179	DOID:12491
UMLS:C0152179	DOID:12491
C1336939	DOID:125
UMLS:C1336939	DOID:125
C0376175	DOID:12506
UMLS:C0376175	DOID:12506
C0152814	DOID:1251
UMLS:C0152814	DOID:1251
C0162291	DOID:12510
UMLS:C0162291	DOID:12510
C0035321	DOID:12514
UMLS:C0035321	DOID:12514
C0040954	DOID:1252
UMLS:C0040954	DOID:1252
C0004681	DOID:12522
UMLS:C0004681	DOID:12522
C0154752	DOID:12524
UMLS:C0154752	DOID:12524
C0039319	DOID:12526
UMLS:C0039319	DOID:12526
C0270909	DOID:12527
UMLS:C0270909	DOID:12527
C0154748	DOID:12528
UMLS:C0154748	DOID:12528
C0154751	DOID:12529
UMLS:C0154751	DOID:12529
C0042974	DOID:12531
UMLS:C0042974	DOID:12531
C0158295	DOID:12537
UMLS:C0158295	DOID:12537
C0040948	DOID:1254
UMLS:C0040948	DOID:1254
C0155471	DOID:12546
UMLS:C0155471	DOID:12546
C0019159	DOID:12549
UMLS:C0019159	DOID:12549
C0040947	DOID:1255
UMLS:C0040947	DOID:1255
C0019147	DOID:12550
UMLS:C0019147	DOID:12550
C0019061	DOID:12554
UMLS:C0019061	DOID:12554
C0022672	DOID:12556
UMLS:C0022672	DOID:12556
C0013261	DOID:12557
UMLS:C0013261	DOID:12557
C0162674	DOID:12558
UMLS:C0162674	DOID:12558
C0158447	DOID:12559
UMLS:C0158447	DOID:12559
C0156340	DOID:12566
UMLS:C0156340	DOID:12566
C0152137	DOID:12570
UMLS:C0152137	DOID:12570
C0271142	DOID:12571
UMLS:C0271142	DOID:12571
C0158983	DOID:12573
UMLS:C0158983	DOID:12573
C0042167	DOID:12574
UMLS:C0042167	DOID:12574
C0041972	DOID:12577
UMLS:C0041972	DOID:12577
C0010314	DOID:12580
UMLS:C0010314	DOID:12580
C0263962	DOID:12581
UMLS:C0263962	DOID:12581
C0220704	DOID:12583
UMLS:C0220704	DOID:12583
C0178426	DOID:12594
UMLS:C0178426	DOID:12594
C0030455	DOID:1260
UMLS:C0030455	DOID:1260
C0085669	DOID:12603
UMLS:C0085669	DOID:12603
C1378511	DOID:12603
UMLS:C1378511	DOID:12603
C1456251	DOID:12637
UMLS:C1456251	DOID:12637
C0700639	DOID:12638
UMLS:C0700639	DOID:12638
C0034194	DOID:12639
UMLS:C0034194	DOID:12639
C0158674	DOID:12641
UMLS:C0158674	DOID:12641
C0267725	DOID:12642
UMLS:C0267725	DOID:12642
C0376710	DOID:12642
UMLS:C0376710	DOID:12642
C3489393	DOID:12642
UMLS:C3489393	DOID:12642
C0001163	DOID:12657
UMLS:C0001163	DOID:12657
C0155930	DOID:12661
UMLS:C0155930	DOID:12661
C0030409	DOID:12662
UMLS:C0030409	DOID:12662
C0005716	DOID:12663
UMLS:C0005716	DOID:12663
C0005461	DOID:12667
UMLS:C0005461	DOID:12667
C0155010	DOID:12668
UMLS:C0155010	DOID:12668
C0020437	DOID:12678
UMLS:C0020437	DOID:12678
C0027709	DOID:12679
UMLS:C0027709	DOID:12679
C0033790	DOID:12680
UMLS:C0033790	DOID:12680
C0751908	DOID:12683
UMLS:C0751908	DOID:12683
C0236827	DOID:12685
UMLS:C0236827	DOID:12685
C0027859	DOID:12689
UMLS:C0027859	DOID:12689
C0023944	DOID:12697
UMLS:C0023944	DOID:12697
C0018418	DOID:12698
UMLS:C0018418	DOID:12698
C0023267	DOID:127
UMLS:C0023267	DOID:127
C0039445	DOID:1270
UMLS:C0039445	DOID:1270
C0008043	DOID:12700
UMLS:C0008043	DOID:12700
C0020514	DOID:12700
UMLS:C0020514	DOID:12700
C0004135	DOID:12704
UMLS:C0004135	DOID:12704
C0016719	DOID:12705
UMLS:C0016719	DOID:12705
C0007761	DOID:12707
UMLS:C0007761	DOID:12707
C0155765	DOID:1271
UMLS:C0155765	DOID:1271
C0031898	DOID:12711
UMLS:C0031898	DOID:12711
C0153249	DOID:12711
UMLS:C0153249	DOID:12711
C0687120	DOID:12712
UMLS:C0687120	DOID:12712
C0013903	DOID:12714
UMLS:C0013903	DOID:12714
C0020192	DOID:12716
UMLS:C0020192	DOID:12716
C0153208	DOID:12718
UMLS:C0153208	DOID:12718
C0039446	DOID:1272
UMLS:C0039446	DOID:1272
C0007775	DOID:12720
UMLS:C0007775	DOID:12720
C0026760	DOID:12721
UMLS:C0026760	DOID:12721
C0035235	DOID:1273
UMLS:C0035235	DOID:1273
C0030593	DOID:12731
UMLS:C0030593	DOID:12731
C0042166	DOID:12732
UMLS:C0042166	DOID:12732
C0020441	DOID:12733
UMLS:C0020441	DOID:12733
C0495094	DOID:12735
UMLS:C0495094	DOID:12735
C0343398	DOID:12750
UMLS:C0343398	DOID:12750
C0152440	DOID:12753
UMLS:C0152440	DOID:12753
C0153631	DOID:12756
UMLS:C0153631	DOID:12756
C0008523	DOID:12759
UMLS:C0008523	DOID:12759
C0153630	DOID:12759
UMLS:C0153630	DOID:12759
C0040381	DOID:1278
UMLS:C0040381	DOID:1278
C0155196	DOID:12782
UMLS:C0155196	DOID:12782
C0338480	DOID:12783
UMLS:C0338480	DOID:12783
C0271680	DOID:12785
UMLS:C0271680	DOID:12785
C0028850	DOID:1279
UMLS:C0028850	DOID:1279
C0018526	DOID:12797
UMLS:C0018526	DOID:12797
C0026703	DOID:12798
UMLS:C0026703	DOID:12798
C0026705	DOID:12799
UMLS:C0026705	DOID:12799
C0026709	DOID:12800
UMLS:C0026709	DOID:12800
C0026706	DOID:12801
UMLS:C0026706	DOID:12801
C0023786	DOID:12802
UMLS:C0023786	DOID:12802
C0085132	DOID:12803
UMLS:C0085132	DOID:12803
C0026707	DOID:12804
UMLS:C0026707	DOID:12804
C1300133	DOID:12809
UMLS:C1300133	DOID:12809
C0205792	DOID:1283
UMLS:C0205792	DOID:1283
C0034372	DOID:12835
UMLS:C0034372	DOID:12835
C0155188	DOID:12836
UMLS:C0155188	DOID:12836
C0040127	DOID:12837
UMLS:C0040127	DOID:12837
C0029801	DOID:1284
UMLS:C0029801	DOID:1284
C0002831	DOID:12841
UMLS:C0002831	DOID:12841
C0018378	DOID:12842
UMLS:C0018378	DOID:12842
C0004352	DOID:12849
UMLS:C0004352	DOID:12849
C0034882	DOID:1285
UMLS:C0034882	DOID:1285
C0149846	DOID:12857
UMLS:C0149846	DOID:12857
C0020179	DOID:12858
UMLS:C0020179	DOID:12858
C0007222	DOID:1287
UMLS:C0007222	DOID:1287
C0020604	DOID:12883
UMLS:C0020604	DOID:12883
C0393799	DOID:12889
UMLS:C0393799	DOID:12889
C0524851	DOID:1289
UMLS:C0524851	DOID:1289
C1285162	DOID:1289
UMLS:C1285162	DOID:1289
C0086981	DOID:12894
UMLS:C0086981	DOID:12894
C1527336	DOID:12894
UMLS:C1527336	DOID:12894
C0022575	DOID:12895
UMLS:C0022575	DOID:12895
C0038557	DOID:12897
UMLS:C0038557	DOID:12897
C0266995	DOID:12899
UMLS:C0266995	DOID:12899
C0026103	DOID:12900
UMLS:C0026103	DOID:12900
C0037033	DOID:12901
UMLS:C0037033	DOID:12901
C0026686	DOID:12904
UMLS:C0026686	DOID:12904
C0036091	DOID:12905
UMLS:C0036091	DOID:12905
C0040021	DOID:12918
UMLS:C0040021	DOID:12918
C0152072	DOID:12919
UMLS:C0152072	DOID:12919
C0020607	DOID:12926
UMLS:C0020607	DOID:12926
C0036465	DOID:12927
UMLS:C0036465	DOID:12927
C0014117	DOID:12929
UMLS:C0014117	DOID:12929
C1334357	DOID:1293
UMLS:C1334357	DOID:1293
C0007193	DOID:12930
UMLS:C0007193	DOID:12930
C0553980	DOID:12932
UMLS:C0553980	DOID:12932
C0022541	DOID:12934
UMLS:C0022541	DOID:12934
C0007192	DOID:12935
UMLS:C0007192	DOID:12935
C0677055	DOID:1294
UMLS:C0677055	DOID:1294
C0155197	DOID:12958
UMLS:C0155197	DOID:12958
C0152226	DOID:12959
UMLS:C0152226	DOID:12959
C1510455	DOID:12960
UMLS:C1510455	DOID:12960
C0032357	DOID:12961
UMLS:C0032357	DOID:12961
C1332884	DOID:12969
UMLS:C1332884	DOID:12969
C0037889	DOID:12971
UMLS:C0037889	DOID:12971
C0153831	DOID:12972
UMLS:C0153831	DOID:12972
C0024537	DOID:12978
UMLS:C0024537	DOID:12978
C1263901	DOID:12984
UMLS:C1263901	DOID:12984
C0282548	DOID:12986
UMLS:C0282548	DOID:12986
C0001824	DOID:12987
UMLS:C0001824	DOID:12987
C0149654	DOID:12995
UMLS:C0149654	DOID:12995
C0155237	DOID:12996
UMLS:C0155237	DOID:12996
C0155238	DOID:12997
UMLS:C0155238	DOID:12997
C0007282	DOID:13001
UMLS:C0007282	DOID:13001
C0038531	DOID:13002
UMLS:C0038531	DOID:13002
C0042568	DOID:13003
UMLS:C0042568	DOID:13003
C0153844	DOID:13005
UMLS:C0153844	DOID:13005
C0014493	DOID:13014
UMLS:C0014493	DOID:13014
C0035344	DOID:13025
UMLS:C0035344	DOID:13025
C0152066	DOID:13026
UMLS:C0152066	DOID:13026
C0338591	DOID:13027
UMLS:C0338591	DOID:13027
C0004691	DOID:13031
UMLS:C0004691	DOID:13031
C0004690	DOID:13033
UMLS:C0004690	DOID:13033
C0035021	DOID:13034
UMLS:C0035021	DOID:13034
C0152061	DOID:13035
UMLS:C0152061	DOID:13035
C0035022	DOID:13036
UMLS:C0035022	DOID:13036
C0155198	DOID:13037
UMLS:C0155198	DOID:13037
C0155199	DOID:13038
UMLS:C0155199	DOID:13038
C0031190	DOID:13042
UMLS:C0031190	DOID:13042
C0155807	DOID:13046
UMLS:C0155807	DOID:13046
C0156361	DOID:13050
UMLS:C0156361	DOID:13050
C0339594	DOID:13060
UMLS:C0339594	DOID:13060
C0035086	DOID:13068
UMLS:C0035086	DOID:13068
C0154319	DOID:1307
UMLS:C0154319	DOID:1307
C0022581	DOID:13072
UMLS:C0022581	DOID:13072
C0007644	DOID:13074
UMLS:C0007644	DOID:13074
C0024449	DOID:13078
UMLS:C0024449	DOID:13078
C0152084	DOID:13080
UMLS:C0152084	DOID:13080
C0685200	DOID:13081
UMLS:C0685200	DOID:13081
C0024054	DOID:13087
UMLS:C0024054	DOID:13087
C0023529	DOID:13088
UMLS:C0023529	DOID:13088
C0752138	DOID:13089
UMLS:C0752138	DOID:13089
C0006123	DOID:13094
UMLS:C0006123	DOID:13094
C0042560	DOID:13095
UMLS:C0042560	DOID:13095
C0282492	DOID:13096
UMLS:C0282492	DOID:13096
C0007771	DOID:13097
UMLS:C0007771	DOID:13097
C0007688	DOID:13098
UMLS:C0007688	DOID:13098
C0026654	DOID:13099
UMLS:C0026654	DOID:13099
C0751895	DOID:13100
UMLS:C0751895	DOID:13100
C1332560	DOID:13109
UMLS:C1332560	DOID:13109
C1511199	DOID:13110
UMLS:C1511199	DOID:13110
C0155189	DOID:13112
UMLS:C0155189	DOID:13112
C0155191	DOID:13113
UMLS:C0155191	DOID:13113
C0030578	DOID:13117
UMLS:C0030578	DOID:13117
C0017668	DOID:1312
UMLS:C0017668	DOID:1312
C0154290	DOID:13120
UMLS:C0154290	DOID:13120
C0153219	DOID:13127
UMLS:C0153219	DOID:13127
C0156669	DOID:13129
UMLS:C0156669	DOID:13129
C0162739	DOID:13133
UMLS:C0162739	DOID:13133
C0019919	DOID:13134
UMLS:C0019919	DOID:13134
C0152135	DOID:13135
UMLS:C0152135	DOID:13135
C0043116	DOID:13137
UMLS:C0043116	DOID:13137
C0341692	DOID:13138
UMLS:C0341692	DOID:13138
C0403416	DOID:13139
UMLS:C0403416	DOID:13139
C0042168	DOID:13140
UMLS:C0042168	DOID:13140
C0042164	DOID:13141
UMLS:C0042164	DOID:13141
C0155620	DOID:13143
UMLS:C0155620	DOID:13143
C0155621	DOID:13145
UMLS:C0155621	DOID:13145
C0239295	DOID:13146
UMLS:C0239295	DOID:13146
C0341109	DOID:13147
UMLS:C0341109	DOID:13147
C0149523	DOID:13148
UMLS:C0149523	DOID:13148
C0349551	DOID:13159
UMLS:C0349551	DOID:13159
C1331544	DOID:13160
UMLS:C1331544	DOID:13160
C0004031	DOID:13166
UMLS:C0004031	DOID:13166
C0153598	DOID:13168
UMLS:C0153598	DOID:13168
C0153603	DOID:13169
UMLS:C0153603	DOID:13169
C0155380	DOID:13174
UMLS:C0155380	DOID:13174
C0917875	DOID:13185
UMLS:C0917875	DOID:13185
C0025164	DOID:13186
UMLS:C0025164	DOID:13186
C0003868	DOID:13189
UMLS:C0003868	DOID:13189
C0018099	DOID:13189
UMLS:C0018099	DOID:13189
C0006118	DOID:1319
UMLS:C0006118	DOID:1319
C0153633	DOID:1319
UMLS:C0153633	DOID:1319
C0220624	DOID:1319
UMLS:C0220624	DOID:1319
C0750974	DOID:1319
UMLS:C0750974	DOID:1319
C0750979	DOID:1319
UMLS:C0750979	DOID:1319
C1334557	DOID:1319
UMLS:C1334557	DOID:1319
C0221777	DOID:13195
UMLS:C0221777	DOID:13195
C0271760	DOID:13196
UMLS:C0271760	DOID:13196
C0018023	DOID:13197
UMLS:C0018023	DOID:13197
C0018022	DOID:13198
UMLS:C0018022	DOID:13198
C0018024	DOID:13200
UMLS:C0018024	DOID:13200
C0748012	DOID:13206
UMLS:C0748012	DOID:13206
C0154830	DOID:13207
UMLS:C0154830	DOID:13207
C0004606	DOID:13208
UMLS:C0004606	DOID:13208
C0155704	DOID:13209
UMLS:C0155704	DOID:13209
C1261331	DOID:13214
UMLS:C1261331	DOID:13214
C0153993	DOID:13222
UMLS:C0153993	DOID:13222
C0042133	DOID:13223
UMLS:C0042133	DOID:13223
C0152944	DOID:13226
UMLS:C0152944	DOID:13226
C0154866	DOID:13227
UMLS:C0154866	DOID:13227
C0152063	DOID:13238
UMLS:C0152063	DOID:13238
C1456167	DOID:13239
UMLS:C1456167	DOID:13239
C0024624	DOID:1324
UMLS:C0024624	DOID:1324
C0153491	DOID:1324
UMLS:C0153491	DOID:1324
C0153492	DOID:1324
UMLS:C0153492	DOID:1324
C0153493	DOID:1324
UMLS:C0153493	DOID:1324
C0040451	DOID:13240
UMLS:C0040451	DOID:13240
C0004943	DOID:13241
UMLS:C0004943	DOID:13241
C0026684	DOID:13248
UMLS:C0026684	DOID:13248
C0032266	DOID:13249
UMLS:C0032266	DOID:13249
C0348343	DOID:1325
UMLS:C0348343	DOID:1325
C0013369	DOID:13250
UMLS:C0013369	DOID:13250
C0025472	DOID:13252
UMLS:C0025472	DOID:13252
C0012814	DOID:13254
UMLS:C0012814	DOID:13254
C0041466	DOID:13258
UMLS:C0041466	DOID:13258
C0032708	DOID:13268
UMLS:C0032708	DOID:13268
C0162531	DOID:13269
UMLS:C0162531	DOID:13269
C0162568	DOID:13270
UMLS:C0162568	DOID:13270
C0162530	DOID:13271
UMLS:C0162530	DOID:13271
C0035613	DOID:1328
UMLS:C0035613	DOID:1328
C0152724	DOID:13282
UMLS:C0152724	DOID:13282
C0155298	DOID:13295
UMLS:C0155298	DOID:13295
C1519926	DOID:133
UMLS:C1519926	DOID:133
C0036310	DOID:13300
UMLS:C0036310	DOID:13300
C0152954	DOID:13306
UMLS:C0152954	DOID:13306
C0152953	DOID:13310
UMLS:C0152953	DOID:13310
C1335310	DOID:13313
UMLS:C1335310	DOID:13313
C0267963	DOID:13316
UMLS:C0267963	DOID:13316
C0027773	DOID:13317
UMLS:C0027773	DOID:13317
C0155147	DOID:13326
UMLS:C0155147	DOID:13326
C0154941	DOID:13327
UMLS:C0154941	DOID:13327
C0011876	DOID:13328
UMLS:C0011876	DOID:13328
C0155303	DOID:13329
UMLS:C0155303	DOID:13329
C0392494	DOID:13333
UMLS:C0392494	DOID:13333
C0040560	DOID:13336
UMLS:C0040560	DOID:13336
C0155148	DOID:13341
UMLS:C0155148	DOID:13341
C0153486	DOID:13348
UMLS:C0153486	DOID:13348
C0030764	DOID:13351
UMLS:C0030764	DOID:13351
C0233880	DOID:13352
UMLS:C0233880	DOID:13352
C0155089	DOID:13353
UMLS:C0155089	DOID:13353
C0155193	DOID:13356
UMLS:C0155193	DOID:13356
C0008475	DOID:13357
UMLS:C0008475	DOID:13357
C0013720	DOID:13359
UMLS:C0013720	DOID:13359
C0154631	DOID:13365
UMLS:C0154631	DOID:13365
C0085292	DOID:13366
UMLS:C0085292	DOID:13366
C1279621	DOID:13368
UMLS:C1279621	DOID:13368
C0153246	DOID:13369
UMLS:C0153246	DOID:13369
C0036472	DOID:13371
UMLS:C0036472	DOID:13371
C0221757	DOID:13372
UMLS:C0221757	DOID:13372
C0016037	DOID:13374
UMLS:C0016037	DOID:13374
C0039483	DOID:13375
UMLS:C0039483	DOID:13375
C0026691	DOID:13378
UMLS:C0026691	DOID:13378
C0002876	DOID:1338
UMLS:C0002876	DOID:1338
C0002892	DOID:13381
UMLS:C0002892	DOID:13381
C0002888	DOID:13382
UMLS:C0002888	DOID:13382
C0152945	DOID:13386
UMLS:C0152945	DOID:13386
C1334356	DOID:13389
UMLS:C1334356	DOID:13389
C0242225	DOID:13399
UMLS:C0242225	DOID:13399
C1519921	DOID:134
UMLS:C1519921	DOID:134
C0034902	DOID:1340
UMLS:C0034902	DOID:1340
C0002982	DOID:13401
UMLS:C0002982	DOID:13401
C0036203	DOID:13402
UMLS:C0036203	DOID:13402
C0398676	DOID:13403
UMLS:C0398676	DOID:13403
C0042171	DOID:13404
UMLS:C0042171	DOID:13404
C0392077	DOID:13405
UMLS:C0392077	DOID:13405
C0036205	DOID:13406
UMLS:C0036205	DOID:13406
C1334067	DOID:13407
UMLS:C1334067	DOID:13407
C0156218	DOID:13409
UMLS:C0156218	DOID:13409
C0019151	DOID:13413
UMLS:C0019151	DOID:13413
C0002018	DOID:13417
UMLS:C0002018	DOID:13417
C0013388	DOID:13417
UMLS:C0013388	DOID:13417
C0695242	DOID:13419
UMLS:C0695242	DOID:13419
C0702159	DOID:1342
UMLS:C0702159	DOID:1342
C0949116	DOID:1342
UMLS:C0949116	DOID:1342
C0041976	DOID:1343
UMLS:C0041976	DOID:1343
C0311389	DOID:1343
UMLS:C0311389	DOID:1343
C0004945	DOID:13431
UMLS:C0004945	DOID:13431
C0017589	DOID:13444
UMLS:C0017589	DOID:13444
C0265098	DOID:13446
UMLS:C0265098	DOID:13446
C0155108	DOID:13447
UMLS:C0155108	DOID:13447
C0155106	DOID:13448
UMLS:C0155106	DOID:13448
C0009186	DOID:13450
UMLS:C0009186	DOID:13450
C0036416	DOID:13452
UMLS:C0036416	DOID:13452
C0153218	DOID:13453
UMLS:C0153218	DOID:13453
C0343714	DOID:13454
UMLS:C0343714	DOID:13454
C0375381	DOID:13461
UMLS:C0375381	DOID:13461
C0155156	DOID:13473
UMLS:C0155156	DOID:13473
C0155155	DOID:13474
UMLS:C0155155	DOID:13474
C0153484	DOID:13476
UMLS:C0153484	DOID:13476
C0152460	DOID:13477
UMLS:C0152460	DOID:13477
C0039743	DOID:13481
UMLS:C0039743	DOID:13481
C0085261	DOID:13482
UMLS:C0085261	DOID:13482
C0236791	DOID:13487
UMLS:C0236791	DOID:13487
C0155496	DOID:13490
UMLS:C0155496	DOID:13490
C0155498	DOID:13491
UMLS:C0155498	DOID:13491
C0155497	DOID:13492
UMLS:C0155497	DOID:13492
C0156279	DOID:13498
UMLS:C0156279	DOID:13498
C0153427	DOID:13499
UMLS:C0153427	DOID:13499
C1511106	DOID:135
UMLS:C1511106	DOID:135
C0030470	DOID:1350
UMLS:C0030470	DOID:1350
C0040414	DOID:13500
UMLS:C0040414	DOID:13500
C0221060	DOID:13501
UMLS:C0221060	DOID:13501
C1261278	DOID:13507
UMLS:C1261278	DOID:13507
C0339505	DOID:13514
UMLS:C0339505	DOID:13514
C0041341	DOID:13515
UMLS:C0041341	DOID:13515
C0030469	DOID:1352
UMLS:C0030469	DOID:1352
C0158948	DOID:13520
UMLS:C0158948	DOID:13520
C0343312	DOID:13521
UMLS:C0343312	DOID:13521
C0023968	DOID:13523
UMLS:C0023968	DOID:13523
C0029454	DOID:13533
UMLS:C0029454	DOID:13533
C0155506	DOID:13534
UMLS:C0155506	DOID:13534
C0346366	DOID:13538
UMLS:C0346366	DOID:13538
C0020502	DOID:13543
UMLS:C0020502	DOID:13543
C0152136	DOID:13544
UMLS:C0152136	DOID:13544
C0030569	DOID:13548
UMLS:C0030569	DOID:13548
C0154945	DOID:13549
UMLS:C0154945	DOID:13549
C1335339	DOID:1355
UMLS:C1335339	DOID:1355
C0017605	DOID:13550
UMLS:C0017605	DOID:13550
C0153995	DOID:13560
UMLS:C0153995	DOID:13560
C0029128	DOID:13561
UMLS:C0029128	DOID:13561
C0004030	DOID:13564
UMLS:C0004030	DOID:13564
C0752342	DOID:13565
UMLS:C0752342	DOID:13565
C0158315	DOID:13566
UMLS:C0158315	DOID:13566
C0153476	DOID:1357
UMLS:C0153476	DOID:1357
C0740487	DOID:1357
UMLS:C0740487	DOID:1357
C0154980	DOID:13574
UMLS:C0154980	DOID:13574
C1456268	DOID:13575
UMLS:C1456268	DOID:13575
C2909036	DOID:13576
UMLS:C2909036	DOID:13576
C0022806	DOID:13579
UMLS:C0022806	DOID:13579
C0024958	DOID:1358
UMLS:C0024958	DOID:1358
C0008370	DOID:13580
UMLS:C0008370	DOID:13580
C0013240	DOID:13585
UMLS:C0013240	DOID:13585
C0156416	DOID:13589
UMLS:C0156416	DOID:13589
C0013537	DOID:13593
UMLS:C0013537	DOID:13593
C1512974	DOID:136
UMLS:C1512974	DOID:136
C1519918	DOID:136
UMLS:C1519918	DOID:136
C1519924	DOID:136
UMLS:C1519924	DOID:136
C0153478	DOID:1360
UMLS:C0153478	DOID:1360
C0022354	DOID:13603
UMLS:C0022354	DOID:13603
C0005411	DOID:13608
UMLS:C0005411	DOID:13608
C0345672	DOID:1361
UMLS:C0345672	DOID:1361
C0005398	DOID:13619
UMLS:C0005398	DOID:13619
C1335342	DOID:1362
UMLS:C1335342	DOID:1362
C0016522	DOID:13620
UMLS:C0016522	DOID:13620
C0006818	DOID:13622
UMLS:C0006818	DOID:13622
C0155078	DOID:13626
UMLS:C0155078	DOID:13626
C0015702	DOID:13628
UMLS:C0015702	DOID:13628
C1456162	DOID:13629
UMLS:C1456162	DOID:13629
C0153477	DOID:1363
UMLS:C0153477	DOID:1363
C0015625	DOID:13636
UMLS:C0015625	DOID:13636
C0345668	DOID:1364
UMLS:C0345668	DOID:1364
C0206368	DOID:13641
UMLS:C0206368	DOID:13641
C0154759	DOID:13649
UMLS:C0154759	DOID:13649
C0155243	DOID:13651
UMLS:C0155243	DOID:13651
C0155244	DOID:13653
UMLS:C0155244	DOID:13653
C0155245	DOID:13654
UMLS:C0155245	DOID:13654
C0155248	DOID:13655
UMLS:C0155248	DOID:13655
C0000774	DOID:13656
UMLS:C0000774	DOID:13656
C0156282	DOID:13658
UMLS:C0156282	DOID:13658
C0400832	DOID:13662
UMLS:C0400832	DOID:13662
C0751101	DOID:13664
UMLS:C0751101	DOID:13664
C0155357	DOID:13676
UMLS:C0155357	DOID:13676
C0263859	DOID:13677
UMLS:C0263859	DOID:13677
C0156087	DOID:13687
UMLS:C0156087	DOID:13687
C0149525	DOID:13689
UMLS:C0149525	DOID:13689
C0153191	DOID:13690
UMLS:C0153191	DOID:13690
C0349502	DOID:13691
UMLS:C0349502	DOID:13691
C1336943	DOID:137
UMLS:C1336943	DOID:137
C0033038	DOID:13709
UMLS:C0033038	DOID:13709
C1336902	DOID:1371
UMLS:C1336902	DOID:1371
C0026618	DOID:13711
UMLS:C0026618	DOID:13711
C0399352	DOID:13714
UMLS:C0399352	DOID:13714
C0152257	DOID:13717
UMLS:C0152257	DOID:13717
C0752191	DOID:13722
UMLS:C0752191	DOID:13722
C0036474	DOID:13724
UMLS:C0036474	DOID:13724
C0005122	DOID:13725
UMLS:C0005122	DOID:13725
C4284031	DOID:1373
UMLS:C4284031	DOID:1373
C0155617	DOID:13731
UMLS:C0155617	DOID:13731
C0030332	DOID:13732
UMLS:C0030332	DOID:13732
C0269047	DOID:13736
UMLS:C0269047	DOID:13736
C0151731	DOID:13738
UMLS:C0151731	DOID:13738
C0156195	DOID:13739
UMLS:C0156195	DOID:13739
C1336047	DOID:13742
UMLS:C1336047	DOID:13742
C0347446	DOID:13743
UMLS:C0347446	DOID:13743
C0235815	DOID:1375
UMLS:C0235815	DOID:1375
C0155234	DOID:13756
UMLS:C0155234	DOID:13756
C0152227	DOID:13757
UMLS:C0152227	DOID:13757
C0030759	DOID:13760
UMLS:C0030759	DOID:13760
C0009021	DOID:13767
UMLS:C0009021	DOID:13767
C0029106	DOID:13768
UMLS:C0029106	DOID:13768
C0001403	DOID:13774
UMLS:C0001403	DOID:13774
C0042548	DOID:13775
UMLS:C0042548	DOID:13775
C0014522	DOID:13777
UMLS:C0014522	DOID:13777
C0007947	DOID:13778
UMLS:C0007947	DOID:13778
C0152093	DOID:13781
UMLS:C0152093	DOID:13781
C0155362	DOID:13787
UMLS:C0155362	DOID:13787
C0155361	DOID:13788
UMLS:C0155361	DOID:13788
C0155360	DOID:13789
UMLS:C0155360	DOID:13789
C0155460	DOID:13790
UMLS:C0155460	DOID:13790
C0155461	DOID:13791
UMLS:C0155461	DOID:13791
C0155353	DOID:13794
UMLS:C0155353	DOID:13794
C0153549	DOID:13799
UMLS:C0153549	DOID:13799
C1519931	DOID:138
UMLS:C1519931	DOID:138
C0007103	DOID:1380
UMLS:C0007103	DOID:1380
C0014170	DOID:1380
UMLS:C0014170	DOID:1380
C0009770	DOID:13800
UMLS:C0009770	DOID:13800
C0031351	DOID:13801
UMLS:C0031351	DOID:13801
C0020474	DOID:13809
UMLS:C0020474	DOID:13809
C0016632	DOID:1381
UMLS:C0016632	DOID:1381
C0020445	DOID:13810
UMLS:C0020445	DOID:13810
C0156370	DOID:13811
UMLS:C0156370	DOID:13811
C0241593	DOID:13812
UMLS:C0241593	DOID:13812
C0152181	DOID:13814
UMLS:C0152181	DOID:13814
C0024286	DOID:13819
UMLS:C0024286	DOID:13819
C0026113	DOID:1382
UMLS:C0026113	DOID:1382
C0039613	DOID:13822
UMLS:C0039613	DOID:13822
C0155183	DOID:13823
UMLS:C0155183	DOID:13823
C0155174	DOID:13825
UMLS:C0155174	DOID:13825
C0038986	DOID:1383
UMLS:C0038986	DOID:1383
C0013274	DOID:13832
UMLS:C0013274	DOID:13832
C0477355	DOID:13839
UMLS:C0477355	DOID:13839
C0000744	DOID:1386
UMLS:C0000744	DOID:1386
C0155355	DOID:13861
UMLS:C0155355	DOID:13861
C0154946	DOID:13862
UMLS:C0154946	DOID:13862
C0271375	DOID:13864
UMLS:C0271375	DOID:13864
C0423092	DOID:13864
UMLS:C0423092	DOID:13864
C0751939	DOID:13864
UMLS:C0751939	DOID:13864
C0015467	DOID:13865
UMLS:C0015467	DOID:13865
C0154733	DOID:13866
UMLS:C0154733	DOID:13866
C0155505	DOID:13867
UMLS:C0155505	DOID:13867
C0020594	DOID:13868
UMLS:C0020594	DOID:13868
C0020623	DOID:1387
UMLS:C0020623	DOID:1387
C0039292	DOID:1388
UMLS:C0039292	DOID:1388
C0037052	DOID:13884
UMLS:C0037052	DOID:13884
C0152025	DOID:1389
UMLS:C0152025	DOID:1389
C0005592	DOID:13891
UMLS:C0005592	DOID:13891
C0205874	DOID:139
UMLS:C0205874	DOID:139
C0020597	DOID:1390
UMLS:C0020597	DOID:1390
C0031898	DOID:13902
UMLS:C0031898	DOID:13902
C0040249	DOID:13902
UMLS:C0040249	DOID:13902
C0155016	DOID:13909
UMLS:C0155016	DOID:13909
C0023195	DOID:1391
UMLS:C0023195	DOID:1391
C0155015	DOID:13910
UMLS:C0155015	DOID:13910
C0152200	DOID:13911
UMLS:C0152200	DOID:13911
C0155018	DOID:13912
UMLS:C0155018	DOID:13912
C0154735	DOID:13913
UMLS:C0154735	DOID:13913
C0520482	DOID:13918
UMLS:C0520482	DOID:13918
C0152194	DOID:13919
UMLS:C0152194	DOID:13919
C0155300	DOID:1392
UMLS:C0155300	DOID:1392
C0341108	DOID:13921
UMLS:C0341108	DOID:13921
C0341106	DOID:13922
UMLS:C0341106	DOID:13922
C0017575	DOID:13924
UMLS:C0017575	DOID:13924
C1527368	DOID:13924
UMLS:C1527368	DOID:13924
C0022906	DOID:13929
UMLS:C0022906	DOID:13929
C0155287	DOID:1393
UMLS:C0155287	DOID:1393
C0015469	DOID:13934
UMLS:C0015469	DOID:13934
C0002453	DOID:13938
UMLS:C0002453	DOID:13938
C0276926	DOID:1394
UMLS:C0276926	DOID:1394
C0155502	DOID:13941
UMLS:C0155502	DOID:13941
C0275654	DOID:13942
UMLS:C0275654	DOID:13942
C0153192	DOID:13943
UMLS:C0153192	DOID:13943
C0751587	DOID:13945
UMLS:C0751587	DOID:13945
C0005694	DOID:13948
UMLS:C0005694	DOID:13948
C0282488	DOID:13949
UMLS:C0282488	DOID:13949
C0029827	DOID:1395
UMLS:C0029827	DOID:1395
C1519850	DOID:13951
UMLS:C1519850	DOID:13951
C1519847	DOID:13953
UMLS:C1519847	DOID:13953
C0153994	DOID:13955
UMLS:C0153994	DOID:13955
C1519860	DOID:13956
UMLS:C1519860	DOID:13956
C1519856	DOID:13957
UMLS:C1519856	DOID:13957
C1519853	DOID:13958
UMLS:C1519853	DOID:13958
C0271166	DOID:13963
UMLS:C0271166	DOID:13963
C0152258	DOID:13964
UMLS:C0152258	DOID:13964
C0155261	DOID:1397
UMLS:C0155261	DOID:1397
C0153553	DOID:13972
UMLS:C0153553	DOID:13972
C0014869	DOID:13976
UMLS:C0014869	DOID:13976
C0014238	DOID:1398
UMLS:C0014238	DOID:1398
C0155229	DOID:1399
UMLS:C0155229	DOID:1399
C0008928	DOID:13994
UMLS:C0008928	DOID:13994
C0278805	DOID:13996
UMLS:C0278805	DOID:13996
C0155150	DOID:13999
UMLS:C0155150	DOID:13999
C0022904	DOID:1400
UMLS:C0022904	DOID:1400
C0154916	DOID:14000
UMLS:C0154916	DOID:14000
C0162872	DOID:14004
UMLS:C0162872	DOID:14004
C0155747	DOID:14006
UMLS:C0155747	DOID:14006
C0023891	DOID:14018
UMLS:C0023891	DOID:14018
C0494040	DOID:14019
UMLS:C0494040	DOID:14019
C0040213	DOID:14021
UMLS:C0040213	DOID:14021
C0205930	DOID:14022
UMLS:C0205930	DOID:14022
C0151482	DOID:14026
UMLS:C0151482	DOID:14026
C0153495	DOID:14032
UMLS:C0153495	DOID:14032
C0153496	DOID:14033
UMLS:C0153496	DOID:14033
C0345010	DOID:14037
UMLS:C0345010	DOID:14037
C0085404	DOID:14039
UMLS:C0085404	DOID:14039
C0154948	DOID:1404
UMLS:C0154948	DOID:1404
C0085409	DOID:14040
UMLS:C0085409	DOID:14040
C0236773	DOID:14042
UMLS:C0236773	DOID:14042
C0158982	DOID:14043
UMLS:C0158982	DOID:14043
C0017606	DOID:1405
UMLS:C0017606	DOID:1405
C0153621	DOID:14059
UMLS:C0153621	DOID:14059
C0022081	DOID:1406
UMLS:C0022081	DOID:1406
C0403414	DOID:14064
UMLS:C0403414	DOID:14064
C0341689	DOID:14066
UMLS:C0341689	DOID:14066
C0024535	DOID:14067
UMLS:C0024535	DOID:14067
C0005681	DOID:14068
UMLS:C0005681	DOID:14068
C0024534	DOID:14069
UMLS:C0024534	DOID:14069
C0042165	DOID:1407
UMLS:C0042165	DOID:1407
C0155379	DOID:14070
UMLS:C0155379	DOID:14070
C0017407	DOID:14075
UMLS:C0017407	DOID:14075
C3838731	DOID:14080
UMLS:C3838731	DOID:14080
C0155507	DOID:14081
UMLS:C0155507	DOID:14081
C0014488	DOID:14087
UMLS:C0014488	DOID:14087
C0039516	DOID:14087
UMLS:C0039516	DOID:14087
C0162644	DOID:14089
UMLS:C0162644	DOID:14089
C0155734	DOID:14092
UMLS:C0155734	DOID:14092
C0006060	DOID:14095
UMLS:C0006060	DOID:14095
C0021360	DOID:14096
UMLS:C0021360	DOID:14096
C0700588	DOID:14099
UMLS:C0700588	DOID:14099
C0149870	DOID:14107
UMLS:C0149870	DOID:14107
C0153445	DOID:14110
UMLS:C0153445	DOID:14110
C0153446	DOID:14110
UMLS:C0153446	DOID:14110
C0155963	DOID:14111
UMLS:C0155963	DOID:14111
C0600327	DOID:14115
UMLS:C0600327	DOID:14115
C0023804	DOID:14116
UMLS:C0023804	DOID:14116
C0028253	DOID:14116
UMLS:C0028253	DOID:14116
C0023817	DOID:14118
UMLS:C0023817	DOID:14118
C0004659	DOID:1412
UMLS:C0004659	DOID:1412
C0242645	DOID:14121
UMLS:C0242645	DOID:14121
C1263898	DOID:14125
UMLS:C1263898	DOID:14125
C2711750	DOID:14130
UMLS:C2711750	DOID:14130
C1456248	DOID:14131
UMLS:C1456248	DOID:14131
C0152079	DOID:14133
UMLS:C0152079	DOID:14133
C1332268	DOID:14139
UMLS:C1332268	DOID:14139
C0029697	DOID:1414
UMLS:C0029697	DOID:1414
C1456163	DOID:14140
UMLS:C1456163	DOID:14140
C0349538	DOID:14145
UMLS:C0349538	DOID:14145
C0041952	DOID:14146
UMLS:C0041952	DOID:14146
C0018425	DOID:1415
UMLS:C0018425	DOID:1415
C1336044	DOID:14150
UMLS:C1336044	DOID:14150
C1336045	DOID:14151
UMLS:C1336045	DOID:14151
C1336049	DOID:14152
UMLS:C1336049	DOID:14152
C0155301	DOID:14155
UMLS:C0155301	DOID:14155
C0549423	DOID:14159
UMLS:C0549423	DOID:14159
C0155516	DOID:14165
UMLS:C0155516	DOID:14165
C0008521	DOID:1417
UMLS:C0008521	DOID:1417
C0155582	DOID:14172
UMLS:C0155582	DOID:14172
C0206719	DOID:14174
UMLS:C0206719	DOID:14174
C0019562	DOID:14175
UMLS:C0019562	DOID:14175
C0162539	DOID:14176
UMLS:C0162539	DOID:14176
C1457897	DOID:14177
UMLS:C1457897	DOID:14177
C0221026	DOID:14179
UMLS:C0221026	DOID:14179
C0158303	DOID:14181
UMLS:C0158303	DOID:14181
C0085677	DOID:14183
UMLS:C0085677	DOID:14183
C0154762	DOID:14184
UMLS:C0154762	DOID:14184
C0311223	DOID:14188
UMLS:C0311223	DOID:14188
C0158304	DOID:14192
UMLS:C0158304	DOID:14192
C0155373	DOID:14199
UMLS:C0155373	DOID:14199
C0263666	DOID:14203
UMLS:C0263666	DOID:14203
C0020630	DOID:14213
UMLS:C0020630	DOID:14213
C0220743	DOID:14213
UMLS:C0220743	DOID:14213
C1959620	DOID:14218
UMLS:C1959620	DOID:14218
C3495551	DOID:14218
UMLS:C3495551	DOID:14218
C0001126	DOID:14219
UMLS:C0001126	DOID:14219
C0524620	DOID:14221
UMLS:C0524620	DOID:14221
C0028817	DOID:14223
UMLS:C0028817	DOID:14223
C0264324	DOID:14224
UMLS:C0264324	DOID:14224
C0155805	DOID:14225
UMLS:C0155805	DOID:14225
C0004509	DOID:14227
UMLS:C0004509	DOID:14227
C0028960	DOID:14228
UMLS:C0028960	DOID:14228
C0155354	DOID:14230
UMLS:C0155354	DOID:14230
C0155285	DOID:14233
UMLS:C0155285	DOID:14233
C0029835	DOID:14239
UMLS:C0029835	DOID:14239
C0152942	DOID:14239
UMLS:C0152942	DOID:14239
C0155391	DOID:14243
UMLS:C0155391	DOID:14243
C0155233	DOID:14244
UMLS:C0155233	DOID:14244
C0154850	DOID:14245
UMLS:C0154850	DOID:14245
C0271454	DOID:14247
UMLS:C0271454	DOID:14247
C0155441	DOID:14248
UMLS:C0155441	DOID:14248
C0034223	DOID:1425
UMLS:C0034223	DOID:1425
C0013080	DOID:14250
UMLS:C0013080	DOID:14250
C0154863	DOID:14251
UMLS:C0154863	DOID:14251
C0154865	DOID:14252
UMLS:C0154865	DOID:14252
C0154861	DOID:14253
UMLS:C0154861	DOID:14253
C0085253	DOID:14256
UMLS:C0085253	DOID:14256
C0403608	DOID:1426
UMLS:C0403608	DOID:1426
C0016667	DOID:14261
UMLS:C0016667	DOID:14261
C0006849	DOID:14262
UMLS:C0006849	DOID:14262
C0270851	DOID:14264
UMLS:C0270851	DOID:14264
C0034088	DOID:14265
UMLS:C0034088	DOID:14265
C0008313	DOID:14268
UMLS:C0008313	DOID:14268
C0267924	DOID:14269
UMLS:C0267924	DOID:14269
C0311273	DOID:14270
UMLS:C0311273	DOID:14270
C0267917	DOID:14271
UMLS:C0267917	DOID:14271
C0031052	DOID:14272
UMLS:C0031052	DOID:14272
C0156393	DOID:14275
UMLS:C0156393	DOID:14275
C0376685	DOID:14276
UMLS:C0376685	DOID:14276
C0154189	DOID:1428
UMLS:C0154189	DOID:1428
C0029411	DOID:14283
UMLS:C0029411	DOID:14283
C0877149	DOID:14284
UMLS:C0877149	DOID:14284
C0003892	DOID:14286
UMLS:C0003892	DOID:14286
C0155356	DOID:14287
UMLS:C0155356	DOID:14287
C0013481	DOID:14289
UMLS:C0013481	DOID:14289
C0175704	DOID:14291
UMLS:C0175704	DOID:14291
C0013426	DOID:14292
UMLS:C0013426	DOID:14292
C0014014	DOID:14305
UMLS:C0014014	DOID:14305
C0002989	DOID:14308
UMLS:C0002989	DOID:14308
C0032241	DOID:14319
UMLS:C0032241	DOID:14319
C0155020	DOID:1432
UMLS:C0155020	DOID:1432
C0270549	DOID:14320
UMLS:C0270549	DOID:14320
C0024796	DOID:14323
UMLS:C0024796	DOID:14323
C0024536	DOID:14324
UMLS:C0024536	DOID:14324
C0153121	DOID:14325
UMLS:C0153121	DOID:14325
C0030567	DOID:14330
UMLS:C0030567	DOID:14330
C0030568	DOID:14332
UMLS:C0030568	DOID:14332
C0154209	DOID:14336
UMLS:C0154209	DOID:14336
C0040150	DOID:14350
UMLS:C0040150	DOID:14350
C0154162	DOID:14351
UMLS:C0154162	DOID:14351
C0001360	DOID:14353
UMLS:C0001360	DOID:14353
C0155135	DOID:1436
UMLS:C0155135	DOID:1436
C0342788	DOID:14365
UMLS:C0342788	DOID:14365
C0028425	DOID:14374
UMLS:C0028425	DOID:14374
C0153637	DOID:14384
UMLS:C0153637	DOID:14384
C1263888	DOID:14384
UMLS:C1263888	DOID:14384
C0034359	DOID:1439
UMLS:C0034359	DOID:1439
C0152250	DOID:14392
UMLS:C0152250	DOID:14392
C0152507	DOID:14397
UMLS:C0152507	DOID:14397
C0024408	DOID:1440
UMLS:C0024408	DOID:1440
C0343084	DOID:14400
UMLS:C0343084	DOID:14400
C0393851	DOID:14402
UMLS:C0393851	DOID:14402
C0087012	DOID:1441
UMLS:C0087012	DOID:1441
C0155520	DOID:14413
UMLS:C0155520	DOID:14413
C0022441	DOID:14415
UMLS:C0022441	DOID:14415
C0023234	DOID:14415
UMLS:C0023234	DOID:14415
C0013100	DOID:14418
UMLS:C0013100	DOID:14418
C0012517	DOID:14422
UMLS:C0012517	DOID:14422
C0154731	DOID:14423
UMLS:C0154731	DOID:14423
C0154191	DOID:14427
UMLS:C0154191	DOID:14427
C0154671	DOID:1443
UMLS:C0154671	DOID:1443
C0155440	DOID:14435
UMLS:C0155440	DOID:14435
C0152230	DOID:14443
UMLS:C0152230	DOID:14443
C0155090	DOID:14444
UMLS:C0155090	DOID:14444
C0154947	DOID:14445
UMLS:C0154947	DOID:14445
C0018051	DOID:14447
UMLS:C0018051	DOID:14447
C0018054	DOID:14448
UMLS:C0018054	DOID:14448
C0018055	DOID:14449
UMLS:C0018055	DOID:14449
C0949595	DOID:14450
UMLS:C0949595	DOID:14450
C0238357	DOID:14451
UMLS:C0238357	DOID:14451
C0238358	DOID:14452
UMLS:C0238358	DOID:14452
C0015634	DOID:14453
UMLS:C0015634	DOID:14453
C0302362	DOID:14456
UMLS:C0302362	DOID:14456
C0302363	DOID:14457
UMLS:C0302363	DOID:14457
C1335128	DOID:14459
UMLS:C1335128	DOID:14459
C0346352	DOID:14463
UMLS:C0346352	DOID:14463
C0027849	DOID:14464
UMLS:C0027849	DOID:14464
C0243025	DOID:14472
UMLS:C0243025	DOID:14472
C0019343	DOID:14482
UMLS:C0019343	DOID:14482
C0264746	DOID:14483
UMLS:C0264746	DOID:14483
C0038034	DOID:14484
UMLS:C0038034	DOID:14484
C1336876	DOID:14489
UMLS:C1336876	DOID:14489
C5910035	DOID:14491
UMLS:C5910035	DOID:14491
C0013288	DOID:14495
UMLS:C0013288	DOID:14495
C0043208	DOID:14497
UMLS:C0043208	DOID:14497
C0023795	DOID:14498
UMLS:C0023795	DOID:14498
C0002986	DOID:14499
UMLS:C0002986	DOID:14499
C0016788	DOID:14500
UMLS:C0016788	DOID:14500
C0037231	DOID:14501
UMLS:C0037231	DOID:14501
C0008384	DOID:14502
UMLS:C0008384	DOID:14502
C0027877	DOID:14503
UMLS:C0027877	DOID:14503
C0028064	DOID:14504
UMLS:C0028064	DOID:14504
C0155123	DOID:14507
UMLS:C0155123	DOID:14507
C0006842	DOID:14512
UMLS:C0006842	DOID:14512
C0206115	DOID:14515
UMLS:C0206115	DOID:14515
C0154839	DOID:14522
UMLS:C0154839	DOID:14522
C0155375	DOID:14523
UMLS:C0155375	DOID:14523
C0154669	DOID:14524
UMLS:C0154669	DOID:14524
C0035400	DOID:14525
UMLS:C0035400	DOID:14525
C0266878	DOID:14529
UMLS:C0266878	DOID:14529
C0155964	DOID:1453
UMLS:C0155964	DOID:1453
C1334569	DOID:14534
UMLS:C1334569	DOID:14534
C1334566	DOID:14535
UMLS:C1334566	DOID:14535
C0863024	DOID:14544
UMLS:C0863024	DOID:14544
C1519233	DOID:14545
UMLS:C1519233	DOID:14545
C0153479	DOID:14546
UMLS:C0153479	DOID:14546
C1336039	DOID:14547
UMLS:C1336039	DOID:14547
C0339572	DOID:14548
UMLS:C0339572	DOID:14548
C0017677	DOID:1455
UMLS:C0017677	DOID:1455
C0035851	DOID:14550
UMLS:C0035851	DOID:14550
C0152112	DOID:14555
UMLS:C0152112	DOID:14555
C0152171	DOID:14557
UMLS:C0152171	DOID:14557
C0375197	DOID:14559
UMLS:C0375197	DOID:14559
C0017675	DOID:1456
UMLS:C0017675	DOID:1456
C0154157	DOID:1458
UMLS:C0154157	DOID:1458
C0020676	DOID:1459
UMLS:C0020676	DOID:1459
C0030353	DOID:146
UMLS:C0030353	DOID:146
C0149649	DOID:1461
UMLS:C0149649	DOID:1461
C0033581	DOID:14654
UMLS:C0033581	DOID:14654
C0220659	DOID:14669
UMLS:C0220659	DOID:14669
C0155504	DOID:1467
UMLS:C0155504	DOID:1467
C0220742	DOID:14670
UMLS:C0220742	DOID:14670
C0220744	DOID:14671
UMLS:C0220744	DOID:14671
C0220708	DOID:14679
UMLS:C0220708	DOID:14679
C0022893	DOID:1468
UMLS:C0022893	DOID:1468
C0175693	DOID:14681
UMLS:C0175693	DOID:14681
C0220692	DOID:14683
UMLS:C0220692	DOID:14683
C0265341	DOID:14686
UMLS:C0265341	DOID:14686
C0220726	DOID:14687
UMLS:C0220726	DOID:14687
C0175694	DOID:14692
UMLS:C0175694	DOID:14692
C0162361	DOID:14693
UMLS:C0162361	DOID:14693
C0175692	DOID:14694
UMLS:C0175692	DOID:14694
C0268155	DOID:14695
UMLS:C0268155	DOID:14695
C0175703	DOID:14699
UMLS:C0175703	DOID:14699
C0024517	DOID:1470
UMLS:C0024517	DOID:1470
C0154409	DOID:1470
UMLS:C0154409	DOID:1470
C0268579	DOID:14701
UMLS:C0268579	DOID:14701
C2717876	DOID:14701
UMLS:C2717876	DOID:14701
C0265234	DOID:14702
UMLS:C0265234	DOID:14702
C0220658	DOID:14705
UMLS:C0220658	DOID:14705
C0220769	DOID:14711
UMLS:C0220769	DOID:14711
C0175709	DOID:14717
UMLS:C0175709	DOID:14717
C0268335	DOID:14720
UMLS:C0268335	DOID:14720
C1533628	DOID:14723
UMLS:C1533628	DOID:14723
C0220693	DOID:14725
UMLS:C0220693	DOID:14725
C0220765	DOID:14731
UMLS:C0220765	DOID:14731
C0019243	DOID:14735
UMLS:C0019243	DOID:14735
C0220767	DOID:14737
UMLS:C0220767	DOID:14737
C0031106	DOID:1474
UMLS:C0031106	DOID:1474
C0432233	DOID:14743
UMLS:C0432233	DOID:14743
C0220775	DOID:14744
UMLS:C0220775	DOID:14744
C0175695	DOID:14748
UMLS:C0175695	DOID:14748
C0024221	DOID:1475
UMLS:C0024221	DOID:1475
C0268575	DOID:14753
UMLS:C0268575	DOID:14753
C0268547	DOID:14755
UMLS:C0268547	DOID:14755
C0268337	DOID:14757
UMLS:C0268337	DOID:14757
C0268340	DOID:14759
UMLS:C0268340	DOID:14759
C0265306	DOID:14761
UMLS:C0265306	DOID:14761
C0175700	DOID:14762
UMLS:C0175700	DOID:14762
C0175699	DOID:14768
UMLS:C0175699	DOID:14768
C0220748	DOID:14773
UMLS:C0220748	DOID:14773
C0268342	DOID:14775
UMLS:C0268342	DOID:14775
C0220669	DOID:14777
UMLS:C0220669	DOID:14777
C0220663	DOID:14778
UMLS:C0220663	DOID:14778
C0220687	DOID:14780
UMLS:C0220687	DOID:14780
C0028968	DOID:14784
UMLS:C0028968	DOID:14784
C0339527	DOID:14791
UMLS:C0339527	DOID:14791
C0162359	DOID:14793
UMLS:C0162359	DOID:14793
C0175691	DOID:14796
UMLS:C0175691	DOID:14796
C0220757	DOID:14798
UMLS:C0220757	DOID:14798
C0017563	DOID:1483
UMLS:C0017563	DOID:1483
C0010674	DOID:1485
UMLS:C0010674	DOID:1485
C0152068	DOID:1495
UMLS:C0152068	DOID:1495
C0013502	DOID:1496
UMLS:C0013502	DOID:1496
C0008354	DOID:1498
UMLS:C0008354	DOID:1498
C1335037	DOID:15
UMLS:C1335037	DOID:15
C0004936	DOID:150
UMLS:C0004936	DOID:150
C0006840	DOID:1508
UMLS:C0006840	DOID:1508
C0004444	DOID:1509
UMLS:C0004444	DOID:1509
C0029707	DOID:1510
UMLS:C0029707	DOID:1510
C0153206	DOID:1512
UMLS:C0153206	DOID:1512
C0269062	DOID:1513
UMLS:C0269062	DOID:1513
C0007528	DOID:1517
UMLS:C0007528	DOID:1517
C0007527	DOID:1518
UMLS:C0007527	DOID:1518
C0149640	DOID:1519
UMLS:C0149640	DOID:1519
C0699790	DOID:1520
UMLS:C0699790	DOID:1520
C0153437	DOID:1521
UMLS:C0153437	DOID:1521
C1332867	DOID:1522
UMLS:C1332867	DOID:1522
C0519037	DOID:1523
UMLS:C0519037	DOID:1523
C0030328	DOID:1525
UMLS:C0030328	DOID:1525
C0030326	DOID:1526
UMLS:C0030326	DOID:1526
C0029785	DOID:1529
UMLS:C0029785	DOID:1529
C0032226	DOID:1532
UMLS:C0032226	DOID:1532
C0206625	DOID:154
UMLS:C0206625	DOID:154
C1368354	DOID:154
UMLS:C1368354	DOID:154
C0030521	DOID:1540
UMLS:C0030521	DOID:1540
C0153653	DOID:1540
UMLS:C0153653	DOID:1540
C0687150	DOID:1540
UMLS:C0687150	DOID:1540
C1334927	DOID:1542
UMLS:C1334927	DOID:1542
C0157743	DOID:1554
UMLS:C0157743	DOID:1554
C0029839	DOID:1555
UMLS:C0029839	DOID:1555
C0003907	DOID:1556
UMLS:C0003907	DOID:1556
C0020951	DOID:1557
UMLS:C0020951	DOID:1557
C0002994	DOID:1558
UMLS:C0002994	DOID:1558
C0029227	DOID:1561
UMLS:C0029227	DOID:1561
C0008582	DOID:1562
UMLS:C0008582	DOID:1562
C0011630	DOID:1563
UMLS:C0011630	DOID:1563
C0026946	DOID:1564
UMLS:C0026946	DOID:1564
C0155194	DOID:1569
UMLS:C0155194	DOID:1569
C0013592	DOID:1570
UMLS:C0013592	DOID:1570
C0155195	DOID:1571
UMLS:C0155195	DOID:1571
C0020258	DOID:1572
UMLS:C0020258	DOID:1572
C0009451	DOID:1573
UMLS:C0009451	DOID:1573
C0085762	DOID:1574
UMLS:C0085762	DOID:1574
C0748540	DOID:1577
UMLS:C0748540	DOID:1577
C0339904	DOID:1578
UMLS:C0339904	DOID:1578
C0029582	DOID:1579
UMLS:C0029582	DOID:1579
C1258104	DOID:1580
UMLS:C1258104	DOID:1580
C0041315	DOID:1583
UMLS:C0041315	DOID:1583
C0742343	DOID:1584
UMLS:C0742343	DOID:1584
C0035436	DOID:1586
UMLS:C0035436	DOID:1586
C0264743	DOID:1586
UMLS:C0264743	DOID:1586
C0272286	DOID:1587
UMLS:C0272286	DOID:1587
C0040034	DOID:1588
UMLS:C0040034	DOID:1588
C0020545	DOID:1591
UMLS:C0020545	DOID:1591
C0011573	DOID:1595
UMLS:C0011573	DOID:1595
C0041696	DOID:1595
UMLS:C0041696	DOID:1595
C0011570	DOID:1596
UMLS:C0011570	DOID:1596
C0024205	DOID:1602
UMLS:C0024205	DOID:1602
C0154304	DOID:1602
UMLS:C0154304	DOID:1602
C0157705	DOID:1602
UMLS:C0157705	DOID:1602
C0020617	DOID:1607
UMLS:C0020617	DOID:1607
C0022593	DOID:161
UMLS:C0022593	DOID:161
C0006142	DOID:1612
UMLS:C0006142	DOID:1612
C0242788	DOID:1614
UMLS:C0242788	DOID:1614
C1332492	DOID:1616
UMLS:C1332492	DOID:1616
C0178421	DOID:1618
UMLS:C0178421	DOID:1618
C0206650	DOID:1618
UMLS:C0206650	DOID:1618
C0346158	DOID:1618
UMLS:C0346158	DOID:1618
C1333137	DOID:1618
UMLS:C1333137	DOID:1618
C0006826	DOID:162
UMLS:C0006826	DOID:162
C1511317	DOID:1623
UMLS:C1511317	DOID:1623
C1328385	DOID:1625
UMLS:C1328385	DOID:1625
C0238034	DOID:1626
UMLS:C0238034	DOID:1626
C0206713	DOID:1627
UMLS:C0206713	DOID:1627
C1334252	DOID:1628
UMLS:C1334252	DOID:1628
C1511320	DOID:1629
UMLS:C1511320	DOID:1629
C0010701	DOID:1631
UMLS:C0010701	DOID:1631
C0334501	DOID:1631
UMLS:C0334501	DOID:1631
C1332533	DOID:1631
UMLS:C1332533	DOID:1631
C1511284	DOID:1637
UMLS:C1511284	DOID:1637
C0085388	DOID:1638
UMLS:C0085388	DOID:1638
C0041324	DOID:1639
UMLS:C0041324	DOID:1639
C1332477	DOID:1641
UMLS:C1332477	DOID:1641
C1334564	DOID:1642
UMLS:C1334564	DOID:1642
C1510795	DOID:1642
UMLS:C1510795	DOID:1642
C0153550	DOID:1647
UMLS:C0153550	DOID:1647
C0153551	DOID:1649
UMLS:C0153551	DOID:1649
C0153554	DOID:1650
UMLS:C0153554	DOID:1650
C0018818	DOID:1657
UMLS:C0018818	DOID:1657
C0038874	DOID:1659
UMLS:C0038874	DOID:1659
C0751589	DOID:1659
UMLS:C0751589	DOID:1659
C0206094	DOID:166
UMLS:C0206094	DOID:166
C0349621	DOID:1660
UMLS:C0349621	DOID:1660
C1334612	DOID:1660
UMLS:C1334612	DOID:1660
C0205898	DOID:1664
UMLS:C0205898	DOID:1664
C0157770	DOID:1670
UMLS:C0157770	DOID:1670
C0155907	DOID:1672
UMLS:C0155907	DOID:1672
C0029850	DOID:1673
UMLS:C0029850	DOID:1673
C0156617	DOID:1677
UMLS:C0156617	DOID:1677
C0600040	DOID:1678
UMLS:C0600040	DOID:1678
C0010692	DOID:1679
UMLS:C0010692	DOID:1679
C0156268	DOID:1680
UMLS:C0156268	DOID:1680
C0018816	DOID:1681
UMLS:C0018816	DOID:1681
C0018798	DOID:1682
UMLS:C0018798	DOID:1682
C0017601	DOID:1686
UMLS:C0017601	DOID:1686
C0017609	DOID:1687
UMLS:C0017609	DOID:1687
C0206754	DOID:169
UMLS:C0206754	DOID:169
C0026857	DOID:17
UMLS:C0026857	DOID:17
C0014132	DOID:170
UMLS:C0014132	DOID:170
C0153658	DOID:170
UMLS:C0153658	DOID:170
C0079588	DOID:1700
UMLS:C0079588	DOID:1700
C1257809	DOID:1701
UMLS:C1257809	DOID:1701
C0079584	DOID:1702
UMLS:C0079584	DOID:1702
C0349631	DOID:1703
UMLS:C0349631	DOID:1703
C0206093	DOID:171
UMLS:C0206093	DOID:171
C0003507	DOID:1712
UMLS:C0003507	DOID:1712
C0152417	DOID:1712
UMLS:C0152417	DOID:1712
C0155567	DOID:1712
UMLS:C0155567	DOID:1712
C0375200	DOID:1713
UMLS:C0375200	DOID:1713
C0333992	DOID:172
UMLS:C0333992	DOID:172
C0010474	DOID:1724
UMLS:C0010474	DOID:1724
C0013295	DOID:1724
UMLS:C0013295	DOID:1724
C0153466	DOID:1725
UMLS:C0153466	DOID:1725
C0271080	DOID:1726
UMLS:C0271080	DOID:1726
C0035328	DOID:1727
UMLS:C0035328	DOID:1727
C0035326	DOID:1729
UMLS:C0035326	DOID:1729
C1333371	DOID:173
UMLS:C1333371	DOID:173
C0019655	DOID:1731
UMLS:C0019655	DOID:1731
C0035288	DOID:1731
UMLS:C0035288	DOID:1731
C0010418	DOID:1733
UMLS:C0010418	DOID:1733
C0013291	DOID:1737
UMLS:C0013291	DOID:1737
C0238197	DOID:1738
UMLS:C0238197	DOID:1738
C0846967	DOID:174
UMLS:C0846967	DOID:174
C0033937	DOID:1742
UMLS:C0033937	DOID:1742
C0346359	DOID:1748
UMLS:C0346359	DOID:1748
C0007137	DOID:1749
UMLS:C0007137	DOID:1749
C0751688	DOID:1749
UMLS:C0751688	DOID:1749
C0282607	DOID:175
UMLS:C0282607	DOID:175
C0346845	DOID:175
UMLS:C0346845	DOID:175
C1290407	DOID:175
UMLS:C1290407	DOID:175
C1334616	DOID:175
UMLS:C1334616	DOID:175
C1334617	DOID:175
UMLS:C1334617	DOID:175
C1334630	DOID:175
UMLS:C1334630	DOID:175
C1335753	DOID:175
UMLS:C1335753	DOID:175
C0346360	DOID:1751
UMLS:C0346360	DOID:1751
C0026269	DOID:1754
UMLS:C0026269	DOID:1754
C0015464	DOID:1756
UMLS:C0015464	DOID:1756
C0015458	DOID:1757
UMLS:C0015458	DOID:1757
C0153261	DOID:1759
UMLS:C0153261	DOID:1759
C0497243	DOID:176
UMLS:C0497243	DOID:176
C1263899	DOID:1760
UMLS:C1263899	DOID:1760
C0025235	DOID:1761
UMLS:C0025235	DOID:1761
C0007971	DOID:1762
UMLS:C0007971	DOID:1762
C0015481	DOID:1766
UMLS:C0015481	DOID:1766
C0009946	DOID:1768
UMLS:C0009946	DOID:1768
C0025162	DOID:1770
UMLS:C0025162	DOID:1770
C0155519	DOID:1776
UMLS:C0155519	DOID:1776
C0155515	DOID:1777
UMLS:C0155515	DOID:1777
C0002940	DOID:178
UMLS:C0002940	DOID:178
C0042373	DOID:178
UMLS:C0042373	DOID:178
C0752127	DOID:178
UMLS:C0752127	DOID:178
C0752130	DOID:178
UMLS:C0752130	DOID:178
C0007115	DOID:1781
UMLS:C0007115	DOID:1781
C0040136	DOID:1781
UMLS:C0040136	DOID:1781
C0032019	DOID:1785
UMLS:C0032019	DOID:1785
C0496842	DOID:1785
UMLS:C0496842	DOID:1785
C0001630	DOID:1786
UMLS:C0001630	DOID:1786
C0031046	DOID:1787
UMLS:C0031046	DOID:1787
C0346109	DOID:1788
UMLS:C0346109	DOID:1788
C0854886	DOID:1788
UMLS:C0854886	DOID:1788
C1377610	DOID:1789
UMLS:C1377610	DOID:1789
C0278752	DOID:1790
UMLS:C0278752	DOID:1790
C0345967	DOID:1790
UMLS:C0345967	DOID:1790
C0392400	DOID:1790
UMLS:C0392400	DOID:1790
C1332338	DOID:1790
UMLS:C1332338	DOID:1790
C1514428	DOID:1791
UMLS:C1514428	DOID:1791
C1335307	DOID:1792
UMLS:C1335307	DOID:1792
C0030297	DOID:1793
UMLS:C0030297	DOID:1793
C0153458	DOID:1793
UMLS:C0153458	DOID:1793
C0153459	DOID:1793
UMLS:C0153459	DOID:1793
C0153460	DOID:1793
UMLS:C0153460	DOID:1793
C0153463	DOID:1793
UMLS:C0153463	DOID:1793
C0346648	DOID:1795
UMLS:C0346648	DOID:1795
C1096346	DOID:1796
UMLS:C1096346	DOID:1796
C1328479	DOID:1798
UMLS:C1328479	DOID:1798
C0242363	DOID:1799
UMLS:C0242363	DOID:1799
C0496784	DOID:1799
UMLS:C0496784	DOID:1799
C1335051	DOID:18
UMLS:C1335051	DOID:18
C0206640	DOID:180
UMLS:C0206640	DOID:180
C0206695	DOID:1800
UMLS:C0206695	DOID:1800
C0235880	DOID:1802
UMLS:C0235880	DOID:1802
C0027813	DOID:1803
UMLS:C0027813	DOID:1803
C0034931	DOID:1811
UMLS:C0034931	DOID:1811
C0006663	DOID:182
UMLS:C0006663	DOID:182
C0339121	DOID:1822
UMLS:C0339121	DOID:1822
C0038220	DOID:1824
UMLS:C0038220	DOID:1824
C0014553	DOID:1825
UMLS:C0014553	DOID:1825
C0014544	DOID:1826
UMLS:C0014544	DOID:1826
C0014548	DOID:1827
UMLS:C0014548	DOID:1827
C0029752	DOID:1829
UMLS:C0029752	DOID:1829
C0151295	DOID:1835
UMLS:C0151295	DOID:1835
C0011880	DOID:1837
UMLS:C0011880	DOID:1837
C0022716	DOID:1838
UMLS:C0022716	DOID:1838
C0005967	DOID:184
UMLS:C0005967	DOID:184
C0154746	DOID:1844
UMLS:C0154746	DOID:1844
C0006870	DOID:1849
UMLS:C0006870	DOID:1849
C0008372	DOID:1852
UMLS:C0008372	DOID:1852
C0016065	DOID:1858
UMLS:C0016065	DOID:1858
C0022364	DOID:1862
UMLS:C0022364	DOID:1862
C0037305	DOID:1863
UMLS:C0037305	DOID:1863
C0162375	DOID:1866
UMLS:C0162375	DOID:1866
C0155561	DOID:1869
UMLS:C0155561	DOID:1869
C0549622	DOID:1876
UMLS:C0549622	DOID:1876
C0018817	DOID:1882
UMLS:C0018817	DOID:1882
C0019196	DOID:1883
UMLS:C0019196	DOID:1883
C0019194	DOID:1884
UMLS:C0019194	DOID:1884
C0029132	DOID:1891
UMLS:C0029132	DOID:1891
C0155177	DOID:1893
UMLS:C0155177	DOID:1893
C0155176	DOID:1894
UMLS:C0155176	DOID:1894
C0155178	DOID:1895
UMLS:C0155178	DOID:1895
C0037073	DOID:1896
UMLS:C0037073	DOID:1896
C0037072	DOID:1897
UMLS:C0037072	DOID:1897
C0238519	DOID:1901
UMLS:C0238519	DOID:1901
C1275254	DOID:1906
UMLS:C1275254	DOID:1906
C0334463	DOID:1907
UMLS:C0334463	DOID:1907
C0025202	DOID:1909
UMLS:C0025202	DOID:1909
C1336945	DOID:1910
UMLS:C1336945	DOID:1910
C0014145	DOID:1911
UMLS:C0014145	DOID:1911
C0023374	DOID:1919
UMLS:C0023374	DOID:1919
C0206724	DOID:192
UMLS:C0206724	DOID:192
C0740394	DOID:1920
UMLS:C0740394	DOID:1920
C0022735	DOID:1921
UMLS:C0022735	DOID:1921
C0036875	DOID:1923
UMLS:C0036875	DOID:1923
C0020619	DOID:1924
UMLS:C0020619	DOID:1924
C0265338	DOID:1925
UMLS:C0265338	DOID:1925
C0017205	DOID:1926
UMLS:C0017205	DOID:1926
C0037899	DOID:1927
UMLS:C0037899	DOID:1927
C0175702	DOID:1928
UMLS:C0175702	DOID:1928
C0003499	DOID:1929
UMLS:C0003499	DOID:1929
C0178830	DOID:193
UMLS:C0178830	DOID:193
C0023138	DOID:1930
UMLS:C0023138	DOID:1930
C0020655	DOID:1931
UMLS:C0020655	DOID:1931
C0162635	DOID:1932
UMLS:C0162635	DOID:1932
C0035934	DOID:1933
UMLS:C0035934	DOID:1933
C0013393	DOID:1934
UMLS:C0013393	DOID:1934
C0752166	DOID:1935
UMLS:C0752166	DOID:1935
C0004153	DOID:1936
UMLS:C0004153	DOID:1936
C0152210	DOID:1942
UMLS:C0152210	DOID:1942
C0263518	DOID:1943
UMLS:C0263518	DOID:1943
C0040921	DOID:1947
UMLS:C0040921	DOID:1947
C0008325	DOID:1949
UMLS:C0008325	DOID:1949
C0015556	DOID:1962
UMLS:C0015556	DOID:1962
C0238122	DOID:1963
UMLS:C0238122	DOID:1963
C0015558	DOID:1964
UMLS:C0015558	DOID:1964
C0153579	DOID:1964
UMLS:C0153579	DOID:1964
C1517116	DOID:1965
UMLS:C1517116	DOID:1965
C0023269	DOID:1967
UMLS:C0023269	DOID:1967
C0007789	DOID:1969
UMLS:C0007789	DOID:1969
C1517117	DOID:1970
UMLS:C1517117	DOID:1970
C1517121	DOID:1973
UMLS:C1517121	DOID:1973
C0001442	DOID:1974
UMLS:C0001442	DOID:1974
C1336744	DOID:1975
UMLS:C1336744	DOID:1975
C0154870	DOID:1979
UMLS:C0154870	DOID:1979
C0034885	DOID:1984
UMLS:C0034885	DOID:1984
C1335685	DOID:1988
UMLS:C1335685	DOID:1988
C0349539	DOID:1992
UMLS:C0349539	DOID:1992
C0007113	DOID:1993
UMLS:C0007113	DOID:1993
C0949022	DOID:1993
UMLS:C0949022	DOID:1993
C1335688	DOID:1995
UMLS:C1335688	DOID:1995
C0149978	DOID:1996
UMLS:C0149978	DOID:1996
C0024164	DOID:1998
UMLS:C0024164	DOID:1998
C0155430	DOID:1999
UMLS:C0155430	DOID:1999
C0017525	DOID:200
UMLS:C0017525	DOID:200
C0155428	DOID:2000
UMLS:C0155428	DOID:2000
C0027858	DOID:2001
UMLS:C0027858	DOID:2001
C0339543	DOID:2006
UMLS:C0339543	DOID:2006
C0339436	DOID:2007
UMLS:C0339436	DOID:2007
C0027656	DOID:201
UMLS:C0027656	DOID:201
C0152094	DOID:2012
UMLS:C0152094	DOID:2012
C0020459	DOID:2018
UMLS:C0020459	DOID:2018
C0153572	DOID:2021
UMLS:C0153572	DOID:2021
C0855173	DOID:2024
UMLS:C0855173	DOID:2024
C0349557	DOID:2025
UMLS:C0349557	DOID:2025
C1442903	DOID:203
UMLS:C1442903	DOID:203
C0003469	DOID:2030
UMLS:C0003469	DOID:2030
C0009460	DOID:2033
UMLS:C0009460	DOID:2033
C0014068	DOID:2034
UMLS:C0014068	DOID:2034
C0242490	DOID:204
UMLS:C0242490	DOID:204
C0019163	DOID:2043
UMLS:C0019163	DOID:2043
C0524912	DOID:2044
UMLS:C0524912	DOID:2044
C0011226	DOID:2047
UMLS:C0011226	DOID:2047
C0241910	DOID:2048
UMLS:C0241910	DOID:2048
C1332355	DOID:2048
UMLS:C1332355	DOID:2048
C0020492	DOID:205
UMLS:C0020492	DOID:205
C0155804	DOID:2050
UMLS:C0155804	DOID:2050
C0024959	DOID:2051
UMLS:C0024959	DOID:2051
C1335666	DOID:2053
UMLS:C1335666	DOID:2053
C0038436	DOID:2055
UMLS:C0038436	DOID:2055
C0006845	DOID:2058
UMLS:C0006845	DOID:2058
C0042994	DOID:2059
UMLS:C0042994	DOID:2059
C0015306	DOID:206
UMLS:C0015306	DOID:206
C1520091	DOID:2060
UMLS:C1520091	DOID:2060
C1520099	DOID:2064
UMLS:C1520099	DOID:2064
C0206673	DOID:2065
UMLS:C0206673	DOID:2065
C1274281	DOID:2066
UMLS:C1274281	DOID:2066
C0220616	DOID:2068
UMLS:C0220616	DOID:2068
C1336982	DOID:2071
UMLS:C1336982	DOID:2071
C1520097	DOID:2072
UMLS:C1520097	DOID:2072
C0159006	DOID:2073
UMLS:C0159006	DOID:2073
C0021845	DOID:2074
UMLS:C0021845	DOID:2074
C1510791	DOID:2075
UMLS:C1510791	DOID:2075
C1520082	DOID:2076
UMLS:C1520082	DOID:2076
C1511091	DOID:2078
UMLS:C1511091	DOID:2078
C0346026	DOID:2079
UMLS:C0346026	DOID:2079
C1520100	DOID:2080
UMLS:C1520100	DOID:2080
C0152083	DOID:2092
UMLS:C0152083	DOID:2092
C0241989	DOID:2093
UMLS:C0241989	DOID:2093
C1321904	DOID:2095
UMLS:C1321904	DOID:2095
C0238525	DOID:2096
UMLS:C0238525	DOID:2096
C1275217	DOID:2097
UMLS:C1275217	DOID:2097
C1336975	DOID:2098
UMLS:C1336975	DOID:2098
C0158322	DOID:210
UMLS:C0158322	DOID:210
C0280856	DOID:2101
UMLS:C0280856	DOID:2101
C0027127	DOID:2106
UMLS:C0027127	DOID:2106
C0311386	DOID:2112
UMLS:C0311386	DOID:2112
C0009187	DOID:2113
UMLS:C0009187	DOID:2113
C0154276	DOID:2115
UMLS:C0154276	DOID:2115
C0016395	DOID:2120
UMLS:C0016395	DOID:2120
C0013575	DOID:2121
UMLS:C0013575	DOID:2121
C0339946	DOID:2122
UMLS:C0339946	DOID:2122
C0029835	DOID:2123
UMLS:C0029835	DOID:2123
C1332606	DOID:2127
UMLS:C1332606	DOID:2127
C1266184	DOID:2129
UMLS:C1266184	DOID:2129
C1332607	DOID:2132
UMLS:C1332607	DOID:2132
C1332892	DOID:2133
UMLS:C1332892	DOID:2133
C0153636	DOID:2135
UMLS:C0153636	DOID:2135
C1263887	DOID:2135
UMLS:C1263887	DOID:2135
C0341766	DOID:2139
UMLS:C0341766	DOID:2139
C0029770	DOID:214
UMLS:C0029770	DOID:214
C1519826	DOID:2140
UMLS:C1519826	DOID:2140
C1336888	DOID:2142
UMLS:C1336888	DOID:2142
C1518721	DOID:2143
UMLS:C1518721	DOID:2143
C0235770	DOID:2145
UMLS:C0235770	DOID:2145
C0280746	DOID:2146
UMLS:C0280746	DOID:2146
C0152828	DOID:2148
UMLS:C0152828	DOID:2148
C0041333	DOID:2149
UMLS:C0041333	DOID:2149
C1518720	DOID:2150
UMLS:C1518720	DOID:2150
C1518236	DOID:2151
UMLS:C1518236	DOID:2151
C0341823	DOID:2152
UMLS:C0341823	DOID:2152
C1518746	DOID:2153
UMLS:C1518746	DOID:2153
C0027708	DOID:2154
UMLS:C0027708	DOID:2154
C1332219	DOID:2154
UMLS:C1332219	DOID:2154
C1333015	DOID:2154
UMLS:C1333015	DOID:2154
C0346180	DOID:2155
UMLS:C0346180	DOID:2155
C0238324	DOID:2156
UMLS:C0238324	DOID:2156
C0011334	DOID:216
UMLS:C0011334	DOID:216
C1456145	DOID:216
UMLS:C1456145	DOID:216
C0339820	DOID:2163
UMLS:C0339820	DOID:2163
C0266853	DOID:217
UMLS:C0266853	DOID:217
C0042267	DOID:2170
UMLS:C0042267	DOID:2170
C0042268	DOID:2170
UMLS:C0042268	DOID:2170
C0015424	DOID:2173
UMLS:C0015424	DOID:2173
C0015414	DOID:2174
UMLS:C0015414	DOID:2174
C0153632	DOID:2174
UMLS:C0153632	DOID:2174
C0007079	DOID:2176
UMLS:C0007079	DOID:2176
C0153439	DOID:218
UMLS:C0153439	DOID:218
C0154190	DOID:2181
UMLS:C0154190	DOID:2181
C0002452	DOID:2187
UMLS:C0002452	DOID:2187
C0007102	DOID:219
UMLS:C0007102	DOID:219
C0155390	DOID:221
UMLS:C0155390	DOID:221
C0015530	DOID:2211
UMLS:C0015530	DOID:2211
C0019087	DOID:2213
UMLS:C0019087	DOID:2213
C0015503	DOID:2215
UMLS:C0015503	DOID:2215
C0015499	DOID:2216
UMLS:C0015499	DOID:2216
C0005129	DOID:2217
UMLS:C0005129	DOID:2217
C0005818	DOID:2218
UMLS:C0005818	DOID:2218
C0040015	DOID:2219
UMLS:C0040015	DOID:2219
C0155389	DOID:222
UMLS:C0155389	DOID:222
C0015519	DOID:2222
UMLS:C0015519	DOID:2222
C0032197	DOID:2223
UMLS:C0032197	DOID:2223
C0040028	DOID:2224
UMLS:C0040028	DOID:2224
C1292778	DOID:2226
UMLS:C1292778	DOID:2226
C0836924	DOID:2228
UMLS:C0836924	DOID:2228
C0015523	DOID:2229
UMLS:C0015523	DOID:2229
C0004812	DOID:223
UMLS:C0004812	DOID:223
C0015526	DOID:2231
UMLS:C0015526	DOID:2231
C0014547	DOID:2234
UMLS:C0014547	DOID:2234
C0272317	DOID:2235
UMLS:C0272317	DOID:2235
C0001733	DOID:2236
UMLS:C0001733	DOID:2236
C0001308	DOID:2237
UMLS:C0001308	DOID:2237
C0019189	DOID:2237
UMLS:C0019189	DOID:2237
C0149519	DOID:2237
UMLS:C0149519	DOID:2237
C0235369	DOID:2239
UMLS:C0235369	DOID:2239
C0007787	DOID:224
UMLS:C0007787	DOID:224
C0038019	DOID:2247
UMLS:C0038019	DOID:2247
C0039082	DOID:225
UMLS:C0039082	DOID:225
C0020561	DOID:2251
UMLS:C0020561	DOID:2251
C0007867	DOID:2253
UMLS:C0007867	DOID:2253
C0008449	DOID:2256
UMLS:C0008449	DOID:2256
C0029422	DOID:2256
UMLS:C0029422	DOID:2256
C0003090	DOID:227
UMLS:C0003090	DOID:227
C0700345	DOID:2272
UMLS:C0700345	DOID:2272
C0042998	DOID:2273
UMLS:C0042998	DOID:2273
C0001344	DOID:2275
UMLS:C0001344	DOID:2275
C0031345	DOID:2275
UMLS:C0031345	DOID:2275
C0031350	DOID:2275
UMLS:C0031350	DOID:2275
C0155824	DOID:2275
UMLS:C0155824	DOID:2275
C0018050	DOID:2277
UMLS:C0018050	DOID:2277
C0162836	DOID:2280
UMLS:C0162836	DOID:2280
C0085160	DOID:2282
UMLS:C0085160	DOID:2282
C0235270	DOID:2283
UMLS:C0235270	DOID:2283
C1333176	DOID:2286
UMLS:C1333176	DOID:2286
C0017411	DOID:229
UMLS:C0017411	DOID:229
C0023364	DOID:2297
UMLS:C0023364	DOID:2297
C0043102	DOID:2297
UMLS:C0043102	DOID:2297
C0154682	DOID:230
UMLS:C0154682	DOID:230
C0038018	DOID:2300
UMLS:C0038018	DOID:2300
C0156296	DOID:2301
UMLS:C0156296	DOID:2301
C0038273	DOID:2303
UMLS:C0038273	DOID:2303
C0085084	DOID:231
UMLS:C0085084	DOID:231
C0028242	DOID:2312
UMLS:C0028242	DOID:2312
C0155888	DOID:2314
UMLS:C0155888	DOID:2314
C0007786	DOID:2316
UMLS:C0007786	DOID:2316
C0600260	DOID:2320
UMLS:C0600260	DOID:2320
C0017160	DOID:2326
UMLS:C0017160	DOID:2326
C0563238	DOID:2327
UMLS:C0563238	DOID:2327
C0024694	DOID:2338
UMLS:C0024694	DOID:2338
C0153511	DOID:2338
UMLS:C0153511	DOID:2338
C0010273	DOID:2339
UMLS:C0010273	DOID:2339
C0338106	DOID:234
UMLS:C0338106	DOID:234
C0010278	DOID:2340
UMLS:C0010278	DOID:2340
C0154254	DOID:2344
UMLS:C0154254	DOID:2344
C0029594	DOID:2345
UMLS:C0029594	DOID:2345
C0026471	DOID:2346
UMLS:C0026471	DOID:2346
C0017327	DOID:2347
UMLS:C0017327	DOID:2347
C0003850	DOID:2349
UMLS:C0003850	DOID:2349
C0009375	DOID:235
UMLS:C0009375	DOID:235
C0012715	DOID:2351
UMLS:C0012715	DOID:2351
C0018995	DOID:2352
UMLS:C0018995	DOID:2352
C0002890	DOID:2354
UMLS:C0002890	DOID:2354
C0002871	DOID:2355
UMLS:C0002871	DOID:2355
C0002886	DOID:2361
UMLS:C0002886	DOID:2361
C0032807	DOID:2364
UMLS:C0032807	DOID:2364
C0751583	DOID:2365
UMLS:C0751583	DOID:2365
C0043124	DOID:2366
UMLS:C0043124	DOID:2366
C0338473	DOID:2367
UMLS:C0338473	DOID:2367
C0017083	DOID:2368
UMLS:C0017083	DOID:2368
C0013902	DOID:2373
UMLS:C0013902	DOID:2373
C0026769	DOID:2377
UMLS:C0026769	DOID:2377
C0751967	DOID:2378
UMLS:C0751967	DOID:2378
C0034124	DOID:238
UMLS:C0034124	DOID:238
C0022610	DOID:2382
UMLS:C0022610	DOID:2382
C0022353	DOID:2383
UMLS:C0022353	DOID:2383
C0043121	DOID:2384
UMLS:C0043121	DOID:2384
C0268790	DOID:2388
UMLS:C0268790	DOID:2388
C0268837	DOID:2392
UMLS:C0268837	DOID:2392
C0919267	DOID:2394
UMLS:C0919267	DOID:2394
C1140680	DOID:2394
UMLS:C1140680	DOID:2394
C1299247	DOID:2394
UMLS:C1299247	DOID:2394
C0022078	DOID:240
UMLS:C0022078	DOID:240
C0153589	DOID:2401
UMLS:C0153589	DOID:2401
C1333070	DOID:2401
UMLS:C1333070	DOID:2401
C0035469	DOID:2409
UMLS:C0035469	DOID:2409
C0346060	DOID:2410
UMLS:C0346060	DOID:2410
C0085167	DOID:2411
UMLS:C0085167	DOID:2411
C0346063	DOID:2425
UMLS:C0346063	DOID:2425
C0346083	DOID:2430
UMLS:C0346083	DOID:2430
C0017653	DOID:2431
UMLS:C0017653	DOID:2431
C0345988	DOID:2433
UMLS:C0345988	DOID:2433
C1275226	DOID:2435
UMLS:C1275226	DOID:2435
C0334421	DOID:2436
UMLS:C0334421	DOID:2436
C0346041	DOID:2438
UMLS:C0346041	DOID:2438
C1333646	DOID:2441
UMLS:C1333646	DOID:2441
C0280334	DOID:2442
UMLS:C0280334	DOID:2442
C0020506	DOID:2444
UMLS:C0020506	DOID:2444
C0001206	DOID:2449
UMLS:C0001206	DOID:2449
C0154841	DOID:2450
UMLS:C0154841	DOID:2450
C0242666	DOID:2451
UMLS:C0242666	DOID:2451
C0398623	DOID:2452
UMLS:C0398623	DOID:2452
C0155149	DOID:2455
UMLS:C0155149	DOID:2455
C0005743	DOID:2456
UMLS:C0005743	DOID:2456
C0009769	DOID:2457
UMLS:C0009769	DOID:2457
C0854165	DOID:2458
UMLS:C0854165	DOID:2458
C0155372	DOID:2460
UMLS:C0155372	DOID:2460
C0154833	DOID:2462
UMLS:C0154833	DOID:2462
C0029516	DOID:2468
UMLS:C0029516	DOID:2468
C0029119	DOID:2473
UMLS:C0029119	DOID:2473
C0009773	DOID:2474
UMLS:C0009773	DOID:2474
C0155145	DOID:2475
UMLS:C0155145	DOID:2475
C0037773	DOID:2476
UMLS:C0037773	DOID:2476
C0027888	DOID:2477
UMLS:C0027888	DOID:2477
C0155503	DOID:2479
UMLS:C0155503	DOID:2479
C0040582	DOID:248
UMLS:C0040582	DOID:248
C1336772	DOID:248
UMLS:C1336772	DOID:248
C0031707	DOID:2485
UMLS:C0031707	DOID:2485
C0158538	DOID:2490
UMLS:C0158538	DOID:2490
C0151313	DOID:2491
UMLS:C0151313	DOID:2491
C0699739	DOID:2491
UMLS:C0699739	DOID:2491
C0267211	DOID:2493
UMLS:C0267211	DOID:2493
C0085411	DOID:2494
UMLS:C0085411	DOID:2494
C0343082	DOID:2495
UMLS:C0343082	DOID:2495
C0399400	DOID:2497
UMLS:C0399400	DOID:2497
C0040436	DOID:2498
UMLS:C0040436	DOID:2498
C0003490	DOID:2508
UMLS:C0003490	DOID:2508
C0039263	DOID:2508
UMLS:C0039263	DOID:2508
C1456283	DOID:251
UMLS:C1456283	DOID:251
C0270707	DOID:2510
UMLS:C0270707	DOID:2510
C0004779	DOID:2512
UMLS:C0004779	DOID:2512
C0007117	DOID:2513
UMLS:C0007117	DOID:2513
C0206710	DOID:2513
UMLS:C0206710	DOID:2513
C1368295	DOID:2513
UMLS:C1368295	DOID:2513
C1334237	DOID:2516
UMLS:C1334237	DOID:2516
C0154050	DOID:2517
UMLS:C0154050	DOID:2517
C0029191	DOID:2518
UMLS:C0029191	DOID:2518
C0039584	DOID:2519
UMLS:C0039584	DOID:2519
C0033936	DOID:252
UMLS:C0033936	DOID:252
C0007112	DOID:2526
UMLS:C0007112	DOID:2526
C0027720	DOID:2527
UMLS:C0027720	DOID:2527
C0037997	DOID:2529
UMLS:C0037997	DOID:2529
C0272412	DOID:2530
UMLS:C0272412	DOID:2530
C0376544	DOID:2531
UMLS:C0376544	DOID:2531
C0037998	DOID:2533
UMLS:C0037998	DOID:2533
C0393819	DOID:2536
UMLS:C0393819	DOID:2536
C0154758	DOID:2537
UMLS:C0154758	DOID:2537
C0282512	DOID:2538
UMLS:C0282512	DOID:2538
C0154052	DOID:254
UMLS:C0154052	DOID:254
C0270849	DOID:2544
UMLS:C0270849	DOID:2544
C0270857	DOID:2548
UMLS:C0270857	DOID:2548
C0018916	DOID:255
UMLS:C0018916	DOID:255
C0393724	DOID:2550
UMLS:C0393724	DOID:2550
C0018202	DOID:2555
UMLS:C0018202	DOID:2555
C0032453	DOID:2556
UMLS:C0032453	DOID:2556
C0085700	DOID:2557
UMLS:C0085700	DOID:2557
C0524662	DOID:2559
UMLS:C0524662	DOID:2559
C0685201	DOID:256
UMLS:C0685201	DOID:256
C0026552	DOID:2560
UMLS:C0026552	DOID:2560
C0031024	DOID:2562
UMLS:C0031024	DOID:2562
C0024439	DOID:2565
UMLS:C0024439	DOID:2565
C0010035	DOID:2566
UMLS:C0010035	DOID:2566
C0010036	DOID:2566
UMLS:C0010036	DOID:2566
C0007860	DOID:2568
UMLS:C0007860	DOID:2568
C0007861	DOID:2568
UMLS:C0007861	DOID:2568
C0035312	DOID:2569
UMLS:C0035312	DOID:2569
C0019613	DOID:2570
UMLS:C0019613	DOID:2570
C0019621	DOID:2571
UMLS:C0019621	DOID:2571
C0023381	DOID:2571
UMLS:C0023381	DOID:2571
C0154482	DOID:2575
UMLS:C0154482	DOID:2575
C0282529	DOID:2580
UMLS:C0282529	DOID:2580
C0008445	DOID:2581
UMLS:C0008445	DOID:2581
C0268419	DOID:2582
UMLS:C0268419	DOID:2582
C0001768	DOID:2583
UMLS:C0001768	DOID:2583
C0086438	DOID:2583
UMLS:C0086438	DOID:2583
C3501848	DOID:2590
UMLS:C3501848	DOID:2590
C0153483	DOID:2595
UMLS:C0153483	DOID:2595
C0007107	DOID:2596
UMLS:C0007107	DOID:2596
C0345713	DOID:2597
UMLS:C0345713	DOID:2597
C0023055	DOID:2598
UMLS:C0023055	DOID:2598
C0740083	DOID:2599
UMLS:C0740083	DOID:2599
C0029771	DOID:26
UMLS:C0029771	DOID:26
C0153433	DOID:260
UMLS:C0153433	DOID:260
C0595989	DOID:2600
UMLS:C0595989	DOID:2600
C0334548	DOID:2601
UMLS:C0334548	DOID:2601
C0936248	DOID:2602
UMLS:C0936248	DOID:2602
C0206622	DOID:2609
UMLS:C0206622	DOID:2609
C0153434	DOID:261
UMLS:C0153434	DOID:261
C0334360	DOID:2614
UMLS:C0334360	DOID:2614
C0030354	DOID:2615
UMLS:C0030354	DOID:2615
C0205875	DOID:2615
UMLS:C0205875	DOID:2615
C0334530	DOID:2616
UMLS:C0334530	DOID:2616
C0346256	DOID:262
UMLS:C0346256	DOID:262
C1332356	DOID:2621
UMLS:C1332356	DOID:2621
C0205770	DOID:2626
UMLS:C0205770	DOID:2626
C1332963	DOID:2626
UMLS:C1332963	DOID:2626
C0022665	DOID:263
UMLS:C0022665	DOID:263
C0494158	DOID:263
UMLS:C0494158	DOID:263
C0740457	DOID:263
UMLS:C0740457	DOID:263
C0010633	DOID:2634
UMLS:C0010633	DOID:2634
C0006160	DOID:2636
UMLS:C0006160	DOID:2636
C0334497	DOID:2639
UMLS:C0334497	DOID:2639
C0018922	DOID:264
UMLS:C0018922	DOID:264
C0038478	DOID:2640
UMLS:C0038478	DOID:2640
C0280134	DOID:2641
UMLS:C0280134	DOID:2641
C1300127	DOID:2643
UMLS:C1300127	DOID:2643
C0025500	DOID:2645
UMLS:C0025500	DOID:2645
C1266175	DOID:2647
UMLS:C1266175	DOID:2647
C1368816	DOID:2648
UMLS:C1368816	DOID:2648
C0008441	DOID:2649
UMLS:C0008441	DOID:2649
C0346424	DOID:265
UMLS:C0346424	DOID:265
C0334511	DOID:2653
UMLS:C0334511	DOID:2653
C0334496	DOID:2656
UMLS:C0334496	DOID:2656
C0011649	DOID:2658
UMLS:C0011649	DOID:2658
C1368903	DOID:2660
UMLS:C1368903	DOID:2660
C0027070	DOID:2661
UMLS:C0027070	DOID:2661
C0038987	DOID:2664
UMLS:C0038987	DOID:2664
C0025464	DOID:2668
UMLS:C0025464	DOID:2668
C0334599	DOID:2669
UMLS:C0334599	DOID:2669
C0334266	DOID:2670
UMLS:C0334266	DOID:2670
C0007138	DOID:2671
UMLS:C0007138	DOID:2671
C0334265	DOID:2671
UMLS:C0334265	DOID:2671
C1266177	DOID:2679
UMLS:C1266177	DOID:2679
C0345907	DOID:268
UMLS:C0345907	DOID:268
C0334374	DOID:2682
UMLS:C0334374	DOID:2682
C0001422	DOID:2683
UMLS:C0001422	DOID:2683
C1266128	DOID:2685
UMLS:C1266128	DOID:2685
C0856900	DOID:2687
UMLS:C0856900	DOID:2687
C0024224	DOID:2689
UMLS:C0024224	DOID:2689
C0346082	DOID:2689
UMLS:C0346082	DOID:2689
C0027086	DOID:2691
UMLS:C0027086	DOID:2691
C0023601	DOID:2696
UMLS:C0023601	DOID:2696
C0334410	DOID:2696
UMLS:C0334410	DOID:2696
C0334684	DOID:2697
UMLS:C0334684	DOID:2697
C1266141	DOID:2698
UMLS:C1266141	DOID:2698
C0345906	DOID:270
UMLS:C0345906	DOID:270
C0334499	DOID:2700
UMLS:C0334499	DOID:2700
C0221289	DOID:2701
UMLS:C0221289	DOID:2701
C0588125	DOID:2701
UMLS:C0588125	DOID:2701
C0039106	DOID:2702
UMLS:C0039106	DOID:2702
C0039103	DOID:2703
UMLS:C0039103	DOID:2703
C1266168	DOID:2704
UMLS:C1266168	DOID:2704
C0334229	DOID:2705
UMLS:C0334229	DOID:2705
C1334624	DOID:2706
UMLS:C1334624	DOID:2706
C0155889	DOID:2708
UMLS:C0155889	DOID:2708
C0238246	DOID:271
UMLS:C0238246	DOID:271
C0037050	DOID:2710
UMLS:C0037050	DOID:2710
C0031538	DOID:2712
UMLS:C0031538	DOID:2712
C0005859	DOID:2717
UMLS:C0005859	DOID:2717
C0019077	DOID:2718
UMLS:C0019077	DOID:2718
C0400923	DOID:272
UMLS:C0400923	DOID:272
C0001197	DOID:2722
UMLS:C0001197	DOID:2722
C0011603	DOID:2723
UMLS:C0011603	DOID:2723
C0206733	DOID:2725
UMLS:C0206733	DOID:2725
C0265965	DOID:2729
UMLS:C0265965	DOID:2729
C0014527	DOID:2730
UMLS:C0014527	DOID:2730
C0037275	DOID:2731
UMLS:C0037275	DOID:2731
C0032339	DOID:2732
UMLS:C0032339	DOID:2732
C0151514	DOID:2733
UMLS:C0151514	DOID:2733
C0022595	DOID:2734
UMLS:C0022595	DOID:2734
C0917715	DOID:2736
UMLS:C0917715	DOID:2736
C0917990	DOID:2736
UMLS:C0917990	DOID:2736
C0033847	DOID:2738
UMLS:C0033847	DOID:2738
C0017551	DOID:2739
UMLS:C0017551	DOID:2739
C0020433	DOID:2741
UMLS:C0020433	DOID:2741
C0020435	DOID:2741
UMLS:C0020435	DOID:2741
C0013447	DOID:2742
UMLS:C0013447	DOID:2742
C0156254	DOID:2743
UMLS:C0156254	DOID:2743
C0034183	DOID:2744
UMLS:C0034183	DOID:2744
C0027402	DOID:2745
UMLS:C0027402	DOID:2745
C0017924	DOID:2746
UMLS:C0017924	DOID:2746
C0017919	DOID:2747
UMLS:C0017919	DOID:2747
C0017922	DOID:2748
UMLS:C0017922	DOID:2748
C1333770	DOID:275
UMLS:C1333770	DOID:275
C0017923	DOID:2750
UMLS:C0017923	DOID:2750
C0017927	DOID:2751
UMLS:C0017927	DOID:2751
C0017921	DOID:2752
UMLS:C0017921	DOID:2752
C0017925	DOID:2754
UMLS:C0017925	DOID:2754
C0026916	DOID:2755
UMLS:C0026916	DOID:2755
C0700110	DOID:2762
UMLS:C0700110	DOID:2762
C1333477	DOID:2763
UMLS:C1333477	DOID:2763
C1333473	DOID:2764
UMLS:C1333473	DOID:2764
C1333472	DOID:2766
UMLS:C1333472	DOID:2766
C0040702	DOID:2768
UMLS:C0040702	DOID:2768
C0040188	DOID:2769
UMLS:C0040188	DOID:2769
C0677608	DOID:277
UMLS:C0677608	DOID:277
C0162823	DOID:2772
UMLS:C0162823	DOID:2772
C0011616	DOID:2773
UMLS:C0011616	DOID:2773
C0334556	DOID:2775
UMLS:C0334556	DOID:2775
C0334556	DOID:2776
UMLS:C0334556	DOID:2776
C0345873	DOID:2780
UMLS:C0345873	DOID:2780
C1327709	DOID:2781
UMLS:C1327709	DOID:2781
C0153443	DOID:2782
UMLS:C0153443	DOID:2782
C0598790	DOID:2784
UMLS:C0598790	DOID:2784
C0010964	DOID:2785
UMLS:C0010964	DOID:2785
C0007760	DOID:2786
UMLS:C0007760	DOID:2786
C0033740	DOID:2789
UMLS:C0033740	DOID:2789
C0027528	DOID:2790
UMLS:C0027528	DOID:2790
C0085786	DOID:2797
UMLS:C0085786	DOID:2797
C0006272	DOID:2799
UMLS:C0006272	DOID:2799
C0014130	DOID:28
UMLS:C0014130	DOID:28
C0085786	DOID:2800
UMLS:C0085786	DOID:2800
C1290344	DOID:2801
UMLS:C1290344	DOID:2801
C0026069	DOID:2810
UMLS:C0026069	DOID:2810
C0346331	DOID:2814
UMLS:C0346331	DOID:2814
C0010267	DOID:2815
UMLS:C0010267	DOID:2815
C0153644	DOID:2815
UMLS:C0153644	DOID:2815
C0686417	DOID:2816
UMLS:C0686417	DOID:2816
C1263895	DOID:2817
UMLS:C1263895	DOID:2817
C0028432	DOID:2825
UMLS:C0028432	DOID:2825
C0267841	DOID:2828
UMLS:C0267841	DOID:2828
C0017455	DOID:2832
UMLS:C0017455	DOID:2832
C0856815	DOID:2833
UMLS:C0856815	DOID:2833
C1318533	DOID:2834
UMLS:C1318533	DOID:2834
C0856818	DOID:2835
UMLS:C0856818	DOID:2835
C0541719	DOID:2838
UMLS:C0541719	DOID:2838
C0391869	DOID:2839
UMLS:C0391869	DOID:2839
C0004096	DOID:2841
UMLS:C0004096	DOID:2841
C0022387	DOID:2842
UMLS:C0022387	DOID:2842
C0023976	DOID:2843
UMLS:C0023976	DOID:2843
C0006325	DOID:2846
UMLS:C0006325	DOID:2846
C0393774	DOID:2846
UMLS:C0393774	DOID:2846
C0023443	DOID:285
UMLS:C0023443	DOID:285
C0020551	DOID:2855
UMLS:C0020551	DOID:2855
C0015190	DOID:2856
UMLS:C0015190	DOID:2856
C0019021	DOID:2859
UMLS:C0019021	DOID:2859
C0019045	DOID:2860
UMLS:C0019045	DOID:2860
C0002882	DOID:2861
UMLS:C0002882	DOID:2861
C2939465	DOID:2862
UMLS:C2939465	DOID:2862
C0279763	DOID:2870
UMLS:C0279763	DOID:2870
C1153706	DOID:2870
UMLS:C1153706	DOID:2870
C1336905	DOID:2870
UMLS:C1336905	DOID:2870
C0206687	DOID:2871
UMLS:C0206687	DOID:2871
C0476089	DOID:2871
UMLS:C0476089	DOID:2871
C0280324	DOID:2876
UMLS:C0280324	DOID:2876
C1334377	DOID:2877
UMLS:C1334377	DOID:2877
C0155122	DOID:2879
UMLS:C0155122	DOID:2879
C0341858	DOID:288
UMLS:C0341858	DOID:288
C0520477	DOID:2883
UMLS:C0520477	DOID:2883
C1332535	DOID:2885
UMLS:C1332535	DOID:2885
C1335409	DOID:2885
UMLS:C1335409	DOID:2885
C1335510	DOID:2887
UMLS:C1335510	DOID:2887
C0035352	DOID:2889
UMLS:C0035352	DOID:2889
C0014175	DOID:289
UMLS:C0014175	DOID:289
C0151468	DOID:2891
UMLS:C0151468	DOID:2891
C1299238	DOID:2892
UMLS:C1299238	DOID:2892
C0302592	DOID:2893
UMLS:C0302592	DOID:2893
C0265240	DOID:2907
UMLS:C0265240	DOID:2907
C0242387	DOID:2908
UMLS:C0242387	DOID:2908
C0001339	DOID:2913
UMLS:C0001339	DOID:2913
C0041806	DOID:2914
UMLS:C0041806	DOID:2914
C0021070	DOID:2916
UMLS:C0021070	DOID:2916
C0010403	DOID:2917
UMLS:C0010403	DOID:2917
C1334361	DOID:292
UMLS:C1334361	DOID:292
C0017662	DOID:2920
UMLS:C0017662	DOID:2920
C0017658	DOID:2921
UMLS:C0017658	DOID:2921
C0022739	DOID:2926
UMLS:C0022739	DOID:2926
C0027983	DOID:2929
UMLS:C0027983	DOID:2929
C1334358	DOID:293
UMLS:C1334358	DOID:293
C0002016	DOID:2934
UMLS:C0002016	DOID:2934
C0007965	DOID:2935
UMLS:C0007965	DOID:2935
C0149678	DOID:2938
UMLS:C0149678	DOID:2938
C0153627	DOID:294
UMLS:C0153627	DOID:294
C0339124	DOID:294
UMLS:C0339124	DOID:294
C0006271	DOID:2942
UMLS:C0006271	DOID:2942
C1175175	DOID:2945
UMLS:C1175175	DOID:2945
C0848866	DOID:295
UMLS:C0848866	DOID:295
C0026603	DOID:2951
UMLS:C0026603	DOID:2951
C0022890	DOID:2952
UMLS:C0022890	DOID:2952
C0494559	DOID:2952
UMLS:C0494559	DOID:2952
C0041327	DOID:2957
UMLS:C0041327	DOID:2957
C1334069	DOID:2959
UMLS:C1334069	DOID:2959
C0346342	DOID:296
UMLS:C0346342	DOID:296
C0009207	DOID:2962
UMLS:C0009207	DOID:2962
C0031037	DOID:2964
UMLS:C0031037	DOID:2964
C0006444	DOID:2965
UMLS:C0006444	DOID:2965
C0344460	DOID:297
UMLS:C0344460	DOID:297
C0035066	DOID:2972
UMLS:C0035066	DOID:2972
C0022656	DOID:2973
UMLS:C0022656	DOID:2973
C0022679	DOID:2975
UMLS:C0022679	DOID:2975
C0020500	DOID:2977
UMLS:C0020500	DOID:2977
C0020501	DOID:2977
UMLS:C0020501	DOID:2977
C0007001	DOID:2978
UMLS:C0007001	DOID:2978
C0149670	DOID:2978
UMLS:C0149670	DOID:2978
C0346341	DOID:298
UMLS:C0346341	DOID:298
C0022667	DOID:2981
UMLS:C0022667	DOID:2981
C0031065	DOID:2982
UMLS:C0031065	DOID:2982
C0003460	DOID:2983
UMLS:C0003460	DOID:2983
C0017661	DOID:2986
UMLS:C0017661	DOID:2986
C0031069	DOID:2987
UMLS:C0031069	DOID:2987
C0085278	DOID:2988
UMLS:C0085278	DOID:2988
C0001418	DOID:299
UMLS:C0001418	DOID:299
C1335515	DOID:2992
UMLS:C1335515	DOID:2992
C0205851	DOID:2994
UMLS:C0205851	DOID:2994
C1321220	DOID:2996
UMLS:C1321220	DOID:2996
C0206723	DOID:2997
UMLS:C0206723	DOID:2997
C0039590	DOID:2998
UMLS:C0039590	DOID:2998
C0153594	DOID:2998
UMLS:C0153594	DOID:2998
C1333010	DOID:2998
UMLS:C1333010	DOID:2998
C0018206	DOID:2999
UMLS:C0018206	DOID:2999
C0334401	DOID:2999
UMLS:C0334401	DOID:2999
C0474809	DOID:3001
UMLS:C0474809	DOID:3001
C1335172	DOID:3002
UMLS:C1335172	DOID:3002
C1112166	DOID:3003
UMLS:C1112166	DOID:3003
C1511319	DOID:3004
UMLS:C1511319	DOID:3004
C1176475	DOID:3007
UMLS:C1176475	DOID:3007
C1527349	DOID:3008
UMLS:C1527349	DOID:3008
C1332635	DOID:3009
UMLS:C1332635	DOID:3009
C0861352	DOID:3010
UMLS:C0861352	DOID:3010
C1511312	DOID:3011
UMLS:C1511312	DOID:3011
C0085390	DOID:3012
UMLS:C0085390	DOID:3012
C0948967	DOID:3013
UMLS:C0948967	DOID:3013
C0238031	DOID:3016
UMLS:C0238031	DOID:3016
C0346154	DOID:3016
UMLS:C0346154	DOID:3016
C0600066	DOID:3016
UMLS:C0600066	DOID:3016
C0349667	DOID:3017
UMLS:C0349667	DOID:3017
C0013146	DOID:302
UMLS:C0013146	DOID:302
C1332139	DOID:3024
UMLS:C1332139	DOID:3024
C0206685	DOID:3025
UMLS:C0206685	DOID:3025
C0279639	DOID:3029
UMLS:C0279639	DOID:3029
C0236969	DOID:303
UMLS:C0236969	DOID:303
C0007130	DOID:3030
UMLS:C0007130	DOID:3030
C0334368	DOID:3030
UMLS:C0334368	DOID:3030
C1707436	DOID:3033
UMLS:C1707436	DOID:3033
C1515024	DOID:3038
UMLS:C1515024	DOID:3038
C1332866	DOID:3039
UMLS:C1332866	DOID:3039
C0162820	DOID:3042
UMLS:C0162820	DOID:3042
C0016470	DOID:3044
UMLS:C0016470	DOID:3044
C0043195	DOID:3047
UMLS:C0043195	DOID:3047
C0008728	DOID:3049
UMLS:C0008728	DOID:3049
C0007097	DOID:305
UMLS:C0007097	DOID:305
C0553707	DOID:305
UMLS:C0553707	DOID:305
C1368683	DOID:305
UMLS:C1368683	DOID:305
C0004698	DOID:3052
UMLS:C0004698	DOID:3052
C0030528	DOID:3055
UMLS:C0030528	DOID:3055
C0343375	DOID:3055
UMLS:C0343375	DOID:3055
C0343376	DOID:3055
UMLS:C0343376	DOID:3055
C0343377	DOID:3055
UMLS:C0343377	DOID:3055
C0017636	DOID:3068
UMLS:C0017636	DOID:3068
C0278878	DOID:3068
UMLS:C0278878	DOID:3068
C1514422	DOID:3068
UMLS:C1514422	DOID:3068
C0004114	DOID:3069
UMLS:C0004114	DOID:3069
C0750935	DOID:3069
UMLS:C0750935	DOID:3069
C0017638	DOID:3070
UMLS:C0017638	DOID:3070
C0555198	DOID:3070
UMLS:C0555198	DOID:3070
C0206726	DOID:3071
UMLS:C0206726	DOID:3071
C0349543	DOID:3073
UMLS:C0349543	DOID:3073
C0334588	DOID:3074
UMLS:C0334588	DOID:3074
C1332183	DOID:3076
UMLS:C1332183	DOID:3076
C0334579	DOID:3078
UMLS:C0334579	DOID:3078
C1321865	DOID:3079
UMLS:C1321865	DOID:3079
C0014550	DOID:308
UMLS:C0014550	DOID:308
C0206620	DOID:3081
UMLS:C0206620	DOID:3081
C0206062	DOID:3082
UMLS:C0206062	DOID:3082
C0024117	DOID:3083
UMLS:C0024117	DOID:3083
C0376480	DOID:3086
UMLS:C0376480	DOID:3086
C0008684	DOID:3087
UMLS:C0008684	DOID:3087
C0017574	DOID:3087
UMLS:C0017574	DOID:3087
C0155937	DOID:3087
UMLS:C0155937	DOID:3087
C0436545	DOID:3089
UMLS:C0436545	DOID:3089
C0027665	DOID:3093
UMLS:C0027665	DOID:3093
C0153643	DOID:3093
UMLS:C0153643	DOID:3093
C1334956	DOID:3093
UMLS:C1334956	DOID:3093
C0027658	DOID:3095
UMLS:C0027658	DOID:3095
C0155246	DOID:3096
UMLS:C0155246	DOID:3096
C0206652	DOID:3098
UMLS:C0206652	DOID:3098
C0162672	DOID:310
UMLS:C0162672	DOID:310
C0039984	DOID:3103
UMLS:C0039984	DOID:3103
C0040522	DOID:3107
UMLS:C0040522	DOID:3107
C0003952	DOID:3108
UMLS:C0003952	DOID:3108
C0206744	DOID:3109
UMLS:C0206744	DOID:3109
C0206700	DOID:3110
UMLS:C0206700	DOID:3110
C0010631	DOID:3111
UMLS:C0010631	DOID:3111
C0001420	DOID:3112
UMLS:C0001420	DOID:3112
C0007133	DOID:3113
UMLS:C0007133	DOID:3113
C0206701	DOID:3114
UMLS:C0206701	DOID:3114
C1334323	DOID:3116
UMLS:C1334323	DOID:3116
C0854196	DOID:3117
UMLS:C0854196	DOID:3117
C0267792	DOID:3118
UMLS:C0267792	DOID:3118
C0012243	DOID:3119
UMLS:C0012243	DOID:3119
C0017185	DOID:3119
UMLS:C0017185	DOID:3119
C0685938	DOID:3119
UMLS:C0685938	DOID:3119
C0158331	DOID:312
UMLS:C0158331	DOID:312
C1333754	DOID:3120
UMLS:C1333754	DOID:3120
C0016978	DOID:3121
UMLS:C0016978	DOID:3121
C0153452	DOID:3121
UMLS:C0153452	DOID:3121
C0278806	DOID:3121
UMLS:C0278806	DOID:3121
C0162651	DOID:3122
UMLS:C0162651	DOID:3122
C0033246	DOID:3127
UMLS:C0033246	DOID:3127
C0003462	DOID:3128
UMLS:C0003462	DOID:3128
C0162566	DOID:3132
UMLS:C0162566	DOID:3132
C0162533	DOID:3133
UMLS:C0162533	DOID:3133
C0015456	DOID:3134
UMLS:C0015456	DOID:3134
C0036271	DOID:3136
UMLS:C0036271	DOID:3136
C0000889	DOID:3138
UMLS:C0000889	DOID:3138
C1318543	DOID:314
UMLS:C1318543	DOID:314
C0036413	DOID:3140
UMLS:C0036413	DOID:3140
C0162855	DOID:3141
UMLS:C0162855	DOID:3141
C0023219	DOID:3142
UMLS:C0023219	DOID:3142
C0010495	DOID:3144
UMLS:C0010495	DOID:3144
C0020479	DOID:3145
UMLS:C0020479	DOID:3145
C0023772	DOID:3146
UMLS:C0023772	DOID:3146
C0474966	DOID:3148
UMLS:C0474966	DOID:3148
C0022572	DOID:3149
UMLS:C0022572	DOID:3149
C0476203	DOID:315
UMLS:C0476203	DOID:315
C0553723	DOID:3151
UMLS:C0553723	DOID:3151
C0023801	DOID:3153
UMLS:C0023801	DOID:3153
C0022283	DOID:3156
UMLS:C0022283	DOID:3156
C0018567	DOID:3158
UMLS:C0018567	DOID:3158
C0031762	DOID:3159
UMLS:C0031762	DOID:3159
C0334444	DOID:3162
UMLS:C0334444	DOID:3162
C0037286	DOID:3165
UMLS:C0037286	DOID:3165
C0206720	DOID:3168
UMLS:C0206720	DOID:3168
C0205650	DOID:3172
UMLS:C0205650	DOID:3172
C1517123	DOID:3173
UMLS:C1517123	DOID:3173
C0334243	DOID:3177
UMLS:C0334243	DOID:3177
C0347390	DOID:3178
UMLS:C0347390	DOID:3178
C0206721	DOID:3179
UMLS:C0206721	DOID:3179
C0917981	DOID:318
UMLS:C0917981	DOID:318
C0751396	DOID:3181
UMLS:C0751396	DOID:3181
C0280475	DOID:3183
UMLS:C0280475	DOID:3183
C0346295	DOID:3184
UMLS:C0346295	DOID:3184
C2937245	DOID:3185
UMLS:C2937245	DOID:3185
C0279070	DOID:3186
UMLS:C0279070	DOID:3186
C1332190	DOID:3186
UMLS:C1332190	DOID:3186
C0346286	DOID:3187
UMLS:C0346286	DOID:3187
C0037928	DOID:319
UMLS:C0037928	DOID:319
C0206157	DOID:3191
UMLS:C0206157	DOID:3191
C0027809	DOID:3192
UMLS:C0027809	DOID:3192
C0751689	DOID:3193
UMLS:C0751689	DOID:3193
C0431124	DOID:3196
UMLS:C0431124	DOID:3196
C1335928	DOID:3197
UMLS:C1335928	DOID:3197
C1263903	DOID:3198
UMLS:C1263903	DOID:3198
C1332905	DOID:3199
UMLS:C1332905	DOID:3199
C0154685	DOID:320
UMLS:C0154685	DOID:320
C1336543	DOID:3201
UMLS:C1336543	DOID:3201
C0349582	DOID:3202
UMLS:C0349582	DOID:3202
C4054526	DOID:3203
UMLS:C4054526	DOID:3203
C1335929	DOID:3204
UMLS:C1335929	DOID:3204
C1306247	DOID:3205
UMLS:C1306247	DOID:3205
C1370659	DOID:3206
UMLS:C1370659	DOID:3206
C0079301	DOID:3209
UMLS:C0079301	DOID:3209
C0030481	DOID:321
UMLS:C0030481	DOID:321
C0205711	DOID:3210
UMLS:C0205711	DOID:3210
C0085078	DOID:3211
UMLS:C0085078	DOID:3211
C0011303	DOID:3213
UMLS:C0011303	DOID:3213
C1334297	DOID:3216
UMLS:C1334297	DOID:3216
C0022374	DOID:3218
UMLS:C0022374	DOID:3218
C0026975	DOID:322
UMLS:C0026975	DOID:322
C0007462	DOID:3222
UMLS:C0007462	DOID:3222
C0458219	DOID:3223
UMLS:C0458219	DOID:3223
C0040580	DOID:3225
UMLS:C0040580	DOID:3225
C0040583	DOID:3227
UMLS:C0040583	DOID:3227
C0038353	DOID:3229
UMLS:C0038353	DOID:3229
C0019537	DOID:3230
UMLS:C0019537	DOID:3230
C0280803	DOID:3234
UMLS:C0280803	DOID:3234
C0032290	DOID:3240
UMLS:C0032290	DOID:3240
C0032298	DOID:3241
UMLS:C0032298	DOID:3241
C0206656	DOID:3246
UMLS:C0206656	DOID:3246
C0035412	DOID:3247
UMLS:C0035412	DOID:3247
C0334480	DOID:3250
UMLS:C0334480	DOID:3250
C1335508	DOID:3251
UMLS:C1335508	DOID:3251
C1335518	DOID:3252
UMLS:C1335518	DOID:3252
C1333505	DOID:3253
UMLS:C1333505	DOID:3253
C2064434	DOID:3254
UMLS:C2064434	DOID:3254
C1306573	DOID:3255
UMLS:C1306573	DOID:3255
C1335127	DOID:3258
UMLS:C1335127	DOID:3258
C0346347	DOID:3259
UMLS:C0346347	DOID:3259
C0022116	DOID:326
UMLS:C0022116	DOID:326
C1266134	DOID:3260
UMLS:C1266134	DOID:3260
C2936739	DOID:3261
UMLS:C2936739	DOID:3261
C0031306	DOID:3262
UMLS:C0031306	DOID:3262
C0080024	DOID:3263
UMLS:C0080024	DOID:3263
C0153924	DOID:3264
UMLS:C0153924	DOID:3264
C0018203	DOID:3265
UMLS:C0018203	DOID:3265
C0346172	DOID:3267
UMLS:C0346172	DOID:3267
C0346169	DOID:3269
UMLS:C0346169	DOID:3269
C0039144	DOID:327
UMLS:C0039144	DOID:327
C0334056	DOID:3274
UMLS:C0334056	DOID:3274
C0040100	DOID:3275
UMLS:C0040100	DOID:3275
C0751552	DOID:3277
UMLS:C0751552	DOID:3277
C1333383	DOID:3278
UMLS:C1333383	DOID:3278
C1266091	DOID:3279
UMLS:C1266091	DOID:3279
C1266092	DOID:3280
UMLS:C1266092	DOID:3280
C1328042	DOID:3282
UMLS:C1328042	DOID:3282
C0278846	DOID:3283
UMLS:C0278846	DOID:3283
C0205969	DOID:3284
UMLS:C0205969	DOID:3284
C0276180	DOID:3292
UMLS:C0276180	DOID:3292
C0042214	DOID:3298
UMLS:C0042214	DOID:3298
C0206661	DOID:3301
UMLS:C0206661	DOID:3301
C0008487	DOID:3302
UMLS:C0008487	DOID:3302
C1335069	DOID:3303
UMLS:C1335069	DOID:3303
C0206660	DOID:3304
UMLS:C0206660	DOID:3304
C0206664	DOID:3305
UMLS:C0206664	DOID:3305
C0334524	DOID:3306
UMLS:C0334524	DOID:3306
C0039538	DOID:3307
UMLS:C0039538	DOID:3307
C0206659	DOID:3308
UMLS:C0206659	DOID:3308
C0855159	DOID:3308
UMLS:C0855159	DOID:3308
C0027822	DOID:3309
UMLS:C0027822	DOID:3309
C0007682	DOID:331
UMLS:C0007682	DOID:331
C0011615	DOID:3310
UMLS:C0011615	DOID:3310
C0005586	DOID:3312
UMLS:C0005586	DOID:3312
C0005587	DOID:3312
UMLS:C0005587	DOID:3312
C0024713	DOID:3312
UMLS:C0024713	DOID:3312
C0236780	DOID:3312
UMLS:C0236780	DOID:3312
C0206633	DOID:3314
UMLS:C0206633	DOID:3314
C0023798	DOID:3315
UMLS:C0023798	DOID:3315
C0206631	DOID:3315
UMLS:C0206631	DOID:3315
C0346118	DOID:3315
UMLS:C0346118	DOID:3315
C1334611	DOID:3316
UMLS:C1334611	DOID:3316
C1335392	DOID:3316
UMLS:C1335392	DOID:3316
C1333962	DOID:3317
UMLS:C1333962	DOID:3317
C0349649	DOID:3319
UMLS:C0349649	DOID:3319
C0002736	DOID:332
UMLS:C0002736	DOID:332
C0039373	DOID:3320
UMLS:C0039373	DOID:3320
C0268274	DOID:3321
UMLS:C0268274	DOID:3321
C0085131	DOID:3322
UMLS:C0085131	DOID:3322
C0036161	DOID:3323
UMLS:C0036161	DOID:3323
C0525045	DOID:3324
UMLS:C0525045	DOID:3324
C0034151	DOID:3325
UMLS:C0034151	DOID:3325
C0034150	DOID:3326
UMLS:C0034150	DOID:3326
C0016399	DOID:3327
UMLS:C0016399	DOID:3327
C0014556	DOID:3328
UMLS:C0014556	DOID:3328
C0376532	DOID:3329
UMLS:C0376532	DOID:3329
C0752322	DOID:3330
UMLS:C0752322	DOID:3330
C0085541	DOID:3331
UMLS:C0085541	DOID:3331
C0018477	DOID:3332
UMLS:C0018477	DOID:3332
C0019681	DOID:334
UMLS:C0019681	DOID:334
C0029405	DOID:3341
UMLS:C0029405	DOID:3341
C0029400	DOID:3342
UMLS:C0029400	DOID:3342
C0026697	DOID:3343
UMLS:C0026697	DOID:3343
C0043325	DOID:3345
UMLS:C0043325	DOID:3345
C0029463	DOID:3347
UMLS:C0029463	DOID:3347
C0206639	DOID:3347
UMLS:C0206639	DOID:3347
C1332517	DOID:3350
UMLS:C1332517	DOID:3350
C1334699	DOID:3350
UMLS:C1334699	DOID:3350
C1332574	DOID:3351
UMLS:C1332574	DOID:3351
C0740479	DOID:3352
UMLS:C0740479	DOID:3352
C0016057	DOID:3355
UMLS:C0016057	DOID:3355
C0206643	DOID:3355
UMLS:C0206643	DOID:3355
C1336021	DOID:3355
UMLS:C1336021	DOID:3355
C0278511	DOID:3356
UMLS:C0278511	DOID:3356
C0855052	DOID:3357
UMLS:C0855052	DOID:3357
C1334820	DOID:3360
UMLS:C1334820	DOID:3360
C1332986	DOID:3361
UMLS:C1332986	DOID:3361
C0010051	DOID:3362
UMLS:C0010051	DOID:3362
C1332579	DOID:3367
UMLS:C1332579	DOID:3367
C0585474	DOID:3368
UMLS:C0585474	DOID:3368
C1333481	DOID:3368
UMLS:C1333481	DOID:3368
C1334406	DOID:3368
UMLS:C1334406	DOID:3368
C0553580	DOID:3369
UMLS:C0553580	DOID:3369
C0684337	DOID:3369
UMLS:C0684337	DOID:3369
C0796547	DOID:3369
UMLS:C0796547	DOID:3369
C0863029	DOID:3369
UMLS:C0863029	DOID:3369
C0877849	DOID:3369
UMLS:C0877849	DOID:3369
C1334408	DOID:3369
UMLS:C1334408	DOID:3369
C1263902	DOID:337
UMLS:C1263902	DOID:337
C0008479	DOID:3371
UMLS:C0008479	DOID:3371
C1335473	DOID:3371
UMLS:C1335473	DOID:3371
C0279603	DOID:3372
UMLS:C0279603	DOID:3372
C0206642	DOID:3373
UMLS:C0206642	DOID:3373
C1332591	DOID:3374
UMLS:C1332591	DOID:3374
C0585442	DOID:3376
UMLS:C0585442	DOID:3376
C0279622	DOID:3377
UMLS:C0279622	DOID:3377
C1334704	DOID:3379
UMLS:C1334704	DOID:3379
C1332581	DOID:3381
UMLS:C1332581	DOID:3381
C0023827	DOID:3382
UMLS:C0023827	DOID:3382
C0085166	DOID:3385
UMLS:C0085166	DOID:3385
C0031090	DOID:3388
UMLS:C0031090	DOID:3388
C0030360	DOID:3389
UMLS:C0030360	DOID:3389
C0152180	DOID:339
UMLS:C0152180	DOID:339
C0022596	DOID:3390
UMLS:C0022596	DOID:3390
C0010054	DOID:3393
UMLS:C0010054	DOID:3393
C0010068	DOID:3393
UMLS:C0010068	DOID:3393
C0151744	DOID:3393
UMLS:C0151744	DOID:3393
C0264694	DOID:3393
UMLS:C0264694	DOID:3393
C0021141	DOID:3401
UMLS:C0021141	DOID:3401
C0019618	DOID:3405
UMLS:C0019618	DOID:3405
C0007273	DOID:3407
UMLS:C0007273	DOID:3407
C0003838	DOID:341
UMLS:C0003838	DOID:341
C0031115	DOID:341
UMLS:C0031115	DOID:341
C0007274	DOID:3410
UMLS:C0007274	DOID:3410
C0024748	DOID:3413
UMLS:C0024748	DOID:3413
C1263900	DOID:3417
UMLS:C1263900	DOID:3417
C0154730	DOID:3418
UMLS:C0154730	DOID:3418
C0524802	DOID:3419
UMLS:C0524802	DOID:3419
C0155746	DOID:342
UMLS:C0155746	DOID:342
C1263896	DOID:3421
UMLS:C1263896	DOID:3421
C0042594	DOID:3426
UMLS:C0042594	DOID:3426
C1334150	DOID:3428
UMLS:C1334150	DOID:3428
C0238190	DOID:3429
UMLS:C0238190	DOID:3429
C0742115	DOID:3431
UMLS:C0742115	DOID:3431
C0853195	DOID:3436
UMLS:C0853195	DOID:3436
C0023067	DOID:3437
UMLS:C0023067	DOID:3437
C0030185	DOID:3443
UMLS:C0030185	DOID:3443
C1368019	DOID:3443
UMLS:C1368019	DOID:3443
C0238330	DOID:3444
UMLS:C0238330	DOID:3444
C1370468	DOID:3445
UMLS:C1370468	DOID:3445
C1332274	DOID:3446
UMLS:C1332274	DOID:3446
C1332257	DOID:3447
UMLS:C1332257	DOID:3447
C0221286	DOID:3448
UMLS:C0221286	DOID:3448
C0853105	DOID:3449
UMLS:C0853105	DOID:3449
C0042131	DOID:345
UMLS:C0042131	DOID:345
C0699893	DOID:3451
UMLS:C0699893	DOID:3451
C0751955	DOID:3454
UMLS:C0751955	DOID:3454
C0007869	DOID:3456
UMLS:C0007869	DOID:3456
C0206692	DOID:3457
UMLS:C0206692	DOID:3457
C0858252	DOID:3458
UMLS:C0858252	DOID:3458
C0678222	DOID:3459
UMLS:C0678222	DOID:3459
C0018552	DOID:3462
UMLS:C0018552	DOID:3462
C0006145	DOID:3463
UMLS:C0006145	DOID:3463
C0022079	DOID:3478
UMLS:C0022079	DOID:3478
C0346372	DOID:3478
UMLS:C0346372	DOID:3478
C3665670	DOID:3479
UMLS:C3665670	DOID:3479
C0005742	DOID:348
UMLS:C0005742	DOID:348
C0042161	DOID:3480
UMLS:C0042161	DOID:3480
C0152936	DOID:3481
UMLS:C0152936	DOID:3481
C0032064	DOID:3482
UMLS:C0032064	DOID:3482
C0027538	DOID:3486
UMLS:C0027538	DOID:3486
C0007642	DOID:3488
UMLS:C0007642	DOID:3488
C0007646	DOID:3488
UMLS:C0007646	DOID:3488
C0221013	DOID:349
UMLS:C0221013	DOID:349
C0028326	DOID:3490
UMLS:C0028326	DOID:3490
C0041408	DOID:3491
UMLS:C0041408	DOID:3491
C1527168	DOID:3491
UMLS:C1527168	DOID:3491
C0026272	DOID:3492
UMLS:C0026272	DOID:3492
C0206696	DOID:3493
UMLS:C0206696	DOID:3493
C0861859	DOID:3494
UMLS:C0861859	DOID:3494
C0279659	DOID:3495
UMLS:C0279659	DOID:3495
C1335317	DOID:3497
UMLS:C1335317	DOID:3497
C1335302	DOID:3498
UMLS:C1335302	DOID:3498
C1333758	DOID:3499
UMLS:C1333758	DOID:3499
C0024899	DOID:350
UMLS:C0024899	DOID:350
C0279651	DOID:3500
UMLS:C0279651	DOID:3500
C1332249	DOID:3501
UMLS:C1332249	DOID:3501
C1332243	DOID:3502
UMLS:C1332243	DOID:3502
C1335964	DOID:3503
UMLS:C1335964	DOID:3503
C5787291	DOID:3504
UMLS:C5787291	DOID:3504
C0206647	DOID:3507
UMLS:C0206647	DOID:3507
C0156261	DOID:3508
UMLS:C0156261	DOID:3508
C0206729	DOID:3512
UMLS:C0206729	DOID:3512
C0278595	DOID:3516
UMLS:C0278595	DOID:3516
C1333156	DOID:3517
UMLS:C1333156	DOID:3517
C0279981	DOID:3520
UMLS:C0279981	DOID:3520
C0043019	DOID:3522
UMLS:C0043019	DOID:3522
C0521542	DOID:3523
UMLS:C0521542	DOID:3523
C0740392	DOID:3525
UMLS:C0740392	DOID:3525
C0007785	DOID:3526
UMLS:C0007785	DOID:3526
C0007774	DOID:3527
UMLS:C0007774	DOID:3527
C0751843	DOID:3528
UMLS:C0751843	DOID:3528
C0751951	DOID:3529
UMLS:C0751951	DOID:3529
C1135993	DOID:3530
UMLS:C1135993	DOID:3530
C0751783	DOID:3534
UMLS:C0751783	DOID:3534
C0751785	DOID:3535
UMLS:C0751785	DOID:3535
C0085138	DOID:3540
UMLS:C0085138	DOID:3540
C0007798	DOID:3541
UMLS:C0007798	DOID:3541
C0346906	DOID:3541
UMLS:C0346906	DOID:3541
C0796430	DOID:3542
UMLS:C0796430	DOID:3542
C1266176	DOID:3544
UMLS:C1266176	DOID:3544
C0280623	DOID:3545
UMLS:C0280623	DOID:3545
C0036221	DOID:355
UMLS:C0036221	DOID:355
C0038828	DOID:3557
UMLS:C0038828	DOID:3557
C0013292	DOID:3558
UMLS:C0013292	DOID:3558
C0033822	DOID:3559
UMLS:C0033822	DOID:3559
C0025286	DOID:3565
UMLS:C0025286	DOID:3565
C1334698	DOID:3565
UMLS:C1334698	DOID:3565
C0023903	DOID:3571
UMLS:C0023903	DOID:3571
C0024620	DOID:3571
UMLS:C0024620	DOID:3571
C0345904	DOID:3571
UMLS:C0345904	DOID:3571
C0854795	DOID:3571
UMLS:C0854795	DOID:3571
C0037198	DOID:3572
UMLS:C0037198	DOID:3572
C0270639	DOID:3574
UMLS:C0270639	DOID:3574
C0238454	DOID:3575
UMLS:C0238454	DOID:3575
C0338575	DOID:3576
UMLS:C0338575	DOID:3576
C0036769	DOID:3577
UMLS:C0036769	DOID:3577
C1518716	DOID:3578
UMLS:C1518716	DOID:3578
C1515283	DOID:3579
UMLS:C1515283	DOID:3579
C0153461	DOID:3587
UMLS:C0153461	DOID:3587
C0887833	DOID:3587
UMLS:C0887833	DOID:3587
C0020217	DOID:3590
UMLS:C0020217	DOID:3590
C0278796	DOID:3590
UMLS:C0278796	DOID:3590
C1135868	DOID:3590
UMLS:C1135868	DOID:3590
C1266159	DOID:3593
UMLS:C1266159	DOID:3593
C0008497	DOID:3594
UMLS:C0008497	DOID:3594
C0206666	DOID:3596
UMLS:C0206666	DOID:3596
C0235032	DOID:3602
UMLS:C0235032	DOID:3602
C0206699	DOID:3603
UMLS:C0206699	DOID:3603
C0279665	DOID:3604
UMLS:C0279665	DOID:3604
C1096638	DOID:3605
UMLS:C1096638	DOID:3605
C1335167	DOID:3606
UMLS:C1335167	DOID:3606
C1096639	DOID:3607
UMLS:C1096639	DOID:3607
C0238003	DOID:3608
UMLS:C0238003	DOID:3608
C1511318	DOID:3609
UMLS:C1511318	DOID:3609
C0269107	DOID:361
UMLS:C0269107	DOID:361
C1334807	DOID:3610
UMLS:C1334807	DOID:3610
C0035319	DOID:3611
UMLS:C0035319	DOID:3611
C0035333	DOID:3612
UMLS:C0035333	DOID:3612
C0206307	DOID:3613
UMLS:C0206307	DOID:3613
C0162809	DOID:3614
UMLS:C0162809	DOID:3614
C1305256	DOID:3615
UMLS:C1305256	DOID:3615
C0206632	DOID:3616
UMLS:C0206632	DOID:3616
C1333416	DOID:3617
UMLS:C1333416	DOID:3617
C0014536	DOID:3618
UMLS:C0014536	DOID:3618
C0085136	DOID:3620
UMLS:C0085136	DOID:3620
C0348374	DOID:3620
UMLS:C0348374	DOID:3620
C0003486	DOID:3627
UMLS:C0003486	DOID:3627
C0265010	DOID:3627
UMLS:C0265010	DOID:3627
C0265012	DOID:3627
UMLS:C0265012	DOID:3627
C0741160	DOID:3627
UMLS:C0741160	DOID:3627
C1305122	DOID:3627
UMLS:C1305122	DOID:3627
C0042138	DOID:363
UMLS:C0042138	DOID:363
C0153567	DOID:363
UMLS:C0153567	DOID:363
C4048196	DOID:3633
UMLS:C4048196	DOID:3633
C0751882	DOID:3635
UMLS:C0751882	DOID:3635
C1134515	DOID:3637
UMLS:C1134515	DOID:3637
C1334259	DOID:3639
UMLS:C1334259	DOID:3639
C1332895	DOID:3640
UMLS:C1332895	DOID:3640
C1333153	DOID:3641
UMLS:C1333153	DOID:3641
C0014008	DOID:3642
UMLS:C0014008	DOID:3642
C0748616	DOID:3643
UMLS:C0748616	DOID:3643
C0020659	DOID:3644
UMLS:C0020659	DOID:3644
C0271558	DOID:3646
UMLS:C0271558	DOID:3646
C0034345	DOID:3649
UMLS:C0034345	DOID:3649
C0005686	DOID:365
UMLS:C0005686	DOID:365
C0001125	DOID:3650
UMLS:C0001125	DOID:3650
C0034341	DOID:3651
UMLS:C0034341	DOID:3651
C0023264	DOID:3652
UMLS:C0023264	DOID:3652
C0342853	DOID:3659
UMLS:C0342853	DOID:3659
C0949570	DOID:3660
UMLS:C0949570	DOID:3660
C1136033	DOID:3663
UMLS:C1136033	DOID:3663
C0334664	DOID:3664
UMLS:C0334664	DOID:3664
C0024901	DOID:3665
UMLS:C0024901	DOID:3665
C0343115	DOID:3666
UMLS:C0343115	DOID:3666
C0021775	DOID:3669
UMLS:C0021775	DOID:3669
C0751937	DOID:367
UMLS:C0751937	DOID:367
C0031055	DOID:3671
UMLS:C0031055	DOID:3671
C0206743	DOID:3672
UMLS:C0206743	DOID:3672
C0854917	DOID:3674
UMLS:C0854917	DOID:3674
C1333003	DOID:3675
UMLS:C1333003	DOID:3675
C0085269	DOID:3677
UMLS:C0085269	DOID:3677
C0153642	DOID:368
UMLS:C0153642	DOID:368
C1263885	DOID:368
UMLS:C1263885	DOID:368
C0024121	DOID:3683
UMLS:C0024121	DOID:3683
C0162671	DOID:3687
UMLS:C0162671	DOID:3687
C1335437	DOID:3688
UMLS:C1335437	DOID:3688
C0221759	DOID:3689
UMLS:C0221759	DOID:3689
C0206717	DOID:369
UMLS:C0206717	DOID:369
C0700251	DOID:3690
UMLS:C0700251	DOID:3690
C1332272	DOID:3691
UMLS:C1332272	DOID:3691
C1332259	DOID:3692
UMLS:C1332259	DOID:3692
C1332248	DOID:3693
UMLS:C1332248	DOID:3693
C0395865	DOID:3696
UMLS:C0395865	DOID:3696
C0271432	DOID:3697
UMLS:C0271432	DOID:3697
C0861856	DOID:3698
UMLS:C0861856	DOID:3698
C5557429	DOID:3699
UMLS:C5557429	DOID:3699
C0029574	DOID:37
UMLS:C0029574	DOID:37
C0037274	DOID:37
UMLS:C0037274	DOID:37
C0037277	DOID:37
UMLS:C0037277	DOID:37
C0496838	DOID:370
UMLS:C0496838	DOID:370
C5557428	DOID:3700
UMLS:C5557428	DOID:3700
C1332919	DOID:3701
UMLS:C1332919	DOID:3701
C0279672	DOID:3702
UMLS:C0279672	DOID:3702
C1335513	DOID:3703
UMLS:C1335513	DOID:3703
C1517119	DOID:3704
UMLS:C1517119	DOID:3704
C1517120	DOID:3705
UMLS:C1517120	DOID:3705
C1333590	DOID:3706
UMLS:C1333590	DOID:3706
C1519859	DOID:3707
UMLS:C1519859	DOID:3707
C0279652	DOID:3709
UMLS:C0279652	DOID:3709
C1511193	DOID:3710
UMLS:C1511193	DOID:3710
C0279682	DOID:3711
UMLS:C0279682	DOID:3711
C0948216	DOID:3713
UMLS:C0948216	DOID:3713
C1334809	DOID:3716
UMLS:C1334809	DOID:3716
C0278701	DOID:3717
UMLS:C0278701	DOID:3717
C0278619	DOID:3720
UMLS:C0278619	DOID:3720
C0032131	DOID:3721
UMLS:C0032131	DOID:3721
C0272256	DOID:3722
UMLS:C0272256	DOID:3722
C1332936	DOID:3723
UMLS:C1332936	DOID:3723
C0155420	DOID:3728
UMLS:C0155420	DOID:3728
C0039753	DOID:3733
UMLS:C0039753	DOID:3733
C0206706	DOID:3737
UMLS:C0206706	DOID:3737
C3714509	DOID:374
UMLS:C3714509	DOID:374
C1336983	DOID:3740
UMLS:C1336983	DOID:3740
C1511208	DOID:3741
UMLS:C1511208	DOID:3741
C0279681	DOID:3742
UMLS:C0279681	DOID:3742
C1516435	DOID:3743
UMLS:C1516435	DOID:3743
C0279671	DOID:3744
UMLS:C0279671	DOID:3744
C1333470	DOID:3747
UMLS:C1333470	DOID:3747
C0279626	DOID:3748
UMLS:C0279626	DOID:3748
C1519827	DOID:3749
UMLS:C1519827	DOID:3749
C1336890	DOID:3750
UMLS:C1336890	DOID:3750
C0349657	DOID:3751
UMLS:C0349657	DOID:3751
C0280328	DOID:3752
UMLS:C0280328	DOID:3752
C0079504	DOID:3753
UMLS:C0079504	DOID:3753
C0272375	DOID:3755
UMLS:C0272375	DOID:3755
C0398625	DOID:3756
UMLS:C0398625	DOID:3756
C0268237	DOID:3762
UMLS:C0268237	DOID:3762
C0019269	DOID:3763
UMLS:C0019269	DOID:3763
C0950121	DOID:3764
UMLS:C0950121	DOID:3764
C0021193	DOID:3765
UMLS:C0021193	DOID:3765
C0033804	DOID:3765
UMLS:C0033804	DOID:3765
C0023533	DOID:3766
UMLS:C0023533	DOID:3766
C0227791	DOID:3767
UMLS:C0227791	DOID:3767
C0034069	DOID:3770
UMLS:C0034069	DOID:3770
C1334271	DOID:3772
UMLS:C1334271	DOID:3772
C1322252	DOID:3774
UMLS:C1322252	DOID:3774
C0085074	DOID:3777
UMLS:C0085074	DOID:3777
C0003128	DOID:3781
UMLS:C0003128	DOID:3781
C0265252	DOID:3783
UMLS:C0265252	DOID:3783
C0155388	DOID:379
UMLS:C0155388	DOID:379
C0014013	DOID:3798
UMLS:C0014013	DOID:3798
C0010324	DOID:3803
UMLS:C0010324	DOID:3803
C0162839	DOID:3805
UMLS:C0162839	DOID:3805
C0265970	DOID:3805
UMLS:C0265970	DOID:3805
C1333417	DOID:3809
UMLS:C1333417	DOID:3809
C0022408	DOID:381
UMLS:C0022408	DOID:381
C0157749	DOID:381
UMLS:C0157749	DOID:381
C1333019	DOID:3813
UMLS:C1333019	DOID:3813
C5231192	DOID:3816
UMLS:C5231192	DOID:3816
C0151311	DOID:3817
UMLS:C0151311	DOID:3817
C0162824	DOID:3818
UMLS:C0162824	DOID:3818
C0032342	DOID:3819
UMLS:C0032342	DOID:3819
C0752132	DOID:3821
UMLS:C0752132	DOID:3821
C0037018	DOID:3825
UMLS:C0037018	DOID:3825
C0019284	DOID:3827
UMLS:C0019284	DOID:3827
C0001432	DOID:3828
UMLS:C0001432	DOID:3828
C0032000	DOID:3829
UMLS:C0032000	DOID:3829
C0043202	DOID:384
UMLS:C0043202	DOID:384
C0392470	DOID:384
UMLS:C0392470	DOID:384
C0010276	DOID:3840
UMLS:C0010276	DOID:3840
C0376527	DOID:3842
UMLS:C0376527	DOID:3842
C1333286	DOID:3843
UMLS:C1333286	DOID:3843
C1334576	DOID:3843
UMLS:C1334576	DOID:3843
C0431129	DOID:3846
UMLS:C0431129	DOID:3846
C0431128	DOID:3847
UMLS:C0431128	DOID:3847
C0476144	DOID:3850
UMLS:C0476144	DOID:3850
C0031269	DOID:3852
UMLS:C0031269	DOID:3852
C0265323	DOID:3852
UMLS:C0265323	DOID:3852
C0456487	DOID:3852
UMLS:C0456487	DOID:3852
C0341767	DOID:3855
UMLS:C0341767	DOID:3855
C0017417	DOID:3856
UMLS:C0017417	DOID:3856
C0153606	DOID:3856
UMLS:C0153606	DOID:3856
C1266180	DOID:3857
UMLS:C1266180	DOID:3857
C1332903	DOID:3860
UMLS:C1332903	DOID:3860
C0205833	DOID:3861
UMLS:C0205833	DOID:3861
C0278876	DOID:3864
UMLS:C0278876	DOID:3864
C1332196	DOID:3865
UMLS:C1332196	DOID:3865
C1275668	DOID:3868
UMLS:C1275668	DOID:3868
C0278510	DOID:3869
UMLS:C0278510	DOID:3869
C1332957	DOID:3870
UMLS:C1332957	DOID:3870
C1334970	DOID:3873
UMLS:C1334970	DOID:3873
C0040046	DOID:3875
UMLS:C0040046	DOID:3875
C0265057	DOID:3875
UMLS:C0265057	DOID:3875
C0009377	DOID:3876
UMLS:C0009377	DOID:3876
C0009374	DOID:3877
UMLS:C0009374	DOID:3877
C0009405	DOID:3883
UMLS:C0009405	DOID:3883
C4552100	DOID:3883
UMLS:C4552100	DOID:3883
C0162565	DOID:3890
UMLS:C0162565	DOID:3890
C0032051	DOID:3891
UMLS:C0032051	DOID:3891
C0021670	DOID:3892
UMLS:C0021670	DOID:3892
C0022134	DOID:3892
UMLS:C0022134	DOID:3892
C0206672	DOID:3893
UMLS:C0206672	DOID:3893
C0334345	DOID:3895
UMLS:C0334345	DOID:3895
C0019522	DOID:3896
UMLS:C0019522	DOID:3896
C0042996	DOID:3901
UMLS:C0042996	DOID:3901
C0007121	DOID:3904
UMLS:C0007121	DOID:3904
C0684249	DOID:3905
UMLS:C0684249	DOID:3905
C0006264	DOID:3906
UMLS:C0006264	DOID:3906
C0149782	DOID:3907
UMLS:C0149782	DOID:3907
C0007131	DOID:3908
UMLS:C0007131	DOID:3908
C0152013	DOID:3910
UMLS:C0152013	DOID:3910
C1335060	DOID:3910
UMLS:C1335060	DOID:3910
C0033300	DOID:3911
UMLS:C0033300	DOID:3911
C1335316	DOID:3917
UMLS:C1335316	DOID:3917
C0341486	DOID:3918
UMLS:C0341486	DOID:3918
C1518875	DOID:3919
UMLS:C1518875	DOID:3919
C1333298	DOID:3923
UMLS:C1333298	DOID:3923
C0153490	DOID:3924
UMLS:C0153490	DOID:3924
C1336506	DOID:3925
UMLS:C1336506	DOID:3925
C1334662	DOID:3926
UMLS:C1334662	DOID:3926
C0406608	DOID:3927
UMLS:C0406608	DOID:3927
C0001529	DOID:3928
UMLS:C0001529	DOID:3928
C1168225	DOID:3930
UMLS:C1168225	DOID:3930
C0003152	DOID:3933
UMLS:C0003152	DOID:3933
C0221406	DOID:3946
UMLS:C0221406	DOID:3946
C0001622	DOID:3947
UMLS:C0001622	DOID:3947
C0206686	DOID:3948
UMLS:C0206686	DOID:3948
C0155686	DOID:3951
UMLS:C0155686	DOID:3951
C0001614	DOID:3952
UMLS:C0001614	DOID:3952
C0001624	DOID:3953
UMLS:C0001624	DOID:3953
C0750887	DOID:3953
UMLS:C0750887	DOID:3953
C0264834	DOID:396
UMLS:C0264834	DOID:396
C0206682	DOID:3962
UMLS:C0206682	DOID:3962
C0549473	DOID:3963
UMLS:C0549473	DOID:3963
C0334327	DOID:3964
UMLS:C0334327	DOID:3964
C0302182	DOID:3965
UMLS:C0302182	DOID:3965
C0238463	DOID:3969
UMLS:C0238463	DOID:3969
C0007196	DOID:397
UMLS:C0007196	DOID:397
C1266050	DOID:3972
UMLS:C1266050	DOID:3972
C0238462	DOID:3973
UMLS:C0238462	DOID:3973
C0155699	DOID:3978
UMLS:C0155699	DOID:3978
C0018523	DOID:3981
UMLS:C0018523	DOID:3981
C0025183	DOID:3982
UMLS:C0025183	DOID:3982
C0028887	DOID:3983
UMLS:C0028887	DOID:3983
C0029471	DOID:3985
UMLS:C0029471	DOID:3985
C0041295	DOID:399
UMLS:C0041295	DOID:399
C0348371	DOID:3996
UMLS:C0348371	DOID:3996
C1511053	DOID:3998
UMLS:C1511053	DOID:3998
C0349561	DOID:3999
UMLS:C0349561	DOID:3999
C0012634	DOID:4
UMLS:C0012634	DOID:4
C1335184	DOID:4000
UMLS:C1335184	DOID:4000
C0334270	DOID:4003
UMLS:C0334270	DOID:4003
C1516864	DOID:4005
UMLS:C1516864	DOID:4005
C0279680	DOID:4006
UMLS:C0279680	DOID:4006
C0699885	DOID:4007
UMLS:C0699885	DOID:4007
C1517128	DOID:4008
UMLS:C1517128	DOID:4008
C0206526	DOID:401
UMLS:C0206526	DOID:401
C0334274	DOID:4012
UMLS:C0334274	DOID:4012
C0863015	DOID:4013
UMLS:C0863015	DOID:4013
C0334271	DOID:4014
UMLS:C0334271	DOID:4014
C0205697	DOID:4015
UMLS:C0205697	DOID:4015
C0041323	DOID:402
UMLS:C0041323	DOID:402
C0041960	DOID:4022
UMLS:C0041960	DOID:4022
C0023743	DOID:4023
UMLS:C0023743	DOID:4023
C0007135	DOID:4024
UMLS:C0007135	DOID:4024
C0263637	DOID:4028
UMLS:C0263637	DOID:4028
C0017152	DOID:4029
UMLS:C0017152	DOID:4029
C0026636	DOID:403
UMLS:C0026636	DOID:403
C0267154	DOID:4030
UMLS:C0267154	DOID:4030
C1262481	DOID:4031
UMLS:C1262481	DOID:4031
C0948039	DOID:4033
UMLS:C0948039	DOID:4033
C0948638	DOID:4034
UMLS:C0948638	DOID:4034
C1283271	DOID:4035
UMLS:C1283271	DOID:4035
C0877152	DOID:4037
UMLS:C0877152	DOID:4037
C1112577	DOID:4038
UMLS:C1112577	DOID:4038
C0041312	DOID:404
UMLS:C0041312	DOID:404
C1334619	DOID:4043
UMLS:C1334619	DOID:4043
C1335971	DOID:4044
UMLS:C1335971	DOID:4044
C0027095	DOID:4045
UMLS:C0027095	DOID:4045
C0684743	DOID:4045
UMLS:C0684743	DOID:4045
C1333975	DOID:4047
UMLS:C1333975	DOID:4047
C1332891	DOID:4048
UMLS:C1332891	DOID:4048
C1334677	DOID:4049
UMLS:C1334677	DOID:4049
C1334678	DOID:4050
UMLS:C1334678	DOID:4050
C0206655	DOID:4051
UMLS:C0206655	DOID:4051
C0279613	DOID:4051
UMLS:C0279613	DOID:4051
C1335687	DOID:4053
UMLS:C1335687	DOID:4053
C0238393	DOID:4054
UMLS:C0238393	DOID:4054
C0431111	DOID:4055
UMLS:C0431111	DOID:4055
C1333756	DOID:4057
UMLS:C1333756	DOID:4057
C1333757	DOID:4058
UMLS:C1333757	DOID:4058
C1335176	DOID:4059
UMLS:C1335176	DOID:4059
C1332637	DOID:4060
UMLS:C1332637	DOID:4060
C1336726	DOID:4061
UMLS:C1336726	DOID:4061
C1336727	DOID:4062
UMLS:C1336727	DOID:4062
C2205442	DOID:4064
UMLS:C2205442	DOID:4064
C0334481	DOID:4065
UMLS:C0334481	DOID:4065
C1332276	DOID:4066
UMLS:C1332276	DOID:4066
C1332277	DOID:4067
UMLS:C1332277	DOID:4067
C0041313	DOID:407
UMLS:C0041313	DOID:407
C0013299	DOID:4071
UMLS:C0013299	DOID:4071
C0013289	DOID:4072
UMLS:C0013289	DOID:4072
C0238337	DOID:4073
UMLS:C0238337	DOID:4073
C0281361	DOID:4074
UMLS:C0281361	DOID:4074
C0334286	DOID:4075
UMLS:C0334286	DOID:4075
C0040963	DOID:4078
UMLS:C0040963	DOID:4078
C0018824	DOID:4079
UMLS:C0018824	DOID:4079
C0079485	DOID:4079
UMLS:C0079485	DOID:4079
C0040961	DOID:4080
UMLS:C0040961	DOID:4080
C1515301	DOID:4084
UMLS:C1515301	DOID:4084
C0041182	DOID:4085
UMLS:C0041182	DOID:4085
C1514608	DOID:4087
UMLS:C1514608	DOID:4087
C0023895	DOID:409
UMLS:C0023895	DOID:409
C0001816	DOID:4090
UMLS:C0001816	DOID:4090
C0040196	DOID:4109
UMLS:C0040196	DOID:4109
C0013578	DOID:4110
UMLS:C0013578	DOID:4110
C1516426	DOID:4111
UMLS:C1516426	DOID:4111
C1332917	DOID:4112
UMLS:C1332917	DOID:4112
C1516420	DOID:4112
UMLS:C1516420	DOID:4112
C1518168	DOID:4112
UMLS:C1518168	DOID:4112
C1336917	DOID:4113
UMLS:C1336917	DOID:4113
C1334628	DOID:4114
UMLS:C1334628	DOID:4114
C1335169	DOID:4115
UMLS:C1335169	DOID:4115
C1519914	DOID:4117
UMLS:C1519914	DOID:4117
C1333097	DOID:4118
UMLS:C1333097	DOID:4118
C1334231	DOID:4119
UMLS:C1334231	DOID:4119
C0027339	DOID:4123
UMLS:C0027339	DOID:4123
C0014752	DOID:4131
UMLS:C0014752	DOID:4131
C0027155	DOID:4136
UMLS:C0027155	DOID:4136
C0009440	DOID:4137
UMLS:C0009440	DOID:4137
C0005395	DOID:4138
UMLS:C0005395	DOID:4138
C0005416	DOID:4140
UMLS:C0005416	DOID:4140
C1334261	DOID:4141
UMLS:C1334261	DOID:4141
C0029185	DOID:4143
UMLS:C0029185	DOID:4143
C0153626	DOID:4143
UMLS:C0153626	DOID:4143
C0948101	DOID:4147
UMLS:C0948101	DOID:4147
C1333799	DOID:4148
UMLS:C1333799	DOID:4148
C1335975	DOID:4151
UMLS:C1335975	DOID:4151
C1266173	DOID:4152
UMLS:C1266173	DOID:4152
C0011436	DOID:4154
UMLS:C0011436	DOID:4154
C0153139	DOID:4156
UMLS:C0153139	DOID:4156
C0149985	DOID:4157
UMLS:C0149985	DOID:4157
C0007114	DOID:4159
UMLS:C0007114	DOID:4159
C1511934	DOID:4160
UMLS:C1511934	DOID:4160
C0206718	DOID:4163
UMLS:C0206718	DOID:4163
C0559458	DOID:4164
UMLS:C0559458	DOID:4164
C0007939	DOID:4166
UMLS:C0007939	DOID:4166
C0003089	DOID:417
UMLS:C0003089	DOID:417
C0035404	DOID:4175
UMLS:C0035404	DOID:4175
C0005806	DOID:4176
UMLS:C0005806	DOID:4176
C0036421	DOID:418
UMLS:C0036421	DOID:418
C0033835	DOID:4183
UMLS:C0033835	DOID:4183
C0033806	DOID:4184
UMLS:C0033806	DOID:4184
C0003910	DOID:4186
UMLS:C0003910	DOID:4186
C0013528	DOID:4188
UMLS:C0013528	DOID:4188
C0026884	DOID:4189
UMLS:C0026884	DOID:4189
C0011644	DOID:419
UMLS:C0011644	DOID:419
C0079102	DOID:4193
UMLS:C0079102	DOID:4193
C0752143	DOID:4193
UMLS:C0752143	DOID:4193
C1257958	DOID:4194
UMLS:C1257958	DOID:4194
C0020456	DOID:4195
UMLS:C0020456	DOID:4195
C0751931	DOID:4196
UMLS:C0751931	DOID:4196
C0020555	DOID:420
UMLS:C0020555	DOID:420
C0747533	DOID:4201
UMLS:C0747533	DOID:4201
C0677865	DOID:4202
UMLS:C0677865	DOID:4202
C0153641	DOID:4203
UMLS:C0153641	DOID:4203
C0677866	DOID:4203
UMLS:C0677866	DOID:4203
C0751886	DOID:4203
UMLS:C0751886	DOID:4203
C1332192	DOID:4203
UMLS:C1332192	DOID:4203
C0007762	DOID:4205
UMLS:C0007762	DOID:4205
C0153640	DOID:4205
UMLS:C0153640	DOID:4205
C1332951	DOID:4206
UMLS:C1332951	DOID:4206
C1332973	DOID:4207
UMLS:C1332973	DOID:4207
C1332612	DOID:4209
UMLS:C1332612	DOID:4209
C0018500	DOID:421
UMLS:C0018500	DOID:421
C0431121	DOID:4210
UMLS:C0431121	DOID:4210
C1565950	DOID:4211
UMLS:C1565950	DOID:4211
C0334495	DOID:4217
UMLS:C0334495	DOID:4217
C0752282	DOID:422
UMLS:C0752282	DOID:422
C0034212	DOID:4223
UMLS:C0034212	DOID:4223
C0206630	DOID:4226
UMLS:C0206630	DOID:4226
C1519849	DOID:4227
UMLS:C1519849	DOID:4227
C0026848	DOID:423
UMLS:C0026848	DOID:423
C1509147	DOID:4231
UMLS:C1509147	DOID:4231
C1333514	DOID:4232
UMLS:C1333514	DOID:4232
C0206651	DOID:4233
UMLS:C0206651	DOID:4233
C1332198	DOID:4233
UMLS:C1332198	DOID:4233
C0205945	DOID:4235
UMLS:C0205945	DOID:4235
C0007140	DOID:4236
UMLS:C0007140	DOID:4236
C0206627	DOID:4236
UMLS:C0206627	DOID:4236
C1334603	DOID:4236
UMLS:C1334603	DOID:4236
C0206657	DOID:4239
UMLS:C0206657	DOID:4239
C0279544	DOID:4239
UMLS:C0279544	DOID:4239
C0279985	DOID:4239
UMLS:C0279985	DOID:4239
C0270163	DOID:424
UMLS:C0270163	DOID:424
C0346251	DOID:4242
UMLS:C0346251	DOID:4242
C0948480	DOID:4247
UMLS:C0948480	DOID:4247
C0242231	DOID:4248
UMLS:C0242231	DOID:4248
C0017495	DOID:4249
UMLS:C0017495	DOID:4249
C0878693	DOID:4250
UMLS:C0878693	DOID:4250
C0009759	DOID:4251
UMLS:C0009759	DOID:4251
C0270726	DOID:4252
UMLS:C0270726	DOID:4252
C0025239	DOID:4253
UMLS:C0025239	DOID:4253
C0029464	DOID:4254
UMLS:C0029464	DOID:4254
C0020497	DOID:4257
UMLS:C0020497	DOID:4257
C0031900	DOID:4258
UMLS:C0031900	DOID:4258
C1510417	DOID:4260
UMLS:C1510417	DOID:4260
C0206653	DOID:4265
UMLS:C0206653	DOID:4265
C1334267	DOID:4266
UMLS:C1334267	DOID:4266
C0001889	DOID:4267
UMLS:C0001889	DOID:4267
C0085412	DOID:4270
UMLS:C0085412	DOID:4270
C0085407	DOID:4271
UMLS:C0085407	DOID:4271
C1518949	DOID:4277
UMLS:C1518949	DOID:4277
C1335934	DOID:4278
UMLS:C1335934	DOID:4278
C1304300	DOID:4280
UMLS:C1304300	DOID:4280
C1332269	DOID:4283
UMLS:C1332269	DOID:4283
C0349534	DOID:4284
UMLS:C0349534	DOID:4284
C1333491	DOID:4287
UMLS:C1333491	DOID:4287
C1333492	DOID:4288
UMLS:C1333492	DOID:4288
C0018414	DOID:429
UMLS:C0018414	DOID:429
C1304295	DOID:4290
UMLS:C1304295	DOID:4290
C0346013	DOID:4291
UMLS:C0346013	DOID:4291
C0555191	DOID:4292
UMLS:C0555191	DOID:4292
C1516599	DOID:4293
UMLS:C1516599	DOID:4293
C0036400	DOID:4297
UMLS:C0036400	DOID:4297
C0334256	DOID:4300
UMLS:C0334256	DOID:4300
C1336977	DOID:4301
UMLS:C1336977	DOID:4301
C1519182	DOID:4303
UMLS:C1519182	DOID:4303
C1519320	DOID:4304
UMLS:C1519320	DOID:4304
C0206638	DOID:4305
UMLS:C0206638	DOID:4305
C0700594	DOID:4306
UMLS:C0700594	DOID:4306
C0032586	DOID:4307
UMLS:C0032586	DOID:4307
C0032587	DOID:4308
UMLS:C0032587	DOID:4308
C0027073	DOID:431
UMLS:C0027073	DOID:431
C0206658	DOID:4310
UMLS:C0206658	DOID:4310
C0079293	DOID:4313
UMLS:C0079293	DOID:4313
C1135873	DOID:4320
UMLS:C1135873	DOID:4320
C1334362	DOID:4321
UMLS:C1334362	DOID:4321
C0346005	DOID:4322
UMLS:C0346005	DOID:4322
C1333414	DOID:4323
UMLS:C1333414	DOID:4323
C1301270	DOID:4324
UMLS:C1301270	DOID:4324
C0282687	DOID:4325
UMLS:C0282687	DOID:4325
C0024788	DOID:4327
UMLS:C0024788	DOID:4327
C0878675	DOID:4329
UMLS:C0878675	DOID:4329
C0019624	DOID:4330
UMLS:C0019624	DOID:4330
C0006430	DOID:4331
UMLS:C0006430	DOID:4331
C0030584	DOID:4333
UMLS:C0030584	DOID:4333
C1336066	DOID:4334
UMLS:C1336066	DOID:4334
C0040254	DOID:4336
UMLS:C0040254	DOID:4336
C0011640	DOID:4337
UMLS:C0011640	DOID:4337
C0162532	DOID:4346
UMLS:C0162532	DOID:4346
C0024248	DOID:4347
UMLS:C0024248	DOID:4347
C0339349	DOID:4352
UMLS:C0339349	DOID:4352
C0496833	DOID:4352
UMLS:C0496833	DOID:4352
C0271100	DOID:4353
UMLS:C0271100	DOID:4353
C0206735	DOID:4359
UMLS:C0206735	DOID:4359
C0153502	DOID:436
UMLS:C0153502	DOID:436
C0334443	DOID:4360
UMLS:C0334443	DOID:4360
C0007847	DOID:4362
UMLS:C0007847	DOID:4362
C0007873	DOID:4362
UMLS:C0007873	DOID:4362
C0346787	DOID:4364
UMLS:C0346787	DOID:4364
C0342488	DOID:4367
UMLS:C0342488	DOID:4367
C0026896	DOID:437
UMLS:C0026896	DOID:437
C1260409	DOID:437
UMLS:C1260409	DOID:437
C1148546	DOID:4370
UMLS:C1148546	DOID:4370
C0524988	DOID:4371
UMLS:C0524988	DOID:4371
C0007780	DOID:4372
UMLS:C0007780	DOID:4372
C0752140	DOID:4372
UMLS:C0752140	DOID:4372
C0037120	DOID:4374
UMLS:C0037120	DOID:4374
C0079840	DOID:4376
UMLS:C0079840	DOID:4376
C0559469	DOID:4377
UMLS:C0559469	DOID:4377
C0559470	DOID:4378
UMLS:C0559470	DOID:4378
C0577620	DOID:4379
UMLS:C0577620	DOID:4379
C0751871	DOID:438
UMLS:C0751871	DOID:438
C1335126	DOID:4384
UMLS:C1335126	DOID:4384
C0334244	DOID:4385
UMLS:C0334244	DOID:4385
C1266121	DOID:4386
UMLS:C1266121	DOID:4386
C0855009	DOID:4388
UMLS:C0855009	DOID:4388
C1112437	DOID:4389
UMLS:C1112437	DOID:4389
C0751950	DOID:439
UMLS:C0751950	DOID:439
C0035290	DOID:4394
UMLS:C0035290	DOID:4394
C0743086	DOID:4397
UMLS:C0743086	DOID:4397
C0030246	DOID:4398
UMLS:C0030246	DOID:4398
C0234894	DOID:4399
UMLS:C0234894	DOID:4399
C0027868	DOID:440
UMLS:C0027868	DOID:440
C0011645	DOID:4400
UMLS:C0011645	DOID:4400
C0028796	DOID:4404
UMLS:C0028796	DOID:4404
C0262984	DOID:4406
UMLS:C0262984	DOID:4406
C0162830	DOID:4407
UMLS:C0162830	DOID:4407
C0016436	DOID:4409
UMLS:C0016436	DOID:4409
C0085293	DOID:4411
UMLS:C0085293	DOID:4411
C0877611	DOID:4413
UMLS:C0877611	DOID:4413
C0206644	DOID:4415
UMLS:C0206644	DOID:4415
C0002991	DOID:4418
UMLS:C0002991	DOID:4418
C0346049	DOID:4418
UMLS:C0346049	DOID:4418
C1266125	DOID:4419
UMLS:C1266125	DOID:4419
C1510778	DOID:4422
UMLS:C1510778	DOID:4422
C0036489	DOID:4423
UMLS:C0036489	DOID:4423
C0043324	DOID:4424
UMLS:C0043324	DOID:4424
C0476254	DOID:4428
UMLS:C0476254	DOID:4428
C0037661	DOID:4430
UMLS:C0037661	DOID:4430
C1368041	DOID:4432
UMLS:C1368041	DOID:4432
C1335301	DOID:4433
UMLS:C1335301	DOID:4433
C1336005	DOID:4434
UMLS:C1336005	DOID:4434
C1332865	DOID:4435
UMLS:C1332865	DOID:4435
C1332301	DOID:4436
UMLS:C1332301	DOID:4436
C1335976	DOID:4437
UMLS:C1335976	DOID:4437
C1333813	DOID:4438
UMLS:C1333813	DOID:4438
C1332880	DOID:4439
UMLS:C1332880	DOID:4439
C0036631	DOID:4440
UMLS:C0036631	DOID:4440
C0013377	DOID:4441
UMLS:C0013377	DOID:4441
C1516408	DOID:4442
UMLS:C1516408	DOID:4442
C0024440	DOID:4447
UMLS:C0024440	DOID:4447
C0024437	DOID:4448
UMLS:C0024437	DOID:4448
C0271051	DOID:4449
UMLS:C0271051	DOID:4449
C0004775	DOID:445
UMLS:C0004775	DOID:445
C0007134	DOID:4450
UMLS:C0007134	DOID:4450
C1378703	DOID:4451
UMLS:C1378703	DOID:4451
C1333001	DOID:4454
UMLS:C1333001	DOID:4454
C0010481	DOID:446
UMLS:C0010481	DOID:446
C0020428	DOID:446
UMLS:C0020428	DOID:446
C0346249	DOID:4463
UMLS:C0346249	DOID:4463
C1266044	DOID:4464
UMLS:C1266044	DOID:4464
C1306837	DOID:4465
UMLS:C1306837	DOID:4465
C1336078	DOID:4465
UMLS:C1336078	DOID:4465
C0279702	DOID:4467
UMLS:C0279702	DOID:4467
C0025490	DOID:4468
UMLS:C0025490	DOID:4468
C0206681	DOID:4468
UMLS:C0206681	DOID:4468
C0334322	DOID:4468
UMLS:C0334322	DOID:4468
C0035091	DOID:447
UMLS:C0035091	DOID:447
C1266042	DOID:4471
UMLS:C1266042	DOID:4471
C1513719	DOID:4472
UMLS:C1513719	DOID:4472
C1266043	DOID:4473
UMLS:C1266043	DOID:4473
C0033805	DOID:4479
UMLS:C0033805	DOID:4479
C0001080	DOID:4480
UMLS:C0001080	DOID:4480
C0002103	DOID:4481
UMLS:C0002103	DOID:4481
C0035455	DOID:4483
UMLS:C0035455	DOID:4483
C0334515	DOID:4486
UMLS:C0334515	DOID:4486
C0334513	DOID:4488
UMLS:C0334513	DOID:4488
C0862312	DOID:4489
UMLS:C0862312	DOID:4489
C0282550	DOID:4491
UMLS:C0282550	DOID:4491
C0016627	DOID:4492
UMLS:C0016627	DOID:4492
C0553604	DOID:450
UMLS:C0553604	DOID:450
C1514284	DOID:4500
UMLS:C1514284	DOID:4500
C0029294	DOID:4501
UMLS:C0029294	DOID:4501
C1332875	DOID:4504
UMLS:C1332875	DOID:4504
C0279988	DOID:4505
UMLS:C0279988	DOID:4505
C1332312	DOID:4510
UMLS:C1332312	DOID:4510
C1332614	DOID:4511
UMLS:C1332614	DOID:4511
C1333155	DOID:4512
UMLS:C1333155	DOID:4512
C1333742	DOID:4513
UMLS:C1333742	DOID:4513
C1336748	DOID:4514
UMLS:C1336748	DOID:4514
C1336756	DOID:4515
UMLS:C1336756	DOID:4515
C0346081	DOID:4517
UMLS:C0346081	DOID:4517
C0026277	DOID:452
UMLS:C0026277	DOID:452
C3642326	DOID:4520
UMLS:C3642326	DOID:4520
C4289586	DOID:4521
UMLS:C4289586	DOID:4521
C1336530	DOID:4522
UMLS:C1336530	DOID:4522
C1335504	DOID:4524
UMLS:C1335504	DOID:4524
C1334649	DOID:4525
UMLS:C1334649	DOID:4525
C1335152	DOID:4527
UMLS:C1335152	DOID:4527
C0206694	DOID:4531
UMLS:C0206694	DOID:4531
C0018522	DOID:4534
UMLS:C0018522	DOID:4534
C0020678	DOID:4535
UMLS:C0020678	DOID:4535
C0001825	DOID:4540
UMLS:C0001825	DOID:4540
C0003113	DOID:4541
UMLS:C0003113	DOID:4541
C0001431	DOID:4542
UMLS:C0001431	DOID:4542
C0002624	DOID:4543
UMLS:C0002624	DOID:4543
C0206637	DOID:4545
UMLS:C0206637	DOID:4545
C1332982	DOID:4546
UMLS:C1332982	DOID:4546
C1332207	DOID:4547
UMLS:C1332207	DOID:4547
C1275279	DOID:4548
UMLS:C1275279	DOID:4548
C1275278	DOID:4549
UMLS:C1275278	DOID:4549
C0002757	DOID:4550
UMLS:C0002757	DOID:4550
C0003463	DOID:4551
UMLS:C0003463	DOID:4551
C0206704	DOID:4552
UMLS:C0206704	DOID:4552
C1334364	DOID:4553
UMLS:C1334364	DOID:4553
C1322286	DOID:4554
UMLS:C1322286	DOID:4554
C1335174	DOID:4555
UMLS:C1335174	DOID:4555
C0345958	DOID:4556
UMLS:C0345958	DOID:4556
C0023523	DOID:4557
UMLS:C0023523	DOID:4557
C0024081	DOID:4558
UMLS:C0024081	DOID:4558
C0003950	DOID:456
UMLS:C0003950	DOID:456
C1335061	DOID:4560
UMLS:C1335061	DOID:4560
C1333876	DOID:4561
UMLS:C1333876	DOID:4561
C0014122	DOID:4562
UMLS:C0014122	DOID:4562
C0431118	DOID:4584
UMLS:C0431118	DOID:4584
C1333989	DOID:4586
UMLS:C1333989	DOID:4586
C0281784	DOID:4587
UMLS:C0281784	DOID:4587
C1384406	DOID:4588
UMLS:C1384406	DOID:4588
C0431119	DOID:4591
UMLS:C0431119	DOID:4591
C0280656	DOID:4593
UMLS:C0280656	DOID:4593
C1384408	DOID:4594
UMLS:C1384408	DOID:4594
C0079153	DOID:4603
UMLS:C0079153	DOID:4603
C0005396	DOID:4606
UMLS:C0005396	DOID:4606
C0153453	DOID:4606
UMLS:C0153453	DOID:4606
C0005426	DOID:4607
UMLS:C0005426	DOID:4607
C0750952	DOID:4607
UMLS:C0750952	DOID:4607
C0009442	DOID:4608
UMLS:C0009442	DOID:4608
C0027664	DOID:461
UMLS:C0027664	DOID:461
C0282606	DOID:461
UMLS:C0282606	DOID:461
C0021841	DOID:4610
UMLS:C0021841	DOID:4610
C0154743	DOID:4613
UMLS:C0154743	DOID:4613
C0031029	DOID:4617
UMLS:C0031029	DOID:4617
C0024954	DOID:4618
UMLS:C0024954	DOID:4618
C0079541	DOID:4621
UMLS:C0079541	DOID:4621
C0024454	DOID:4624
UMLS:C0024454	DOID:4624
C0020225	DOID:4626
UMLS:C0020225	DOID:4626
C0234523	DOID:4627
UMLS:C0234523	DOID:4627
C0334269	DOID:4630
UMLS:C0334269	DOID:4630
C0280336	DOID:4633
UMLS:C0280336	DOID:4633
C0235591	DOID:4636
UMLS:C0235591	DOID:4636
C0149642	DOID:4637
UMLS:C0149642	DOID:4637
C0919638	DOID:4638
UMLS:C0919638	DOID:4638
C0392051	DOID:4639
UMLS:C0392051	DOID:4639
C0919797	DOID:4640
UMLS:C0919797	DOID:4640
C0079298	DOID:4644
UMLS:C0079298	DOID:4644
C0024622	DOID:4645
UMLS:C0024622	DOID:4645
C0524801	DOID:4645
UMLS:C0524801	DOID:4645
C0751483	DOID:4648
UMLS:C0751483	DOID:4648
C0854914	DOID:4650
UMLS:C0854914	DOID:4650
C0854915	DOID:4651
UMLS:C0854915	DOID:4651
C0278717	DOID:4653
UMLS:C0278717	DOID:4653
C0278719	DOID:4656
UMLS:C0278719	DOID:4656
C0024897	DOID:4658
UMLS:C0024897	DOID:4658
C0272202	DOID:4659
UMLS:C0272202	DOID:4659
C0272203	DOID:4660
UMLS:C0272203	DOID:4660
C0242992	DOID:4661
UMLS:C0242992	DOID:4661
C0039726	DOID:4662
UMLS:C0039726	DOID:4662
C0155077	DOID:4664
UMLS:C0155077	DOID:4664
C0334532	DOID:467
UMLS:C0334532	DOID:467
C0016697	DOID:4671
UMLS:C0016697	DOID:4671
C0039585	DOID:4674
UMLS:C0039585	DOID:4674
C0268708	DOID:4675
UMLS:C0268708	DOID:4675
C0041948	DOID:4676
UMLS:C0041948	DOID:4676
C0022568	DOID:4677
UMLS:C0022568	DOID:4677
C1334814	DOID:4678
UMLS:C1334814	DOID:4678
C1334813	DOID:4679
UMLS:C1334813	DOID:4679
C0205789	DOID:468
UMLS:C0205789	DOID:468
C1334708	DOID:4680
UMLS:C1334708	DOID:4680
C1332552	DOID:4681
UMLS:C1332552	DOID:4681
C0238019	DOID:4682
UMLS:C0238019	DOID:4682
C0346019	DOID:4683
UMLS:C0346019	DOID:4683
C1334359	DOID:4685
UMLS:C1334359	DOID:4685
C1333461	DOID:4686
UMLS:C1333461	DOID:4686
C1513721	DOID:4687
UMLS:C1513721	DOID:4687
C1334373	DOID:4688
UMLS:C1334373	DOID:4688
C1333265	DOID:469
UMLS:C1333265	DOID:469
C1332981	DOID:4690
UMLS:C1332981	DOID:4690
C1334672	DOID:4691
UMLS:C1334672	DOID:4691
C0014236	DOID:4692
UMLS:C0014236	DOID:4692
C1334945	DOID:4693
UMLS:C1334945	DOID:4693
C1370658	DOID:4696
UMLS:C1370658	DOID:4696
C0751691	DOID:4697
UMLS:C0751691	DOID:4697
C1370657	DOID:4697
UMLS:C1370657	DOID:4697
C1334946	DOID:4698
UMLS:C1334946	DOID:4698
C0346610	DOID:4699
UMLS:C0346610	DOID:4699
C1290403	DOID:4699
UMLS:C1290403	DOID:4699
C0033575	DOID:47
UMLS:C0033575	DOID:47
C0334540	DOID:470
UMLS:C0334540	DOID:470
C0265985	DOID:4702
UMLS:C0265985	DOID:4702
C0021432	DOID:4706
UMLS:C0021432	DOID:4706
C0751593	DOID:4706
UMLS:C0751593	DOID:4706
C1332923	DOID:4707
UMLS:C1332923	DOID:4707
C1333630	DOID:4708
UMLS:C1333630	DOID:4708
C0687140	DOID:471
UMLS:C0687140	DOID:471
C1333783	DOID:4715
UMLS:C1333783	DOID:4715
C1333769	DOID:4716
UMLS:C1333769	DOID:4716
C0262963	DOID:4717
UMLS:C0262963	DOID:4717
C1334581	DOID:4717
UMLS:C1334581	DOID:4717
C0334552	DOID:4719
UMLS:C0334552	DOID:4719
C1336518	DOID:472
UMLS:C1336518	DOID:472
C0524812	DOID:4723
UMLS:C0524812	DOID:4723
C1527311	DOID:4724
UMLS:C1527311	DOID:4724
C0035460	DOID:4730
UMLS:C0035460	DOID:4730
C0035459	DOID:4731
UMLS:C0035459	DOID:4731
C0006666	DOID:4734
UMLS:C0006666	DOID:4734
C0037650	DOID:4737
UMLS:C0037650	DOID:4737
C0520482	DOID:4737
UMLS:C0520482	DOID:4737
C1515281	DOID:4739
UMLS:C1515281	DOID:4739
C0205788	DOID:474
UMLS:C0205788	DOID:474
C1336720	DOID:4743
UMLS:C1336720	DOID:4743
C0032044	DOID:4744
UMLS:C0032044	DOID:4744
C1334757	DOID:4749
UMLS:C1334757	DOID:4749
C0270733	DOID:4751
UMLS:C0270733	DOID:4751
C0037019	DOID:4752
UMLS:C0037019	DOID:4752
C0393571	DOID:4752
UMLS:C0393571	DOID:4752
C0863027	DOID:4756
UMLS:C0863027	DOID:4756
C1515288	DOID:4756
UMLS:C1515288	DOID:4756
C1515289	DOID:4757
UMLS:C1515289	DOID:4757
C0853715	DOID:476
UMLS:C0853715	DOID:476
C0243000	DOID:4762
UMLS:C0243000	DOID:4762
C0206629	DOID:4765
UMLS:C0206629	DOID:4765
C0936282	DOID:4766
UMLS:C0936282	DOID:4766
C1332556	DOID:4767
UMLS:C1332556	DOID:4767
C1333420	DOID:4768
UMLS:C1333420	DOID:4768
C1266144	DOID:4769
UMLS:C1266144	DOID:4769
C1332965	DOID:4773
UMLS:C1332965	DOID:4773
C0221239	DOID:4776
UMLS:C0221239	DOID:4776
C0546345	DOID:4777
UMLS:C0546345	DOID:4777
C0235618	DOID:4778
UMLS:C0235618	DOID:4778
C0238143	DOID:4779
UMLS:C0238143	DOID:4779
C1332309	DOID:4780
UMLS:C1332309	DOID:4780
C0859036	DOID:4781
UMLS:C0859036	DOID:4781
C1263744	DOID:4782
UMLS:C1263744	DOID:4782
C0221238	DOID:4783
UMLS:C0221238	DOID:4783
C0744421	DOID:4784
UMLS:C0744421	DOID:4784
C1332904	DOID:4787
UMLS:C1332904	DOID:4787
C0346292	DOID:4788
UMLS:C0346292	DOID:4788
C0002985	DOID:479
UMLS:C0002985	DOID:479
C0334596	DOID:4790
UMLS:C0334596	DOID:4790
C1336538	DOID:4791
UMLS:C1336538	DOID:4791
C0268275	DOID:4795
UMLS:C0268275	DOID:4795
C0242700	DOID:4796
UMLS:C0242700	DOID:4796
C1301365	DOID:4797
UMLS:C1301365	DOID:4797
C1112486	DOID:4798
UMLS:C1112486	DOID:4798
C0017412	DOID:48
UMLS:C0017412	DOID:48
C0026650	DOID:480
UMLS:C0026650	DOID:480
C0238052	DOID:4810
UMLS:C0238052	DOID:4810
C1377914	DOID:4812
UMLS:C1377914	DOID:4812
C0278873	DOID:4813
UMLS:C0278873	DOID:4813
C0017075	DOID:4817
UMLS:C0017075	DOID:4817
C1513025	DOID:4817
UMLS:C1513025	DOID:4817
C1333956	DOID:482
UMLS:C1333956	DOID:482
C0279557	DOID:4829
UMLS:C0279557	DOID:4829
C0018920	DOID:483
UMLS:C0018920	DOID:483
C0206623	DOID:4830
UMLS:C0206623	DOID:4830
C0029436	DOID:4837
UMLS:C0029436	DOID:4837
C0334699	DOID:4838
UMLS:C0334699	DOID:4838
C0206684	DOID:4839
UMLS:C0206684	DOID:4839
C0600502	DOID:484
UMLS:C0600502	DOID:484
C1382026	DOID:4840
UMLS:C1382026	DOID:4840
C0206725	DOID:4843
UMLS:C0206725	DOID:4843
C0014474	DOID:4844
UMLS:C0014474	DOID:4844
C1519086	DOID:4845
UMLS:C1519086	DOID:4845
C1334254	DOID:4846
UMLS:C1334254	DOID:4846
C1263892	DOID:4847
UMLS:C1263892	DOID:4847
C0740480	DOID:4848
UMLS:C0740480	DOID:4848
C0334583	DOID:4851
UMLS:C0334583	DOID:4851
C0334586	DOID:4852
UMLS:C0334586	DOID:4852
C0349620	DOID:4853
UMLS:C0349620	DOID:4853
C1333284	DOID:4855
UMLS:C1333284	DOID:4855
C1266178	DOID:4856
UMLS:C1266178	DOID:4856
C0280795	DOID:4858
UMLS:C0280795	DOID:4858
C1304511	DOID:486
UMLS:C1304511	DOID:486
C1332608	DOID:4860
UMLS:C1332608	DOID:4860
C0349540	DOID:4863
UMLS:C0349540	DOID:4863
C0010606	DOID:4866
UMLS:C0010606	DOID:4866
C1332911	DOID:4867
UMLS:C1332911	DOID:4867
C1335502	DOID:4868
UMLS:C1335502	DOID:4868
C1334368	DOID:4869
UMLS:C1334368	DOID:4869
C0346340	DOID:4870
UMLS:C0346340	DOID:4870
C0346017	DOID:4871
UMLS:C0346017	DOID:4871
C1334439	DOID:4872
UMLS:C1334439	DOID:4872
C0154681	DOID:4873
UMLS:C0154681	DOID:4873
C0345945	DOID:4875
UMLS:C0345945	DOID:4875
C0848879	DOID:4876
UMLS:C0848879	DOID:4876
C1332167	DOID:4877
UMLS:C1332167	DOID:4877
C1333441	DOID:4878
UMLS:C1333441	DOID:4878
C1511047	DOID:4879
UMLS:C1511047	DOID:4879
C0334488	DOID:4880
UMLS:C0334488	DOID:4880
C0009400	DOID:4885
UMLS:C0009400	DOID:4885
C0041316	DOID:4889
UMLS:C0041316	DOID:4889
C0242830	DOID:4889
UMLS:C0242830	DOID:4889
C0270853	DOID:4890
UMLS:C0270853	DOID:4890
C1334758	DOID:4892
UMLS:C1334758	DOID:4892
C1334760	DOID:4893
UMLS:C1334760	DOID:4893
C3840223	DOID:4894
UMLS:C3840223	DOID:4894
C1514909	DOID:4895
UMLS:C1514909	DOID:4895
C1370800	DOID:4896
UMLS:C1370800	DOID:4896
C0740277	DOID:4897
UMLS:C0740277	DOID:4897
C1514429	DOID:4901
UMLS:C1514429	DOID:4901
C0728951	DOID:4902
UMLS:C0728951	DOID:4902
C0205644	DOID:4903
UMLS:C0205644	DOID:4903
C0235974	DOID:4905
UMLS:C0235974	DOID:4905
C0278803	DOID:4906
UMLS:C0278803	DOID:4906
C0238196	DOID:4907
UMLS:C0238196	DOID:4907
C0279637	DOID:4908
UMLS:C0279637	DOID:4908
C1336885	DOID:4910
UMLS:C1336885	DOID:4910
C0279628	DOID:4914
UMLS:C0279628	DOID:4914
C0334314	DOID:4915
UMLS:C0334314	DOID:4915
C0346300	DOID:4916
UMLS:C0346300	DOID:4916
C0334306	DOID:4917
UMLS:C0334306	DOID:4917
C1335748	DOID:4918
UMLS:C1335748	DOID:4918
C0153618	DOID:4919
UMLS:C0153618	DOID:4919
C1335749	DOID:4919
UMLS:C1335749	DOID:4919
C0856897	DOID:492
UMLS:C0856897	DOID:492
C1266066	DOID:4920
UMLS:C1266066	DOID:4920
C1334577	DOID:4921
UMLS:C1334577	DOID:4921
C0334371	DOID:4922
UMLS:C0334371	DOID:4922
C1336743	DOID:4923
UMLS:C1336743	DOID:4923
C0007120	DOID:4926
UMLS:C0007120	DOID:4926
C4045991	DOID:4927
UMLS:C4045991	DOID:4927
C0345905	DOID:4928
UMLS:C0345905	DOID:4928
C0205645	DOID:4929
UMLS:C0205645	DOID:4929
C1334920	DOID:4930
UMLS:C1334920	DOID:4930
C1377785	DOID:4931
UMLS:C1377785	DOID:4931
C0262401	DOID:4932
UMLS:C0262401	DOID:4932
C0334346	DOID:4933
UMLS:C0334346	DOID:4933
C1334561	DOID:4934
UMLS:C1334561	DOID:4934
C1336873	DOID:4938
UMLS:C1336873	DOID:4938
C0600079	DOID:4939
UMLS:C0600079	DOID:4939
C0334276	DOID:4943
UMLS:C0334276	DOID:4943
C1332166	DOID:4944
UMLS:C1332166	DOID:4944
C0206698	DOID:4947
UMLS:C0206698	DOID:4947
C0280725	DOID:4947
UMLS:C0280725	DOID:4947
C0235782	DOID:4948
UMLS:C0235782	DOID:4948
C1509148	DOID:495
UMLS:C1509148	DOID:495
C0080040	DOID:4952
UMLS:C0080040	DOID:4952
C0032371	DOID:4953
UMLS:C0032371	DOID:4953
C0349623	DOID:4955
UMLS:C0349623	DOID:4955
C0349622	DOID:4957
UMLS:C0349622	DOID:4957
C0079294	DOID:4959
UMLS:C0079294	DOID:4959
C1304508	DOID:496
UMLS:C1304508	DOID:496
C0027022	DOID:4960
UMLS:C0027022	DOID:4960
C0005956	DOID:4961
UMLS:C0005956	DOID:4961
C0031049	DOID:4962
UMLS:C0031049	DOID:4962
C0011579	DOID:4964
UMLS:C0011579	DOID:4964
C0027932	DOID:4964
UMLS:C0027932	DOID:4964
C0282126	DOID:4964
UMLS:C0282126	DOID:4964
C0027577	DOID:4968
UMLS:C0027577	DOID:4968
C0017494	DOID:4969
UMLS:C0017494	DOID:4969
C0234512	DOID:4970
UMLS:C0234512	DOID:4970
C0001815	DOID:4971
UMLS:C0001815	DOID:4971
C0026987	DOID:4971
UMLS:C0026987	DOID:4971
C1301355	DOID:4972
UMLS:C1301355	DOID:4972
C0001247	DOID:4974
UMLS:C0001247	DOID:4974
C0013882	DOID:4976
UMLS:C0013882	DOID:4976
C0024236	DOID:4977
UMLS:C0024236	DOID:4977
C0279980	DOID:4985
UMLS:C0279980	DOID:4985
C0152998	DOID:4986
UMLS:C0152998	DOID:4986
C0376670	DOID:4988
UMLS:C0376670	DOID:4988
C0030305	DOID:4989
UMLS:C0030305	DOID:4989
C0270736	DOID:4990
UMLS:C0270736	DOID:4990
C1335114	DOID:4991
UMLS:C1335114	DOID:4991
C1336971	DOID:4991
UMLS:C1336971	DOID:4991
C0346326	DOID:4992
UMLS:C0346326	DOID:4992
C1300347	DOID:4993
UMLS:C1300347	DOID:4993
C1336903	DOID:4994
UMLS:C1336903	DOID:4994
C1516404	DOID:4995
UMLS:C1516404	DOID:4995
C0011989	DOID:4997
UMLS:C0011989	DOID:4997
C0023003	DOID:4998
UMLS:C0023003	DOID:4998
C0040128	DOID:50
UMLS:C0040128	DOID:50
C0238117	DOID:5003
UMLS:C0238117	DOID:5003
C1333957	DOID:501
UMLS:C1333957	DOID:501
C0334287	DOID:5015
UMLS:C0334287	DOID:5015
C1266020	DOID:5016
UMLS:C1266020	DOID:5016
C1332222	DOID:5022
UMLS:C1332222	DOID:5022
C1266018	DOID:5026
UMLS:C1266018	DOID:5026
C1367859	DOID:5030
UMLS:C1367859	DOID:5030
C0280794	DOID:5031
UMLS:C0280794	DOID:5031
C0031941	DOID:5032
UMLS:C0031941	DOID:5032
C0153655	DOID:5032
UMLS:C0153655	DOID:5032
C1412004	DOID:5032
UMLS:C1412004	DOID:5032
C0027043	DOID:5039
UMLS:C0027043	DOID:5039
C1333448	DOID:5040
UMLS:C1333448	DOID:5040
C0014859	DOID:5041
UMLS:C0014859	DOID:5041
C0153413	DOID:5041
UMLS:C0153413	DOID:5041
C0153414	DOID:5041
UMLS:C0153414	DOID:5041
C0153415	DOID:5041
UMLS:C0153415	DOID:5041
C0153416	DOID:5041
UMLS:C0153416	DOID:5041
C0496775	DOID:5041
UMLS:C0496775	DOID:5041
C0334618	DOID:5042
UMLS:C0334618	DOID:5042
C1520083	DOID:5043
UMLS:C1520083	DOID:5043
C1332845	DOID:5044
UMLS:C1332845	DOID:5044
C1334656	DOID:5046
UMLS:C1334656	DOID:5046
C1333873	DOID:5047
UMLS:C1333873	DOID:5047
C1334957	DOID:5048
UMLS:C1334957	DOID:5048
C0007125	DOID:5050
UMLS:C0007125	DOID:5050
C0025229	DOID:5052
UMLS:C0025229	DOID:5052
C1332197	DOID:5056
UMLS:C1332197	DOID:5056
C1332902	DOID:5057
UMLS:C1332902	DOID:5057
C0259786	DOID:5058
UMLS:C0259786	DOID:5058
C1332959	DOID:5059
UMLS:C1332959	DOID:5059
C0031391	DOID:5062
UMLS:C0031391	DOID:5062
C0007118	DOID:5063
UMLS:C0007118	DOID:5063
C0040701	DOID:507
UMLS:C0040701	DOID:507
C1333407	DOID:5074
UMLS:C1333407	DOID:5074
C0205769	DOID:5075
UMLS:C0205769	DOID:5075
C0259783	DOID:5076
UMLS:C0259783	DOID:5076
C0205768	DOID:5077
UMLS:C0205768	DOID:5077
C0206716	DOID:5078
UMLS:C0206716	DOID:5078
C1332202	DOID:5078
UMLS:C1332202	DOID:5078
C1332969	DOID:5078
UMLS:C1332969	DOID:5078
C0023890	DOID:5082
UMLS:C0023890	DOID:5082
C0154159	DOID:5083
UMLS:C0154159	DOID:5083
C1334602	DOID:5088
UMLS:C1334602	DOID:5088
C1290244	DOID:5090
UMLS:C1290244	DOID:5090
C1382025	DOID:5090
UMLS:C1382025	DOID:5090
C0039981	DOID:5093
UMLS:C0039981	DOID:5093
C0153661	DOID:5093
UMLS:C0153661	DOID:5093
C0345617	DOID:5099
UMLS:C0345617	DOID:5099
C0271428	DOID:5100
UMLS:C0271428	DOID:5100
C0751094	DOID:5101
UMLS:C0751094	DOID:5101
C1512779	DOID:5102
UMLS:C1512779	DOID:5102
C0392041	DOID:5104
UMLS:C0392041	DOID:5104
C0038981	DOID:5112
UMLS:C0038981	DOID:5112
C0011156	DOID:5113
UMLS:C0011156	DOID:5113
C0237020	DOID:5117
UMLS:C0237020	DOID:5117
C1335155	DOID:5118
UMLS:C1335155	DOID:5118
C0029513	DOID:5119
UMLS:C0029513	DOID:5119
C0346239	DOID:512
UMLS:C0346239	DOID:512
C1334659	DOID:5123
UMLS:C1334659	DOID:5123
C1517115	DOID:5124
UMLS:C1517115	DOID:5124
C1333507	DOID:5125
UMLS:C1333507	DOID:5125
C1334382	DOID:5126
UMLS:C1334382	DOID:5126
C0334478	DOID:5127
UMLS:C0334478	DOID:5127
C1333266	DOID:5128
UMLS:C1333266	DOID:5128
C0154712	DOID:5129
UMLS:C0154712	DOID:5129
C0346064	DOID:5132
UMLS:C0346064	DOID:5132
C1332266	DOID:5134
UMLS:C1332266	DOID:5134
C1334447	DOID:5136
UMLS:C1334447	DOID:5136
C1335380	DOID:5137
UMLS:C1335380	DOID:5137
C0206654	DOID:5138
UMLS:C0206654	DOID:5138
C0334477	DOID:5139
UMLS:C0334477	DOID:5139
C1333745	DOID:5140
UMLS:C1333745	DOID:5140
C1520087	DOID:5142
UMLS:C1520087	DOID:5142
C1333113	DOID:5143
UMLS:C1333113	DOID:5143
C1332327	DOID:5146
UMLS:C1332327	DOID:5146
C0346066	DOID:5147
UMLS:C0346066	DOID:5147
C1275264	DOID:5149
UMLS:C1275264	DOID:5149
C1333751	DOID:5150
UMLS:C1333751	DOID:5150
C0206728	DOID:5151
UMLS:C0206728	DOID:5151
C1516371	DOID:5152
UMLS:C1516371	DOID:5152
C1510961	DOID:5153
UMLS:C1510961	DOID:5153
C0006023	DOID:5154
UMLS:C0006023	DOID:5154
C0878627	DOID:5155
UMLS:C0878627	DOID:5155
C1377913	DOID:5157
UMLS:C1377913	DOID:5157
C0032229	DOID:5158
UMLS:C0032229	DOID:5158
C0153494	DOID:5158
UMLS:C0153494	DOID:5158
C0003851	DOID:5160
UMLS:C0003851	DOID:5160
C0878486	DOID:5162
UMLS:C0878486	DOID:5162
C0338113	DOID:5165
UMLS:C0338113	DOID:5165
C0334695	DOID:5166
UMLS:C0334695	DOID:5166
C4288544	DOID:5169
UMLS:C4288544	DOID:5169
C3642329	DOID:5170
UMLS:C3642329	DOID:5170
C4289585	DOID:5171
UMLS:C4289585	DOID:5171
C0346191	DOID:5172
UMLS:C0346191	DOID:5172
C1335062	DOID:5176
UMLS:C1335062	DOID:5176
C1334705	DOID:5178
UMLS:C1334705	DOID:5178
C0279611	DOID:5179
UMLS:C0279611	DOID:5179
C0153604	DOID:518
UMLS:C0153604	DOID:518
C0341790	DOID:518
UMLS:C0341790	DOID:518
C0279609	DOID:5182
UMLS:C0279609	DOID:5182
C0677779	DOID:5183
UMLS:C0677779	DOID:5183
C0279608	DOID:5189
UMLS:C0279608	DOID:5189
C0003509	DOID:519
UMLS:C0003509	DOID:519
C1516437	DOID:5190
UMLS:C1516437	DOID:5190
C0279610	DOID:5191
UMLS:C0279610	DOID:5191
C1517445	DOID:5193
UMLS:C1517445	DOID:5193
C1517444	DOID:5194
UMLS:C1517444	DOID:5194
C1335387	DOID:5195
UMLS:C1335387	DOID:5195
C1517110	DOID:5196
UMLS:C1517110	DOID:5196
C0029866	DOID:5199
UMLS:C0029866	DOID:5199
C0003493	DOID:520
UMLS:C0003493	DOID:520
C0178879	DOID:5200
UMLS:C0178879	DOID:5200
C0016756	DOID:5204
UMLS:C0016756	DOID:5204
C1302569	DOID:5207
UMLS:C1302569	DOID:5207
C0334525	DOID:5208
UMLS:C0334525	DOID:5208
C0282577	DOID:5212
UMLS:C0282577	DOID:5212
C0393819	DOID:5213
UMLS:C0393819	DOID:5213
C0270922	DOID:5214
UMLS:C0270922	DOID:5214
C1167650	DOID:5221
UMLS:C1167650	DOID:5221
C0338418	DOID:5222
UMLS:C0338418	DOID:5222
C0021359	DOID:5223
UMLS:C0021359	DOID:5223
C1332149	DOID:5224
UMLS:C1332149	DOID:5224
C0014040	DOID:5225
UMLS:C0014040	DOID:5225
C0162569	DOID:5230
UMLS:C0162569	DOID:5230
C0003505	DOID:5232
UMLS:C0003505	DOID:5232
C1266111	DOID:5233
UMLS:C1266111	DOID:5233
C1304510	DOID:5236
UMLS:C1304510	DOID:5236
C1332532	DOID:5238
UMLS:C1332532	DOID:5238
C0730303	DOID:5240
UMLS:C0730303	DOID:5240
C0206734	DOID:5241
UMLS:C0206734	DOID:5241
C0751878	DOID:525
UMLS:C0751878	DOID:525
C1334179	DOID:5251
UMLS:C1334179	DOID:5251
C1333157	DOID:5253
UMLS:C1333157	DOID:5253
C1334385	DOID:5254
UMLS:C1334385	DOID:5254
C1333871	DOID:5258
UMLS:C1333871	DOID:5258
C1333093	DOID:5259
UMLS:C1333093	DOID:5259
C0019693	DOID:526
UMLS:C0019693	DOID:526
C1333098	DOID:5260
UMLS:C1333098	DOID:5260
C1332848	DOID:5261
UMLS:C1332848	DOID:5261
C0238152	DOID:5262
UMLS:C0238152	DOID:5262
C1335163	DOID:5263
UMLS:C1335163	DOID:5263
C0205815	DOID:5264
UMLS:C0205815	DOID:5264
C1334448	DOID:5265
UMLS:C1334448	DOID:5265
C1332267	DOID:5267
UMLS:C1332267	DOID:5267
C0205816	DOID:5268
UMLS:C0205816	DOID:5268
C0920305	DOID:5271
UMLS:C0920305	DOID:5271
C1336007	DOID:5272
UMLS:C1336007	DOID:5272
C0346067	DOID:5273
UMLS:C0346067	DOID:5273
C0346811	DOID:5274
UMLS:C0346811	DOID:5274
C1333746	DOID:5275
UMLS:C1333746	DOID:5275
C1333454	DOID:5276
UMLS:C1333454	DOID:5276
C0158157	DOID:528
UMLS:C0158157	DOID:528
C0744295	DOID:5280
UMLS:C0744295	DOID:5280
C1335511	DOID:5282
UMLS:C1335511	DOID:5282
C1336940	DOID:5283
UMLS:C1336940	DOID:5283
C1332631	DOID:5285
UMLS:C1332631	DOID:5285
C1335743	DOID:5287
UMLS:C1335743	DOID:5287
C1334371	DOID:5288
UMLS:C1334371	DOID:5288
C0280631	DOID:5289
UMLS:C0280631	DOID:5289
C0005747	DOID:529
UMLS:C0005747	DOID:529
C1334660	DOID:5292
UMLS:C1334660	DOID:5292
C1333508	DOID:5293
UMLS:C1333508	DOID:5293
C0021831	DOID:5295
UMLS:C0021831	DOID:5295
C1333969	DOID:5296
UMLS:C1333969	DOID:5296
C1335683	DOID:5297
UMLS:C1335683	DOID:5297
C0279765	DOID:5299
UMLS:C0279765	DOID:5299
C0029493	DOID:53
UMLS:C0029493	DOID:53
C0015423	DOID:530
UMLS:C0015423	DOID:530
C1333591	DOID:5301
UMLS:C1333591	DOID:5301
C5557431	DOID:5302
UMLS:C5557431	DOID:5302
C1332912	DOID:5303
UMLS:C1332912	DOID:5303
C1518693	DOID:5304
UMLS:C1518693	DOID:5304
C1332557	DOID:5306
UMLS:C1332557	DOID:5306
C1336886	DOID:5307
UMLS:C1336886	DOID:5307
C1332246	DOID:5308
UMLS:C1332246	DOID:5308
C0334392	DOID:5309
UMLS:C0334392	DOID:5309
C2012261	DOID:5310
UMLS:C2012261	DOID:5310
C1520069	DOID:5313
UMLS:C1520069	DOID:5313
C1517114	DOID:5324
UMLS:C1517114	DOID:5324
C0392475	DOID:5325
UMLS:C0392475	DOID:5325
C0035305	DOID:5327
UMLS:C0035305	DOID:5327
C0154199	DOID:533
UMLS:C0154199	DOID:533
C0011405	DOID:5330
UMLS:C0011405	DOID:5330
C1336709	DOID:5331
UMLS:C1336709	DOID:5331
C0030483	DOID:5334
UMLS:C0030483	DOID:5334
C0266919	DOID:5337
UMLS:C0266919	DOID:5337
C0017567	DOID:5338
UMLS:C0017567	DOID:5338
C0221023	DOID:5339
UMLS:C0221023	DOID:5339
C0233795	DOID:5340
UMLS:C0233795	DOID:5340
C1335420	DOID:5341
UMLS:C1335420	DOID:5341
C1333016	DOID:5342
UMLS:C1333016	DOID:5342
C1337040	DOID:5343
UMLS:C1337040	DOID:5343
C1377613	DOID:5343
UMLS:C1377613	DOID:5343
C0279708	DOID:5344
UMLS:C0279708	DOID:5344
C1334625	DOID:5345
UMLS:C1334625	DOID:5345
C2057625	DOID:5345
UMLS:C2057625	DOID:5345
C1332221	DOID:5348
UMLS:C1332221	DOID:5348
C0280796	DOID:5349
UMLS:C0280796	DOID:5349
C0154564	DOID:535
UMLS:C0154564	DOID:535
C0346188	DOID:5350
UMLS:C0346188	DOID:5350
C1518727	DOID:5351
UMLS:C1518727	DOID:5351
C0009373	DOID:5353
UMLS:C0009373	DOID:5353
C0206067	DOID:5362
UMLS:C0206067	DOID:5362
C0206634	DOID:5363
UMLS:C0206634	DOID:5363
C0009250	DOID:5364
UMLS:C0009250	DOID:5364
C1516419	DOID:5368
UMLS:C1516419	DOID:5368
C1511313	DOID:5370
UMLS:C1511313	DOID:5370
C1335777	DOID:5373
UMLS:C1335777	DOID:5373
C0206711	DOID:5374
UMLS:C0206711	DOID:5374
C0859920	DOID:5375
UMLS:C0859920	DOID:5375
C0585475	DOID:5376
UMLS:C0585475	DOID:5376
C0272080	DOID:5378
UMLS:C0272080	DOID:5378
C0238159	DOID:5379
UMLS:C0238159	DOID:5379
C0152134	DOID:538
UMLS:C0152134	DOID:538
C0008309	DOID:5381
UMLS:C0008309	DOID:5381
C1511048	DOID:5382
UMLS:C1511048	DOID:5382
C0334285	DOID:5384
UMLS:C0334285	DOID:5384
C0334323	DOID:5385
UMLS:C0334323	DOID:5385
C0345964	DOID:5386
UMLS:C0345964	DOID:5386
C4305468	DOID:5387
UMLS:C4305468	DOID:5387
C1510502	DOID:5389
UMLS:C1510502	DOID:5389
C0029089	DOID:539
UMLS:C0029089	DOID:539
C0155338	DOID:539
UMLS:C0155338	DOID:539
C0334315	DOID:5390
UMLS:C0334315	DOID:5390
C0149845	DOID:5391
UMLS:C0149845	DOID:5391
C0001433	DOID:5392
UMLS:C0001433	DOID:5392
C0238814	DOID:5393
UMLS:C0238814	DOID:5393
C0033375	DOID:5394
UMLS:C0033375	DOID:5394
C0854486	DOID:5395
UMLS:C0854486	DOID:5395
C1334614	DOID:5396
UMLS:C1334614	DOID:5396
C0334325	DOID:5398
UMLS:C0334325	DOID:5398
C0029831	DOID:540
UMLS:C0029831	DOID:540
C0334321	DOID:5401
UMLS:C0334321	DOID:5401
C1519913	DOID:5402
UMLS:C1519913	DOID:5402
C0205648	DOID:5403
UMLS:C0205648	DOID:5403
C0029401	DOID:5408
UMLS:C0029401	DOID:5408
C0149925	DOID:5409
UMLS:C0149925	DOID:5409
C1334452	DOID:5410
UMLS:C1334452	DOID:5410
C0262584	DOID:5411
UMLS:C0262584	DOID:5411
C1335099	DOID:5414
UMLS:C1335099	DOID:5414
C0036337	DOID:5418
UMLS:C0036337	DOID:5418
C0036341	DOID:5419
UMLS:C0036341	DOID:5419
C1333125	DOID:5421
UMLS:C1333125	DOID:5421
C0085083	DOID:5425
UMLS:C0085083	DOID:5425
C0085215	DOID:5426
UMLS:C0085215	DOID:5426
C1336893	DOID:5427
UMLS:C1336893	DOID:5427
C1332559	DOID:5429
UMLS:C1332559	DOID:5429
C0013421	DOID:543
UMLS:C0013421	DOID:543
C0393593	DOID:543
UMLS:C0393593	DOID:543
C1511197	DOID:5432
UMLS:C1511197	DOID:5432
C1334282	DOID:5433
UMLS:C1334282	DOID:5433
C1335329	DOID:5433
UMLS:C1335329	DOID:5433
C0036457	DOID:5434
UMLS:C0036457	DOID:5434
C0085209	DOID:5435
UMLS:C0085209	DOID:5435
C1331535	DOID:5437
UMLS:C1331535	DOID:5437
C1331534	DOID:5438
UMLS:C1331534	DOID:5438
C0334348	DOID:5439
UMLS:C0334348	DOID:5439
C0206671	DOID:5442
UMLS:C0206671	DOID:5442
C1370701	DOID:5443
UMLS:C1370701	DOID:5443
C0334347	DOID:5444
UMLS:C0334347	DOID:5444
C0406803	DOID:5445
UMLS:C0406803	DOID:5445
C0334350	DOID:5446
UMLS:C0334350	DOID:5446
C0034091	DOID:5453
UMLS:C0034091	DOID:5453
C1334374	DOID:5457
UMLS:C1334374	DOID:5457
C0009197	DOID:5463
UMLS:C0009197	DOID:5463
C1333148	DOID:5465
UMLS:C1333148	DOID:5465
C0009761	DOID:5467
UMLS:C0009761	DOID:5467
C0153628	DOID:5467
UMLS:C0153628	DOID:5467
C1266038	DOID:5468
UMLS:C1266038	DOID:5468
C1518729	DOID:5474
UMLS:C1518729	DOID:5474
C1336901	DOID:5475
UMLS:C1336901	DOID:5475
C1516402	DOID:5476
UMLS:C1516402	DOID:5476
C0334317	DOID:5477
UMLS:C0334317	DOID:5477
C1517109	DOID:5478
UMLS:C1517109	DOID:5478
C1377850	DOID:5479
UMLS:C1377850	DOID:5479
C0334317	DOID:5482
UMLS:C0334317	DOID:5482
C1333616	DOID:5484
UMLS:C1333616	DOID:5484
C0039101	DOID:5485
UMLS:C0039101	DOID:5485
C0334505	DOID:5487
UMLS:C0334505	DOID:5487
C1334681	DOID:5488
UMLS:C1334681	DOID:5488
C0334507	DOID:5492
UMLS:C0334507	DOID:5492
C0334506	DOID:5494
UMLS:C0334506	DOID:5494
C1334801	DOID:5495
UMLS:C1334801	DOID:5495
C1384403	DOID:5500
UMLS:C1384403	DOID:5500
C0030757	DOID:5501
UMLS:C0030757	DOID:5501
C0030756	DOID:5502
UMLS:C0030756	DOID:5502
C0238432	DOID:5503
UMLS:C0238432	DOID:5503
C1370500	DOID:5504
UMLS:C1370500	DOID:5504
C0334578	DOID:5505
UMLS:C0334578	DOID:5505
C1332609	DOID:5508
UMLS:C1332609	DOID:5508
C0041881	DOID:551
UMLS:C0041881	DOID:551
C1335415	DOID:5510
UMLS:C1335415	DOID:5510
C0346185	DOID:5511
UMLS:C0346185	DOID:5511
C0030758	DOID:5513
UMLS:C0030758	DOID:5513
C1336079	DOID:5514
UMLS:C1336079	DOID:5514
C0280333	DOID:5515
UMLS:C0280333	DOID:5515
C1333789	DOID:5516
UMLS:C1333789	DOID:5516
C0699791	DOID:5517
UMLS:C0699791	DOID:5517
C0238348	DOID:5518
UMLS:C0238348	DOID:5518
C1336081	DOID:5518
UMLS:C1336081	DOID:5518
C1333100	DOID:5519
UMLS:C1333100	DOID:5519
C0032285	DOID:552
UMLS:C0032285	DOID:552
C1168401	DOID:5520
UMLS:C1168401	DOID:5520
C0334247	DOID:5521
UMLS:C0334247	DOID:5521
C1266005	DOID:5522
UMLS:C1266005	DOID:5522
C0334250	DOID:5524
UMLS:C0334250	DOID:5524
C0334393	DOID:5524
UMLS:C0334393	DOID:5524
C1412036	DOID:5525
UMLS:C1412036	DOID:5525
C1334762	DOID:5526
UMLS:C1334762	DOID:5526
C1332251	DOID:5527
UMLS:C1332251	DOID:5527
C1335690	DOID:5528
UMLS:C1335690	DOID:5528
C5447980	DOID:5529
UMLS:C5447980	DOID:5529
C1336082	DOID:5530
UMLS:C1336082	DOID:5530
C2019443	DOID:5531
UMLS:C2019443	DOID:5531
C1333396	DOID:5533
UMLS:C1333396	DOID:5533
C0238409	DOID:5534
UMLS:C0238409	DOID:5534
C0279658	DOID:5535
UMLS:C0279658	DOID:5535
C0349656	DOID:5536
UMLS:C0349656	DOID:5536
C0861861	DOID:5537
UMLS:C0861861	DOID:5537
C1333494	DOID:5538
UMLS:C1333494	DOID:5538
C1336879	DOID:5539
UMLS:C1336879	DOID:5539
C1333596	DOID:5540
UMLS:C1333596	DOID:5540
C1332273	DOID:5545
UMLS:C1332273	DOID:5545
C0015807	DOID:5546
UMLS:C0015807	DOID:5546
C1335571	DOID:5547
UMLS:C1335571	DOID:5547
C0346181	DOID:5550
UMLS:C0346181	DOID:5550
C0238449	DOID:5551
UMLS:C0238449	DOID:5551
C1335414	DOID:5553
UMLS:C1335414	DOID:5553
C0855197	DOID:5556
UMLS:C0855197	DOID:5556
C1336708	DOID:5557
UMLS:C1336708	DOID:5557
C0025063	DOID:5559
UMLS:C0025063	DOID:5559
C0153504	DOID:5559
UMLS:C0153504	DOID:5559
C1334669	DOID:5560
UMLS:C1334669	DOID:5560
C1333790	DOID:5561
UMLS:C1333790	DOID:5561
C0334520	DOID:5563
UMLS:C0334520	DOID:5563
C0855163	DOID:5563
UMLS:C0855163	DOID:5563
C1517127	DOID:5564
UMLS:C1517127	DOID:5564
C1368898	DOID:5565
UMLS:C1368898	DOID:5565
C1368910	DOID:5566
UMLS:C1368910	DOID:5566
C0280131	DOID:5567
UMLS:C0280131	DOID:5567
C1334682	DOID:5568
UMLS:C1334682	DOID:5568
C0022658	DOID:557
UMLS:C0022658	DOID:557
C1260964	DOID:5570
UMLS:C1260964	DOID:5570
C0004903	DOID:5572
UMLS:C0004903	DOID:5572
C0011993	DOID:5574
UMLS:C0011993	DOID:5574
C0033949	DOID:5576
UMLS:C0033949	DOID:5576
C0017150	DOID:5577
UMLS:C0017150	DOID:5577
C1333767	DOID:5579
UMLS:C1333767	DOID:5579
C1368066	DOID:5580
UMLS:C1368066	DOID:5580
C0206703	DOID:5583
UMLS:C0206703	DOID:5583
C0345960	DOID:5583
UMLS:C0345960	DOID:5583
C0546476	DOID:5585
UMLS:C0546476	DOID:5585
C0042951	DOID:5587
UMLS:C0042951	DOID:5587
C1335325	DOID:5588
UMLS:C1335325	DOID:5588
C0520575	DOID:559
UMLS:C0520575	DOID:559
C1336027	DOID:5592
UMLS:C1336027	DOID:5592
C1333785	DOID:5593
UMLS:C1333785	DOID:5593
C1335327	DOID:5595
UMLS:C1335327	DOID:5595
C1333595	DOID:5597
UMLS:C1333595	DOID:5597
C1517124	DOID:5598
UMLS:C1517124	DOID:5598
C0266521	DOID:560
UMLS:C0266521	DOID:560
C0279592	DOID:5602
UMLS:C0279592	DOID:5602
C0023492	DOID:5603
UMLS:C0023492	DOID:5603
C0751606	DOID:5604
UMLS:C0751606	DOID:5604
C0860580	DOID:5605
UMLS:C0860580	DOID:5605
C0011401	DOID:5608
UMLS:C0011401	DOID:5608
C0029834	DOID:561
UMLS:C0029834	DOID:561
C0037930	DOID:5612
UMLS:C0037930	DOID:5612
C0037939	DOID:5612
UMLS:C0037939	DOID:5612
C0153646	DOID:5612
UMLS:C0153646	DOID:5612
C0015397	DOID:5614
UMLS:C0015397	DOID:5614
C1334255	DOID:5615
UMLS:C1334255	DOID:5615
C0271353	DOID:562
UMLS:C0271353	DOID:562
C1292762	DOID:5621
UMLS:C1292762	DOID:5621
C1510796	DOID:5623
UMLS:C1510796	DOID:5623
C0861854	DOID:5624
UMLS:C0861854	DOID:5624
C1332171	DOID:5626
UMLS:C1332171	DOID:5626
C1333741	DOID:5627
UMLS:C1333741	DOID:5627
C1332245	DOID:5628
UMLS:C1332245	DOID:5628
C1333082	DOID:5629
UMLS:C1333082	DOID:5629
C1511050	DOID:5630
UMLS:C1511050	DOID:5630
C0346328	DOID:5632
UMLS:C0346328	DOID:5632
C1335503	DOID:5634
UMLS:C1335503	DOID:5634
C1333761	DOID:5635
UMLS:C1333761	DOID:5635
C0346202	DOID:5636
UMLS:C0346202	DOID:5636
C1335299	DOID:5637
UMLS:C1335299	DOID:5637
C0334554	DOID:5638
UMLS:C0334554	DOID:5638
C1514912	DOID:5639
UMLS:C1514912	DOID:5639
C0865849	DOID:5641
UMLS:C0865849	DOID:5641
C0340127	DOID:5642
UMLS:C0340127	DOID:5642
C1519828	DOID:5643
UMLS:C1519828	DOID:5643
C0040962	DOID:5644
UMLS:C0040962	DOID:5644
C0346289	DOID:5648
UMLS:C0346289	DOID:5648
C0431109	DOID:5648
UMLS:C0431109	DOID:5648
C0155518	DOID:565
UMLS:C0155518	DOID:565
C0155307	DOID:5655
UMLS:C0155307	DOID:5655
C0010266	DOID:5656
UMLS:C0010266	DOID:5656
C0334318	DOID:5658
UMLS:C0334318	DOID:5658
C0155514	DOID:566
UMLS:C0155514	DOID:566
C0334254	DOID:5660
UMLS:C0334254	DOID:5660
C0334233	DOID:5662
UMLS:C0334233	DOID:5662
C0349576	DOID:5665
UMLS:C0349576	DOID:5665
C1412016	DOID:5667
UMLS:C1412016	DOID:5667
C0334370	DOID:5670
UMLS:C0334370	DOID:5670
C0346629	DOID:5672
UMLS:C0346629	DOID:5672
C0205643	DOID:5675
UMLS:C0205643	DOID:5675
C1334582	DOID:5677
UMLS:C1334582	DOID:5677
C0474334	DOID:5678
UMLS:C0474334	DOID:5678
C0035309	DOID:5679
UMLS:C0035309	DOID:5679
C0238448	DOID:5680
UMLS:C0238448	DOID:5680
C0346183	DOID:5681
UMLS:C0346183	DOID:5681
C0677776	DOID:5683
UMLS:C0677776	DOID:5683
C1300260	DOID:5684
UMLS:C1300260	DOID:5684
C0043119	DOID:5688
UMLS:C0043119	DOID:5688
C1370889	DOID:5690
UMLS:C1370889	DOID:5690
C0234398	DOID:5691
UMLS:C0234398	DOID:5691
C0334471	DOID:5692
UMLS:C0334471	DOID:5692
C0278608	DOID:5693
UMLS:C0278608	DOID:5693
C1333456	DOID:5694
UMLS:C1333456	DOID:5694
C0279984	DOID:5695
UMLS:C0279984	DOID:5695
C1334372	DOID:5696
UMLS:C1334372	DOID:5696
C1335165	DOID:5697
UMLS:C1335165	DOID:5697
C1266130	DOID:5698
UMLS:C1266130	DOID:5698
C1335745	DOID:5699
UMLS:C1335745	DOID:5699
C0003504	DOID:57
UMLS:C0003504	DOID:57
C0155568	DOID:57
UMLS:C0155568	DOID:57
C0264774	DOID:57
UMLS:C0264774	DOID:57
C1333778	DOID:5700
UMLS:C1333778	DOID:5700
C1332632	DOID:5701
UMLS:C1332632	DOID:5701
C0205825	DOID:5702
UMLS:C0205825	DOID:5702
C0334472	DOID:5703
UMLS:C0334472	DOID:5703
C0334469	DOID:5704
UMLS:C0334469	DOID:5704
C1275275	DOID:5705
UMLS:C1275275	DOID:5705
C0154742	DOID:571
UMLS:C0154742	DOID:571
C1333175	DOID:5712
UMLS:C1333175	DOID:5712
C1334663	DOID:5713
UMLS:C1334663	DOID:5713
C1334242	DOID:5714
UMLS:C1334242	DOID:5714
C0338078	DOID:5715
UMLS:C0338078	DOID:5715
C0278864	DOID:5716
UMLS:C0278864	DOID:5716
C0559460	DOID:5718
UMLS:C0559460	DOID:5718
C0344456	DOID:5719
UMLS:C0344456	DOID:5719
C0596046	DOID:5719
UMLS:C0596046	DOID:5719
C0154741	DOID:572
UMLS:C0154741	DOID:572
C0029124	DOID:5723
UMLS:C0029124	DOID:5723
C1519234	DOID:5724
UMLS:C1519234	DOID:5724
C1514907	DOID:5725
UMLS:C1514907	DOID:5725
C3642324	DOID:5726
UMLS:C3642324	DOID:5726
C1519870	DOID:5727
UMLS:C1519870	DOID:5727
C0267785	DOID:5728
UMLS:C0267785	DOID:5728
C0346200	DOID:5729
UMLS:C0346200	DOID:5729
C0027743	DOID:573
UMLS:C0027743	DOID:573
C1510429	DOID:573
UMLS:C1510429	DOID:573
C0269043	DOID:5730
UMLS:C0269043	DOID:5730
C0269041	DOID:5731
UMLS:C0269041	DOID:5731
C0034220	DOID:5732
UMLS:C0034220	DOID:5732
C0036130	DOID:5733
UMLS:C0036130	DOID:5733
C0031117	DOID:574
UMLS:C0031117	DOID:574
C1335029	DOID:574
UMLS:C1335029	DOID:574
C1336009	DOID:5740
UMLS:C1336009	DOID:5740
C2033037	DOID:5741
UMLS:C2033037	DOID:5741
C0279661	DOID:5742
UMLS:C0279661	DOID:5742
C1515868	DOID:5743
UMLS:C1515868	DOID:5743
C1335177	DOID:5744
UMLS:C1335177	DOID:5744
C1518234	DOID:5744
UMLS:C1518234	DOID:5744
C0279663	DOID:5746
UMLS:C0279663	DOID:5746
C1519872	DOID:5747
UMLS:C1519872	DOID:5747
C0155579	DOID:5748
UMLS:C0155579	DOID:5748
C0034087	DOID:5749
UMLS:C0034087	DOID:5749
C0854924	DOID:5750
UMLS:C0854924	DOID:5750
C1335315	DOID:5751
UMLS:C1335315	DOID:5751
C1516431	DOID:5752
UMLS:C1516431	DOID:5752
C0014127	DOID:5757
UMLS:C0014127	DOID:5757
C0334492	DOID:5758
UMLS:C0334492	DOID:5758
C0036503	DOID:5759
UMLS:C0036503	DOID:5759
C0033687	DOID:576
UMLS:C0033687	DOID:576
C1519207	DOID:5760
UMLS:C1519207	DOID:5760
C1520094	DOID:5761
UMLS:C1520094	DOID:5761
C1333065	DOID:5763
UMLS:C1333065	DOID:5763
C1334450	DOID:5764
UMLS:C1334450	DOID:5764
C1335488	DOID:5764
UMLS:C1335488	DOID:5764
C1334455	DOID:5766
UMLS:C1334455	DOID:5766
C1290358	DOID:5767
UMLS:C1290358	DOID:5767
C1332140	DOID:5768
UMLS:C1332140	DOID:5768
C0346054	DOID:5769
UMLS:C0346054	DOID:5769
C1332882	DOID:5772
UMLS:C1332882	DOID:5772
C0029171	DOID:5773
UMLS:C0029171	DOID:5773
C0029172	DOID:5773
UMLS:C0029172	DOID:5773
C1333817	DOID:5774
UMLS:C1333817	DOID:5774
C1333086	DOID:5775
UMLS:C1333086	DOID:5775
C1332863	DOID:5776
UMLS:C1332863	DOID:5776
C1335686	DOID:5777
UMLS:C1335686	DOID:5777
C0155470	DOID:5781
UMLS:C0155470	DOID:5781
C0041825	DOID:5782
UMLS:C0041825	DOID:5782
C1333462	DOID:5784
UMLS:C1333462	DOID:5784
C1334784	DOID:5789
UMLS:C1334784	DOID:5789
C1334543	DOID:5798
UMLS:C1334543	DOID:5798
C0403719	DOID:580
UMLS:C0403719	DOID:580
C0012628	DOID:5804
UMLS:C0012628	DOID:5804
C0340375	DOID:5805
UMLS:C0340375	DOID:5805
C1332994	DOID:5809
UMLS:C1332994	DOID:5809
C0268124	DOID:5810
UMLS:C0268124	DOID:5810
C0242583	DOID:5812
UMLS:C0242583	DOID:5812
C0268125	DOID:5813
UMLS:C0268125	DOID:5813
C0240803	DOID:5815
UMLS:C0240803	DOID:5815
C0019048	DOID:582
UMLS:C0019048	DOID:582
C0545080	DOID:5820
UMLS:C0545080	DOID:5820
C1334749	DOID:5821
UMLS:C1334749	DOID:5821
C1333878	DOID:5822
UMLS:C1333878	DOID:5822
C1332979	DOID:5823
UMLS:C1332979	DOID:5823
C1332206	DOID:5825
UMLS:C1332206	DOID:5825
C0349669	DOID:5826
UMLS:C0349669	DOID:5826
C0346163	DOID:5828
UMLS:C0346163	DOID:5828
C5557430	DOID:5829
UMLS:C5557430	DOID:5829
C0002878	DOID:583
UMLS:C0002878	DOID:583
C1332913	DOID:5830
UMLS:C1332913	DOID:5830
C1333592	DOID:5831
UMLS:C1333592	DOID:5831
C1517113	DOID:5831
UMLS:C1517113	DOID:5831
C0334517	DOID:5834
UMLS:C0334517	DOID:5834
C1333502	DOID:5838
UMLS:C1333502	DOID:5838
C0036631	DOID:5842
UMLS:C0036631	DOID:5842
C3642318	DOID:5843
UMLS:C3642318	DOID:5843
C0027051	DOID:5844
UMLS:C0027051	DOID:5844
C0262564	DOID:5845
UMLS:C0262564	DOID:5845
C0746727	DOID:5846
UMLS:C0746727	DOID:5846
C0340319	DOID:5847
UMLS:C0340319	DOID:5847
C3642319	DOID:5848
UMLS:C3642319	DOID:5848
C3642476	DOID:5849
UMLS:C3642476	DOID:5849
C0156257	DOID:585
UMLS:C0156257	DOID:585
C0340305	DOID:5850
UMLS:C0340305	DOID:5850
C3642463	DOID:5851
UMLS:C3642463	DOID:5851
C3537017	DOID:5852
UMLS:C3537017	DOID:5852
C0340312	DOID:5853
UMLS:C0340312	DOID:5853
C0340324	DOID:5854
UMLS:C0340324	DOID:5854
C0262565	DOID:5855
UMLS:C0262565	DOID:5855
C0334551	DOID:5861
UMLS:C0334551	DOID:5861
C0855011	DOID:5862
UMLS:C0855011	DOID:5862
C0334549	DOID:5866
UMLS:C0334549	DOID:5866
C1266167	DOID:5867
UMLS:C1266167	DOID:5867
C1527407	DOID:5870
UMLS:C1527407	DOID:5870
C1335776	DOID:5874
UMLS:C1335776	DOID:5874
C0035358	DOID:5875
UMLS:C0035358	DOID:5875
C0153464	DOID:5875
UMLS:C0153464	DOID:5875
C0153465	DOID:5875
UMLS:C0153465	DOID:5875
C1332318	DOID:5876
UMLS:C1332318	DOID:5876
C0346612	DOID:5877
UMLS:C0346612	DOID:5877
C1290401	DOID:5877
UMLS:C1290401	DOID:5877
C1337012	DOID:5884
UMLS:C1337012	DOID:5884
C0002881	DOID:589
UMLS:C0002881	DOID:589
C0280787	DOID:5890
UMLS:C0280787	DOID:5890
C0279991	DOID:5893
UMLS:C0279991	DOID:5893
C0279548	DOID:5894
UMLS:C0279548	DOID:5894
C1377853	DOID:5895
UMLS:C1377853	DOID:5895
C1518695	DOID:5896
UMLS:C1518695	DOID:5896
C1518694	DOID:5897
UMLS:C1518694	DOID:5897
C1266113	DOID:5900
UMLS:C1266113	DOID:5900
C1334984	DOID:5907
UMLS:C1334984	DOID:5907
C1336955	DOID:5908
UMLS:C1336955	DOID:5908
C0349231	DOID:591
UMLS:C0349231	DOID:591
C1332602	DOID:5913
UMLS:C1332602	DOID:5913
C0334330	DOID:5914
UMLS:C0334330	DOID:5914
C1519855	DOID:5916
UMLS:C1519855	DOID:5916
C1377915	DOID:5921
UMLS:C1377915	DOID:5921
C1332191	DOID:5922
UMLS:C1332191	DOID:5922
C1333308	DOID:5923
UMLS:C1333308	DOID:5923
C1335979	DOID:5926
UMLS:C1335979	DOID:5926
C0001818	DOID:593
UMLS:C0001818	DOID:593
C0280135	DOID:5936
UMLS:C0280135	DOID:5936
C0030319	DOID:594
UMLS:C0030319	DOID:594
C0751690	DOID:5940
UMLS:C0751690	DOID:5940
C0263640	DOID:5948
UMLS:C0263640	DOID:5948
C0263638	DOID:5949
UMLS:C0263638	DOID:5949
C1511206	DOID:5957
UMLS:C1511206	DOID:5957
C2931202	DOID:5958
UMLS:C2931202	DOID:5958
C1377909	DOID:5973
UMLS:C1377909	DOID:5973
C0853688	DOID:5975
UMLS:C0853688	DOID:5975
C0155727	DOID:5976
UMLS:C0155727	DOID:5976
C0346260	DOID:5977
UMLS:C0346260	DOID:5977
C0238208	DOID:5982
UMLS:C0238208	DOID:5982
C1335747	DOID:5983
UMLS:C1335747	DOID:5983
C0236801	DOID:599
UMLS:C0236801	DOID:599
C1334227	DOID:5990
UMLS:C1334227	DOID:5990
C1332628	DOID:5997
UMLS:C1332628	DOID:5997
C0085750	DOID:5998
UMLS:C0085750	DOID:5998
C1332314	DOID:5999
UMLS:C1332314	DOID:5999
C0233711	DOID:600
UMLS:C0233711	DOID:600
C0018801	DOID:6000
UMLS:C0018801	DOID:6000
C0018802	DOID:6000
UMLS:C0018802	DOID:6000
C1332630	DOID:6001
UMLS:C1332630	DOID:6001
C0887846	DOID:6003
UMLS:C0887846	DOID:6003
C0877858	DOID:6004
UMLS:C0877858	DOID:6004
C1370506	DOID:6015
UMLS:C1370506	DOID:6015
C1332194	DOID:6016
UMLS:C1332194	DOID:6016
C1332886	DOID:6017
UMLS:C1332886	DOID:6017
C1332193	DOID:6018
UMLS:C1332193	DOID:6018
C1332883	DOID:6019
UMLS:C1332883	DOID:6019
C0233705	DOID:602
UMLS:C0233705	DOID:602
C0398694	DOID:6024
UMLS:C0398694	DOID:6024
C1335942	DOID:6025
UMLS:C1335942	DOID:6025
C0853870	DOID:603
UMLS:C0853870	DOID:603
C0334403	DOID:6032
UMLS:C0334403	DOID:6032
C1515285	DOID:6032
UMLS:C1515285	DOID:6032
C1332844	DOID:6033
UMLS:C1332844	DOID:6033
C1334567	DOID:6034
UMLS:C1334567	DOID:6034
C0279687	DOID:6037
UMLS:C0279687	DOID:6037
C0220633	DOID:6039
UMLS:C0220633	DOID:6039
C1333027	DOID:6041
UMLS:C1333027	DOID:6041
C1333052	DOID:6043
UMLS:C1333052	DOID:6043
C1336699	DOID:6048
UMLS:C1336699	DOID:6048
C0344318	DOID:605
UMLS:C0344318	DOID:605
C0014852	DOID:6050
UMLS:C0014852	DOID:6050
C0278754	DOID:6052
UMLS:C0278754	DOID:6052
C0279014	DOID:6053
UMLS:C0279014	DOID:6053
C1333645	DOID:6054
UMLS:C1333645	DOID:6054
C0339826	DOID:6059
UMLS:C0339826	DOID:6059
C0242644	DOID:606
UMLS:C0242644	DOID:606
C1518361	DOID:6065
UMLS:C1518361	DOID:6065
C1335168	DOID:6067
UMLS:C1335168	DOID:6067
C1518233	DOID:6067
UMLS:C1518233	DOID:6067
C0030486	DOID:607
UMLS:C0030486	DOID:607
C0796663	DOID:6082
UMLS:C0796663	DOID:6082
C1332993	DOID:6083
UMLS:C1332993	DOID:6083
C0796664	DOID:6084
UMLS:C0796664	DOID:6084
C0349626	DOID:6085
UMLS:C0349626	DOID:6085
C1334596	DOID:6086
UMLS:C1334596	DOID:6086
C0029488	DOID:6088
UMLS:C0029488	DOID:6088
C1332976	DOID:6089
UMLS:C1332976	DOID:6089
C1332204	DOID:6090
UMLS:C1332204	DOID:6090
C0346902	DOID:6098
UMLS:C0346902	DOID:6098
C1336733	DOID:6098
UMLS:C1336733	DOID:6098
C0026265	DOID:61
UMLS:C0026265	DOID:61
C0155563	DOID:61
UMLS:C0155563	DOID:61
C0264765	DOID:61
UMLS:C0264765	DOID:61
C1516424	DOID:6101
UMLS:C1516424	DOID:6101
C1333996	DOID:6102
UMLS:C1333996	DOID:6102
C1336738	DOID:6103
UMLS:C1336738	DOID:6103
C1334298	DOID:6110
UMLS:C1334298	DOID:6110
C0542564	DOID:6112
UMLS:C0542564	DOID:6112
C1334236	DOID:6113
UMLS:C1334236	DOID:6113
C0751303	DOID:6114
UMLS:C0751303	DOID:6114
C1334380	DOID:6115
UMLS:C1334380	DOID:6115
C1335751	DOID:6118
UMLS:C1335751	DOID:6118
C1514844	DOID:6119
UMLS:C1514844	DOID:6119
C0021051	DOID:612
UMLS:C0021051	DOID:612
C0563211	DOID:6126
UMLS:C0563211	DOID:6126
C0334576	DOID:6128
UMLS:C0334576	DOID:6128
C0006277	DOID:6132
UMLS:C0006277	DOID:6132
C0008677	DOID:6132
UMLS:C0008677	DOID:6132
C0149514	DOID:6132
UMLS:C0149514	DOID:6132
C1519851	DOID:6139
UMLS:C1519851	DOID:6139
C0024312	DOID:614
UMLS:C0024312	DOID:614
C0347095	DOID:6148
UMLS:C0347095	DOID:6148
C0023530	DOID:615
UMLS:C0023530	DOID:615
C1333006	DOID:6160
UMLS:C1333006	DOID:6160
C1333009	DOID:6161
UMLS:C1333009	DOID:6161
C1333007	DOID:6162
UMLS:C1333007	DOID:6162
C0879257	DOID:6163
UMLS:C0879257	DOID:6163
C1514522	DOID:6166
UMLS:C1514522	DOID:6166
C1514523	DOID:6167
UMLS:C1514523	DOID:6167
C0392998	DOID:6170
UMLS:C0392998	DOID:6170
C0280630	DOID:6171
UMLS:C0280630	DOID:6171
C1334679	DOID:6175
UMLS:C1334679	DOID:6175
C1335681	DOID:6190
UMLS:C1335681	DOID:6190
C1334180	DOID:6192
UMLS:C1334180	DOID:6192
C0205944	DOID:6193
UMLS:C0205944	DOID:6193
C0009763	DOID:6195
UMLS:C0009763	DOID:6195
C0035012	DOID:6196
UMLS:C0035012	DOID:6196
C0152085	DOID:6196
UMLS:C0152085	DOID:6196
C1333158	DOID:6197
UMLS:C1333158	DOID:6197
C1333159	DOID:6198
UMLS:C1333159	DOID:6198
C0153629	DOID:6199
UMLS:C0153629	DOID:6199
C0339304	DOID:6199
UMLS:C0339304	DOID:6199
C1260873	DOID:62
UMLS:C1260873	DOID:62
C0005830	DOID:620
UMLS:C0005830	DOID:620
C0346110	DOID:6201
UMLS:C0346110	DOID:6201
C0854883	DOID:6201
UMLS:C0854883	DOID:6201
C1335381	DOID:6201
UMLS:C1335381	DOID:6201
C1336751	DOID:6203
UMLS:C1336751	DOID:6203
C0205647	DOID:6204
UMLS:C0205647	DOID:6204
C1334675	DOID:6208
UMLS:C1334675	DOID:6208
C1334598	DOID:6209
UMLS:C1334598	DOID:6209
C1511187	DOID:6210
UMLS:C1511187	DOID:6210
C0346166	DOID:6211
UMLS:C0346166	DOID:6211
C1335159	DOID:6212
UMLS:C1335159	DOID:6212
C1518231	DOID:6212
UMLS:C1518231	DOID:6212
C0476121	DOID:6214
UMLS:C0476121	DOID:6214
C0279635	DOID:6217
UMLS:C0279635	DOID:6217
C0334280	DOID:6217
UMLS:C0334280	DOID:6217
C1333764	DOID:6225
UMLS:C1333764	DOID:6225
C0158073	DOID:6227
UMLS:C0158073	DOID:6227
C1368918	DOID:6228
UMLS:C1368918	DOID:6228
C1332991	DOID:6229
UMLS:C1332991	DOID:6229
C1332992	DOID:6230
UMLS:C1332992	DOID:6230
C1334637	DOID:6231
UMLS:C1334637	DOID:6231
C1518691	DOID:6232
UMLS:C1518691	DOID:6232
C1266010	DOID:6239
UMLS:C1266010	DOID:6239
C1518358	DOID:6239
UMLS:C1518358	DOID:6239
C0272238	DOID:624
UMLS:C0272238	DOID:624
C0879606	DOID:6244
UMLS:C0879606	DOID:6244
C0346255	DOID:6245
UMLS:C0346255	DOID:6245
C1334680	DOID:6249
UMLS:C1334680	DOID:6249
C0859960	DOID:625
UMLS:C0859960	DOID:625
C0346302	DOID:6255
UMLS:C0346302	DOID:6255
C1334587	DOID:6256
UMLS:C1334587	DOID:6256
C1518879	DOID:6257
UMLS:C1518879	DOID:6257
C1519706	DOID:6258
UMLS:C1519706	DOID:6258
C1519710	DOID:6259
UMLS:C1519710	DOID:6259
C0272242	DOID:626
UMLS:C0272242	DOID:626
C1260325	DOID:6262
UMLS:C1260325	DOID:6262
C0278601	DOID:6263
UMLS:C0278601	DOID:6263
C0085110	DOID:627
UMLS:C0085110	DOID:627
C1333763	DOID:6270
UMLS:C1333763	DOID:6270
C1333762	DOID:6271
UMLS:C1333762	DOID:6271
C1334627	DOID:6274
UMLS:C1334627	DOID:6274
C0346303	DOID:6275
UMLS:C0346303	DOID:6275
C1334556	DOID:6276
UMLS:C1334556	DOID:6276
C2711630	DOID:628
UMLS:C2711630	DOID:628
C1333411	DOID:6284
UMLS:C1333411	DOID:6284
C1332849	DOID:6285
UMLS:C1332849	DOID:6285
C0278594	DOID:6286
UMLS:C0278594	DOID:6286
C1332907	DOID:6291
UMLS:C1332907	DOID:6291
C1332885	DOID:6293
UMLS:C1332885	DOID:6293
C1333160	DOID:6294
UMLS:C1333160	DOID:6294
C0341110	DOID:6297
UMLS:C0341110	DOID:6297
C0019247	DOID:630
UMLS:C0019247	DOID:630
C1333375	DOID:6307
UMLS:C1333375	DOID:6307
C0016053	DOID:631
UMLS:C0016053	DOID:631
C1333071	DOID:6312
UMLS:C1333071	DOID:6312
C1333072	DOID:6313
UMLS:C1333072	DOID:6313
C1518715	DOID:6314
UMLS:C1518715	DOID:6314
C1335181	DOID:6315
UMLS:C1335181	DOID:6315
C0238016	DOID:6316
UMLS:C0238016	DOID:6316
C1273017	DOID:6322
UMLS:C1273017	DOID:6322
C0027121	DOID:633
UMLS:C0027121	DOID:633
C0346182	DOID:6331
UMLS:C0346182	DOID:6331
C0279547	DOID:6332
UMLS:C0279547	DOID:6332
C1334558	DOID:6333
UMLS:C1334558	DOID:6333
C1332308	DOID:6334
UMLS:C1332308	DOID:6334
C1332551	DOID:6335
UMLS:C1332551	DOID:6335
C1263882	DOID:6337
UMLS:C1263882	DOID:6337
C1321709	DOID:6344
UMLS:C1321709	DOID:6344
C0474847	DOID:6345
UMLS:C0474847	DOID:6345
C0001175	DOID:635
UMLS:C0001175	DOID:635
C1302547	DOID:6354
UMLS:C1302547	DOID:6354
C0206083	DOID:636
UMLS:C0206083	DOID:636
C0042331	DOID:6364
UMLS:C0042331	DOID:6364
C0149931	DOID:6364
UMLS:C0149931	DOID:6364
C1333974	DOID:6370
UMLS:C1333974	DOID:6370
C0020532	DOID:6376
UMLS:C0020532	DOID:6376
C1266112	DOID:6379
UMLS:C1266112	DOID:6379
C1332302	DOID:6381
UMLS:C1332302	DOID:6381
C0278600	DOID:6383
UMLS:C0278600	DOID:6383
C1332950	DOID:6386
UMLS:C1332950	DOID:6386
C0014059	DOID:639
UMLS:C0014059	DOID:639
C0014070	DOID:640
UMLS:C0014070	DOID:640
C1266045	DOID:6404
UMLS:C1266045	DOID:6404
C1335175	DOID:6405
UMLS:C1335175	DOID:6405
C0013069	DOID:6406
UMLS:C0013069	DOID:6406
C1335183	DOID:6407
UMLS:C1335183	DOID:6407
C0039685	DOID:6419
UMLS:C0039685	DOID:6419
C0034089	DOID:6420
UMLS:C0034089	DOID:6420
C1332955	DOID:6423
UMLS:C1332955	DOID:6423
C0920196	DOID:6425
UMLS:C0920196	DOID:6425
C1516403	DOID:6428
UMLS:C1516403	DOID:6428
C0023524	DOID:643
UMLS:C0023524	DOID:643
C0020542	DOID:6432
UMLS:C0020542	DOID:6432
C0346388	DOID:6438
UMLS:C0346388	DOID:6438
C1518711	DOID:6445
UMLS:C1518711	DOID:6445
C0334353	DOID:6446
UMLS:C0334353	DOID:6446
C1332879	DOID:6451
UMLS:C1332879	DOID:6451
C0018553	DOID:6457
UMLS:C0018553	DOID:6457
C1370507	DOID:6458
UMLS:C1370507	DOID:6458
C1335684	DOID:6459
UMLS:C1335684	DOID:6459
C0014055	DOID:646
UMLS:C0014055	DOID:646
C1333114	DOID:6460
UMLS:C1333114	DOID:6460
C1377844	DOID:6468
UMLS:C1377844	DOID:6468
C1518723	DOID:6469
UMLS:C1518723	DOID:6469
C1333008	DOID:6474
UMLS:C1333008	DOID:6474
C1512737	DOID:6476
UMLS:C1512737	DOID:6476
C1334281	DOID:6477
UMLS:C1334281	DOID:6477
C0022802	DOID:648
UMLS:C0022802	DOID:648
C1332563	DOID:6481
UMLS:C1332563	DOID:6481
C1332137	DOID:6482
UMLS:C1332137	DOID:6482
C1514910	DOID:6483
UMLS:C1514910	DOID:6483
C1334668	DOID:6484
UMLS:C1334668	DOID:6484
C1377843	DOID:6489
UMLS:C1377843	DOID:6489
C0162534	DOID:649
UMLS:C0162534	DOID:649
C1332619	DOID:6491
UMLS:C1332619	DOID:6491
C1332627	DOID:6492
UMLS:C1332627	DOID:6492
C1332984	DOID:6494
UMLS:C1332984	DOID:6494
C0022603	DOID:6498
UMLS:C0022603	DOID:6498
C0009782	DOID:65
UMLS:C0009782	DOID:65
C1332900	DOID:6500
UMLS:C1332900	DOID:6500
C1332611	DOID:6501
UMLS:C1332611	DOID:6501
C1511107	DOID:6505
UMLS:C1511107	DOID:6505
C1335100	DOID:6510
UMLS:C1335100	DOID:6510
C1518747	DOID:6511
UMLS:C1518747	DOID:6511
C1518748	DOID:6512
UMLS:C1518748	DOID:6512
C1518749	DOID:6514
UMLS:C1518749	DOID:6514
C1333073	DOID:6517
UMLS:C1333073	DOID:6517
C1511049	DOID:6518
UMLS:C1511049	DOID:6518
C1334782	DOID:6522
UMLS:C1334782	DOID:6522
C1333051	DOID:6523
UMLS:C1333051	DOID:6523
C0346379	DOID:6524
UMLS:C0346379	DOID:6524
C1333025	DOID:6525
UMLS:C1333025	DOID:6525
C0029595	DOID:653
UMLS:C0029595	DOID:653
C1266095	DOID:6530
UMLS:C1266095	DOID:6530
C1136084	DOID:6536
UMLS:C1136084	DOID:6536
C1257763	DOID:654
UMLS:C1257763	DOID:654
C0152249	DOID:6543
UMLS:C0152249	DOID:6543
C0702166	DOID:6543
UMLS:C0702166	DOID:6543
C1332850	DOID:6547
UMLS:C1332850	DOID:6547
C0334608	DOID:6548
UMLS:C0334608	DOID:6548
C0025521	DOID:655
UMLS:C0025521	DOID:655
C1333788	DOID:6552
UMLS:C1333788	DOID:6552
C1335449	DOID:6553
UMLS:C1335449	DOID:6553
C1333476	DOID:6559
UMLS:C1333476	DOID:6559
C1333474	DOID:6562
UMLS:C1333474	DOID:6562
C1335435	DOID:6564
UMLS:C1335435	DOID:6564
C0278867	DOID:6566
UMLS:C0278867	DOID:6566
C0278868	DOID:6566
UMLS:C0278868	DOID:6566
C1519861	DOID:6567
UMLS:C1519861	DOID:6567
C1519982	DOID:6569
UMLS:C1519982	DOID:6569
C0001430	DOID:657
UMLS:C0001430	DOID:657
C0334389	DOID:657
UMLS:C0334389	DOID:657
C1333014	DOID:6575
UMLS:C1333014	DOID:6575
C0278653	DOID:6576
UMLS:C0278653	DOID:6576
C1334572	DOID:6579
UMLS:C1334572	DOID:6579
C1332316	DOID:6581
UMLS:C1332316	DOID:6581
C1518574	DOID:6585
UMLS:C1518574	DOID:6585
C1328544	DOID:6587
UMLS:C1328544	DOID:6587
C0029644	DOID:6590
UMLS:C0029644	DOID:6590
C1511188	DOID:6594
UMLS:C1511188	DOID:6594
C1333791	DOID:6595
UMLS:C1333791	DOID:6595
C0001618	DOID:660
UMLS:C0001618	DOID:660
C0346402	DOID:660
UMLS:C0346402	DOID:660
C0152088	DOID:6603
UMLS:C0152088	DOID:6603
C1333062	DOID:6605
UMLS:C1333062	DOID:6605
C1333405	DOID:6606
UMLS:C1333405	DOID:6606
C1333386	DOID:6608
UMLS:C1333386	DOID:6608
C1332575	DOID:6610
UMLS:C1332575	DOID:6610
C1332578	DOID:6610
UMLS:C1332578	DOID:6610
C0242597	DOID:6612
UMLS:C0242597	DOID:6612
C1519936	DOID:6613
UMLS:C1519936	DOID:6613
C0398689	DOID:6620
UMLS:C0398689	DOID:6620
C0877388	DOID:6621
UMLS:C0877388	DOID:6621
C1516423	DOID:6627
UMLS:C1516423	DOID:6627
C1334966	DOID:6629
UMLS:C1334966	DOID:6629
C1335936	DOID:663
UMLS:C1335936	DOID:663
C1370505	DOID:6634
UMLS:C1370505	DOID:6634
C1377604	DOID:6639
UMLS:C1377604	DOID:6639
C0263639	DOID:664
UMLS:C0263639	DOID:664
C1334303	DOID:6641
UMLS:C1334303	DOID:6641
C0158248	DOID:6643
UMLS:C0158248	DOID:6643
C0281332	DOID:6648
UMLS:C0281332	DOID:6648
C0020498	DOID:6652
UMLS:C0020498	DOID:6652
C1332954	DOID:6654
UMLS:C1332954	DOID:6654
C1511316	DOID:6657
UMLS:C1511316	DOID:6657
C1265996	DOID:6658
UMLS:C1265996	DOID:6658
C1334363	DOID:6658
UMLS:C1334363	DOID:6658
C1516417	DOID:6659
UMLS:C1516417	DOID:6659
C0016724	DOID:6676
UMLS:C0016724	DOID:6676
C1333292	DOID:6677
UMLS:C1333292	DOID:6677
C0406735	DOID:6678
UMLS:C0406735	DOID:6678
C0027122	DOID:668
UMLS:C0027122	DOID:668
C0006895	DOID:6680
UMLS:C0006895	DOID:6680
C0038016	DOID:6682
UMLS:C0038016	DOID:6682
C0175701	DOID:6683
UMLS:C0175701	DOID:6683
C1332135	DOID:6686
UMLS:C1332135	DOID:6686
C0473563	DOID:6687
UMLS:C0473563	DOID:6687
C1328840	DOID:6688
UMLS:C1328840	DOID:6688
C0268314	DOID:6691
UMLS:C0268314	DOID:6691
C0376378	DOID:6692
UMLS:C0376378	DOID:6692
C1515290	DOID:6693
UMLS:C1515290	DOID:6693
C1336544	DOID:6696
UMLS:C1336544	DOID:6696
C1332342	DOID:6697
UMLS:C1332342	DOID:6697
C0154536	DOID:670
UMLS:C0154536	DOID:670
C0345799	DOID:6700
UMLS:C0345799	DOID:6700
C1333787	DOID:6703
UMLS:C1333787	DOID:6703
C0345804	DOID:6705
UMLS:C0345804	DOID:6705
C1515294	DOID:6706
UMLS:C1515294	DOID:6706
C0334616	DOID:6707
UMLS:C0334616	DOID:6707
C0221069	DOID:6712
UMLS:C0221069	DOID:6712
C0007820	DOID:6713
UMLS:C0007820	DOID:6713
C0037999	DOID:672
UMLS:C0037999	DOID:672
C0153470	DOID:672
UMLS:C0153470	DOID:672
C1516285	DOID:6721
UMLS:C1516285	DOID:6721
C1266093	DOID:6723
UMLS:C1266093	DOID:6723
C0037944	DOID:6725
UMLS:C0037944	DOID:6725
C0158280	DOID:6725
UMLS:C0158280	DOID:6725
C0158288	DOID:6725
UMLS:C0158288	DOID:6725
C0334582	DOID:6726
UMLS:C0334582	DOID:6726
C1333099	DOID:6727
UMLS:C1333099	DOID:6727
C1334257	DOID:6733
UMLS:C1334257	DOID:6733
C1334300	DOID:6735
UMLS:C1334300	DOID:6735
C0008925	DOID:674
UMLS:C0008925	DOID:674
C0279674	DOID:6740
UMLS:C0279674	DOID:6740
C0281267	DOID:6741
UMLS:C0281267	DOID:6741
C1515107	DOID:6742
UMLS:C1515107	DOID:6742
C1334226	DOID:6752
UMLS:C1334226	DOID:6752
C0346948	DOID:6758
UMLS:C0346948	DOID:6758
C1332933	DOID:6758
UMLS:C1332933	DOID:6758
C1332582	DOID:6759
UMLS:C1332582	DOID:6759
C0157916	DOID:676
UMLS:C0157916	DOID:676
C0157917	DOID:676
UMLS:C0157917	DOID:676
C0157918	DOID:676
UMLS:C0157918	DOID:676
C0409667	DOID:676
UMLS:C0409667	DOID:676
C0519063	DOID:6760
UMLS:C0519063	DOID:6760
C1336504	DOID:6762
UMLS:C1336504	DOID:6762
C1514199	DOID:6774
UMLS:C1514199	DOID:6774
C1518167	DOID:6776
UMLS:C1518167	DOID:6776
C1336962	DOID:6777
UMLS:C1336962	DOID:6777
C0038868	DOID:678
UMLS:C0038868	DOID:678
C1332944	DOID:6786
UMLS:C1332944	DOID:6786
C1332945	DOID:6787
UMLS:C1332945	DOID:6787
C1511275	DOID:6788
UMLS:C1511275	DOID:6788
C1332946	DOID:6789
UMLS:C1332946	DOID:6789
C0004782	DOID:679
UMLS:C0004782	DOID:679
C0949664	DOID:680
UMLS:C0949664	DOID:680
C1333091	DOID:6804
UMLS:C1333091	DOID:6804
C0030442	DOID:681
UMLS:C0030442	DOID:681
C0280783	DOID:6811
UMLS:C0280783	DOID:6811
C1332995	DOID:6812
UMLS:C1332995	DOID:6812
C0009492	DOID:682
UMLS:C0009492	DOID:682
C0334489	DOID:6823
UMLS:C0334489	DOID:6823
C1336029	DOID:6827
UMLS:C1336029	DOID:6827
C0235025	DOID:683
UMLS:C0235025	DOID:683
C1514905	DOID:6837
UMLS:C1514905	DOID:6837
C1514906	DOID:6838
UMLS:C1514906	DOID:6838
C1334631	DOID:6839
UMLS:C1334631	DOID:6839
C2239176	DOID:684
UMLS:C2239176	DOID:684
C1333620	DOID:6841
UMLS:C1333620	DOID:6841
C1335752	DOID:6844
UMLS:C1335752	DOID:6844
C1512750	DOID:6845
UMLS:C1512750	DOID:6845
C1512419	DOID:6846
UMLS:C1512419	DOID:6846
C1332185	DOID:6847
UMLS:C1332185	DOID:6847
C1515893	DOID:6848
UMLS:C1515893	DOID:6848
C1333475	DOID:6854
UMLS:C1333475	DOID:6854
C1335419	DOID:6856
UMLS:C1335419	DOID:6856
C1335417	DOID:6857
UMLS:C1335417	DOID:6857
C1335416	DOID:6858
UMLS:C1335416	DOID:6858
C0279000	DOID:686
UMLS:C0279000	DOID:686
C1518768	DOID:6865
UMLS:C1518768	DOID:6865
C1334657	DOID:6867
UMLS:C1334657	DOID:6867
C1334665	DOID:6868
UMLS:C1334665	DOID:6868
C0751304	DOID:6869
UMLS:C0751304	DOID:6869
C0206624	DOID:687
UMLS:C0206624	DOID:687
C5979806	DOID:6871
UMLS:C5979806	DOID:6871
C1336048	DOID:6872
UMLS:C1336048	DOID:6872
C0037293	DOID:6873
UMLS:C0037293	DOID:6873
C0027654	DOID:688
UMLS:C0027654	DOID:688
C1335994	DOID:6880
UMLS:C1335994	DOID:6880
C1336878	DOID:6886
UMLS:C1336878	DOID:6886
C0577692	DOID:6888
UMLS:C0577692	DOID:6888
C0279392	DOID:6898
UMLS:C0279392	DOID:6898
C1333992	DOID:6901
UMLS:C1333992	DOID:6901
C0730306	DOID:6903
UMLS:C0730306	DOID:6903
C1333824	DOID:6906
UMLS:C1333824	DOID:6906
C1266094	DOID:6917
UMLS:C1266094	DOID:6917
C0270810	DOID:6925
UMLS:C0270810	DOID:6925
C0242420	DOID:6929
UMLS:C0242420	DOID:6929
C0011351	DOID:693
UMLS:C0011351	DOID:693
C0861858	DOID:6931
UMLS:C0861858	DOID:6931
C1511190	DOID:6932
UMLS:C1511190	DOID:6932
C0235754	DOID:6933
UMLS:C0235754	DOID:6933
C1384678	DOID:6933
UMLS:C1384678	DOID:6933
C1336887	DOID:6934
UMLS:C1336887	DOID:6934
C1336874	DOID:6935
UMLS:C1336874	DOID:6935
C1519823	DOID:6936
UMLS:C1519823	DOID:6936
C1321869	DOID:6938
UMLS:C1321869	DOID:6938
C1332949	DOID:6939
UMLS:C1332949	DOID:6939
C1520084	DOID:6943
UMLS:C1520084	DOID:6943
C1336981	DOID:6944
UMLS:C1336981	DOID:6944
C0334019	DOID:6945
UMLS:C0334019	DOID:6945
C0345676	DOID:6947
UMLS:C0345676	DOID:6947
C1334151	DOID:6948
UMLS:C1334151	DOID:6948
C0009426	DOID:6950
UMLS:C0009426	DOID:6950
C0259782	DOID:6951
UMLS:C0259782	DOID:6951
C1332232	DOID:6958
UMLS:C1332232	DOID:6958
C1333074	DOID:6959
UMLS:C1333074	DOID:6959
C1511052	DOID:6961
UMLS:C1511052	DOID:6961
C0339130	DOID:6969
UMLS:C0339130	DOID:6969
C0339129	DOID:6970
UMLS:C0339129	DOID:6970
C1518882	DOID:6975
UMLS:C1518882	DOID:6975
C1517579	DOID:6976
UMLS:C1517579	DOID:6976
C0086768	DOID:6977
UMLS:C0086768	DOID:6977
C0011432	DOID:698
UMLS:C0011432	DOID:698
C1333306	DOID:6988
UMLS:C1333306	DOID:6988
C0162670	DOID:699
UMLS:C0162670	DOID:699
C0279693	DOID:6992
UMLS:C0279693	DOID:6992
C1334210	DOID:6993
UMLS:C1334210	DOID:6993
C0346373	DOID:6994
UMLS:C0346373	DOID:6994
C1334208	DOID:6996
UMLS:C1334208	DOID:6996
C1334209	DOID:6997
UMLS:C1334209	DOID:6997
C1333750	DOID:6998
UMLS:C1333750	DOID:6998
C0751651	DOID:700
UMLS:C0751651	DOID:700
C1306214	DOID:7004
UMLS:C1306214	DOID:7004
C0334581	DOID:7005
UMLS:C0334581	DOID:7005
C0338070	DOID:7007
UMLS:C0338070	DOID:7007
C0334580	DOID:7008
UMLS:C0334580	DOID:7008
C0011430	DOID:701
UMLS:C0011430	DOID:701
C1518725	DOID:7013
UMLS:C1518725	DOID:7013
C0334473	DOID:7014
UMLS:C0334473	DOID:7014
C1336703	DOID:7016
UMLS:C1336703	DOID:7016
C1334438	DOID:7017
UMLS:C1334438	DOID:7017
C1513718	DOID:7024
UMLS:C1513718	DOID:7024
C1332640	DOID:7030
UMLS:C1332640	DOID:7030
C0280325	DOID:7031
UMLS:C0280325	DOID:7031
C0861855	DOID:7032
UMLS:C0861855	DOID:7032
C0162576	DOID:7033
UMLS:C0162576	DOID:7033
C1332990	DOID:7037
UMLS:C1332990	DOID:7037
C0334260	DOID:7039
UMLS:C0334260	DOID:7039
C1333422	DOID:7040
UMLS:C1333422	DOID:7040
C1333024	DOID:7041
UMLS:C1333024	DOID:7041
C1333050	DOID:7042
UMLS:C1333050	DOID:7042
C1332463	DOID:7045
UMLS:C1332463	DOID:7045
C1511063	DOID:7046
UMLS:C1511063	DOID:7046
C1332462	DOID:7047
UMLS:C1332462	DOID:7047
C1335973	DOID:7049
UMLS:C1335973	DOID:7049
C0917796	DOID:705
UMLS:C0917796	DOID:705
C1332464	DOID:7050
UMLS:C1332464	DOID:7050
C1333443	DOID:7051
UMLS:C1333443	DOID:7051
C1334829	DOID:7054
UMLS:C1334829	DOID:7054
C1334633	DOID:706
UMLS:C1334633	DOID:706
C0079731	DOID:707
UMLS:C0079731	DOID:707
C1333278	DOID:7071
UMLS:C1333278	DOID:7071
C1517894	DOID:7076
UMLS:C1517894	DOID:7076
C1334600	DOID:7077
UMLS:C1334600	DOID:7077
C1368888	DOID:7079
UMLS:C1368888	DOID:7079
C1334788	DOID:7081
UMLS:C1334788	DOID:7081
C1334817	DOID:7086
UMLS:C1334817	DOID:7086
C1333120	DOID:7088
UMLS:C1333120	DOID:7088
C1336695	DOID:7089
UMLS:C1336695	DOID:7089
C0153832	DOID:709
UMLS:C0153832	DOID:709
C1336064	DOID:709
UMLS:C1336064	DOID:709
C0279989	DOID:7095
UMLS:C0279989	DOID:7095
C1515307	DOID:7097
UMLS:C1515307	DOID:7097
C1336065	DOID:710
UMLS:C1336065	DOID:710
C1333283	DOID:7103
UMLS:C1333283	DOID:7103
C1290353	DOID:7105
UMLS:C1290353	DOID:7105
C0279780	DOID:711
UMLS:C0279780	DOID:711
C1335724	DOID:712
UMLS:C1335724	DOID:712
C0156270	DOID:7127
UMLS:C0156270	DOID:7127
C0349633	DOID:713
UMLS:C0349633	DOID:713
C1332564	DOID:7132
UMLS:C1332564	DOID:7132
C1333759	DOID:7133
UMLS:C1333759	DOID:7133
C1112474	DOID:7134
UMLS:C1112474	DOID:7134
C1332250	DOID:7136
UMLS:C1332250	DOID:7136
C0152262	DOID:7138
UMLS:C0152262	DOID:7138
C1516858	DOID:7139
UMLS:C1516858	DOID:7139
C1511051	DOID:7140
UMLS:C1511051	DOID:7140
C1300585	DOID:7141
UMLS:C1300585	DOID:7141
C1335980	DOID:7142
UMLS:C1335980	DOID:7142
C1334378	DOID:7144
UMLS:C1334378	DOID:7144
C1260327	DOID:7146
UMLS:C1260327	DOID:7146
C0038013	DOID:7147
UMLS:C0038013	DOID:7147
C0003873	DOID:7148
UMLS:C0003873	DOID:7148
C1335521	DOID:7152
UMLS:C1335521	DOID:7152
C1335682	DOID:7160
UMLS:C1335682	DOID:7160
C0040149	DOID:7165
UMLS:C0040149	DOID:7165
C0040147	DOID:7166
UMLS:C0040147	DOID:7166
C1335096	DOID:7168
UMLS:C1335096	DOID:7168
C1335095	DOID:7169
UMLS:C1335095	DOID:7169
C0334273	DOID:7173
UMLS:C0334273	DOID:7173
C0280470	DOID:7174
UMLS:C0280470	DOID:7174
C1332278	DOID:7175
UMLS:C1332278	DOID:7175
C1332262	DOID:7177
UMLS:C1332262	DOID:7177
C0334312	DOID:7179
UMLS:C0334312	DOID:7179
C0002880	DOID:718
UMLS:C0002880	DOID:718
C5686033	DOID:7181
UMLS:C5686033	DOID:7181
C1306804	DOID:7187
UMLS:C1306804	DOID:7187
C0920350	DOID:7188
UMLS:C0920350	DOID:7188
C1518713	DOID:7191
UMLS:C1518713	DOID:7191
C1333985	DOID:7192
UMLS:C1333985	DOID:7192
C1334643	DOID:7198
UMLS:C1334643	DOID:7198
C0085577	DOID:720
UMLS:C0085577	DOID:720
C0334522	DOID:7202
UMLS:C0334522	DOID:7202
C1333122	DOID:7207
UMLS:C1333122	DOID:7207
C0334607	DOID:7210
UMLS:C0334607	DOID:7210
C0334606	DOID:7211
UMLS:C0334606	DOID:7211
C0334605	DOID:7212
UMLS:C0334605	DOID:7212
C0334611	DOID:7213
UMLS:C0334611	DOID:7213
C0278847	DOID:7214
UMLS:C0278847	DOID:7214
C5399921	DOID:7221
UMLS:C5399921	DOID:7221
C0346157	DOID:7223
UMLS:C0346157	DOID:7223
C0153647	DOID:7224
UMLS:C0153647	DOID:7224
C1333037	DOID:7230
UMLS:C1333037	DOID:7230
C1377605	DOID:7231
UMLS:C1377605	DOID:7231
C1333377	DOID:7232
UMLS:C1333377	DOID:7232
C1370503	DOID:7233
UMLS:C1370503	DOID:7233
C2063873	DOID:7234
UMLS:C2063873	DOID:7234
C1518872	DOID:7235
UMLS:C1518872	DOID:7235
C1518870	DOID:7236
UMLS:C1518870	DOID:7236
C1266078	DOID:7237
UMLS:C1266078	DOID:7237
C0038437	DOID:724
UMLS:C0038437	DOID:724
C1519852	DOID:7241
UMLS:C1519852	DOID:7241
C1519845	DOID:7242
UMLS:C1519845	DOID:7242
C1511207	DOID:7244
UMLS:C1511207	DOID:7244
C5787176	DOID:7246
UMLS:C5787176	DOID:7246
C0398695	DOID:7263
UMLS:C0398695	DOID:7263
C1512418	DOID:7266
UMLS:C1512418	DOID:7266
C0345959	DOID:7267
UMLS:C0345959	DOID:7267
C1515292	DOID:7269
UMLS:C1515292	DOID:7269
C0376356	DOID:727
UMLS:C0376356	DOID:727
C0155352	DOID:728
UMLS:C0155352	DOID:728
C0376319	DOID:7280
UMLS:C0376319	DOID:7280
C1335352	DOID:7284
UMLS:C1335352	DOID:7284
C1527427	DOID:7284
UMLS:C1527427	DOID:7284
C1266057	DOID:7289
UMLS:C1266057	DOID:7289
C1513711	DOID:7293
UMLS:C1513711	DOID:7293
C1332968	DOID:7297
UMLS:C1332968	DOID:7297
C0041971	DOID:730
UMLS:C0041971	DOID:730
C1515303	DOID:7302
UMLS:C1515303	DOID:7302
C0334587	DOID:7305
UMLS:C0334587	DOID:7305
C0042076	DOID:731
UMLS:C0042076	DOID:731
C1511283	DOID:7312
UMLS:C1511283	DOID:7312
C1336362	DOID:7315
UMLS:C1336362	DOID:7315
C0270921	DOID:7319
UMLS:C0270921	DOID:7319
C0041969	DOID:732
UMLS:C0041969	DOID:732
C0877572	DOID:7320
UMLS:C0877572	DOID:7320
C1333162	DOID:7326
UMLS:C1333162	DOID:7326
C0410005	DOID:7327
UMLS:C0410005	DOID:7327
C1334287	DOID:7328
UMLS:C1334287	DOID:7328
C0152902	DOID:7332
UMLS:C0152902	DOID:7332
C1336892	DOID:7333
UMLS:C1336892	DOID:7333
C0334039	DOID:7334
UMLS:C0334039	DOID:7334
C0153620	DOID:734
UMLS:C0153620	DOID:734
C0700101	DOID:734
UMLS:C0700101	DOID:734
C1332988	DOID:7340
UMLS:C1332988	DOID:7340
C1518743	DOID:7347
UMLS:C1518743	DOID:7347
C1331541	DOID:7350
UMLS:C1331541	DOID:7350
C1335689	DOID:7356
UMLS:C1335689	DOID:7356
C1518164	DOID:736
UMLS:C1518164	DOID:736
C1515312	DOID:7360
UMLS:C1515312	DOID:7360
C0033838	DOID:7365
UMLS:C0033838	DOID:7365
C1336527	DOID:7371
UMLS:C1336527	DOID:7371
C0948740	DOID:7378
UMLS:C0948740	DOID:7378
C1334717	DOID:7379
UMLS:C1334717	DOID:7379
C1517154	DOID:738
UMLS:C1517154	DOID:738
C0345983	DOID:7380
UMLS:C0345983	DOID:7380
C1334464	DOID:7381
UMLS:C1334464	DOID:7381
C1335575	DOID:7388
UMLS:C1335575	DOID:7388
C1335572	DOID:7389
UMLS:C1335572	DOID:7389
C1336531	DOID:7390
UMLS:C1336531	DOID:7390
C0751675	DOID:7398
UMLS:C0751675	DOID:7398
C0018939	DOID:74
UMLS:C0018939	DOID:74
C0398791	DOID:7400
UMLS:C0398791	DOID:7400
C3274139	DOID:7401
UMLS:C3274139	DOID:7401
C3274140	DOID:7402
UMLS:C3274140	DOID:7402
C4288007	DOID:7408
UMLS:C4288007	DOID:7408
C1520092	DOID:7409
UMLS:C1520092	DOID:7409
C1335158	DOID:7411
UMLS:C1335158	DOID:7411
C0003177	DOID:7426
UMLS:C0003177	DOID:7426
C0003175	DOID:7427
UMLS:C0003175	DOID:7427
C0854912	DOID:7428
UMLS:C0854912	DOID:7428
C1332948	DOID:7429
UMLS:C1332948	DOID:7429
C0343065	DOID:743
UMLS:C0343065	DOID:743
C1377598	DOID:7430
UMLS:C1377598	DOID:7430
C1515311	DOID:7435
UMLS:C1515311	DOID:7435
C1336913	DOID:7436
UMLS:C1336913	DOID:7436
C1519862	DOID:7437
UMLS:C1519862	DOID:7437
C0279667	DOID:7438
UMLS:C0279667	DOID:7438
C0271466	DOID:7439
UMLS:C0271466	DOID:7439
C1333042	DOID:7441
UMLS:C1333042	DOID:7441
C1333415	DOID:745
UMLS:C1333415	DOID:745
C0030100	DOID:7457
UMLS:C0030100	DOID:7457
C1519485	DOID:7459
UMLS:C1519485	DOID:7459
C0206675	DOID:746
UMLS:C0206675	DOID:746
C1519487	DOID:7460
UMLS:C1519487	DOID:7460
C1519486	DOID:7461
UMLS:C1519486	DOID:7461
C0279614	DOID:7463
UMLS:C0279614	DOID:7463
C1512709	DOID:7465
UMLS:C1512709	DOID:7465
C0812413	DOID:7474
UMLS:C0812413	DOID:7474
C0012813	DOID:7475
UMLS:C0012813	DOID:7475
C1333320	DOID:7479
UMLS:C1333320	DOID:7479
C1265997	DOID:7480
UMLS:C1265997	DOID:7480
C1335396	DOID:7482
UMLS:C1335396	DOID:7482
C1517658	DOID:7483
UMLS:C1517658	DOID:7483
C0279931	DOID:7488
UMLS:C0279931	DOID:7488
C0029376	DOID:7489
UMLS:C0029376	DOID:7489
C1520093	DOID:7491
UMLS:C1520093	DOID:7491
C1335563	DOID:7492
UMLS:C1335563	DOID:7492
C0238029	DOID:7497
UMLS:C0238029	DOID:7497
C0024228	DOID:75
UMLS:C0024228	DOID:75
C0030920	DOID:750
UMLS:C0030920	DOID:750
C0278599	DOID:7501
UMLS:C0278599	DOID:7501
C0278650	DOID:7502
UMLS:C0278650	DOID:7502
C1333510	DOID:7503
UMLS:C1333510	DOID:7503
C0345832	DOID:7505
UMLS:C0345832	DOID:7505
C3274143	DOID:7506
UMLS:C3274143	DOID:7506
C1334247	DOID:7511
UMLS:C1334247	DOID:7511
C1520159	DOID:7514
UMLS:C1520159	DOID:7514
C1334436	DOID:7515
UMLS:C1334436	DOID:7515
C1332956	DOID:7516
UMLS:C1332956	DOID:7516
C0033948	DOID:7518
UMLS:C0033948	DOID:7518
C1299237	DOID:7519
UMLS:C1299237	DOID:7519
C0030925	DOID:752
UMLS:C0030925	DOID:752
C1518974	DOID:7520
UMLS:C1518974	DOID:7520
C1513799	DOID:7521
UMLS:C1513799	DOID:7521
C1332972	DOID:7522
UMLS:C1332972	DOID:7522
C0153196	DOID:7527
UMLS:C0153196	DOID:7527
C0238103	DOID:7528
UMLS:C0238103	DOID:7528
C1266027	DOID:7531
UMLS:C1266027	DOID:7531
C1378340	DOID:7532
UMLS:C1378340	DOID:7532
C1511307	DOID:7538
UMLS:C1511307	DOID:7538
C1266023	DOID:7539
UMLS:C1266023	DOID:7539
C0152793	DOID:754
UMLS:C0152793	DOID:754
C1388299	DOID:7540
UMLS:C1388299	DOID:7540
C1513365	DOID:7541
UMLS:C1513365	DOID:7541
C0334546	DOID:7542
UMLS:C0334546	DOID:7542
C0334352	DOID:7549
UMLS:C0334352	DOID:7549
C0018081	DOID:7551
UMLS:C0018081	DOID:7551
C1512743	DOID:7553
UMLS:C1512743	DOID:7553
C0751942	DOID:7558
UMLS:C0751942	DOID:7558
C1332341	DOID:7559
UMLS:C1332341	DOID:7559
C1520081	DOID:7565
UMLS:C1520081	DOID:7565
C1266065	DOID:7566
UMLS:C1266065	DOID:7566
C1520076	DOID:7567
UMLS:C1520076	DOID:7567
C1335304	DOID:7574
UMLS:C1335304	DOID:7574
C1266071	DOID:7575
UMLS:C1266071	DOID:7575
C1335303	DOID:7577
UMLS:C1335303	DOID:7577
C0346151	DOID:7578
UMLS:C0346151	DOID:7578
C0037221	DOID:758
UMLS:C0037221	DOID:758
C0280329	DOID:7583
UMLS:C0280329	DOID:7583
C0280330	DOID:7584
UMLS:C0280330	DOID:7584
C0280326	DOID:7585
UMLS:C0280326	DOID:7585
C0280331	DOID:7586
UMLS:C0280331	DOID:7586
C0749163	DOID:7587
UMLS:C0749163	DOID:7587
C1517538	DOID:7591
UMLS:C1517538	DOID:7591
C1332337	DOID:7596
UMLS:C1332337	DOID:7596
C1516418	DOID:7598
UMLS:C1516418	DOID:7598
C0279706	DOID:7599
UMLS:C0279706	DOID:7599
C0038354	DOID:76
UMLS:C0038354	DOID:76
C1512736	DOID:7600
UMLS:C1512736	DOID:7600
C1266166	DOID:7602
UMLS:C1266166	DOID:7602
C0279602	DOID:7603
UMLS:C0279602	DOID:7603
C0334320	DOID:7607
UMLS:C0334320	DOID:7607
C0262587	DOID:7608
UMLS:C0262587	DOID:7608
C0279700	DOID:7609
UMLS:C0279700	DOID:7609
C0279701	DOID:7610
UMLS:C0279701	DOID:7610
C1335351	DOID:7611
UMLS:C1335351	DOID:7611
C1332974	DOID:7612
UMLS:C1332974	DOID:7612
C0334612	DOID:7613
UMLS:C0334612	DOID:7613
C0302327	DOID:7614
UMLS:C0302327	DOID:7614
C0334451	DOID:7615
UMLS:C0334451	DOID:7615
C0281330	DOID:7631
UMLS:C0281330	DOID:7631
C1516284	DOID:7632
UMLS:C1516284	DOID:7632
C0024441	DOID:7633
UMLS:C0024441	DOID:7633
C1336535	DOID:7634
UMLS:C1336535	DOID:7634
C1333760	DOID:7635
UMLS:C1333760	DOID:7635
C1334575	DOID:7639
UMLS:C1334575	DOID:7639
C1516490	DOID:7642
UMLS:C1516490	DOID:7642
C0345979	DOID:7643
UMLS:C0345979	DOID:7643
C1334825	DOID:7646
UMLS:C1334825	DOID:7646
C1518737	DOID:7650
UMLS:C1518737	DOID:7650
C1518736	DOID:7651
UMLS:C1518736	DOID:7651
C0281329	DOID:7656
UMLS:C0281329	DOID:7656
C1518355	DOID:7665
UMLS:C1518355	DOID:7665
C0026846	DOID:767
UMLS:C0026846	DOID:767
C1515282	DOID:7675
UMLS:C1515282	DOID:7675
C1515299	DOID:7676
UMLS:C1515299	DOID:7676
C1336037	DOID:7678
UMLS:C1336037	DOID:7678
C1336038	DOID:7679
UMLS:C1336038	DOID:7679
C0035335	DOID:768
UMLS:C0035335	DOID:768
C1334642	DOID:7684
UMLS:C1334642	DOID:7684
C1518873	DOID:7685
UMLS:C1518873	DOID:7685
C1384416	DOID:7689
UMLS:C1384416	DOID:7689
C0027819	DOID:769
UMLS:C0027819	DOID:769
C0162871	DOID:7693
UMLS:C0162871	DOID:7693
C2931201	DOID:7694
UMLS:C2931201	DOID:7694
C0346601	DOID:7696
UMLS:C0346601	DOID:7696
C1335300	DOID:7697
UMLS:C1335300	DOID:7697
C1334977	DOID:7698
UMLS:C1334977	DOID:7698
C0012242	DOID:77
UMLS:C0012242	DOID:77
C0279654	DOID:7707
UMLS:C0279654	DOID:7707
C1332270	DOID:7708
UMLS:C1332270	DOID:7708
C1335765	DOID:771
UMLS:C1335765	DOID:771
C1336829	DOID:7713
UMLS:C1336829	DOID:7713
C1301048	DOID:7716
UMLS:C1301048	DOID:7716
C1333081	DOID:7717
UMLS:C1333081	DOID:7717
C0014549	DOID:7725
UMLS:C0014549	DOID:7725
C1266087	DOID:7729
UMLS:C1266087	DOID:7729
C0279983	DOID:7731
UMLS:C0279983	DOID:7731
C0279987	DOID:7732
UMLS:C0279987	DOID:7732
C1519321	DOID:7733
UMLS:C1519321	DOID:7733
C1335309	DOID:7735
UMLS:C1335309	DOID:7735
C0154835	DOID:7736
UMLS:C0154835	DOID:7736
C0339556	DOID:774
UMLS:C0339556	DOID:774
C1321870	DOID:7747
UMLS:C1321870	DOID:7747
C0281658	DOID:775
UMLS:C0281658	DOID:775
C1332186	DOID:7750
UMLS:C1332186	DOID:7750
C1333511	DOID:7752
UMLS:C1333511	DOID:7752
C0235813	DOID:7756
UMLS:C0235813	DOID:7756
C1332977	DOID:7757
UMLS:C1332977	DOID:7757
C1332983	DOID:7762
UMLS:C1332983	DOID:7762
C1299240	DOID:7763
UMLS:C1299240	DOID:7763
C1299239	DOID:7764
UMLS:C1299239	DOID:7764
C0154832	DOID:7765
UMLS:C0154832	DOID:7765
C0011251	DOID:778
UMLS:C0011251	DOID:778
C1335149	DOID:7787
UMLS:C1335149	DOID:7787
C1332215	DOID:7788
UMLS:C1332215	DOID:7788
C0032045	DOID:780
UMLS:C0032045	DOID:780
C0032962	DOID:780
UMLS:C0032962	DOID:780
C0151864	DOID:780
UMLS:C0151864	DOID:780
C1335423	DOID:780
UMLS:C1335423	DOID:780
C0559185	DOID:7806
UMLS:C0559185	DOID:7806
C1333026	DOID:7807
UMLS:C1333026	DOID:7807
C0279695	DOID:7808
UMLS:C0279695	DOID:7808
C0280792	DOID:7817
UMLS:C0280792	DOID:7817
C1335395	DOID:7818
UMLS:C1335395	DOID:7818
C1336040	DOID:7819
UMLS:C1336040	DOID:7819
C0021313	DOID:782
UMLS:C0021313	DOID:782
C1336036	DOID:7820
UMLS:C1336036	DOID:7820
C1336051	DOID:7824
UMLS:C1336051	DOID:7824
C1333048	DOID:7825
UMLS:C1333048	DOID:7825
C0281334	DOID:7826
UMLS:C0281334	DOID:7826
C0278985	DOID:7827
UMLS:C0278985	DOID:7827
C3839745	DOID:7839
UMLS:C3839745	DOID:7839
C0022661	DOID:784
UMLS:C0022661	DOID:784
C1335311	DOID:7840
UMLS:C1335311	DOID:7840
C0007104	DOID:7843
UMLS:C0007104	DOID:7843
C1260326	DOID:7848
UMLS:C1260326	DOID:7848
C1301364	DOID:7849
UMLS:C1301364	DOID:7849
C1518868	DOID:7851
UMLS:C1518868	DOID:7851
C0023051	DOID:786
UMLS:C0023051	DOID:786
C1370504	DOID:7867
UMLS:C1370504	DOID:7867
C1334645	DOID:7868
UMLS:C1334645	DOID:7868
C1332220	DOID:7875
UMLS:C1332220	DOID:7875
C1519844	DOID:7878
UMLS:C1519844	DOID:7878
C0334209	DOID:7880
UMLS:C0334209	DOID:7880
C0026229	DOID:7894
UMLS:C0026229	DOID:7894
C0028841	DOID:790
UMLS:C0028841	DOID:790
C1706731	DOID:7902
UMLS:C1706731	DOID:7902
C1334238	DOID:7903
UMLS:C1334238	DOID:7903
C0280791	DOID:7907
UMLS:C0280791	DOID:7907
C1334647	DOID:7910
UMLS:C1334647	DOID:7910
C0280793	DOID:7912
UMLS:C0280793	DOID:7912
C1332916	DOID:7915
UMLS:C1332916	DOID:7915
C1332513	DOID:7921
UMLS:C1332513	DOID:7921
C0279705	DOID:7926
UMLS:C0279705	DOID:7926
C0279707	DOID:7927
UMLS:C0279707	DOID:7927
C1377904	DOID:7928
UMLS:C1377904	DOID:7928
C1515305	DOID:7930
UMLS:C1515305	DOID:7930
C0854859	DOID:7936
UMLS:C0854859	DOID:7936
C1332460	DOID:7941
UMLS:C1332460	DOID:7941
C1332195	DOID:7945
UMLS:C1332195	DOID:7945
C1516761	DOID:7949
UMLS:C1516761	DOID:7949
C1516760	DOID:7951
UMLS:C1516760	DOID:7951
C1334967	DOID:7953
UMLS:C1334967	DOID:7953
C1335923	DOID:7958
UMLS:C1335923	DOID:7958
C1333321	DOID:7959
UMLS:C1333321	DOID:7959
C1266063	DOID:7960
UMLS:C1266063	DOID:7960
C1518366	DOID:7961
UMLS:C1518366	DOID:7961
C1515212	DOID:7962
UMLS:C1515212	DOID:7962
C1512738	DOID:7967
UMLS:C1512738	DOID:7967
C1512742	DOID:7968
UMLS:C1512742	DOID:7968
C1512741	DOID:7969
UMLS:C1512741	DOID:7969
C1512740	DOID:7971
UMLS:C1512740	DOID:7971
C1334565	DOID:7983
UMLS:C1334565	DOID:7983
C1335932	DOID:7984
UMLS:C1335932	DOID:7984
C1333597	DOID:7986
UMLS:C1333597	DOID:7986
C0042345	DOID:799
UMLS:C0042345	DOID:799
C1335150	DOID:7994
UMLS:C1335150	DOID:7994
C1333987	DOID:7996
UMLS:C1333987	DOID:7996
C0040156	DOID:7997
UMLS:C0040156	DOID:7997
C0020550	DOID:7998
UMLS:C0020550	DOID:7998
C3714618	DOID:7998
UMLS:C3714618	DOID:7998
C1333643	DOID:8000
UMLS:C1333643	DOID:8000
C0345726	DOID:8002
UMLS:C0345726	DOID:8002
C0334303	DOID:8003
UMLS:C0334303	DOID:8003
C1335481	DOID:8006
UMLS:C1335481	DOID:8006
C0030271	DOID:8007
UMLS:C0030271	DOID:8007
C0549471	DOID:8007
UMLS:C0549471	DOID:8007
C1335574	DOID:8007
UMLS:C1335574	DOID:8007
C1513369	DOID:8009
UMLS:C1513369	DOID:8009
C0018924	DOID:801
UMLS:C0018924	DOID:801
C1334638	DOID:8012
UMLS:C1334638	DOID:8012
C1335322	DOID:8013
UMLS:C1335322	DOID:8013
C0334422	DOID:8020
UMLS:C0334422	DOID:8020
C1333966	DOID:8022
UMLS:C1333966	DOID:8022
C1335170	DOID:8023
UMLS:C1335170	DOID:8023
C1335965	DOID:8025
UMLS:C1335965	DOID:8025
C1336076	DOID:8029
UMLS:C1336076	DOID:8029
C1335418	DOID:8031
UMLS:C1335418	DOID:8031
C1332989	DOID:8036
UMLS:C1332989	DOID:8036
C1514200	DOID:8042
UMLS:C1514200	DOID:8042
C1332934	DOID:8043
UMLS:C1332934	DOID:8043
C1511203	DOID:8050
UMLS:C1511203	DOID:8050
C1511196	DOID:8051
UMLS:C1511196	DOID:8051
C1335107	DOID:8057
UMLS:C1335107	DOID:8057
C1335422	DOID:8058
UMLS:C1335422	DOID:8058
C1333644	DOID:8060
UMLS:C1333644	DOID:8060
C1512935	DOID:8068
UMLS:C1512935	DOID:8068
C0375275	DOID:807
UMLS:C0375275	DOID:807
C1519184	DOID:8072
UMLS:C1519184	DOID:8072
C1332953	DOID:8078
UMLS:C1332953	DOID:8078
C1515309	DOID:8081
UMLS:C1515309	DOID:8081
C1320471	DOID:8082
UMLS:C1320471	DOID:8082
C1516475	DOID:8083
UMLS:C1516475	DOID:8083
C0009171	DOID:809
UMLS:C0009171	DOID:809
C1334646	DOID:8093
UMLS:C1334646	DOID:8093
C1511192	DOID:8096
UMLS:C1511192	DOID:8096
C1511189	DOID:8097
UMLS:C1511189	DOID:8097
C0334328	DOID:8102
UMLS:C0334328	DOID:8102
C1519933	DOID:8104
UMLS:C1519933	DOID:8104
C1333504	DOID:8105
UMLS:C1333504	DOID:8105
C1516553	DOID:8106
UMLS:C1516553	DOID:8106
C1336884	DOID:8108
UMLS:C1336884	DOID:8108
C1336889	DOID:8109
UMLS:C1336889	DOID:8109
C0023787	DOID:811
UMLS:C0023787	DOID:811
C1335377	DOID:8110
UMLS:C1335377	DOID:8110
C0027881	DOID:8117
UMLS:C0027881	DOID:8117
C1334635	DOID:8118
UMLS:C1334635	DOID:8118
C1332261	DOID:8119
UMLS:C1332261	DOID:8119
C1335974	DOID:8122
UMLS:C1335974	DOID:8122
C0029429	DOID:8125
UMLS:C0029429	DOID:8125
C0158445	DOID:8125
UMLS:C0158445	DOID:8125
C0003869	DOID:813
UMLS:C0003869	DOID:813
C0157843	DOID:813
UMLS:C0157843	DOID:813
C0157844	DOID:813
UMLS:C0157844	DOID:813
C0157845	DOID:813
UMLS:C0157845	DOID:813
C0157847	DOID:813
UMLS:C0157847	DOID:813
C0157848	DOID:813
UMLS:C0157848	DOID:813
C0157849	DOID:813
UMLS:C0157849	DOID:813
C1511305	DOID:8130
UMLS:C1511305	DOID:8130
C0496765	DOID:8133
UMLS:C0496765	DOID:8133
C0585946	DOID:8133
UMLS:C0585946	DOID:8133
C1112382	DOID:8133
UMLS:C1112382	DOID:8133
C1333748	DOID:8135
UMLS:C1333748	DOID:8135
C1333069	DOID:8137
UMLS:C1333069	DOID:8137
C1335924	DOID:8138
UMLS:C1335924	DOID:8138
C1332176	DOID:8140
UMLS:C1332176	DOID:8140
C1333038	DOID:8144
UMLS:C1333038	DOID:8144
C1334574	DOID:8149
UMLS:C1334574	DOID:8149
C1518871	DOID:8150
UMLS:C1518871	DOID:8150
C3274138	DOID:8151
UMLS:C3274138	DOID:8151
C1333612	DOID:8153
UMLS:C1333612	DOID:8153
C0749424	DOID:8161
UMLS:C0749424	DOID:8161
C1336750	DOID:8162
UMLS:C1336750	DOID:8162
C1333749	DOID:8167
UMLS:C1333749	DOID:8167
C0027060	DOID:817
UMLS:C0027060	DOID:817
C1516405	DOID:8177
UMLS:C1516405	DOID:8177
C5557432	DOID:8178
UMLS:C5557432	DOID:8178
C1516409	DOID:8179
UMLS:C1516409	DOID:8179
C1333593	DOID:8186
UMLS:C1333593	DOID:8186
C1336904	DOID:8188
UMLS:C1336904	DOID:8188
C0025064	DOID:819
UMLS:C0025064	DOID:819
C1515310	DOID:8193
UMLS:C1515310	DOID:8193
C1515306	DOID:8195
UMLS:C1515306	DOID:8195
C0027128	DOID:82
UMLS:C0027128	DOID:82
C0027059	DOID:820
UMLS:C0027059	DOID:820
C0153188	DOID:8200
UMLS:C0153188	DOID:8200
C1335893	DOID:8203
UMLS:C1335893	DOID:8203
C1334445	DOID:8207
UMLS:C1334445	DOID:8207
C1336529	DOID:8208
UMLS:C1336529	DOID:8208
C1517111	DOID:8211
UMLS:C1517111	DOID:8211
C5421232	DOID:8216
UMLS:C5421232	DOID:8216
C1336871	DOID:8221
UMLS:C1336871	DOID:8221
C1518950	DOID:8223
UMLS:C1518950	DOID:8223
C1332896	DOID:8224
UMLS:C1332896	DOID:8224
C1335390	DOID:8225
UMLS:C1335390	DOID:8225
C1332346	DOID:8227
UMLS:C1332346	DOID:8227
C0031030	DOID:823
UMLS:C0031030	DOID:823
C1334258	DOID:8230
UMLS:C1334258	DOID:8230
C1370890	DOID:8233
UMLS:C1370890	DOID:8233
C1334434	DOID:8239
UMLS:C1334434	DOID:8239
C0031099	DOID:824
UMLS:C0031099	DOID:824
C1266114	DOID:8243
UMLS:C1266114	DOID:8243
C1332211	DOID:8251
UMLS:C1332211	DOID:8251
C0008711	DOID:8252
UMLS:C0008711	DOID:8252
C1336978	DOID:8255
UMLS:C1336978	DOID:8255
C1511339	DOID:8259
UMLS:C1511339	DOID:8259
C0152800	DOID:827
UMLS:C0152800	DOID:827
C0279930	DOID:8272
UMLS:C0279930	DOID:8272
C1336546	DOID:8274
UMLS:C1336546	DOID:8274
C1336096	DOID:8275
UMLS:C1336096	DOID:8275
C0279545	DOID:8282
UMLS:C0279545	DOID:8282
C0029823	DOID:8283
UMLS:C0029823	DOID:8283
C0345978	DOID:8288
UMLS:C0345978	DOID:8288
C1266046	DOID:8292
UMLS:C1266046	DOID:8292
C0036262	DOID:8295
UMLS:C0036262	DOID:8295
C0029531	DOID:83
UMLS:C0029531	DOID:83
C1513364	DOID:8302
UMLS:C1513364	DOID:8302
C3164851	DOID:8304
UMLS:C3164851	DOID:8304
C1335063	DOID:8305
UMLS:C1335063	DOID:8305
C1333369	DOID:8307
UMLS:C1333369	DOID:8307
C1335931	DOID:8310
UMLS:C1335931	DOID:8310
C0013449	DOID:833
UMLS:C0013449	DOID:833
C1335382	DOID:8331
UMLS:C1335382	DOID:8331
C1334753	DOID:8335
UMLS:C1334753	DOID:8335
C1332987	DOID:8336
UMLS:C1332987	DOID:8336
C0003615	DOID:8337
UMLS:C0003615	DOID:8337
C4289808	DOID:8338
UMLS:C4289808	DOID:8338
C1516422	DOID:8339
UMLS:C1516422	DOID:8339
C1266079	DOID:8340
UMLS:C1266079	DOID:8340
C1334560	DOID:8352
UMLS:C1334560	DOID:8352
C1321427	DOID:8353
UMLS:C1321427	DOID:8353
C1332655	DOID:8354
UMLS:C1332655	DOID:8354
C1515293	DOID:8358
UMLS:C1515293	DOID:8358
C1516407	DOID:8361
UMLS:C1516407	DOID:8361
C1515304	DOID:8362
UMLS:C1515304	DOID:8362
C1370510	DOID:8368
UMLS:C1370510	DOID:8368
C0278622	DOID:8369
UMLS:C0278622	DOID:8369
C1334437	DOID:8389
UMLS:C1334437	DOID:8389
C1515308	DOID:8392
UMLS:C1515308	DOID:8392
C1515284	DOID:8394
UMLS:C1515284	DOID:8394
C0157946	DOID:8398
UMLS:C0157946	DOID:8398
C0041170	DOID:8399
UMLS:C0041170	DOID:8399
C0029420	DOID:84
UMLS:C0029420	DOID:84
C0029421	DOID:84
UMLS:C0029421	DOID:84
C0152108	DOID:840
UMLS:C0152108	DOID:840
C0346367	DOID:8400
UMLS:C0346367	DOID:8400
C0267497	DOID:8408
UMLS:C0267497	DOID:8408
C1333370	DOID:8409
UMLS:C1333370	DOID:8409
C0002390	DOID:841
UMLS:C0002390	DOID:841
C1333000	DOID:8410
UMLS:C1333000	DOID:8410
C0241961	DOID:8411
UMLS:C0241961	DOID:8411
C1332840	DOID:8415
UMLS:C1332840	DOID:8415
C0334459	DOID:8418
UMLS:C0334459	DOID:8418
C0334329	DOID:8419
UMLS:C0334329	DOID:8419
C1333821	DOID:8420
UMLS:C1333821	DOID:8420
C0346006	DOID:8426
UMLS:C0346006	DOID:8426
C0853394	DOID:8427
UMLS:C0853394	DOID:8427
C1332315	DOID:8428
UMLS:C1332315	DOID:8428
C0856817	DOID:8431
UMLS:C0856817	DOID:8431
C0032461	DOID:8432
UMLS:C0032461	DOID:8432
C0877367	DOID:8433
UMLS:C0877367	DOID:8433
C0021843	DOID:8437
UMLS:C0021843	DOID:8437
C0001727	DOID:8438
UMLS:C0001727	DOID:8438
C0032763	DOID:8439
UMLS:C0032763	DOID:8439
C1258215	DOID:8440
UMLS:C1258215	DOID:8440
C0030446	DOID:8442
UMLS:C0030446	DOID:8442
C0006091	DOID:8443
UMLS:C0006091	DOID:8443
C0042961	DOID:8445
UMLS:C0042961	DOID:8445
C0021933	DOID:8446
UMLS:C0021933	DOID:8446
C0029640	DOID:8448
UMLS:C0029640	DOID:8448
C0010598	DOID:845
UMLS:C0010598	DOID:845
C0035528	DOID:8454
UMLS:C0035528	DOID:8454
C0936215	DOID:8455
UMLS:C0936215	DOID:8455
C0008412	DOID:8456
UMLS:C0008412	DOID:8456
C0030783	DOID:8457
UMLS:C0030783	DOID:8457
C0175713	DOID:8461
UMLS:C0175713	DOID:8461
C0010043	DOID:8463
UMLS:C0010043	DOID:8463
C0154817	DOID:8464
UMLS:C0154817	DOID:8464
C0152439	DOID:8465
UMLS:C0152439	DOID:8465
C0035304	DOID:8466
UMLS:C0035304	DOID:8466
C0021400	DOID:8469
UMLS:C0021400	DOID:8469
C0036420	DOID:8472
UMLS:C0036420	DOID:8472
C0023788	DOID:8476
UMLS:C0023788	DOID:8476
C0001261	DOID:8478
UMLS:C0001261	DOID:8478
C0003864	DOID:848
UMLS:C0003864	DOID:848
C0035440	DOID:8481
UMLS:C0035440	DOID:8481
C0489959	DOID:8481
UMLS:C0489959	DOID:8481
C0154840	DOID:8482
UMLS:C0154840	DOID:8482
C0035302	DOID:8483
UMLS:C0035302	DOID:8483
C0155890	DOID:8484
UMLS:C0155890	DOID:8484
C0020224	DOID:8488
UMLS:C0020224	DOID:8488
C1306122	DOID:8498
UMLS:C1306122	DOID:8498
C0028077	DOID:8499
UMLS:C0028077	DOID:8499
C0024115	DOID:850
UMLS:C0024115	DOID:850
C0154860	DOID:8500
UMLS:C0154860	DOID:8500
C0854723	DOID:8501
UMLS:C0854723	DOID:8501
C1314968	DOID:8503
UMLS:C1314968	DOID:8503
C0021099	DOID:8504
UMLS:C0021099	DOID:8504
C0011608	DOID:8505
UMLS:C0011608	DOID:8505
C0030805	DOID:8506
UMLS:C0030805	DOID:8506
C0152092	DOID:8507
UMLS:C0152092	DOID:8507
C0600336	DOID:8508
UMLS:C0600336	DOID:8508
C0004767	DOID:851
UMLS:C0004767	DOID:851
C0157540	DOID:8512
UMLS:C0157540	DOID:8512
C0155671	DOID:8514
UMLS:C0155671	DOID:8514
C0034072	DOID:8515
UMLS:C0034072	DOID:8515
C0034066	DOID:8516
UMLS:C0034066	DOID:8516
C0155671	DOID:8517
UMLS:C0155671	DOID:8517
C0154529	DOID:8519
UMLS:C0154529	DOID:8519
C0153903	DOID:8527
UMLS:C0153903	DOID:8527
C0032533	DOID:853
UMLS:C0032533	DOID:853
C0153398	DOID:8533
UMLS:C0153398	DOID:8533
C0496770	DOID:8533
UMLS:C0496770	DOID:8533
C0017168	DOID:8534
UMLS:C0017168	DOID:8534
C0019360	DOID:8536
UMLS:C0019360	DOID:8536
C0024302	DOID:8538
UMLS:C0024302	DOID:8538
C0009326	DOID:854
UMLS:C0009326	DOID:854
C0036920	DOID:8541
UMLS:C0036920	DOID:8541
C1266194	DOID:8543
UMLS:C1266194	DOID:8543
C0015674	DOID:8544
UMLS:C0015674	DOID:8544
C0024591	DOID:8545
UMLS:C0024591	DOID:8545
C0157738	DOID:8549
UMLS:C0157738	DOID:8549
C0085652	DOID:8553
UMLS:C0085652	DOID:8553
C0153386	DOID:8556
UMLS:C0153386	DOID:8556
C0153382	DOID:8557
UMLS:C0153382	DOID:8557
C0220754	DOID:856
UMLS:C0220754	DOID:856
C0153340	DOID:8564
UMLS:C0153340	DOID:8564
C0153346	DOID:8564
UMLS:C0153346	DOID:8564
C0153347	DOID:8564
UMLS:C0153347	DOID:8564
C0019348	DOID:8566
UMLS:C0019348	DOID:8566
C0019829	DOID:8567
UMLS:C0019829	DOID:8567
C0021345	DOID:8568
UMLS:C0021345	DOID:8568
C0026755	DOID:857
UMLS:C0026755	DOID:857
C0162849	DOID:8573
UMLS:C0162849	DOID:8573
C0023643	DOID:8574
UMLS:C0023643	DOID:8574
C0009324	DOID:8577
UMLS:C0009324	DOID:8577
C0375359	DOID:8577
UMLS:C0375359	DOID:8577
C0153376	DOID:8578
UMLS:C0153376	DOID:8578
C0006413	DOID:8584
UMLS:C0006413	DOID:8584
C0268581	DOID:859
UMLS:C0268581	DOID:859
C0001363	DOID:8590
UMLS:C0001363	DOID:8590
C0023466	DOID:8593
UMLS:C0023466	DOID:8593
C0036285	DOID:8596
UMLS:C0036285	DOID:8596
C0343487	DOID:8596
UMLS:C0343487	DOID:8596
C0153365	DOID:8601
UMLS:C0153365	DOID:8601
C0153364	DOID:8602
UMLS:C0153364	DOID:8602
C0153042	DOID:8607
UMLS:C0153042	DOID:8607
C0030848	DOID:8616
UMLS:C0030848	DOID:8616
C0153368	DOID:8618
UMLS:C0153368	DOID:8618
C0153369	DOID:8618
UMLS:C0153369	DOID:8618
C0496758	DOID:8618
UMLS:C0496758	DOID:8618
C0751226	DOID:8619
UMLS:C0751226	DOID:8619
C0154701	DOID:862
UMLS:C0154701	DOID:862
C0025007	DOID:8622
UMLS:C0025007	DOID:8622
C0152267	DOID:8628
UMLS:C0152267	DOID:8628
C0027765	DOID:863
UMLS:C0027765	DOID:863
C0432579	DOID:8630
UMLS:C0432579	DOID:8630
C0474962	DOID:8630
UMLS:C0474962	DOID:8630
C0036220	DOID:8632
UMLS:C0036220	DOID:8632
C0153560	DOID:8632
UMLS:C0153560	DOID:8632
C0153561	DOID:8632
UMLS:C0153561	DOID:8632
C0153562	DOID:8632
UMLS:C0153562	DOID:8632
C0153563	DOID:8632
UMLS:C0153563	DOID:8632
C0153564	DOID:8632
UMLS:C0153564	DOID:8632
C0153565	DOID:8632
UMLS:C0153565	DOID:8632
C0346935	DOID:8632
UMLS:C0346935	DOID:8632
C0346936	DOID:8632
UMLS:C0346936	DOID:8632
C1332265	DOID:8632
UMLS:C1332265	DOID:8632
C1332847	DOID:8632
UMLS:C1332847	DOID:8632
C1333453	DOID:8632
UMLS:C1333453	DOID:8632
C1333744	DOID:8632
UMLS:C1333744	DOID:8632
C1333776	DOID:8632
UMLS:C1333776	DOID:8632
C1334318	DOID:8632
UMLS:C1334318	DOID:8632
C1334457	DOID:8632
UMLS:C1334457	DOID:8632
C1335372	DOID:8632
UMLS:C1335372	DOID:8632
C1335509	DOID:8632
UMLS:C1335509	DOID:8632
C0311262	DOID:8633
UMLS:C0311262	DOID:8633
C0154088	DOID:8634
UMLS:C0154088	DOID:8634
C0153377	DOID:8635
UMLS:C0153377	DOID:8635
C0031542	DOID:864
UMLS:C0031542	DOID:864
C0019829	DOID:8642
UMLS:C0019829	DOID:8642
C0013298	DOID:8643
UMLS:C0013298	DOID:8643
C0029800	DOID:8644
UMLS:C0029800	DOID:8644
C0154333	DOID:8645
UMLS:C0154333	DOID:8645
C0154334	DOID:8646
UMLS:C0154334	DOID:8646
C0153349	DOID:8649
UMLS:C0153349	DOID:8649
C0153350	DOID:8649
UMLS:C0153350	DOID:8649
C0153351	DOID:8649
UMLS:C0153351	DOID:8649
C0153356	DOID:8649
UMLS:C0153356	DOID:8649
C0474963	DOID:8649
UMLS:C0474963	DOID:8649
C0496755	DOID:8649
UMLS:C0496755	DOID:8649
C0684333	DOID:8649
UMLS:C0684333	DOID:8649
C0042384	DOID:865
UMLS:C0042384	DOID:865
C0152266	DOID:8654
UMLS:C0152266	DOID:8654
C0008049	DOID:8659
UMLS:C0008049	DOID:8659
C0155774	DOID:866
UMLS:C0155774	DOID:866
C0496769	DOID:8660
UMLS:C0496769	DOID:8660
C0154058	DOID:8661
UMLS:C0154058	DOID:8661
C0153401	DOID:8663
UMLS:C0153401	DOID:8663
C1334644	DOID:867
UMLS:C1334644	DOID:867
C0013473	DOID:8670
UMLS:C0013473	DOID:8670
C0029841	DOID:8672
UMLS:C0029841	DOID:8672
C0520459	DOID:8677
UMLS:C0520459	DOID:8677
C0156076	DOID:8680
UMLS:C0156076	DOID:8680
C0270932	DOID:8681
UMLS:C0270932	DOID:8681
C0152276	DOID:8683
UMLS:C0152276	DOID:8683
C0154073	DOID:8687
UMLS:C0154073	DOID:8687
C0154074	DOID:8687
UMLS:C0154074	DOID:8687
C0154077	DOID:8687
UMLS:C0154077	DOID:8687
C0154078	DOID:8687
UMLS:C0154078	DOID:8687
C0154079	DOID:8687
UMLS:C0154079	DOID:8687
C0154080	DOID:8687
UMLS:C0154080	DOID:8687
C0154081	DOID:8687
UMLS:C0154081	DOID:8687
C0347139	DOID:8687
UMLS:C0347139	DOID:8687
C0153385	DOID:8688
UMLS:C0153385	DOID:8688
C0003125	DOID:8689
UMLS:C0003125	DOID:8689
C0008373	DOID:869
UMLS:C0008373	DOID:869
C0026948	DOID:8691
UMLS:C0026948	DOID:8691
C0023470	DOID:8692
UMLS:C0023470	DOID:8692
C0152275	DOID:8696
UMLS:C0152275	DOID:8696
C0442874	DOID:870
UMLS:C0442874	DOID:870
C0153373	DOID:8702
UMLS:C0153373	DOID:8702
C0019342	DOID:8704
UMLS:C0019342	DOID:8704
C0162678	DOID:8712
UMLS:C0162678	DOID:8712
C0495632	DOID:8712
UMLS:C0495632	DOID:8712
C4554531	DOID:8717
UMLS:C4554531	DOID:8717
C0007099	DOID:8719
UMLS:C0007099	DOID:8719
C0011263	DOID:8725
UMLS:C0011263	DOID:8725
C0011269	DOID:8725
UMLS:C0011269	DOID:8725
C0026143	DOID:8729
UMLS:C0026143	DOID:8729
C0375327	DOID:873
UMLS:C0375327	DOID:873
C0153656	DOID:8731
UMLS:C0153656	DOID:8731
C0037354	DOID:8736
UMLS:C0037354	DOID:8736
C0022782	DOID:8738
UMLS:C0022782	DOID:8738
C0004626	DOID:874
UMLS:C0004626	DOID:874
C0036508	DOID:8741
UMLS:C0036508	DOID:8741
C0085273	DOID:8743
UMLS:C0085273	DOID:8743
C0017155	DOID:8757
UMLS:C0017155	DOID:8757
C0041188	DOID:876
UMLS:C0041188	DOID:876
C0023462	DOID:8761
UMLS:C0023462	DOID:8761
C0013570	DOID:8771
UMLS:C0013570	DOID:8771
C0156147	DOID:8778
UMLS:C0156147	DOID:8778
C0035920	DOID:8781
UMLS:C0035920	DOID:8781
C0154879	DOID:8787
UMLS:C0154879	DOID:8787
C0154084	DOID:8791
UMLS:C0154084	DOID:8791
C0154094	DOID:8792
UMLS:C0154094	DOID:8792
C0154071	DOID:8800
UMLS:C0154071	DOID:8800
C0154070	DOID:8802
UMLS:C0154070	DOID:8802
C0002965	DOID:8805
UMLS:C0002965	DOID:8805
C0152071	DOID:882
UMLS:C0152071	DOID:882
C0154061	DOID:8826
UMLS:C0154061	DOID:8826
C0018889	DOID:883
UMLS:C0018889	DOID:883
C0152268	DOID:8838
UMLS:C0152268	DOID:8838
C0025530	DOID:884
UMLS:C0025530	DOID:884
C0153361	DOID:8849
UMLS:C0153361	DOID:8849
C0015652	DOID:885
UMLS:C0015652	DOID:885
C0153362	DOID:8850
UMLS:C0153362	DOID:8850
C0409974	DOID:8857
UMLS:C0409974	DOID:8857
C0751560	DOID:8858
UMLS:C0751560	DOID:8858
C0034084	DOID:8861
UMLS:C0034084	DOID:8861
C0023465	DOID:8864
UMLS:C0023465	DOID:8864
C0022602	DOID:8866
UMLS:C0022602	DOID:8866
C0026393	DOID:8867
UMLS:C0026393	DOID:8867
C0027873	DOID:8869
UMLS:C0027873	DOID:8869
C0154089	DOID:8872
UMLS:C0154089	DOID:8872
C0015656	DOID:888
UMLS:C0015656	DOID:888
C0035854	DOID:8881
UMLS:C0035854	DOID:8881
C0432520	DOID:8883
UMLS:C0432520	DOID:8883
C0008513	DOID:8886
UMLS:C0008513	DOID:8886
C0032026	DOID:8892
UMLS:C0032026	DOID:8892
C0033860	DOID:8893
UMLS:C0033860	DOID:8893
C0162666	DOID:890
UMLS:C0162666	DOID:890
C0751778	DOID:891
UMLS:C0751778	DOID:891
C0152067	DOID:8912
UMLS:C0152067	DOID:8912
C0011636	DOID:8913
UMLS:C0011636	DOID:8913
C0156385	DOID:8920
UMLS:C0156385	DOID:8920
C0151779	DOID:8923
UMLS:C0151779	DOID:8923
C0398650	DOID:8924
UMLS:C0398650	DOID:8924
C0477317	DOID:8925
UMLS:C0477317	DOID:8925
C0023186	DOID:8927
UMLS:C0023186	DOID:8927
C0751265	DOID:8927
UMLS:C0751265	DOID:8927
C0017154	DOID:8929
UMLS:C0017154	DOID:8929
C0019202	DOID:893
UMLS:C0019202	DOID:893
C0153379	DOID:8930
UMLS:C0153379	DOID:8930
C0272126	DOID:8931
UMLS:C0272126	DOID:8931
C0158360	DOID:8936
UMLS:C0158360	DOID:8936
C0153406	DOID:8937
UMLS:C0153406	DOID:8937
C0221244	DOID:8941
UMLS:C0221244	DOID:8941
C0730278	DOID:8946
UMLS:C0730278	DOID:8946
C0011884	DOID:8947
UMLS:C0011884	DOID:8947
C0002896	DOID:8955
UMLS:C0002896	DOID:8955
C0010232	DOID:8956
UMLS:C0010232	DOID:8956
C0025534	DOID:896
UMLS:C0025534	DOID:896
C0153384	DOID:8969
UMLS:C0153384	DOID:8969
C0038522	DOID:8970
UMLS:C0038522	DOID:8970
C0022680	DOID:898
UMLS:C0022680	DOID:898
C0027404	DOID:8986
UMLS:C0027404	DOID:8986
C0008340	DOID:899
UMLS:C0008340	DOID:899
C0851140	DOID:8991
UMLS:C0851140	DOID:8991
C0032463	DOID:8997
UMLS:C0032463	DOID:8997
C0152272	DOID:8997
UMLS:C0152272	DOID:8997
C0410606	DOID:90
UMLS:C0410606	DOID:90
C0600452	DOID:900
UMLS:C0600452	DOID:900
C0038644	DOID:9007
UMLS:C0038644	DOID:9007
C0003872	DOID:9008
UMLS:C0003872	DOID:9008
C1112746	DOID:901
UMLS:C1112746	DOID:901
C0154069	DOID:9011
UMLS:C0154069	DOID:9011
C0267095	DOID:9021
UMLS:C0267095	DOID:9021
C0154065	DOID:9024
UMLS:C0154065	DOID:9024
C0740372	DOID:903
UMLS:C0740372	DOID:903
C0747273	DOID:9036
UMLS:C0747273	DOID:9036
C0156369	DOID:9042
UMLS:C0156369	DOID:9042
C0269194	DOID:9043
UMLS:C0269194	DOID:9043
C0043459	DOID:905
UMLS:C0043459	DOID:905
C0154091	DOID:9053
UMLS:C0154091	DOID:9053
C0282528	DOID:906
UMLS:C0282528	DOID:906
C0040262	DOID:9060
UMLS:C0040262	DOID:9060
C0038165	DOID:9063
UMLS:C0038165	DOID:9063
C0023281	DOID:9065
UMLS:C0023281	DOID:9065
C1333965	DOID:907
UMLS:C1333965	DOID:907
C0018197	DOID:9072
UMLS:C0018197	DOID:9072
C0024141	DOID:9074
UMLS:C0024141	DOID:9074
C0155180	DOID:9076
UMLS:C0155180	DOID:9076
C0154064	DOID:9087
UMLS:C0154064	DOID:9087
C0030491	DOID:9088
UMLS:C0030491	DOID:9088
C0751772	DOID:9091
UMLS:C0751772	DOID:9091
C0154059	DOID:9095
UMLS:C0154059	DOID:9095
C0014747	DOID:9097
UMLS:C0014747	DOID:9097
C0029485	DOID:9098
UMLS:C0029485	DOID:9098
C0153638	DOID:910
UMLS:C0153638	DOID:910
C1263889	DOID:910
UMLS:C1263889	DOID:910
C0154086	DOID:9108
UMLS:C0154086	DOID:9108
C0023283	DOID:9111
UMLS:C0023283	DOID:9111
C0018190	DOID:9113
UMLS:C0018190	DOID:9113
C0023467	DOID:9119
UMLS:C0023467	DOID:9119
C0002726	DOID:9120
UMLS:C0002726	DOID:9120
C0153037	DOID:9123
UMLS:C0153037	DOID:9123
C0854331	DOID:9123
UMLS:C0854331	DOID:9123
C0936250	DOID:9123
UMLS:C0936250	DOID:9123
C0432581	DOID:9125
UMLS:C0432581	DOID:9125
C0752352	DOID:913
UMLS:C0752352	DOID:913
C0496854	DOID:9132
UMLS:C0496854	DOID:9132
C0154060	DOID:9138
UMLS:C0154060	DOID:9138
C0030781	DOID:914
UMLS:C0030781	DOID:914
C0155179	DOID:9140
UMLS:C0155179	DOID:9140
C0023290	DOID:9146
UMLS:C0023290	DOID:9146
C0153375	DOID:9149
UMLS:C0153375	DOID:9149
C0001906	DOID:9153
UMLS:C0001906	DOID:9153
C1328252	DOID:9155
UMLS:C1328252	DOID:9155
C0017105	DOID:9159
UMLS:C0017105	DOID:9159
C1333419	DOID:916
UMLS:C1333419	DOID:916
C1333976	DOID:916
UMLS:C1333976	DOID:916
C0014848	DOID:9164
UMLS:C0014848	DOID:9164
C1274184	DOID:9165
UMLS:C1274184	DOID:9165
C0043194	DOID:9169
UMLS:C0043194	DOID:9169
C1333968	DOID:917
UMLS:C1333968	DOID:917
C0153360	DOID:9173
UMLS:C0153360	DOID:9173
C0154062	DOID:9174
UMLS:C0154062	DOID:9174
C1333967	DOID:918
UMLS:C1333967	DOID:918
C0002438	DOID:9181
UMLS:C0002438	DOID:9181
C0030807	DOID:9182
UMLS:C0030807	DOID:9182
C0153374	DOID:9188
UMLS:C0153374	DOID:9188
C0730285	DOID:9191
UMLS:C0730285	DOID:9191
C0014858	DOID:9192
UMLS:C0014858	DOID:9192
C0037822	DOID:92
UMLS:C0037822	DOID:92
C0023646	DOID:9201
UMLS:C0023646	DOID:9201
C0004763	DOID:9206
UMLS:C0004763	DOID:9206
C0751774	DOID:9207
UMLS:C0751774	DOID:9207
C0017409	DOID:9210
UMLS:C0017409	DOID:9210
C0032027	DOID:9212
UMLS:C0032027	DOID:9212
C0520680	DOID:9220
UMLS:C0520680	DOID:9220
C0032633	DOID:9230
UMLS:C0032633	DOID:9230
C0154092	DOID:9234
UMLS:C0154092	DOID:9234
C0153400	DOID:9235
UMLS:C0153400	DOID:9235
C0014804	DOID:9240
UMLS:C0014804	DOID:9240
C0085280	DOID:9245
UMLS:C0085280	DOID:9245
C0268393	DOID:9246
UMLS:C0268393	DOID:9246
C1510489	DOID:9246
UMLS:C1510489	DOID:9246
C1527338	DOID:9246
UMLS:C1527338	DOID:9246
C1956349	DOID:9246
UMLS:C1956349	DOID:9246
C0265220	DOID:9248
UMLS:C0265220	DOID:9248
C0432198	DOID:9249
UMLS:C0432198	DOID:9249
C0796147	DOID:9250
UMLS:C0796147	DOID:9250
C0002514	DOID:9252
UMLS:C0002514	DOID:9252
C0238198	DOID:9253
UMLS:C0238198	DOID:9253
C0023461	DOID:9254
UMLS:C0023461	DOID:9254
C0520716	DOID:9255
UMLS:C0520716	DOID:9255
C0009404	DOID:9256
UMLS:C0009404	DOID:9256
C0346629	DOID:9256
UMLS:C0346629	DOID:9256
C0079661	DOID:9258
UMLS:C0079661	DOID:9258
C1847800	DOID:9258
UMLS:C1847800	DOID:9258
C3266898	DOID:9258
UMLS:C3266898	DOID:9258
C0153392	DOID:9261
UMLS:C0153392	DOID:9261
C0153393	DOID:9261
UMLS:C0153393	DOID:9261
C0153394	DOID:9261
UMLS:C0153394	DOID:9261
C0153395	DOID:9261
UMLS:C0153395	DOID:9261
C0153396	DOID:9261
UMLS:C0153396	DOID:9261
C0019880	DOID:9263
UMLS:C0019880	DOID:9263
C0268512	DOID:9265
UMLS:C0268512	DOID:9265
C0010691	DOID:9266
UMLS:C0010691	DOID:9266
C0154246	DOID:9267
UMLS:C0154246	DOID:9267
C0751748	DOID:9268
UMLS:C0751748	DOID:9268
C0024776	DOID:9269
UMLS:C0024776	DOID:9269
C0002066	DOID:9270
UMLS:C0002066	DOID:9270
C0268542	DOID:9271
UMLS:C0268542	DOID:9271
C0175683	DOID:9273
UMLS:C0175683	DOID:9273
C0268553	DOID:9274
UMLS:C0268553	DOID:9274
C0268483	DOID:9275
UMLS:C0268483	DOID:9275
C0033132	DOID:9277
UMLS:C0033132	DOID:9277
C0268548	DOID:9278
UMLS:C0268548	DOID:9278
C0598608	DOID:9279
UMLS:C0598608	DOID:9279
C0751753	DOID:9280
UMLS:C0751753	DOID:9280
C0031485	DOID:9281
UMLS:C0031485	DOID:9281
C0085547	DOID:9281
UMLS:C0085547	DOID:9281
C0028840	DOID:9282
UMLS:C0028840	DOID:9282
C0549470	DOID:9283
UMLS:C0549470	DOID:9283
C0033117	DOID:9286
UMLS:C0033117	DOID:9286
C0155286	DOID:929
UMLS:C0155286	DOID:929
C0008924	DOID:9296
UMLS:C0008924	DOID:9296
C0158651	DOID:9296
UMLS:C0158651	DOID:9296
C0023760	DOID:9297
UMLS:C0023760	DOID:9297
C0346611	DOID:9299
UMLS:C0346611	DOID:9299
C1290402	DOID:9299
UMLS:C1290402	DOID:9299
C0023015	DOID:93
UMLS:C0023015	DOID:93
C0029182	DOID:930
UMLS:C0029182	DOID:930
C1096349	DOID:9300
UMLS:C1096349	DOID:9300
C0041331	DOID:9305
UMLS:C0041331	DOID:9305
C0152223	DOID:9306
UMLS:C0152223	DOID:9306
C0034888	DOID:9307
UMLS:C0034888	DOID:9307
C0026414	DOID:931
UMLS:C0026414	DOID:931
C0347215	DOID:9310
UMLS:C0347215	DOID:9310
C0008681	DOID:9312
UMLS:C0008681	DOID:9312
C0024225	DOID:9317
UMLS:C0024225	DOID:9317
C0029657	DOID:9335
UMLS:C0029657	DOID:9335
C0152192	DOID:9335
UMLS:C0152192	DOID:9335
C0152186	DOID:9336
UMLS:C0152186	DOID:9336
C0156286	DOID:9339
UMLS:C0156286	DOID:9339
C0003723	DOID:934
UMLS:C0003723	DOID:934
C0042769	DOID:934
UMLS:C0042769	DOID:934
C0152443	DOID:9341
UMLS:C0152443	DOID:9341
C0152078	DOID:9346
UMLS:C0152078	DOID:9346
C0338585	DOID:9348
UMLS:C0338585	DOID:9348
C0011849	DOID:9351
UMLS:C0011849	DOID:9351
C0011860	DOID:9352
UMLS:C0011860	DOID:9352
C0158316	DOID:9358
UMLS:C0158316	DOID:9358
C0006111	DOID:936
UMLS:C0006111	DOID:936
C0085584	DOID:936
UMLS:C0085584	DOID:936
C0155880	DOID:9360
UMLS:C0155880	DOID:9360
C0038218	DOID:9362
UMLS:C0038218	DOID:9362
C0042588	DOID:9365
UMLS:C0042588	DOID:9365
C0022573	DOID:9368
UMLS:C0022573	DOID:9368
C0085270	DOID:9369
UMLS:C0085270	DOID:9369
C0016782	DOID:9375
UMLS:C0016782	DOID:9375
C0152138	DOID:9378
UMLS:C0152138	DOID:9378
C0007832	DOID:9383
UMLS:C0007832	DOID:9383
C0154909	DOID:9383
UMLS:C0154909	DOID:9383
C0153212	DOID:9384
UMLS:C0153212	DOID:9384
C0339320	DOID:9388
UMLS:C0339320	DOID:9388
C0154911	DOID:9389
UMLS:C0154911	DOID:9389
C0040584	DOID:9392
UMLS:C0040584	DOID:9392
C0149513	DOID:9392
UMLS:C0149513	DOID:9392
C0010380	DOID:9395
UMLS:C0010380	DOID:9395
C0001327	DOID:9396
UMLS:C0001327	DOID:9396
C0949123	DOID:9396
UMLS:C0949123	DOID:9396
C0014541	DOID:9398
UMLS:C0014541	DOID:9398
C0155814	DOID:9398
UMLS:C0155814	DOID:9398
C0149881	DOID:9401
UMLS:C0149881	DOID:9401
C0014534	DOID:9402
UMLS:C0014534	DOID:9402
C0020635	DOID:9406
UMLS:C0020635	DOID:9406
C0155652	DOID:9407
UMLS:C0155652	DOID:9407
C0155626	DOID:9408
UMLS:C0155626	DOID:9408
C0011848	DOID:9409
UMLS:C0011848	DOID:9409
C0242343	DOID:9410
UMLS:C0242343	DOID:9410
C0155877	DOID:9415
UMLS:C0155877	DOID:9415
C0005741	DOID:9423
UMLS:C0005741	DOID:9423
C0155181	DOID:9423
UMLS:C0155181	DOID:9423
C0151620	DOID:9427
UMLS:C0151620	DOID:9427
C0151740	DOID:9428
UMLS:C0151740	DOID:9428
C0017980	DOID:9432
UMLS:C0017980	DOID:9432
C0267918	DOID:9439
UMLS:C0267918	DOID:9439
C1516427	DOID:9442
UMLS:C1516427	DOID:9442
C1336900	DOID:9445
UMLS:C1336900	DOID:9445
C0008311	DOID:9446
UMLS:C0008311	DOID:9446
C0015695	DOID:9452
UMLS:C0015695	DOID:9452
C0015696	DOID:9452
UMLS:C0015696	DOID:9452
C0023794	DOID:9455
UMLS:C0023794	DOID:9455
C0029591	DOID:9455
UMLS:C0029591	DOID:9455
C0153575	DOID:9459
UMLS:C0153575	DOID:9459
C0012147	DOID:946
UMLS:C0012147	DOID:946
C0153574	DOID:9460
UMLS:C0153574	DOID:9460
C0339295	DOID:9461
UMLS:C0339295	DOID:9461
C0155398	DOID:9462
UMLS:C0155398	DOID:9462
C0021355	DOID:9463
UMLS:C0021355	DOID:9463
C0027341	DOID:9467
UMLS:C0027341	DOID:9467
C0085437	DOID:9470
UMLS:C0085437	DOID:9470
C0025289	DOID:9471
UMLS:C0025289	DOID:9471
C0154747	DOID:9473
UMLS:C0154747	DOID:9473
C0242342	DOID:9476
UMLS:C0242342	DOID:9476
C0034065	DOID:9477
UMLS:C0034065	DOID:9477
C0221074	DOID:9478
UMLS:C0221074	DOID:9478
C0155173	DOID:9483
UMLS:C0155173	DOID:9483
C0025037	DOID:9487
UMLS:C0025037	DOID:9487
C0155224	DOID:949
UMLS:C0155224	DOID:949
C0155517	DOID:9496
UMLS:C0155517	DOID:9496
C0034068	DOID:9498
UMLS:C0034068	DOID:9498
C0263662	DOID:9499
UMLS:C0263662	DOID:9499
C0155223	DOID:950
UMLS:C0155223	DOID:950
C0023510	DOID:9500
UMLS:C0023510	DOID:9500
C0008680	DOID:9502
UMLS:C0008680	DOID:9502
C0242459	DOID:9503
UMLS:C0242459	DOID:9503
C0156319	DOID:9504
UMLS:C0156319	DOID:9504
C0006868	DOID:9505
UMLS:C0006868	DOID:9505
C0024809	DOID:9505
UMLS:C0024809	DOID:9505
C0155806	DOID:9506
UMLS:C0155806	DOID:9506
C0015029	DOID:9507
UMLS:C0015029	DOID:9507
C0155146	DOID:9512
UMLS:C0155146	DOID:9512
C0023484	DOID:9513
UMLS:C0023484	DOID:9513
C0149505	DOID:952
UMLS:C0149505	DOID:952
C0271568	DOID:9521
UMLS:C0271568	DOID:9521
C0039133	DOID:9531
UMLS:C0039133	DOID:9531
C0152600	DOID:9534
UMLS:C0152600	DOID:9534
C0023092	DOID:9537
UMLS:C0023092	DOID:9537
C0026764	DOID:9538
UMLS:C0026764	DOID:9538
C0162819	DOID:9540
UMLS:C0162819	DOID:9540
C1510415	DOID:9541
UMLS:C1510415	DOID:9541
C0278620	DOID:9544
UMLS:C0278620	DOID:9544
C0456845	DOID:9547
UMLS:C0456845	DOID:9547
C0001621	DOID:9553
UMLS:C0001621	DOID:9553
C1519001	DOID:956
UMLS:C1519001	DOID:956
C0027438	DOID:9561
UMLS:C0027438	DOID:9561
C0008780	DOID:9562
UMLS:C0008780	DOID:9562
C0006267	DOID:9563
UMLS:C0006267	DOID:9563
C0011813	DOID:9565
UMLS:C0011813	DOID:9565
C0008297	DOID:9574
UMLS:C0008297	DOID:9574
C0220723	DOID:9574
UMLS:C0220723	DOID:9574
C0276682	DOID:9577
UMLS:C0276682	DOID:9577
C0014078	DOID:9584
UMLS:C0014078	DOID:9584
C0014038	DOID:9588
UMLS:C0014038	DOID:9588
C0162301	DOID:9589
UMLS:C0162301	DOID:9589
C1333467	DOID:959
UMLS:C1333467	DOID:959
C0156264	DOID:9590
UMLS:C0156264	DOID:9590
C0022790	DOID:9597
UMLS:C0022790	DOID:9597
C0015645	DOID:9598
UMLS:C0015645	DOID:9598
C0432528	DOID:9599
UMLS:C0432528	DOID:9599
C0038159	DOID:96
UMLS:C0038159	DOID:96
C0238114	DOID:960
UMLS:C0238114	DOID:960
C0149756	DOID:9600
UMLS:C0149756	DOID:9600
C1304514	DOID:9601
UMLS:C1304514	DOID:9601
C0238124	DOID:9602
UMLS:C0238124	DOID:9602
C0432529	DOID:9603
UMLS:C0432529	DOID:9603
C1333463	DOID:961
UMLS:C1333463	DOID:961
C0232867	DOID:9617
UMLS:C0232867	DOID:9617
C0027830	DOID:962
UMLS:C0027830	DOID:962
C0042580	DOID:9620
UMLS:C0042580	DOID:9620
C0268799	DOID:9621
UMLS:C0268799	DOID:9621
C0156259	DOID:9622
UMLS:C0156259	DOID:9622
C1720189	DOID:963
UMLS:C1720189	DOID:963
C0030779	DOID:9631
UMLS:C0030779	DOID:9631
C0038362	DOID:9637
UMLS:C0038362	DOID:9637
C0036231	DOID:9640
UMLS:C0036231	DOID:9640
C0004576	DOID:9643
UMLS:C0004576	DOID:9643
C0700501	DOID:9649
UMLS:C0700501	DOID:9649
C0028738	DOID:9650
UMLS:C0028738	DOID:9650
C1135191	DOID:9651
UMLS:C1135191	DOID:9651
C1112530	DOID:9655
UMLS:C1112530	DOID:9655
C0038363	DOID:9663
UMLS:C0038363	DOID:9663
C0000821	DOID:9667
UMLS:C0000821	DOID:9667
C0036646	DOID:9669
UMLS:C0036646	DOID:9669
C0028271	DOID:9672
UMLS:C0028271	DOID:9672
C0038367	DOID:9673
UMLS:C0038367	DOID:9673
C0029607	DOID:9675
UMLS:C0029607	DOID:9675
C0007871	DOID:9681
UMLS:C0007871	DOID:9681
C0043395	DOID:9682
UMLS:C0043395	DOID:9682
C0155691	DOID:9694
UMLS:C0155691	DOID:9694
C0153214	DOID:9697
UMLS:C0153214	DOID:9697
C0153213	DOID:9698
UMLS:C0153213	DOID:9698
C0027611	DOID:9699
UMLS:C0027611	DOID:9699
C0029076	DOID:9699
UMLS:C0029076	DOID:9699
C0039520	DOID:970
UMLS:C0039520	DOID:970
C0009768	DOID:9700
UMLS:C0009768	DOID:9700
C0155152	DOID:9709
UMLS:C0155152	DOID:9709
C0039503	DOID:971
UMLS:C0039503	DOID:971
C0156214	DOID:9714
UMLS:C0156214	DOID:9714
C0152445	DOID:9717
UMLS:C0152445	DOID:9717
C0242852	DOID:9719
UMLS:C0242852	DOID:9719
C0029872	DOID:9720
UMLS:C0029872	DOID:9720
C0154775	DOID:9722
UMLS:C0154775	DOID:9722
C0042904	DOID:9723
UMLS:C0042904	DOID:9723
C0259800	DOID:9724
UMLS:C0259800	DOID:9724
C0042907	DOID:9726
UMLS:C0042907	DOID:9726
C0041328	DOID:9733
UMLS:C0041328	DOID:9733
C0155419	DOID:9735
UMLS:C0155419	DOID:9735
C0395863	DOID:9736
UMLS:C0395863	DOID:9736
C0155435	DOID:9739
UMLS:C0155435	DOID:9739
C0029581	DOID:974
UMLS:C0029581	DOID:974
C0152099	DOID:9740
UMLS:C0152099	DOID:9740
C0005424	DOID:9741
UMLS:C0005424	DOID:9741
C0155795	DOID:9742
UMLS:C0155795	DOID:9742
C0011882	DOID:9743
UMLS:C0011882	DOID:9743
C0011854	DOID:9744
UMLS:C0011854	DOID:9744
C0155784	DOID:9745
UMLS:C0155784	DOID:9745
C0019112	DOID:9746
UMLS:C0019112	DOID:9746
C0041844	DOID:9749
UMLS:C0041844	DOID:9749
C0158336	DOID:9754
UMLS:C0158336	DOID:9754
C0521610	DOID:9765
UMLS:C0521610	DOID:9765
C1337035	DOID:9766
UMLS:C1337035	DOID:9766
C0206146	DOID:9767
UMLS:C0206146	DOID:9767
C0018789	DOID:9768
UMLS:C0018789	DOID:9768
C0158991	DOID:9771
UMLS:C0158991	DOID:9771
C0153552	DOID:9773
UMLS:C0153552	DOID:9773
C1135196	DOID:9775
UMLS:C1135196	DOID:9775
C0154891	DOID:9776
UMLS:C0154891	DOID:9776
C0022104	DOID:9778
UMLS:C0022104	DOID:9778
C0016807	DOID:9779
UMLS:C0016807	DOID:9779
C0040896	DOID:9784
UMLS:C0040896	DOID:9784
C0032372	DOID:9786
UMLS:C0032372	DOID:9786
C0158362	DOID:9788
UMLS:C0158362	DOID:9788
C0002983	DOID:979
UMLS:C0002983	DOID:979
C0023049	DOID:9790
UMLS:C0023049	DOID:9790
C0154893	DOID:9794
UMLS:C0154893	DOID:9794
C0154777	DOID:9799
UMLS:C0154777	DOID:9799
C0344297	DOID:980
UMLS:C0344297	DOID:980
C0041325	DOID:9801
UMLS:C0041325	DOID:9801
C0403529	DOID:9808
UMLS:C0403529	DOID:9808
C0151436	DOID:9809
UMLS:C0151436	DOID:9809
C0154892	DOID:981
UMLS:C0154892	DOID:981
C0031036	DOID:9810
UMLS:C0031036	DOID:9810
C0154895	DOID:9811
UMLS:C0154895	DOID:9811
C0154898	DOID:9820
UMLS:C0154898	DOID:9820
C0008525	DOID:9821
UMLS:C0008525	DOID:9821
C0339427	DOID:9822
UMLS:C0339427	DOID:9822
C0158761	DOID:9827
UMLS:C0158761	DOID:9827
C0027609	DOID:9828
UMLS:C0027609	DOID:9828
C1332133	DOID:9828
UMLS:C1332133	DOID:9828
C0020490	DOID:9834
UMLS:C0020490	DOID:9834
C0034951	DOID:9835
UMLS:C0034951	DOID:9835
C0020575	DOID:9837
UMLS:C0020575	DOID:9837
C0152209	DOID:9838
UMLS:C0152209	DOID:9838
C0155336	DOID:9839
UMLS:C0155336	DOID:9839
C0014877	DOID:9840
UMLS:C0014877	DOID:9840
C0152208	DOID:9841
UMLS:C0152208	DOID:9841
C0154896	DOID:9842
UMLS:C0154896	DOID:9842
C0339611	DOID:9843
UMLS:C0339611	DOID:9843
C0029706	DOID:9847
UMLS:C0029706	DOID:9847
C0206586	DOID:9848
UMLS:C0206586	DOID:9848
C0025281	DOID:9849
UMLS:C0025281	DOID:9849
C0152115	DOID:9854
UMLS:C0152115	DOID:9854
C0039131	DOID:9856
UMLS:C0039131	DOID:9856
C0155088	DOID:9857
UMLS:C0155088	DOID:9857
C0155087	DOID:9858
UMLS:C0155087	DOID:9858
C0002171	DOID:986
UMLS:C0002171	DOID:986
C0041321	DOID:9861
UMLS:C0041321	DOID:9861
C0271086	DOID:9867
UMLS:C0271086	DOID:9867
C0021830	DOID:9868
UMLS:C0021830	DOID:9868
C0016751	DOID:9869
UMLS:C0016751	DOID:9869
C0002170	DOID:987
UMLS:C0002170	DOID:987
C0016952	DOID:9870
UMLS:C0016952	DOID:9870
C0156278	DOID:9877
UMLS:C0156278	DOID:9877
C0026267	DOID:988
UMLS:C0026267	DOID:988
C0029751	DOID:9880
UMLS:C0029751	DOID:9880
C0699741	DOID:9883
UMLS:C0699741	DOID:9883
C0026850	DOID:9884
UMLS:C0026850	DOID:9884
C0152205	DOID:9888
UMLS:C0152205	DOID:9888
C1861783	DOID:9892
UMLS:C1861783	DOID:9892
C0600298	DOID:9893
UMLS:C0600298	DOID:9893
C0158168	DOID:9898
UMLS:C0158168	DOID:9898
C0149530	DOID:990
UMLS:C0149530	DOID:990
C0007933	DOID:9903
UMLS:C0007933	DOID:9903
C0002173	DOID:9905
UMLS:C0002173	DOID:9905
C0085690	DOID:9908
UMLS:C0085690	DOID:9908
C0019917	DOID:9909
UMLS:C0019917	DOID:9909
C0155069	DOID:9910
UMLS:C0155069	DOID:9910
C0156300	DOID:9911
UMLS:C0156300	DOID:9911
C0019103	DOID:992
UMLS:C0019103	DOID:992
C0011757	DOID:9923
UMLS:C0011757	DOID:9923
C0043068	DOID:9931
UMLS:C0043068	DOID:9931
C0155239	DOID:9935
UMLS:C0155239	DOID:9935
C0155240	DOID:9936
UMLS:C0155240	DOID:9936
C0149506	DOID:9937
UMLS:C0149506	DOID:9937
C0010930	DOID:9938
UMLS:C0010930	DOID:9938
C0155241	DOID:9939
UMLS:C0155241	DOID:9939
C0272394	DOID:9942
UMLS:C0272394	DOID:9942
C0155267	DOID:9945
UMLS:C0155267	DOID:9945
C0339578	DOID:9946
UMLS:C0339578	DOID:9946
C0339580	DOID:9948
UMLS:C0339580	DOID:9948
C0023449	DOID:9952
UMLS:C0023449	DOID:9952
C1335469	DOID:9952
UMLS:C1335469	DOID:9952
C0023464	DOID:9953
UMLS:C0023464	DOID:9953
C0023483	DOID:9954
UMLS:C0023483	DOID:9954
C0152101	DOID:9955
UMLS:C0152101	DOID:9955
C0031111	DOID:9957
UMLS:C0031111	DOID:9957
C0018948	DOID:9958
UMLS:C0018948	DOID:9958
C0040558	DOID:9965
UMLS:C0040558	DOID:9965
C0154271	DOID:9969
UMLS:C0154271	DOID:9969
C0162482	DOID:997
UMLS:C0162482	DOID:997
C0028754	DOID:9970
UMLS:C0028754	DOID:9970
C1442839	DOID:9971
UMLS:C1442839	DOID:9971
C0020579	DOID:9972
UMLS:C0020579	DOID:9972
C0439857	DOID:9973
UMLS:C0439857	DOID:9973
C0029792	DOID:9974
UMLS:C0029792	DOID:9974
C0600427	DOID:9975
UMLS:C0600427	DOID:9975
C0019337	DOID:9976
UMLS:C0019337	DOID:9976
C0018528	DOID:9977
UMLS:C0018528	DOID:9977
C0269032	DOID:9978
UMLS:C0269032	DOID:9978
C0085179	DOID:998
UMLS:C0085179	DOID:998
C0271333	DOID:9986
UMLS:C0271333	DOID:9986
C1335131	DOID:9987
UMLS:C1335131	DOID:9987
C0027927	DOID:9988
UMLS:C0027927	DOID:9988
C0014457	DOID:999
UMLS:C0014457	DOID:999
C0020615	DOID:9993
UMLS:C0020615	DOID:9993
C0877208	DOID:9997
UMLS:C0877208	DOID:9997
