label_id,name,drug,gene,source,biomarker_status,testing,alternate_drug_available,source_database
PA166104777,Annotation of FDA Label for clopidogrel and CYP2C19,clopidogrel,CYP2C19,FDA,On FDA Biomarker List,"{'id': 1183672111, 'description': 'The label does not discuss genetic or other testing for gene/protein/chromosomal variants, but does contain information about changes in efficacy, dosage or toxicity due to such variants. The label may mention contraindication of the drug in a particular subset of patients but does not require or recommend gene, protein or chromosomal testing.', 'parents': [], 'resource': 'Genetic Testing Level', 'synonyms': [], 'term': 'Actionable PGx', 'termId': 'geneTestLevel:1183672111', 'valid': True, 'version': 2}",True,ClinPGx
PA166104784,"Annotation of FDA Label for diazepam and CYP2C19, CYP3A4",diazepam,CYP2C19; CYP3A4,FDA,On FDA Biomarker List,"{'id': 1183672141, 'description': 'The label mentions a gene or protein is involved in the metabolism or pharmacodynamics of the drug, but there is no information to suggest that variation in these genes/proteins leads to different response.', 'parents': [], 'resource': 'Genetic Testing Level', 'synonyms': [], 'term': 'Informative PGx', 'termId': 'geneTestLevel:1183672141', 'valid': True, 'version': 2}",False,ClinPGx
PA166104808,"Annotation of FDA Label for nelfinavir and CYP2C19, CYP3A4, CYP3A5",nelfinavir,CYP2C19; CYP3A4; CYP3A5,FDA,Formerly on FDA Biomarker List,,False,ClinPGx
PA166104814,Annotation of FDA Label for drospirenone / ethinyl estradiol and CYP2C19,drospirenone / ethinyl estradiol,CYP2C19,FDA,On FDA Biomarker List,,False,ClinPGx
PA166104816,Annotation of FDA Label for esomeprazole and CYP2C19,esomeprazole,CYP2C19,FDA,On FDA Biomarker List,"{'id': 1452529540, 'parents': [], 'resource': 'Genetic Testing Level', 'synonyms': [], 'term': 'No Clinical PGx', 'termId': 'geneTestLevel:1452529540', 'valid': True, 'version': 0}",False,ClinPGx
PA166104818,Annotation of FDA Label for voriconazole and CYP2C19,voriconazole,CYP2C19,FDA,On FDA Biomarker List,"{'id': 1183672141, 'description': 'The label mentions a gene or protein is involved in the metabolism or pharmacodynamics of the drug, but there is no information to suggest that variation in these genes/proteins leads to different response.', 'parents': [], 'resource': 'Genetic Testing Level', 'synonyms': [], 'term': 'Informative PGx', 'termId': 'geneTestLevel:1183672141', 'valid': True, 'version': 2}",False,ClinPGx
PA166104820,"Annotation of FDA Label for doxepin and CYP2C19, CYP2D6",doxepin,CYP2C19; CYP2D6,FDA,On FDA Biomarker List,"{'id': 1183672141, 'description': 'The label mentions a gene or protein is involved in the metabolism or pharmacodynamics of the drug, but there is no information to suggest that variation in these genes/proteins leads to different response.', 'parents': [], 'resource': 'Genetic Testing Level', 'synonyms': [], 'term': 'Informative PGx', 'termId': 'geneTestLevel:1183672141', 'valid': True, 'version': 2}",False,ClinPGx
PA166104832,Annotation of FDA Label for carisoprodol and CYP2C19,carisoprodol,CYP2C19,FDA,On FDA Biomarker List,"{'id': 1183672111, 'description': 'The label does not discuss genetic or other testing for gene/protein/chromosomal variants, but does contain information about changes in efficacy, dosage or toxicity due to such variants. The label may mention contraindication of the drug in a particular subset of patients but does not require or recommend gene, protein or chromosomal testing.', 'parents': [], 'resource': 'Genetic Testing Level', 'synonyms': [], 'term': 'Actionable PGx', 'termId': 'geneTestLevel:1183672111', 'valid': True, 'version': 2}",False,ClinPGx
PA166104841,Annotation of EMA Label for clopidogrel and CYP2C19,clopidogrel,CYP2C19,EMA,,"{'id': 1183672141, 'description': 'The label mentions a gene or protein is involved in the metabolism or pharmacodynamics of the drug, but there is no information to suggest that variation in these genes/proteins leads to different response.', 'parents': [], 'resource': 'Genetic Testing Level', 'synonyms': [], 'term': 'Informative PGx', 'termId': 'geneTestLevel:1183672141', 'valid': True, 'version': 2}",False,ClinPGx
PA166104848,Annotation of FDA Label for rabeprazole and CYP2C19,rabeprazole,CYP2C19,FDA,On FDA Biomarker List,"{'id': 1183672141, 'description': 'The label mentions a gene or protein is involved in the metabolism or pharmacodynamics of the drug, but there is no information to suggest that variation in these genes/proteins leads to different response.', 'parents': [], 'resource': 'Genetic Testing Level', 'synonyms': [], 'term': 'Informative PGx', 'termId': 'geneTestLevel:1183672141', 'valid': True, 'version': 2}",False,ClinPGx
PA166104851,Annotation of FDA Label for ticagrelor and CYP2C19,ticagrelor,CYP2C19,FDA,On FDA Biomarker List,"{'id': 1452529540, 'parents': [], 'resource': 'Genetic Testing Level', 'synonyms': [], 'term': 'No Clinical PGx', 'termId': 'geneTestLevel:1452529540', 'valid': True, 'version': 0}",False,ClinPGx
PA166104852,Annotation of FDA Label for citalopram and CYP2C19,citalopram,CYP2C19,FDA,On FDA Biomarker List,"{'id': 1183672111, 'description': 'The label does not discuss genetic or other testing for gene/protein/chromosomal variants, but does contain information about changes in efficacy, dosage or toxicity due to such variants. The label may mention contraindication of the drug in a particular subset of patients but does not require or recommend gene, protein or chromosomal testing.', 'parents': [], 'resource': 'Genetic Testing Level', 'synonyms': [], 'term': 'Actionable PGx', 'termId': 'geneTestLevel:1183672111', 'valid': True, 'version': 2}",False,ClinPGx
PA166104863,Annotation of FDA Label for dexlansoprazole and CYP2C19,dexlansoprazole,CYP2C19,FDA,On FDA Biomarker List,"{'id': 1183672141, 'description': 'The label mentions a gene or protein is involved in the metabolism or pharmacodynamics of the drug, but there is no information to suggest that variation in these genes/proteins leads to different response.', 'parents': [], 'resource': 'Genetic Testing Level', 'synonyms': [], 'term': 'Informative PGx', 'termId': 'geneTestLevel:1183672141', 'valid': True, 'version': 2}",False,ClinPGx
PA166105012,Annotation of FDA Label for escitalopram and CYP2C19,escitalopram,CYP2C19,FDA,On FDA Biomarker List,"{'id': 1183672141, 'description': 'The label mentions a gene or protein is involved in the metabolism or pharmacodynamics of the drug, but there is no information to suggest that variation in these genes/proteins leads to different response.', 'parents': [], 'resource': 'Genetic Testing Level', 'synonyms': [], 'term': 'Informative PGx', 'termId': 'geneTestLevel:1183672141', 'valid': True, 'version': 2}",False,ClinPGx
PA166105321,"Annotation of EMA Label for prasugrel and CYP2B6, CYP2C19, CYP2C9, CYP3A5",prasugrel,CYP2B6; CYP2C19; CYP2C9; CYP3A5,EMA,,"{'id': 1452529540, 'parents': [], 'resource': 'Genetic Testing Level', 'synonyms': [], 'term': 'No Clinical PGx', 'termId': 'geneTestLevel:1452529540', 'valid': True, 'version': 0}",False,ClinPGx
PA166114382,Annotation of EMA Label for ticagrelor and CYP2C19,ticagrelor,CYP2C19,EMA,,"{'id': 1183672141, 'description': 'The label mentions a gene or protein is involved in the metabolism or pharmacodynamics of the drug, but there is no information to suggest that variation in these genes/proteins leads to different response.', 'parents': [], 'resource': 'Genetic Testing Level', 'synonyms': [], 'term': 'Informative PGx', 'termId': 'geneTestLevel:1183672141', 'valid': True, 'version': 2}",False,ClinPGx
PA166120286,Annotation of EMA Label for esomeprazole and CYP2C19,esomeprazole,CYP2C19,EMA,,"{'id': 1452529540, 'parents': [], 'resource': 'Genetic Testing Level', 'synonyms': [], 'term': 'No Clinical PGx', 'termId': 'geneTestLevel:1452529540', 'valid': True, 'version': 0}",False,ClinPGx
PA166122826,Annotation of EMA Label for voriconazole and CYP2C19,voriconazole,CYP2C19,EMA,,"{'id': 1183672141, 'description': 'The label mentions a gene or protein is involved in the metabolism or pharmacodynamics of the drug, but there is no information to suggest that variation in these genes/proteins leads to different response.', 'parents': [], 'resource': 'Genetic Testing Level', 'synonyms': [], 'term': 'Informative PGx', 'termId': 'geneTestLevel:1183672141', 'valid': True, 'version': 2}",False,ClinPGx
PA166123387,"Annotation of EMA Label for axitinib and CYP2C19, UGT1A1",axitinib,CYP2C19; UGT1A1,EMA,,"{'id': 1452529540, 'parents': [], 'resource': 'Genetic Testing Level', 'synonyms': [], 'term': 'No Clinical PGx', 'termId': 'geneTestLevel:1452529540', 'valid': True, 'version': 0}",False,ClinPGx
PA166123421,Annotation of EMA Label for atazanavir and CYP2C19,atazanavir,CYP2C19,EMA,,"{'id': 1183672141, 'description': 'The label mentions a gene or protein is involved in the metabolism or pharmacodynamics of the drug, but there is no information to suggest that variation in these genes/proteins leads to different response.', 'parents': [], 'resource': 'Genetic Testing Level', 'synonyms': [], 'term': 'Informative PGx', 'termId': 'geneTestLevel:1183672141', 'valid': True, 'version': 2}",False,ClinPGx
PA166123535,Annotation of PMDA Label for clopidogrel and CYP2C19,clopidogrel,CYP2C19,PMDA,,"{'id': 1183672111, 'description': 'The label does not discuss genetic or other testing for gene/protein/chromosomal variants, but does contain information about changes in efficacy, dosage or toxicity due to such variants. The label may mention contraindication of the drug in a particular subset of patients but does not require or recommend gene, protein or chromosomal testing.', 'parents': [], 'resource': 'Genetic Testing Level', 'synonyms': [], 'term': 'Actionable PGx', 'termId': 'geneTestLevel:1183672111', 'valid': True, 'version': 2}",False,ClinPGx
PA166127650,Annotation of HCSC Label for citalopram and CYP2C19,citalopram,CYP2C19,HCSC,,"{'id': 1183672111, 'description': 'The label does not discuss genetic or other testing for gene/protein/chromosomal variants, but does contain information about changes in efficacy, dosage or toxicity due to such variants. The label may mention contraindication of the drug in a particular subset of patients but does not require or recommend gene, protein or chromosomal testing.', 'parents': [], 'resource': 'Genetic Testing Level', 'synonyms': [], 'term': 'Actionable PGx', 'termId': 'geneTestLevel:1183672111', 'valid': True, 'version': 2}",False,ClinPGx
PA166127653,Annotation of HCSC Label for clopidogrel and CYP2C19,clopidogrel,CYP2C19,HCSC,,"{'id': 1183672111, 'description': 'The label does not discuss genetic or other testing for gene/protein/chromosomal variants, but does contain information about changes in efficacy, dosage or toxicity due to such variants. The label may mention contraindication of the drug in a particular subset of patients but does not require or recommend gene, protein or chromosomal testing.', 'parents': [], 'resource': 'Genetic Testing Level', 'synonyms': [], 'term': 'Actionable PGx', 'termId': 'geneTestLevel:1183672111', 'valid': True, 'version': 2}",True,ClinPGx
PA166127661,Annotation of HCSC Label for dexlansoprazole and CYP2C19,dexlansoprazole,CYP2C19,HCSC,,"{'id': 1183672141, 'description': 'The label mentions a gene or protein is involved in the metabolism or pharmacodynamics of the drug, but there is no information to suggest that variation in these genes/proteins leads to different response.', 'parents': [], 'resource': 'Genetic Testing Level', 'synonyms': [], 'term': 'Informative PGx', 'termId': 'geneTestLevel:1183672141', 'valid': True, 'version': 2}",False,ClinPGx
PA166127670,Annotation of HCSC Label for esomeprazole and CYP2C19,esomeprazole,CYP2C19,HCSC,,"{'id': 1452529540, 'parents': [], 'resource': 'Genetic Testing Level', 'synonyms': [], 'term': 'No Clinical PGx', 'termId': 'geneTestLevel:1452529540', 'valid': True, 'version': 0}",False,ClinPGx
PA166127698,Annotation of HCSC Label for omeprazole and CYP2C19,omeprazole,CYP2C19,HCSC,,"{'id': 1452529540, 'parents': [], 'resource': 'Genetic Testing Level', 'synonyms': [], 'term': 'No Clinical PGx', 'termId': 'geneTestLevel:1452529540', 'valid': True, 'version': 0}",False,ClinPGx
PA166127706,Annotation of HCSC Label for rabeprazole and CYP2C19,rabeprazole,CYP2C19,HCSC,,"{'id': 1183672141, 'description': 'The label mentions a gene or protein is involved in the metabolism or pharmacodynamics of the drug, but there is no information to suggest that variation in these genes/proteins leads to different response.', 'parents': [], 'resource': 'Genetic Testing Level', 'synonyms': [], 'term': 'Informative PGx', 'termId': 'geneTestLevel:1183672141', 'valid': True, 'version': 2}",False,ClinPGx
PA166127730,Annotation of HCSC Label for voriconazole and CYP2C19,voriconazole,CYP2C19,HCSC,,"{'id': 1183672141, 'description': 'The label mentions a gene or protein is involved in the metabolism or pharmacodynamics of the drug, but there is no information to suggest that variation in these genes/proteins leads to different response.', 'parents': [], 'resource': 'Genetic Testing Level', 'synonyms': [], 'term': 'Informative PGx', 'termId': 'geneTestLevel:1183672141', 'valid': True, 'version': 2}",False,ClinPGx
PA166153492,Annotation of FDA Label for brivaracetam and CYP2C19,brivaracetam,CYP2C19,FDA,On FDA Biomarker List,"{'id': 1183672111, 'description': 'The label does not discuss genetic or other testing for gene/protein/chromosomal variants, but does contain information about changes in efficacy, dosage or toxicity due to such variants. The label may mention contraindication of the drug in a particular subset of patients but does not require or recommend gene, protein or chromosomal testing.', 'parents': [], 'resource': 'Genetic Testing Level', 'synonyms': [], 'term': 'Actionable PGx', 'termId': 'geneTestLevel:1183672111', 'valid': True, 'version': 2}",False,ClinPGx
PA166104884,Annotation of FDA Label for clobazam and CYP2C19,clobazam,CYP2C19,FDA,On FDA Biomarker List,"{'id': 1183672111, 'description': 'The label does not discuss genetic or other testing for gene/protein/chromosomal variants, but does contain information about changes in efficacy, dosage or toxicity due to such variants. The label may mention contraindication of the drug in a particular subset of patients but does not require or recommend gene, protein or chromosomal testing.', 'parents': [], 'resource': 'Genetic Testing Level', 'synonyms': [], 'term': 'Actionable PGx', 'termId': 'geneTestLevel:1183672111', 'valid': True, 'version': 2}",False,ClinPGx
PA166104898,Annotation of FDA Label for lansoprazole and CYP2C19,lansoprazole,CYP2C19,FDA,On FDA Biomarker List,"{'id': 1183672141, 'description': 'The label mentions a gene or protein is involved in the metabolism or pharmacodynamics of the drug, but there is no information to suggest that variation in these genes/proteins leads to different response.', 'parents': [], 'resource': 'Genetic Testing Level', 'synonyms': [], 'term': 'Informative PGx', 'termId': 'geneTestLevel:1183672141', 'valid': True, 'version': 2}",False,ClinPGx
PA166104901,Annotation of FDA Label for pantoprazole and CYP2C19,pantoprazole,CYP2C19,FDA,On FDA Biomarker List,"{'id': 1183672111, 'description': 'The label does not discuss genetic or other testing for gene/protein/chromosomal variants, but does contain information about changes in efficacy, dosage or toxicity due to such variants. The label may mention contraindication of the drug in a particular subset of patients but does not require or recommend gene, protein or chromosomal testing.', 'parents': [], 'resource': 'Genetic Testing Level', 'synonyms': [], 'term': 'Actionable PGx', 'termId': 'geneTestLevel:1183672111', 'valid': True, 'version': 2}",False,ClinPGx
PA166104917,"Annotation of FDA Label for prasugrel and CYP2B6, CYP2C19, CYP2C9, CYP3A5",prasugrel,CYP2B6; CYP2C19; CYP2C9; CYP3A5,FDA,On FDA Biomarker List,"{'id': 1452529540, 'parents': [], 'resource': 'Genetic Testing Level', 'synonyms': [], 'term': 'No Clinical PGx', 'termId': 'geneTestLevel:1452529540', 'valid': True, 'version': 0}",False,ClinPGx
PA166104921,Annotation of FDA Label for omeprazole and CYP2C19,omeprazole,CYP2C19,FDA,On FDA Biomarker List,"{'id': 1183672141, 'description': 'The label mentions a gene or protein is involved in the metabolism or pharmacodynamics of the drug, but there is no information to suggest that variation in these genes/proteins leads to different response.', 'parents': [], 'resource': 'Genetic Testing Level', 'synonyms': [], 'term': 'Informative PGx', 'termId': 'geneTestLevel:1183672141', 'valid': True, 'version': 2}",False,ClinPGx
PA166177509,"Annotation of FDA Label for formoterol and CYP2C19, CYP2D6",formoterol,CYP2C19; CYP2D6,FDA,On FDA Biomarker List,,False,ClinPGx
PA166159707,Annotation of HCSC Label for atazanavir and CYP2C19,atazanavir,CYP2C19,HCSC,,"{'id': 1183672141, 'description': 'The label mentions a gene or protein is involved in the metabolism or pharmacodynamics of the drug, but there is no information to suggest that variation in these genes/proteins leads to different response.', 'parents': [], 'resource': 'Genetic Testing Level', 'synonyms': [], 'term': 'Informative PGx', 'termId': 'geneTestLevel:1183672141', 'valid': True, 'version': 2}",False,ClinPGx
PA166160049,Annotation of FDA Label for lacosamide and CYP2C19,lacosamide,CYP2C19,FDA,On FDA Biomarker List,"{'id': 1452529540, 'parents': [], 'resource': 'Genetic Testing Level', 'synonyms': [], 'term': 'No Clinical PGx', 'termId': 'geneTestLevel:1452529540', 'valid': True, 'version': 0}",False,ClinPGx
PA166160289,Annotation of HCSC Label for brivaracetam and CYP2C19,brivaracetam,CYP2C19,HCSC,,"{'id': 1183672141, 'description': 'The label mentions a gene or protein is involved in the metabolism or pharmacodynamics of the drug, but there is no information to suggest that variation in these genes/proteins leads to different response.', 'parents': [], 'resource': 'Genetic Testing Level', 'synonyms': [], 'term': 'Informative PGx', 'termId': 'geneTestLevel:1183672141', 'valid': True, 'version': 2}",False,ClinPGx
PA166160669,"Annotation of PMDA Label for escitalopram and CYP2C19, CYP2D6",escitalopram,CYP2C19; CYP2D6,PMDA,,"{'id': 1183672111, 'description': 'The label does not discuss genetic or other testing for gene/protein/chromosomal variants, but does contain information about changes in efficacy, dosage or toxicity due to such variants. The label may mention contraindication of the drug in a particular subset of patients but does not require or recommend gene, protein or chromosomal testing.', 'parents': [], 'resource': 'Genetic Testing Level', 'synonyms': [], 'term': 'Actionable PGx', 'termId': 'geneTestLevel:1183672111', 'valid': True, 'version': 2}",False,ClinPGx
PA166160720,Annotation of PMDA Label for omeprazole and CYP2C19,omeprazole,CYP2C19,PMDA,,"{'id': 1183672141, 'description': 'The label mentions a gene or protein is involved in the metabolism or pharmacodynamics of the drug, but there is no information to suggest that variation in these genes/proteins leads to different response.', 'parents': [], 'resource': 'Genetic Testing Level', 'synonyms': [], 'term': 'Informative PGx', 'termId': 'geneTestLevel:1183672141', 'valid': True, 'version': 2}",False,ClinPGx
PA166160846,Annotation of PMDA Label for rabeprazole and CYP2C19,rabeprazole,CYP2C19,PMDA,,"{'id': 1183672111, 'description': 'The label does not discuss genetic or other testing for gene/protein/chromosomal variants, but does contain information about changes in efficacy, dosage or toxicity due to such variants. The label may mention contraindication of the drug in a particular subset of patients but does not require or recommend gene, protein or chromosomal testing.', 'parents': [], 'resource': 'Genetic Testing Level', 'synonyms': [], 'term': 'Actionable PGx', 'termId': 'geneTestLevel:1183672111', 'valid': True, 'version': 2}",False,ClinPGx
PA166160856,Annotation of PMDA Label for voriconazole and CYP2C19,voriconazole,CYP2C19,PMDA,,"{'id': 1183672111, 'description': 'The label does not discuss genetic or other testing for gene/protein/chromosomal variants, but does contain information about changes in efficacy, dosage or toxicity due to such variants. The label may mention contraindication of the drug in a particular subset of patients but does not require or recommend gene, protein or chromosomal testing.', 'parents': [], 'resource': 'Genetic Testing Level', 'synonyms': [], 'term': 'Actionable PGx', 'termId': 'geneTestLevel:1183672111', 'valid': True, 'version': 2}",False,ClinPGx
PA166161536,Annotation of PMDA Label for atazanavir and CYP2C19,atazanavir,CYP2C19,PMDA,,"{'id': 1183672111, 'description': 'The label does not discuss genetic or other testing for gene/protein/chromosomal variants, but does contain information about changes in efficacy, dosage or toxicity due to such variants. The label may mention contraindication of the drug in a particular subset of patients but does not require or recommend gene, protein or chromosomal testing.', 'parents': [], 'resource': 'Genetic Testing Level', 'synonyms': [], 'term': 'Actionable PGx', 'termId': 'geneTestLevel:1183672111', 'valid': True, 'version': 2}",False,ClinPGx
PA166182932,Annotation of EMA Label for brivaracetam and CYP2C19,brivaracetam,CYP2C19,EMA,,"{'id': 1183672141, 'description': 'The label mentions a gene or protein is involved in the metabolism or pharmacodynamics of the drug, but there is no information to suggest that variation in these genes/proteins leads to different response.', 'parents': [], 'resource': 'Genetic Testing Level', 'synonyms': [], 'term': 'Informative PGx', 'termId': 'geneTestLevel:1183672141', 'valid': True, 'version': 2}",False,ClinPGx
PA166183171,Annotation of EMA Label for lacosamide and CYP2C19,lacosamide,CYP2C19,EMA,,"{'id': 1452529540, 'parents': [], 'resource': 'Genetic Testing Level', 'synonyms': [], 'term': 'No Clinical PGx', 'termId': 'geneTestLevel:1452529540', 'valid': True, 'version': 0}",False,ClinPGx
PA166183900,Annotation of Swissmedic Label for moclobemide and CYP2C19,moclobemide,CYP2C19,Swissmedic,,"{'id': 1183672111, 'description': 'The label does not discuss genetic or other testing for gene/protein/chromosomal variants, but does contain information about changes in efficacy, dosage or toxicity due to such variants. The label may mention contraindication of the drug in a particular subset of patients but does not require or recommend gene, protein or chromosomal testing.', 'parents': [], 'resource': 'Genetic Testing Level', 'synonyms': [], 'term': 'Actionable PGx', 'termId': 'geneTestLevel:1183672111', 'valid': True, 'version': 2}",False,ClinPGx
PA166184123,"Annotation of Swissmedic Label for citalopram and CYP2C19, CYP2D6",citalopram,CYP2C19; CYP2D6,Swissmedic,,"{'id': 1183672111, 'description': 'The label does not discuss genetic or other testing for gene/protein/chromosomal variants, but does contain information about changes in efficacy, dosage or toxicity due to such variants. The label may mention contraindication of the drug in a particular subset of patients but does not require or recommend gene, protein or chromosomal testing.', 'parents': [], 'resource': 'Genetic Testing Level', 'synonyms': [], 'term': 'Actionable PGx', 'termId': 'geneTestLevel:1183672111', 'valid': True, 'version': 2}",False,ClinPGx
PA166184125,Annotation of Swissmedic Label for clopidogrel and CYP2C19,clopidogrel,CYP2C19,Swissmedic,,"{'id': 1183672111, 'description': 'The label does not discuss genetic or other testing for gene/protein/chromosomal variants, but does contain information about changes in efficacy, dosage or toxicity due to such variants. The label may mention contraindication of the drug in a particular subset of patients but does not require or recommend gene, protein or chromosomal testing.', 'parents': [], 'resource': 'Genetic Testing Level', 'synonyms': [], 'term': 'Actionable PGx', 'termId': 'geneTestLevel:1183672111', 'valid': True, 'version': 2}",False,ClinPGx
PA166184133,Annotation of Swissmedic Label for dexlansoprazole and CYP2C19,dexlansoprazole,CYP2C19,Swissmedic,,"{'id': 1183672111, 'description': 'The label does not discuss genetic or other testing for gene/protein/chromosomal variants, but does contain information about changes in efficacy, dosage or toxicity due to such variants. The label may mention contraindication of the drug in a particular subset of patients but does not require or recommend gene, protein or chromosomal testing.', 'parents': [], 'resource': 'Genetic Testing Level', 'synonyms': [], 'term': 'Actionable PGx', 'termId': 'geneTestLevel:1183672111', 'valid': True, 'version': 2}",False,ClinPGx
PA166184159,Annotation of Swissmedic Label for omeprazole and CYP2C19,omeprazole,CYP2C19,Swissmedic,,"{'id': 1183672111, 'description': 'The label does not discuss genetic or other testing for gene/protein/chromosomal variants, but does contain information about changes in efficacy, dosage or toxicity due to such variants. The label may mention contraindication of the drug in a particular subset of patients but does not require or recommend gene, protein or chromosomal testing.', 'parents': [], 'resource': 'Genetic Testing Level', 'synonyms': [], 'term': 'Actionable PGx', 'termId': 'geneTestLevel:1183672111', 'valid': True, 'version': 2}",False,ClinPGx
PA166184222,Annotation of Swissmedic Label for pantoprazole and CYP2C19,pantoprazole,CYP2C19,Swissmedic,,"{'id': 1183672141, 'description': 'The label mentions a gene or protein is involved in the metabolism or pharmacodynamics of the drug, but there is no information to suggest that variation in these genes/proteins leads to different response.', 'parents': [], 'resource': 'Genetic Testing Level', 'synonyms': [], 'term': 'Informative PGx', 'termId': 'geneTestLevel:1183672141', 'valid': True, 'version': 2}",False,ClinPGx
PA166184238,Annotation of Swissmedic Label for voriconazole and CYP2C19,voriconazole,CYP2C19,Swissmedic,,"{'id': 1183672111, 'description': 'The label does not discuss genetic or other testing for gene/protein/chromosomal variants, but does contain information about changes in efficacy, dosage or toxicity due to such variants. The label may mention contraindication of the drug in a particular subset of patients but does not require or recommend gene, protein or chromosomal testing.', 'parents': [], 'resource': 'Genetic Testing Level', 'synonyms': [], 'term': 'Actionable PGx', 'termId': 'geneTestLevel:1183672111', 'valid': True, 'version': 2}",False,ClinPGx
PA166184380,"Annotation of Swissmedic Label for brivaracetam and CYP2C19, CYP2C9",brivaracetam,CYP2C19; CYP2C9,Swissmedic,,"{'id': 1183672141, 'description': 'The label mentions a gene or protein is involved in the metabolism or pharmacodynamics of the drug, but there is no information to suggest that variation in these genes/proteins leads to different response.', 'parents': [], 'resource': 'Genetic Testing Level', 'synonyms': [], 'term': 'Informative PGx', 'termId': 'geneTestLevel:1183672141', 'valid': True, 'version': 2}",False,ClinPGx
PA166184382,Annotation of Swissmedic Label for lansoprazole and CYP2C19,lansoprazole,CYP2C19,Swissmedic,,"{'id': 1183672111, 'description': 'The label does not discuss genetic or other testing for gene/protein/chromosomal variants, but does contain information about changes in efficacy, dosage or toxicity due to such variants. The label may mention contraindication of the drug in a particular subset of patients but does not require or recommend gene, protein or chromosomal testing.', 'parents': [], 'resource': 'Genetic Testing Level', 'synonyms': [], 'term': 'Actionable PGx', 'termId': 'geneTestLevel:1183672111', 'valid': True, 'version': 2}",False,ClinPGx
PA166184394,"Annotation of Swissmedic Label for prasugrel and CYP2B6, CYP2C19, CYP2C9, CYP3A5",prasugrel,CYP2B6; CYP2C19; CYP2C9; CYP3A5,Swissmedic,,"{'id': 1183672141, 'description': 'The label mentions a gene or protein is involved in the metabolism or pharmacodynamics of the drug, but there is no information to suggest that variation in these genes/proteins leads to different response.', 'parents': [], 'resource': 'Genetic Testing Level', 'synonyms': [], 'term': 'Informative PGx', 'termId': 'geneTestLevel:1183672141', 'valid': True, 'version': 2}",False,ClinPGx
PA166184396,Annotation of Swissmedic Label for rabeprazole and CYP2C19,rabeprazole,CYP2C19,Swissmedic,,"{'id': 1183672111, 'description': 'The label does not discuss genetic or other testing for gene/protein/chromosomal variants, but does contain information about changes in efficacy, dosage or toxicity due to such variants. The label may mention contraindication of the drug in a particular subset of patients but does not require or recommend gene, protein or chromosomal testing.', 'parents': [], 'resource': 'Genetic Testing Level', 'synonyms': [], 'term': 'Actionable PGx', 'termId': 'geneTestLevel:1183672111', 'valid': True, 'version': 2}",False,ClinPGx
PA166184445,Annotation of Swissmedic Label for escitalopram and CYP2C19,escitalopram,CYP2C19,Swissmedic,,"{'id': 1183672111, 'description': 'The label does not discuss genetic or other testing for gene/protein/chromosomal variants, but does contain information about changes in efficacy, dosage or toxicity due to such variants. The label may mention contraindication of the drug in a particular subset of patients but does not require or recommend gene, protein or chromosomal testing.', 'parents': [], 'resource': 'Genetic Testing Level', 'synonyms': [], 'term': 'Actionable PGx', 'termId': 'geneTestLevel:1183672111', 'valid': True, 'version': 2}",False,ClinPGx
PA166271481,Annotation of HCSC Label for escitalopram and CYP2C19,escitalopram,CYP2C19,HCSC,,"{'id': 1183672111, 'description': 'The label does not discuss genetic or other testing for gene/protein/chromosomal variants, but does contain information about changes in efficacy, dosage or toxicity due to such variants. The label may mention contraindication of the drug in a particular subset of patients but does not require or recommend gene, protein or chromosomal testing.', 'parents': [], 'resource': 'Genetic Testing Level', 'synonyms': [], 'term': 'Actionable PGx', 'termId': 'geneTestLevel:1183672111', 'valid': True, 'version': 2}",False,ClinPGx
PA166268882,"Annotation of FDA Label for belzutifan and CYP2C19, UGT2B17",belzutifan,CYP2C19; UGT2B17,FDA,On FDA Biomarker List,"{'id': 1183672111, 'description': 'The label does not discuss genetic or other testing for gene/protein/chromosomal variants, but does contain information about changes in efficacy, dosage or toxicity due to such variants. The label may mention contraindication of the drug in a particular subset of patients but does not require or recommend gene, protein or chromosomal testing.', 'parents': [], 'resource': 'Genetic Testing Level', 'synonyms': [], 'term': 'Actionable PGx', 'termId': 'geneTestLevel:1183672111', 'valid': True, 'version': 2}",False,ClinPGx
PA166272961,Annotation of FDA Label for abrocitinib and CYP2C19,abrocitinib,CYP2C19,FDA,On FDA Biomarker List,"{'id': 1183672111, 'description': 'The label does not discuss genetic or other testing for gene/protein/chromosomal variants, but does contain information about changes in efficacy, dosage or toxicity due to such variants. The label may mention contraindication of the drug in a particular subset of patients but does not require or recommend gene, protein or chromosomal testing.', 'parents': [], 'resource': 'Genetic Testing Level', 'synonyms': [], 'term': 'Actionable PGx', 'termId': 'geneTestLevel:1183672111', 'valid': True, 'version': 2}",False,ClinPGx
PA166272981,"Annotation of EMA Label for abrocitinib and CYP2C19, CYP2C9",abrocitinib,CYP2C19; CYP2C9,EMA,,"{'id': 1452529540, 'parents': [], 'resource': 'Genetic Testing Level', 'synonyms': [], 'term': 'No Clinical PGx', 'termId': 'geneTestLevel:1452529540', 'valid': True, 'version': 0}",False,ClinPGx
PA166273001,"Annotation of HCSC Label for abrocitinib and CYP2C19, CYP2C9",abrocitinib,CYP2C19; CYP2C9,HCSC,,"{'id': 1452529540, 'parents': [], 'resource': 'Genetic Testing Level', 'synonyms': [], 'term': 'No Clinical PGx', 'termId': 'geneTestLevel:1452529540', 'valid': True, 'version': 0}",False,ClinPGx
PA166278001,"Annotation of HCSC Label for belzutifan and CYP2C19, UGT2B17",belzutifan,CYP2C19; UGT2B17,HCSC,,"{'id': 1183672111, 'description': 'The label does not discuss genetic or other testing for gene/protein/chromosomal variants, but does contain information about changes in efficacy, dosage or toxicity due to such variants. The label may mention contraindication of the drug in a particular subset of patients but does not require or recommend gene, protein or chromosomal testing.', 'parents': [], 'resource': 'Genetic Testing Level', 'synonyms': [], 'term': 'Actionable PGx', 'termId': 'geneTestLevel:1183672111', 'valid': True, 'version': 2}",False,ClinPGx
PA166273021,Annotation of FDA Label for mavacamten and CYP2C19,mavacamten,CYP2C19,FDA,On FDA Biomarker List,"{'id': 1183672141, 'description': 'The label mentions a gene or protein is involved in the metabolism or pharmacodynamics of the drug, but there is no information to suggest that variation in these genes/proteins leads to different response.', 'parents': [], 'resource': 'Genetic Testing Level', 'synonyms': [], 'term': 'Informative PGx', 'termId': 'geneTestLevel:1183672141', 'valid': True, 'version': 2}",False,ClinPGx
PA166317641,Annotation of EMA Label for mavacamten and CYP2C19,mavacamten,CYP2C19,EMA,,"{'id': 1183672041, 'description': 'The label states or implies that some sort of gene, protein or chromosomal testing, including genetic testing, functional protein assays, cytogenetic studies, etc., should be conducted before using this drug. This requirement may only be for a particular subset of patients. PharmGKB considers labels that state the variant is an indication for the drug, as implying a test requirement. If the label states a test ""should be"" performed, this is also interpreted as a requirement.', 'parents': [], 'resource': 'Genetic Testing Level', 'synonyms': [], 'term': 'Testing Required', 'termId': 'geneTestLevel:1183672041', 'valid': True, 'version': 3}",False,ClinPGx
PA166317981,Annotation of HCSC Label for mavacamten and CYP2C19,mavacamten,CYP2C19,HCSC,,"{'id': 1183672141, 'description': 'The label mentions a gene or protein is involved in the metabolism or pharmacodynamics of the drug, but there is no information to suggest that variation in these genes/proteins leads to different response.', 'parents': [], 'resource': 'Genetic Testing Level', 'synonyms': [], 'term': 'Informative PGx', 'termId': 'geneTestLevel:1183672141', 'valid': True, 'version': 2}",False,ClinPGx
PA166337961,Annotation of FDA Label for atazanavir and CYP2C19,atazanavir,CYP2C19,FDA,,"{'id': 1183672141, 'description': 'The label mentions a gene or protein is involved in the metabolism or pharmacodynamics of the drug, but there is no information to suggest that variation in these genes/proteins leads to different response.', 'parents': [], 'resource': 'Genetic Testing Level', 'synonyms': [], 'term': 'Informative PGx', 'termId': 'geneTestLevel:1183672141', 'valid': True, 'version': 2}",False,ClinPGx
PA166340161,"Annotation of FDA Label for axitinib and CYP2C19, UGT1A1",axitinib,CYP2C19; UGT1A1,FDA,,"{'id': 1452529540, 'parents': [], 'resource': 'Genetic Testing Level', 'synonyms': [], 'term': 'No Clinical PGx', 'termId': 'geneTestLevel:1452529540', 'valid': True, 'version': 0}",False,ClinPGx
PA166340181,"Annotation of HCSC Label for axitinib and CYP2C19, UGT1A1",axitinib,CYP2C19; UGT1A1,HCSC,,"{'id': 1452529540, 'parents': [], 'resource': 'Genetic Testing Level', 'synonyms': [], 'term': 'No Clinical PGx', 'termId': 'geneTestLevel:1452529540', 'valid': True, 'version': 0}",False,ClinPGx
PA166345022,Annotation of FDA Label for flibanserin and CYP2C19,flibanserin,CYP2C19,FDA,On FDA Biomarker List,"{'id': 1183672111, 'description': 'The label does not discuss genetic or other testing for gene/protein/chromosomal variants, but does contain information about changes in efficacy, dosage or toxicity due to such variants. The label may mention contraindication of the drug in a particular subset of patients but does not require or recommend gene, protein or chromosomal testing.', 'parents': [], 'resource': 'Genetic Testing Level', 'synonyms': [], 'term': 'Actionable PGx', 'termId': 'geneTestLevel:1183672111', 'valid': True, 'version': 2}",False,ClinPGx
PA166351741,Annotation of FDA Label for phenytoin and CYP2C19,phenytoin,CYP2C19,FDA,On FDA Biomarker List,"{'id': 1183672141, 'description': 'The label mentions a gene or protein is involved in the metabolism or pharmacodynamics of the drug, but there is no information to suggest that variation in these genes/proteins leads to different response.', 'parents': [], 'resource': 'Genetic Testing Level', 'synonyms': [], 'term': 'Informative PGx', 'termId': 'geneTestLevel:1183672141', 'valid': True, 'version': 2}",False,ClinPGx
PA166355442,Annotation of HCSC Label for clobazam and CYP2C19,clobazam,CYP2C19,HCSC,,"{'id': 1183672111, 'description': 'The label does not discuss genetic or other testing for gene/protein/chromosomal variants, but does contain information about changes in efficacy, dosage or toxicity due to such variants. The label may mention contraindication of the drug in a particular subset of patients but does not require or recommend gene, protein or chromosomal testing.', 'parents': [], 'resource': 'Genetic Testing Level', 'synonyms': [], 'term': 'Actionable PGx', 'termId': 'geneTestLevel:1183672111', 'valid': True, 'version': 2}",False,ClinPGx
PA166357701,"Annotation of HCSC Label for diazepam and CYP2C19, CYP3A4",diazepam,CYP2C19; CYP3A4,HCSC,,"{'id': 1183672141, 'description': 'The label mentions a gene or protein is involved in the metabolism or pharmacodynamics of the drug, but there is no information to suggest that variation in these genes/proteins leads to different response.', 'parents': [], 'resource': 'Genetic Testing Level', 'synonyms': [], 'term': 'Informative PGx', 'termId': 'geneTestLevel:1183672141', 'valid': True, 'version': 2}",False,ClinPGx
PA166357721,"Annotation of HCSC Label for doxepin and CYP2C19, CYP2D6",doxepin,CYP2C19; CYP2D6,HCSC,,"{'id': 1183672141, 'description': 'The label mentions a gene or protein is involved in the metabolism or pharmacodynamics of the drug, but there is no information to suggest that variation in these genes/proteins leads to different response.', 'parents': [], 'resource': 'Genetic Testing Level', 'synonyms': [], 'term': 'Informative PGx', 'termId': 'geneTestLevel:1183672141', 'valid': True, 'version': 2}",False,ClinPGx
PA166357726,Annotation of HCSC Label for flibanserin and CYP2C19,flibanserin,CYP2C19,HCSC,,"{'id': 1183672111, 'description': 'The label does not discuss genetic or other testing for gene/protein/chromosomal variants, but does contain information about changes in efficacy, dosage or toxicity due to such variants. The label may mention contraindication of the drug in a particular subset of patients but does not require or recommend gene, protein or chromosomal testing.', 'parents': [], 'resource': 'Genetic Testing Level', 'synonyms': [], 'term': 'Actionable PGx', 'termId': 'geneTestLevel:1183672111', 'valid': True, 'version': 2}",False,ClinPGx
PA166357821,Annotation of HCSC Label for lacosamide and CYP2C19,lacosamide,CYP2C19,HCSC,,"{'id': 1452529540, 'parents': [], 'resource': 'Genetic Testing Level', 'synonyms': [], 'term': 'No Clinical PGx', 'termId': 'geneTestLevel:1452529540', 'valid': True, 'version': 0}",False,ClinPGx
PA166358861,"Annotation of HCSC Label for prasugrel and CYP2B6, CYP2C19, CYP2C9, CYP3A5",prasugrel,CYP2B6; CYP2C19; CYP2C9; CYP3A5,HCSC,,"{'id': 1452529540, 'parents': [], 'resource': 'Genetic Testing Level', 'synonyms': [], 'term': 'No Clinical PGx', 'termId': 'geneTestLevel:1452529540', 'valid': True, 'version': 0}",False,ClinPGx
PA166359241,Annotation of HCSC Label for ticagrelor and CYP2C19,ticagrelor,CYP2C19,HCSC,,"{'id': 1452529540, 'parents': [], 'resource': 'Genetic Testing Level', 'synonyms': [], 'term': 'No Clinical PGx', 'termId': 'geneTestLevel:1452529540', 'valid': True, 'version': 0}",False,ClinPGx
PA166359761,"Annotation of HCSC Label for amitriptyline and CYP2C19, CYP2D6",amitriptyline,CYP2C19; CYP2D6,HCSC,,"{'id': 1183672111, 'description': 'The label does not discuss genetic or other testing for gene/protein/chromosomal variants, but does contain information about changes in efficacy, dosage or toxicity due to such variants. The label may mention contraindication of the drug in a particular subset of patients but does not require or recommend gene, protein or chromosomal testing.', 'parents': [], 'resource': 'Genetic Testing Level', 'synonyms': [], 'term': 'Actionable PGx', 'termId': 'geneTestLevel:1183672111', 'valid': True, 'version': 2}",False,ClinPGx
PA166398581,"Annotation of HCSC Label for clomipramine and CYP2C19, CYP2D6",clomipramine,CYP2C19; CYP2D6,HCSC,,"{'id': 1183672111, 'description': 'The label does not discuss genetic or other testing for gene/protein/chromosomal variants, but does contain information about changes in efficacy, dosage or toxicity due to such variants. The label may mention contraindication of the drug in a particular subset of patients but does not require or recommend gene, protein or chromosomal testing.', 'parents': [], 'resource': 'Genetic Testing Level', 'synonyms': [], 'term': 'Actionable PGx', 'termId': 'geneTestLevel:1183672111', 'valid': True, 'version': 2}",False,ClinPGx
PA166317483,"Annotation of EMA Label for belzutifan and CYP2C19, UGT2B17",belzutifan,CYP2C19; UGT2B17,EMA,,"{'id': 1183672111, 'description': 'The label does not discuss genetic or other testing for gene/protein/chromosomal variants, but does contain information about changes in efficacy, dosage or toxicity due to such variants. The label may mention contraindication of the drug in a particular subset of patients but does not require or recommend gene, protein or chromosomal testing.', 'parents': [], 'resource': 'Genetic Testing Level', 'synonyms': [], 'term': 'Actionable PGx', 'termId': 'geneTestLevel:1183672111', 'valid': True, 'version': 2}",False,ClinPGx
PA166415701,Annotation of HCSC Label for lansoprazole and CYP2C19,lansoprazole,CYP2C19,HCSC,,"{'id': 1183672141, 'description': 'The label mentions a gene or protein is involved in the metabolism or pharmacodynamics of the drug, but there is no information to suggest that variation in these genes/proteins leads to different response.', 'parents': [], 'resource': 'Genetic Testing Level', 'synonyms': [], 'term': 'Informative PGx', 'termId': 'geneTestLevel:1183672141', 'valid': True, 'version': 2}",False,ClinPGx
PA166104776,"Annotation of FDA Label for warfarin and CYP2C9, VKORC1",warfarin,CYP2C9; VKORC1,FDA,On FDA Biomarker List,"{'id': 1183672111, 'description': 'The label does not discuss genetic or other testing for gene/protein/chromosomal variants, but does contain information about changes in efficacy, dosage or toxicity due to such variants. The label may mention contraindication of the drug in a particular subset of patients but does not require or recommend gene, protein or chromosomal testing.', 'parents': [], 'resource': 'Genetic Testing Level', 'synonyms': [], 'term': 'Actionable PGx', 'termId': 'geneTestLevel:1183672111', 'valid': True, 'version': 2}",False,ClinPGx
PA166104843,Annotation of FDA Label for celecoxib and CYP2C9,celecoxib,CYP2C9,FDA,On FDA Biomarker List,"{'id': 1183672111, 'description': 'The label does not discuss genetic or other testing for gene/protein/chromosomal variants, but does contain information about changes in efficacy, dosage or toxicity due to such variants. The label may mention contraindication of the drug in a particular subset of patients but does not require or recommend gene, protein or chromosomal testing.', 'parents': [], 'resource': 'Genetic Testing Level', 'synonyms': [], 'term': 'Actionable PGx', 'termId': 'geneTestLevel:1183672111', 'valid': True, 'version': 2}",True,ClinPGx
PA166104860,"Annotation of FDA Label for phenytoin and CYP2C9, HLA-B",phenytoin,CYP2C9; HLA-B,FDA,On FDA Biomarker List,"{'id': 1183672111, 'description': 'The label does not discuss genetic or other testing for gene/protein/chromosomal variants, but does contain information about changes in efficacy, dosage or toxicity due to such variants. The label may mention contraindication of the drug in a particular subset of patients but does not require or recommend gene, protein or chromosomal testing.', 'parents': [], 'resource': 'Genetic Testing Level', 'synonyms': [], 'term': 'Actionable PGx', 'termId': 'geneTestLevel:1183672111', 'valid': True, 'version': 2}",True,ClinPGx
PA166105222,Annotation of FDA Label for piroxicam and CYP2C9,piroxicam,CYP2C9,FDA,On FDA Biomarker List,"{'id': 1183672111, 'description': 'The label does not discuss genetic or other testing for gene/protein/chromosomal variants, but does contain information about changes in efficacy, dosage or toxicity due to such variants. The label may mention contraindication of the drug in a particular subset of patients but does not require or recommend gene, protein or chromosomal testing.', 'parents': [], 'resource': 'Genetic Testing Level', 'synonyms': [], 'term': 'Actionable PGx', 'termId': 'geneTestLevel:1183672111', 'valid': True, 'version': 2}",False,ClinPGx
PA166127647,Annotation of HCSC Label for celecoxib and CYP2C9,celecoxib,CYP2C9,HCSC,,"{'id': 1183672111, 'description': 'The label does not discuss genetic or other testing for gene/protein/chromosomal variants, but does contain information about changes in efficacy, dosage or toxicity due to such variants. The label may mention contraindication of the drug in a particular subset of patients but does not require or recommend gene, protein or chromosomal testing.', 'parents': [], 'resource': 'Genetic Testing Level', 'synonyms': [], 'term': 'Actionable PGx', 'termId': 'geneTestLevel:1183672111', 'valid': True, 'version': 2}",False,ClinPGx
PA166127732,"Annotation of HCSC Label for warfarin and CYP2C9, VKORC1",warfarin,CYP2C9; VKORC1,HCSC,,"{'id': 1183672111, 'description': 'The label does not discuss genetic or other testing for gene/protein/chromosomal variants, but does contain information about changes in efficacy, dosage or toxicity due to such variants. The label may mention contraindication of the drug in a particular subset of patients but does not require or recommend gene, protein or chromosomal testing.', 'parents': [], 'resource': 'Genetic Testing Level', 'synonyms': [], 'term': 'Actionable PGx', 'termId': 'geneTestLevel:1183672111', 'valid': True, 'version': 2}",False,ClinPGx
PA166153432,"Annotation of FDA Label for flibanserin and CYP2C9, CYP2D6",flibanserin,CYP2C9; CYP2D6,FDA,On FDA Biomarker List,"{'id': 1183672141, 'description': 'The label mentions a gene or protein is involved in the metabolism or pharmacodynamics of the drug, but there is no information to suggest that variation in these genes/proteins leads to different response.', 'parents': [], 'resource': 'Genetic Testing Level', 'synonyms': [], 'term': 'Informative PGx', 'termId': 'geneTestLevel:1183672141', 'valid': True, 'version': 2}",False,ClinPGx
PA166104922,Annotation of FDA Label for flurbiprofen and CYP2C9,flurbiprofen,CYP2C9,FDA,On FDA Biomarker List,"{'id': 1183672111, 'description': 'The label does not discuss genetic or other testing for gene/protein/chromosomal variants, but does contain information about changes in efficacy, dosage or toxicity due to such variants. The label may mention contraindication of the drug in a particular subset of patients but does not require or recommend gene, protein or chromosomal testing.', 'parents': [], 'resource': 'Genetic Testing Level', 'synonyms': [], 'term': 'Actionable PGx', 'termId': 'geneTestLevel:1183672111', 'valid': True, 'version': 2}",False,ClinPGx
PA166182722,Annotation of FDA Label for erdafitinib and CYP2C9,erdafitinib,CYP2C9,FDA,On FDA Biomarker List,"{'id': 1183672111, 'description': 'The label does not discuss genetic or other testing for gene/protein/chromosomal variants, but does contain information about changes in efficacy, dosage or toxicity due to such variants. The label may mention contraindication of the drug in a particular subset of patients but does not require or recommend gene, protein or chromosomal testing.', 'parents': [], 'resource': 'Genetic Testing Level', 'synonyms': [], 'term': 'Actionable PGx', 'termId': 'geneTestLevel:1183672111', 'valid': True, 'version': 2}",False,ClinPGx
PA166182738,Annotation of FDA Label for siponimod and CYP2C9,siponimod,CYP2C9,FDA,On FDA Biomarker List,"{'id': 1183672041, 'description': 'The label states or implies that some sort of gene, protein or chromosomal testing, including genetic testing, functional protein assays, cytogenetic studies, etc., should be conducted before using this drug. This requirement may only be for a particular subset of patients. PharmGKB considers labels that state the variant is an indication for the drug, as implying a test requirement. If the label states a test ""should be"" performed, this is also interpreted as a requirement.', 'parents': [], 'resource': 'Genetic Testing Level', 'synonyms': [], 'term': 'Testing Required', 'termId': 'geneTestLevel:1183672041', 'valid': True, 'version': 3}",True,ClinPGx
PA166182753,Annotation of FDA Label for meloxicam and CYP2C9,meloxicam,CYP2C9,FDA,On FDA Biomarker List,"{'id': 1183672141, 'description': 'The label mentions a gene or protein is involved in the metabolism or pharmacodynamics of the drug, but there is no information to suggest that variation in these genes/proteins leads to different response.', 'parents': [], 'resource': 'Genetic Testing Level', 'synonyms': [], 'term': 'Informative PGx', 'termId': 'geneTestLevel:1183672141', 'valid': True, 'version': 2}",False,ClinPGx
PA166160007,Annotation of FDA Label for lesinurad and CYP2C9,lesinurad,CYP2C9,FDA,On FDA Biomarker List,"{'id': 1183672111, 'description': 'The label does not discuss genetic or other testing for gene/protein/chromosomal variants, but does contain information about changes in efficacy, dosage or toxicity due to such variants. The label may mention contraindication of the drug in a particular subset of patients but does not require or recommend gene, protein or chromosomal testing.', 'parents': [], 'resource': 'Genetic Testing Level', 'synonyms': [], 'term': 'Actionable PGx', 'termId': 'geneTestLevel:1183672111', 'valid': True, 'version': 2}",False,ClinPGx
PA166160153,Annotation of PMDA Label for celecoxib and CYP2C9,celecoxib,CYP2C9,PMDA,,"{'id': 1183672111, 'description': 'The label does not discuss genetic or other testing for gene/protein/chromosomal variants, but does contain information about changes in efficacy, dosage or toxicity due to such variants. The label may mention contraindication of the drug in a particular subset of patients but does not require or recommend gene, protein or chromosomal testing.', 'parents': [], 'resource': 'Genetic Testing Level', 'synonyms': [], 'term': 'Actionable PGx', 'termId': 'geneTestLevel:1183672111', 'valid': True, 'version': 2}",False,ClinPGx
PA166163422,Annotation of FDA Label for dronabinol and CYP2C9,dronabinol,CYP2C9,FDA,On FDA Biomarker List,"{'id': 1183672111, 'description': 'The label does not discuss genetic or other testing for gene/protein/chromosomal variants, but does contain information about changes in efficacy, dosage or toxicity due to such variants. The label may mention contraindication of the drug in a particular subset of patients but does not require or recommend gene, protein or chromosomal testing.', 'parents': [], 'resource': 'Genetic Testing Level', 'synonyms': [], 'term': 'Actionable PGx', 'termId': 'geneTestLevel:1183672111', 'valid': True, 'version': 2}",False,ClinPGx
PA166183181,Annotation of EMA Label for lesinurad and CYP2C9,lesinurad,CYP2C9,EMA,,"{'id': 1183672111, 'description': 'The label does not discuss genetic or other testing for gene/protein/chromosomal variants, but does contain information about changes in efficacy, dosage or toxicity due to such variants. The label may mention contraindication of the drug in a particular subset of patients but does not require or recommend gene, protein or chromosomal testing.', 'parents': [], 'resource': 'Genetic Testing Level', 'synonyms': [], 'term': 'Actionable PGx', 'termId': 'geneTestLevel:1183672111', 'valid': True, 'version': 2}",False,ClinPGx
PA166183593,Annotation of Swissmedic Label for acenocoumarol and CYP2C9,acenocoumarol,CYP2C9,Swissmedic,,"{'id': 1183672111, 'description': 'The label does not discuss genetic or other testing for gene/protein/chromosomal variants, but does contain information about changes in efficacy, dosage or toxicity due to such variants. The label may mention contraindication of the drug in a particular subset of patients but does not require or recommend gene, protein or chromosomal testing.', 'parents': [], 'resource': 'Genetic Testing Level', 'synonyms': [], 'term': 'Actionable PGx', 'termId': 'geneTestLevel:1183672111', 'valid': True, 'version': 2}",False,ClinPGx
PA166184119,Annotation of Swissmedic Label for celecoxib and CYP2C9,celecoxib,CYP2C9,Swissmedic,,"{'id': 1183672111, 'description': 'The label does not discuss genetic or other testing for gene/protein/chromosomal variants, but does contain information about changes in efficacy, dosage or toxicity due to such variants. The label may mention contraindication of the drug in a particular subset of patients but does not require or recommend gene, protein or chromosomal testing.', 'parents': [], 'resource': 'Genetic Testing Level', 'synonyms': [], 'term': 'Actionable PGx', 'termId': 'geneTestLevel:1183672111', 'valid': True, 'version': 2}",False,ClinPGx
PA166184345,"Annotation of Swissmedic Label for phenytoin and CYP2C9, HLA-B",phenytoin,CYP2C9; HLA-B,Swissmedic,,"{'id': 1183672111, 'description': 'The label does not discuss genetic or other testing for gene/protein/chromosomal variants, but does contain information about changes in efficacy, dosage or toxicity due to such variants. The label may mention contraindication of the drug in a particular subset of patients but does not require or recommend gene, protein or chromosomal testing.', 'parents': [], 'resource': 'Genetic Testing Level', 'synonyms': [], 'term': 'Actionable PGx', 'termId': 'geneTestLevel:1183672111', 'valid': True, 'version': 2}",False,ClinPGx
PA166184373,Annotation of Swissmedic Label for piroxicam and CYP2C9,piroxicam,CYP2C9,Swissmedic,,"{'id': 1183672111, 'description': 'The label does not discuss genetic or other testing for gene/protein/chromosomal variants, but does contain information about changes in efficacy, dosage or toxicity due to such variants. The label may mention contraindication of the drug in a particular subset of patients but does not require or recommend gene, protein or chromosomal testing.', 'parents': [], 'resource': 'Genetic Testing Level', 'synonyms': [], 'term': 'Actionable PGx', 'termId': 'geneTestLevel:1183672111', 'valid': True, 'version': 2}",False,ClinPGx
PA166184385,Annotation of Swissmedic Label for lesinurad and CYP2C9,lesinurad,CYP2C9,Swissmedic,,"{'id': 1183672141, 'description': 'The label mentions a gene or protein is involved in the metabolism or pharmacodynamics of the drug, but there is no information to suggest that variation in these genes/proteins leads to different response.', 'parents': [], 'resource': 'Genetic Testing Level', 'synonyms': [], 'term': 'Informative PGx', 'termId': 'geneTestLevel:1183672141', 'valid': True, 'version': 2}",False,ClinPGx
PA166184388,"Annotation of Swissmedic Label for losartan and CYP2C9, CYP3A4",losartan,CYP2C9; CYP3A4,Swissmedic,,"{'id': 1183672111, 'description': 'The label does not discuss genetic or other testing for gene/protein/chromosomal variants, but does contain information about changes in efficacy, dosage or toxicity due to such variants. The label may mention contraindication of the drug in a particular subset of patients but does not require or recommend gene, protein or chromosomal testing.', 'parents': [], 'resource': 'Genetic Testing Level', 'synonyms': [], 'term': 'Actionable PGx', 'termId': 'geneTestLevel:1183672111', 'valid': True, 'version': 2}",False,ClinPGx
PA166184917,Annotation of FDA Label for avatrombopag and CYP2C9,avatrombopag,CYP2C9,FDA,On FDA Biomarker List,"{'id': 1183672141, 'description': 'The label mentions a gene or protein is involved in the metabolism or pharmacodynamics of the drug, but there is no information to suggest that variation in these genes/proteins leads to different response.', 'parents': [], 'resource': 'Genetic Testing Level', 'synonyms': [], 'term': 'Informative PGx', 'termId': 'geneTestLevel:1183672141', 'valid': True, 'version': 2}",False,ClinPGx
PA166185190,"Annotation of FDA Label for ospemifene and CYP2B6, CYP2C9",ospemifene,CYP2B6; CYP2C9,FDA,On FDA Biomarker List,,False,ClinPGx
PA166225042,Annotation of FDA Label for rimegepant and CYP2C9,rimegepant,CYP2C9,FDA,On FDA Biomarker List,"{'id': 1452529540, 'parents': [], 'resource': 'Genetic Testing Level', 'synonyms': [], 'term': 'No Clinical PGx', 'termId': 'geneTestLevel:1452529540', 'valid': True, 'version': 0}",False,ClinPGx
PA166240301,"Annotation of EMA Label for avatrombopag and CYP2C9, F2, F5, PROC, PROS1, SERPINC1",avatrombopag,CYP2C9; F2; F5; PROC; PROS1; SERPINC1,EMA,,"{'id': 1183672111, 'description': 'The label does not discuss genetic or other testing for gene/protein/chromosomal variants, but does contain information about changes in efficacy, dosage or toxicity due to such variants. The label may mention contraindication of the drug in a particular subset of patients but does not require or recommend gene, protein or chromosomal testing.', 'parents': [], 'resource': 'Genetic Testing Level', 'synonyms': [], 'term': 'Actionable PGx', 'termId': 'geneTestLevel:1183672111', 'valid': True, 'version': 2}",False,ClinPGx
PA166182766,"Annotation of FDA Label for fosphenytoin and CYP2C9, HLA-B",fosphenytoin,CYP2C9; HLA-B,FDA,On FDA Biomarker List,"{'id': 1183672111, 'description': 'The label does not discuss genetic or other testing for gene/protein/chromosomal variants, but does contain information about changes in efficacy, dosage or toxicity due to such variants. The label may mention contraindication of the drug in a particular subset of patients but does not require or recommend gene, protein or chromosomal testing.', 'parents': [], 'resource': 'Genetic Testing Level', 'synonyms': [], 'term': 'Actionable PGx', 'termId': 'geneTestLevel:1183672111', 'valid': True, 'version': 2}",True,ClinPGx
PA166269121,Annotation of FDA Label for nateglinide and CYP2C9,nateglinide,CYP2C9,FDA,On FDA Biomarker List,"{'id': 1183672141, 'description': 'The label mentions a gene or protein is involved in the metabolism or pharmacodynamics of the drug, but there is no information to suggest that variation in these genes/proteins leads to different response.', 'parents': [], 'resource': 'Genetic Testing Level', 'synonyms': [], 'term': 'Informative PGx', 'termId': 'geneTestLevel:1183672141', 'valid': True, 'version': 2}",False,ClinPGx
PA166269401,Annotation of EMA Label for nateglinide and CYP2C9,nateglinide,CYP2C9,EMA,,"{'id': 1183672111, 'description': 'The label does not discuss genetic or other testing for gene/protein/chromosomal variants, but does contain information about changes in efficacy, dosage or toxicity due to such variants. The label may mention contraindication of the drug in a particular subset of patients but does not require or recommend gene, protein or chromosomal testing.', 'parents': [], 'resource': 'Genetic Testing Level', 'synonyms': [], 'term': 'Actionable PGx', 'termId': 'geneTestLevel:1183672111', 'valid': True, 'version': 2}",False,ClinPGx
PA166272701,Annotation of EMA Label for rimegepant and CYP2C9,rimegepant,CYP2C9,EMA,,"{'id': 1452529540, 'parents': [], 'resource': 'Genetic Testing Level', 'synonyms': [], 'term': 'No Clinical PGx', 'termId': 'geneTestLevel:1452529540', 'valid': True, 'version': 0}",False,ClinPGx
PA166272821,Annotation of EMA Label for siponimod and CYP2C9,siponimod,CYP2C9,EMA,,"{'id': 1183672041, 'description': 'The label states or implies that some sort of gene, protein or chromosomal testing, including genetic testing, functional protein assays, cytogenetic studies, etc., should be conducted before using this drug. This requirement may only be for a particular subset of patients. PharmGKB considers labels that state the variant is an indication for the drug, as implying a test requirement. If the label states a test ""should be"" performed, this is also interpreted as a requirement.', 'parents': [], 'resource': 'Genetic Testing Level', 'synonyms': [], 'term': 'Testing Required', 'termId': 'geneTestLevel:1183672041', 'valid': True, 'version': 3}",True,ClinPGx
PA166273261,"Annotation of EMA Label for ospemifene and CYP2B6, CYP2C9",ospemifene,CYP2B6; CYP2C9,EMA,,,False,ClinPGx
PA166281781,"Annotation of HCSC Label for ospemifene and CYP2B6, CYP2C9",ospemifene,CYP2B6; CYP2C9,HCSC,,,False,ClinPGx
PA166283181,Annotation of HCSC Label for meloxicam and CYP2C9,meloxicam,CYP2C9,HCSC,,,False,ClinPGx
PA166284101,Annotation of HCSC Label for erdafitinib and CYP2C9,erdafitinib,CYP2C9,HCSC,,"{'id': 1183672111, 'description': 'The label does not discuss genetic or other testing for gene/protein/chromosomal variants, but does contain information about changes in efficacy, dosage or toxicity due to such variants. The label may mention contraindication of the drug in a particular subset of patients but does not require or recommend gene, protein or chromosomal testing.', 'parents': [], 'resource': 'Genetic Testing Level', 'synonyms': [], 'term': 'Actionable PGx', 'termId': 'geneTestLevel:1183672111', 'valid': True, 'version': 2}",False,ClinPGx
PA166284261,Annotation of HCSC Label for fosphenytoin and CYP2C9,fosphenytoin,CYP2C9,HCSC,,"{'id': 1183672141, 'description': 'The label mentions a gene or protein is involved in the metabolism or pharmacodynamics of the drug, but there is no information to suggest that variation in these genes/proteins leads to different response.', 'parents': [], 'resource': 'Genetic Testing Level', 'synonyms': [], 'term': 'Informative PGx', 'termId': 'geneTestLevel:1183672141', 'valid': True, 'version': 2}",False,ClinPGx
PA166278581,Annotation of HCSC Label for siponimod and CYP2C9,siponimod,CYP2C9,HCSC,,"{'id': 1183672041, 'description': 'The label states or implies that some sort of gene, protein or chromosomal testing, including genetic testing, functional protein assays, cytogenetic studies, etc., should be conducted before using this drug. This requirement may only be for a particular subset of patients. PharmGKB considers labels that state the variant is an indication for the drug, as implying a test requirement. If the label states a test ""should be"" performed, this is also interpreted as a requirement.', 'parents': [], 'resource': 'Genetic Testing Level', 'synonyms': [], 'term': 'Testing Required', 'termId': 'geneTestLevel:1183672041', 'valid': True, 'version': 3}",True,ClinPGx
PA166317948,Annotation of HCSC Label for rimegepant and CYP2C9,rimegepant,CYP2C9,HCSC,,"{'id': 1452529540, 'parents': [], 'resource': 'Genetic Testing Level', 'synonyms': [], 'term': 'No Clinical PGx', 'termId': 'geneTestLevel:1452529540', 'valid': True, 'version': 0}",False,ClinPGx
PA166329161,Annotation of FDA Label for etrasimod and CYP2C9,etrasimod,CYP2C9,FDA,On FDA Biomarker List,"{'id': 1183672141, 'description': 'The label mentions a gene or protein is involved in the metabolism or pharmacodynamics of the drug, but there is no information to suggest that variation in these genes/proteins leads to different response.', 'parents': [], 'resource': 'Genetic Testing Level', 'synonyms': [], 'term': 'Informative PGx', 'termId': 'geneTestLevel:1183672141', 'valid': True, 'version': 2}",False,ClinPGx
PA166329261,Annotation of EMA Label for etrasimod and CYP2C9,etrasimod,CYP2C9,EMA,,"{'id': 1183672111, 'description': 'The label does not discuss genetic or other testing for gene/protein/chromosomal variants, but does contain information about changes in efficacy, dosage or toxicity due to such variants. The label may mention contraindication of the drug in a particular subset of patients but does not require or recommend gene, protein or chromosomal testing.', 'parents': [], 'resource': 'Genetic Testing Level', 'synonyms': [], 'term': 'Actionable PGx', 'termId': 'geneTestLevel:1183672111', 'valid': True, 'version': 2}",True,ClinPGx
PA166329181,Annotation of HCSC Label for etrasimod and CYP2C9,etrasimod,CYP2C9,HCSC,,"{'id': 1183672141, 'description': 'The label mentions a gene or protein is involved in the metabolism or pharmacodynamics of the drug, but there is no information to suggest that variation in these genes/proteins leads to different response.', 'parents': [], 'resource': 'Genetic Testing Level', 'synonyms': [], 'term': 'Informative PGx', 'termId': 'geneTestLevel:1183672141', 'valid': True, 'version': 2}",False,ClinPGx
PA166343901,"Annotation of HCSC Label for avatrombopag and CYP2C9, F2, F5, PROC, PROS1, SERPINC1",avatrombopag,CYP2C9; F2; F5; PROC; PROS1; SERPINC1,HCSC,,"{'id': 1183672111, 'description': 'The label does not discuss genetic or other testing for gene/protein/chromosomal variants, but does contain information about changes in efficacy, dosage or toxicity due to such variants. The label may mention contraindication of the drug in a particular subset of patients but does not require or recommend gene, protein or chromosomal testing.', 'parents': [], 'resource': 'Genetic Testing Level', 'synonyms': [], 'term': 'Actionable PGx', 'termId': 'geneTestLevel:1183672111', 'valid': True, 'version': 2}",False,ClinPGx
PA166345321,Annotation of HCSC Label for glyburide and CYP2C9,glyburide,CYP2C9,HCSC,,"{'id': 1183672111, 'description': 'The label does not discuss genetic or other testing for gene/protein/chromosomal variants, but does contain information about changes in efficacy, dosage or toxicity due to such variants. The label may mention contraindication of the drug in a particular subset of patients but does not require or recommend gene, protein or chromosomal testing.', 'parents': [], 'resource': 'Genetic Testing Level', 'synonyms': [], 'term': 'Actionable PGx', 'termId': 'geneTestLevel:1183672111', 'valid': True, 'version': 2}",False,ClinPGx
PA166345341,Annotation of HCSC Label for glimepiride and CYP2C9,glimepiride,CYP2C9,HCSC,,"{'id': 1183672111, 'description': 'The label does not discuss genetic or other testing for gene/protein/chromosomal variants, but does contain information about changes in efficacy, dosage or toxicity due to such variants. The label may mention contraindication of the drug in a particular subset of patients but does not require or recommend gene, protein or chromosomal testing.', 'parents': [], 'resource': 'Genetic Testing Level', 'synonyms': [], 'term': 'Actionable PGx', 'termId': 'geneTestLevel:1183672111', 'valid': True, 'version': 2}",False,ClinPGx
PA166357727,"Annotation of HCSC Label for flibanserin and CYP2C9, CYP2D6",flibanserin,CYP2C9; CYP2D6,HCSC,,"{'id': 1183672141, 'description': 'The label mentions a gene or protein is involved in the metabolism or pharmacodynamics of the drug, but there is no information to suggest that variation in these genes/proteins leads to different response.', 'parents': [], 'resource': 'Genetic Testing Level', 'synonyms': [], 'term': 'Informative PGx', 'termId': 'geneTestLevel:1183672141', 'valid': True, 'version': 2}",False,ClinPGx
PA166357729,Annotation of HCSC Label for flurbiprofen and CYP2C9,flurbiprofen,CYP2C9,HCSC,,"{'id': 1183672111, 'description': 'The label does not discuss genetic or other testing for gene/protein/chromosomal variants, but does contain information about changes in efficacy, dosage or toxicity due to such variants. The label may mention contraindication of the drug in a particular subset of patients but does not require or recommend gene, protein or chromosomal testing.', 'parents': [], 'resource': 'Genetic Testing Level', 'synonyms': [], 'term': 'Actionable PGx', 'termId': 'geneTestLevel:1183672111', 'valid': True, 'version': 2}",False,ClinPGx
PA166400362,Annotation of FDA Label for deuruxolitinib and CYP2C9,deuruxolitinib,CYP2C9,FDA,,"{'id': 1183672077, 'description': 'The label states or implies that some sort of gene, protein or chromosomal testing, including genetic testing, functional protein assays, cytogenetic studies, etc., is recommended before using this drug. This recommendation may only be for a particular subset of patients. PharmGKB considers labels that say testing ""should be considered"" to be recommending testing.', 'parents': [], 'resource': 'Genetic Testing Level', 'synonyms': [], 'term': 'Testing Recommended', 'termId': 'geneTestLevel:1183672077', 'valid': True, 'version': 3}",True,ClinPGx
PA166400401,Annotation of EMA Label for seladelpar and CYP2C9,seladelpar,CYP2C9,EMA,,"{'id': 1183672141, 'description': 'The label mentions a gene or protein is involved in the metabolism or pharmacodynamics of the drug, but there is no information to suggest that variation in these genes/proteins leads to different response.', 'parents': [], 'resource': 'Genetic Testing Level', 'synonyms': [], 'term': 'Informative PGx', 'termId': 'geneTestLevel:1183672141', 'valid': True, 'version': 2}",False,ClinPGx
PA166400441,Annotation of FDA Label for seladelpar and CYP2C9,seladelpar,CYP2C9,FDA,,"{'id': 1183672111, 'description': 'The label does not discuss genetic or other testing for gene/protein/chromosomal variants, but does contain information about changes in efficacy, dosage or toxicity due to such variants. The label may mention contraindication of the drug in a particular subset of patients but does not require or recommend gene, protein or chromosomal testing.', 'parents': [], 'resource': 'Genetic Testing Level', 'synonyms': [], 'term': 'Actionable PGx', 'termId': 'geneTestLevel:1183672111', 'valid': True, 'version': 2}",False,ClinPGx
PA166104787,Annotation of FDA Label for cevimeline and CYP2D6,cevimeline,CYP2D6,FDA,On FDA Biomarker List,"{'id': 1183672111, 'description': 'The label does not discuss genetic or other testing for gene/protein/chromosomal variants, but does contain information about changes in efficacy, dosage or toxicity due to such variants. The label may mention contraindication of the drug in a particular subset of patients but does not require or recommend gene, protein or chromosomal testing.', 'parents': [], 'resource': 'Genetic Testing Level', 'synonyms': [], 'term': 'Actionable PGx', 'termId': 'geneTestLevel:1183672111', 'valid': True, 'version': 2}",False,ClinPGx
PA166104788,Annotation of FDA Label for fluoxetine / olanzapine and CYP2D6,fluoxetine / olanzapine,CYP2D6,FDA,,"{'id': 1183672111, 'description': 'The label does not discuss genetic or other testing for gene/protein/chromosomal variants, but does contain information about changes in efficacy, dosage or toxicity due to such variants. The label may mention contraindication of the drug in a particular subset of patients but does not require or recommend gene, protein or chromosomal testing.', 'parents': [], 'resource': 'Genetic Testing Level', 'synonyms': [], 'term': 'Actionable PGx', 'termId': 'geneTestLevel:1183672111', 'valid': True, 'version': 2}",False,ClinPGx
PA166104793,Annotation of FDA Label for risperidone and CYP2D6,risperidone,CYP2D6,FDA,On FDA Biomarker List,"{'id': 1452529540, 'parents': [], 'resource': 'Genetic Testing Level', 'synonyms': [], 'term': 'No Clinical PGx', 'termId': 'geneTestLevel:1452529540', 'valid': True, 'version': 0}",False,ClinPGx
PA166104798,Annotation of FDA Label for propranolol and CYP2D6,propranolol,CYP2D6,FDA,On FDA Biomarker List,"{'id': 1452529540, 'parents': [], 'resource': 'Genetic Testing Level', 'synonyms': [], 'term': 'No Clinical PGx', 'termId': 'geneTestLevel:1452529540', 'valid': True, 'version': 0}",False,ClinPGx
PA166104799,Annotation of FDA Label for tramadol and CYP2D6,tramadol,CYP2D6,FDA,On FDA Biomarker List,"{'id': 1183672111, 'description': 'The label does not discuss genetic or other testing for gene/protein/chromosomal variants, but does contain information about changes in efficacy, dosage or toxicity due to such variants. The label may mention contraindication of the drug in a particular subset of patients but does not require or recommend gene, protein or chromosomal testing.', 'parents': [], 'resource': 'Genetic Testing Level', 'synonyms': [], 'term': 'Actionable PGx', 'termId': 'geneTestLevel:1183672111', 'valid': True, 'version': 2}",True,ClinPGx
PA166104805,Annotation of FDA Label for thioridazine and CYP2D6,thioridazine,CYP2D6,FDA,On FDA Biomarker List,"{'id': 1183672111, 'description': 'The label does not discuss genetic or other testing for gene/protein/chromosomal variants, but does contain information about changes in efficacy, dosage or toxicity due to such variants. The label may mention contraindication of the drug in a particular subset of patients but does not require or recommend gene, protein or chromosomal testing.', 'parents': [], 'resource': 'Genetic Testing Level', 'synonyms': [], 'term': 'Actionable PGx', 'termId': 'geneTestLevel:1183672111', 'valid': True, 'version': 2}",True,ClinPGx
PA166104806,Annotation of FDA Label for tolterodine and CYP2D6,tolterodine,CYP2D6,FDA,On FDA Biomarker List,"{'id': 1183672141, 'description': 'The label mentions a gene or protein is involved in the metabolism or pharmacodynamics of the drug, but there is no information to suggest that variation in these genes/proteins leads to different response.', 'parents': [], 'resource': 'Genetic Testing Level', 'synonyms': [], 'term': 'Informative PGx', 'termId': 'geneTestLevel:1183672141', 'valid': True, 'version': 2}",False,ClinPGx
PA166104811,Annotation of FDA Label for quinidine and CYP2D6,quinidine,CYP2D6,FDA,On FDA Biomarker List,,False,ClinPGx
PA166104812,Annotation of FDA Label for protriptyline and CYP2D6,protriptyline,CYP2D6,FDA,On FDA Biomarker List,"{'id': 1183672141, 'description': 'The label mentions a gene or protein is involved in the metabolism or pharmacodynamics of the drug, but there is no information to suggest that variation in these genes/proteins leads to different response.', 'parents': [], 'resource': 'Genetic Testing Level', 'synonyms': [], 'term': 'Informative PGx', 'termId': 'geneTestLevel:1183672141', 'valid': True, 'version': 2}",False,ClinPGx
PA166104813,Annotation of FDA Label for carvedilol and CYP2D6,carvedilol,CYP2D6,FDA,On FDA Biomarker List,"{'id': 1183672141, 'description': 'The label mentions a gene or protein is involved in the metabolism or pharmacodynamics of the drug, but there is no information to suggest that variation in these genes/proteins leads to different response.', 'parents': [], 'resource': 'Genetic Testing Level', 'synonyms': [], 'term': 'Informative PGx', 'termId': 'geneTestLevel:1183672141', 'valid': True, 'version': 2}",False,ClinPGx
PA166104815,Annotation of FDA Label for clozapine and CYP2D6,clozapine,CYP2D6,FDA,On FDA Biomarker List,"{'id': 1183672111, 'description': 'The label does not discuss genetic or other testing for gene/protein/chromosomal variants, but does contain information about changes in efficacy, dosage or toxicity due to such variants. The label may mention contraindication of the drug in a particular subset of patients but does not require or recommend gene, protein or chromosomal testing.', 'parents': [], 'resource': 'Genetic Testing Level', 'synonyms': [], 'term': 'Actionable PGx', 'termId': 'geneTestLevel:1183672111', 'valid': True, 'version': 2}",False,ClinPGx
PA166104822,Annotation of FDA Label for terbinafine and CYP2D6,terbinafine,CYP2D6,FDA,Formerly on FDA Biomarker List,,False,ClinPGx
PA166104827,Annotation of FDA Label for atomoxetine and CYP2D6,atomoxetine,CYP2D6,FDA,On FDA Biomarker List,"{'id': 1183672111, 'description': 'The label does not discuss genetic or other testing for gene/protein/chromosomal variants, but does contain information about changes in efficacy, dosage or toxicity due to such variants. The label may mention contraindication of the drug in a particular subset of patients but does not require or recommend gene, protein or chromosomal testing.', 'parents': [], 'resource': 'Genetic Testing Level', 'synonyms': [], 'term': 'Actionable PGx', 'termId': 'geneTestLevel:1183672111', 'valid': True, 'version': 2}",False,ClinPGx
PA166104829,Annotation of FDA Label for tetrabenazine and CYP2D6,tetrabenazine,CYP2D6,FDA,On FDA Biomarker List,"{'id': 1183672041, 'description': 'The label states or implies that some sort of gene, protein or chromosomal testing, including genetic testing, functional protein assays, cytogenetic studies, etc., should be conducted before using this drug. This requirement may only be for a particular subset of patients. PharmGKB considers labels that state the variant is an indication for the drug, as implying a test requirement. If the label states a test ""should be"" performed, this is also interpreted as a requirement.', 'parents': [], 'resource': 'Genetic Testing Level', 'synonyms': [], 'term': 'Testing Required', 'termId': 'geneTestLevel:1183672041', 'valid': True, 'version': 3}",False,ClinPGx
PA166104830,Annotation of FDA Label for tiotropium and CYP2D6,tiotropium,CYP2D6,FDA,Formerly on FDA Biomarker List,,False,ClinPGx
PA166104835,Annotation of FDA Label for fluoxetine and CYP2D6,fluoxetine,CYP2D6,FDA,On FDA Biomarker List,"{'id': 1183672111, 'description': 'The label does not discuss genetic or other testing for gene/protein/chromosomal variants, but does contain information about changes in efficacy, dosage or toxicity due to such variants. The label may mention contraindication of the drug in a particular subset of patients but does not require or recommend gene, protein or chromosomal testing.', 'parents': [], 'resource': 'Genetic Testing Level', 'synonyms': [], 'term': 'Actionable PGx', 'termId': 'geneTestLevel:1183672111', 'valid': True, 'version': 2}",False,ClinPGx
PA166104836,Annotation of FDA Label for metoprolol and CYP2D6,metoprolol,CYP2D6,FDA,On FDA Biomarker List,"{'id': 1183672141, 'description': 'The label mentions a gene or protein is involved in the metabolism or pharmacodynamics of the drug, but there is no information to suggest that variation in these genes/proteins leads to different response.', 'parents': [], 'resource': 'Genetic Testing Level', 'synonyms': [], 'term': 'Informative PGx', 'termId': 'geneTestLevel:1183672141', 'valid': True, 'version': 2}",False,ClinPGx
PA166104837,Annotation of FDA Label for propafenone and CYP2D6,propafenone,CYP2D6,FDA,On FDA Biomarker List,"{'id': 1452529540, 'parents': [], 'resource': 'Genetic Testing Level', 'synonyms': [], 'term': 'No Clinical PGx', 'termId': 'geneTestLevel:1452529540', 'valid': True, 'version': 0}",False,ClinPGx
PA166104839,Annotation of FDA Label for aripiprazole and CYP2D6,aripiprazole,CYP2D6,FDA,On FDA Biomarker List,"{'id': 1183672111, 'description': 'The label does not discuss genetic or other testing for gene/protein/chromosomal variants, but does contain information about changes in efficacy, dosage or toxicity due to such variants. The label may mention contraindication of the drug in a particular subset of patients but does not require or recommend gene, protein or chromosomal testing.', 'parents': [], 'resource': 'Genetic Testing Level', 'synonyms': [], 'term': 'Actionable PGx', 'termId': 'geneTestLevel:1183672111', 'valid': True, 'version': 2}",False,ClinPGx
PA166104847,Annotation of FDA Label for venlafaxine and CYP2D6,venlafaxine,CYP2D6,FDA,On FDA Biomarker List,"{'id': 1183672141, 'description': 'The label mentions a gene or protein is involved in the metabolism or pharmacodynamics of the drug, but there is no information to suggest that variation in these genes/proteins leads to different response.', 'parents': [], 'resource': 'Genetic Testing Level', 'synonyms': [], 'term': 'Informative PGx', 'termId': 'geneTestLevel:1183672141', 'valid': True, 'version': 2}",False,ClinPGx
PA166104854,Annotation of FDA Label for fluvoxamine and CYP2D6,fluvoxamine,CYP2D6,FDA,On FDA Biomarker List,"{'id': 1183672111, 'description': 'The label does not discuss genetic or other testing for gene/protein/chromosomal variants, but does contain information about changes in efficacy, dosage or toxicity due to such variants. The label may mention contraindication of the drug in a particular subset of patients but does not require or recommend gene, protein or chromosomal testing.', 'parents': [], 'resource': 'Genetic Testing Level', 'synonyms': [], 'term': 'Actionable PGx', 'termId': 'geneTestLevel:1183672111', 'valid': True, 'version': 2}",False,ClinPGx
PA166104856,Annotation of FDA Label for amitriptyline and CYP2D6,amitriptyline,CYP2D6,FDA,On FDA Biomarker List,"{'id': 1183672141, 'description': 'The label mentions a gene or protein is involved in the metabolism or pharmacodynamics of the drug, but there is no information to suggest that variation in these genes/proteins leads to different response.', 'parents': [], 'resource': 'Genetic Testing Level', 'synonyms': [], 'term': 'Informative PGx', 'termId': 'geneTestLevel:1183672141', 'valid': True, 'version': 2}",False,ClinPGx
PA166104857,Annotation of FDA Label for trimipramine and CYP2D6,trimipramine,CYP2D6,FDA,On FDA Biomarker List,"{'id': 1183672141, 'description': 'The label mentions a gene or protein is involved in the metabolism or pharmacodynamics of the drug, but there is no information to suggest that variation in these genes/proteins leads to different response.', 'parents': [], 'resource': 'Genetic Testing Level', 'synonyms': [], 'term': 'Informative PGx', 'termId': 'geneTestLevel:1183672141', 'valid': True, 'version': 2}",False,ClinPGx
PA166104862,Annotation of FDA Label for desipramine and CYP2D6,desipramine,CYP2D6,FDA,On FDA Biomarker List,"{'id': 1183672141, 'description': 'The label mentions a gene or protein is involved in the metabolism or pharmacodynamics of the drug, but there is no information to suggest that variation in these genes/proteins leads to different response.', 'parents': [], 'resource': 'Genetic Testing Level', 'synonyms': [], 'term': 'Informative PGx', 'termId': 'geneTestLevel:1183672141', 'valid': True, 'version': 2}",False,ClinPGx
PA166104864,Annotation of FDA Label for paroxetine and CYP2D6,paroxetine,CYP2D6,FDA,On FDA Biomarker List,,False,ClinPGx
PA166104868,Annotation of FDA Label for modafinil and CYP2D6,modafinil,CYP2D6,FDA,On FDA Biomarker List,,False,ClinPGx
PA166104869,Annotation of FDA Label for galantamine and CYP2D6,galantamine,CYP2D6,FDA,On FDA Biomarker List,"{'id': 1452529540, 'parents': [], 'resource': 'Genetic Testing Level', 'synonyms': [], 'term': 'No Clinical PGx', 'termId': 'geneTestLevel:1452529540', 'valid': True, 'version': 0}",False,ClinPGx
PA166105010,Annotation of FDA Label for duloxetine and CYP2D6,duloxetine,CYP2D6,FDA,On FDA Biomarker List,"{'id': 1183672141, 'description': 'The label mentions a gene or protein is involved in the metabolism or pharmacodynamics of the drug, but there is no information to suggest that variation in these genes/proteins leads to different response.', 'parents': [], 'resource': 'Genetic Testing Level', 'synonyms': [], 'term': 'Informative PGx', 'termId': 'geneTestLevel:1183672141', 'valid': True, 'version': 2}",False,ClinPGx
PA166105028,Annotation of FDA Label for nebivolol and CYP2D6,nebivolol,CYP2D6,FDA,On FDA Biomarker List,"{'id': 1452529540, 'parents': [], 'resource': 'Genetic Testing Level', 'synonyms': [], 'term': 'No Clinical PGx', 'termId': 'geneTestLevel:1452529540', 'valid': True, 'version': 0}",False,ClinPGx
PA166105113,Annotation of FDA Label for donepezil and CYP2D6,donepezil,CYP2D6,FDA,On FDA Biomarker List,"{'id': 1183672141, 'description': 'The label mentions a gene or protein is involved in the metabolism or pharmacodynamics of the drug, but there is no information to suggest that variation in these genes/proteins leads to different response.', 'parents': [], 'resource': 'Genetic Testing Level', 'synonyms': [], 'term': 'Informative PGx', 'termId': 'geneTestLevel:1183672141', 'valid': True, 'version': 2}",False,ClinPGx
PA166105211,Annotation of FDA Label for ondansetron and CYP2D6,ondansetron,CYP2D6,FDA,On FDA Biomarker List,"{'id': 1452529540, 'parents': [], 'resource': 'Genetic Testing Level', 'synonyms': [], 'term': 'No Clinical PGx', 'termId': 'geneTestLevel:1452529540', 'valid': True, 'version': 0}",False,ClinPGx
PA166105232,Annotation of FDA Label for quinine and CYP2D6,quinine,CYP2D6,FDA,On FDA Biomarker List,,False,ClinPGx
PA166115435,Annotation of EMA Label for timolol and CYP2D6,timolol,CYP2D6,EMA,,,False,ClinPGx
PA166119827,Annotation of EMA Label for dextromethorphan / quinidine and CYP2D6,dextromethorphan / quinidine,CYP2D6,EMA,,"{'id': 1183672141, 'description': 'The label mentions a gene or protein is involved in the metabolism or pharmacodynamics of the drug, but there is no information to suggest that variation in these genes/proteins leads to different response.', 'parents': [], 'resource': 'Genetic Testing Level', 'synonyms': [], 'term': 'Informative PGx', 'termId': 'geneTestLevel:1183672141', 'valid': True, 'version': 2}",False,ClinPGx
PA166122487,Annotation of EMA Label for propranolol and CYP2D6,propranolol,CYP2D6,EMA,,"{'id': 1452529540, 'parents': [], 'resource': 'Genetic Testing Level', 'synonyms': [], 'term': 'No Clinical PGx', 'termId': 'geneTestLevel:1452529540', 'valid': True, 'version': 0}",False,ClinPGx
PA166122607,Annotation of FDA Label for vortioxetine and CYP2D6,vortioxetine,CYP2D6,FDA,On FDA Biomarker List,"{'id': 1183672111, 'description': 'The label does not discuss genetic or other testing for gene/protein/chromosomal variants, but does contain information about changes in efficacy, dosage or toxicity due to such variants. The label may mention contraindication of the drug in a particular subset of patients but does not require or recommend gene, protein or chromosomal testing.', 'parents': [], 'resource': 'Genetic Testing Level', 'synonyms': [], 'term': 'Actionable PGx', 'termId': 'geneTestLevel:1183672111', 'valid': True, 'version': 2}",False,ClinPGx
PA166122947,Annotation of EMA Label for ranolazine and CYP2D6,ranolazine,CYP2D6,EMA,,"{'id': 1183672111, 'description': 'The label does not discuss genetic or other testing for gene/protein/chromosomal variants, but does contain information about changes in efficacy, dosage or toxicity due to such variants. The label may mention contraindication of the drug in a particular subset of patients but does not require or recommend gene, protein or chromosomal testing.', 'parents': [], 'resource': 'Genetic Testing Level', 'synonyms': [], 'term': 'Actionable PGx', 'termId': 'geneTestLevel:1183672111', 'valid': True, 'version': 2}",False,ClinPGx
PA166122966,Annotation of EMA Label for darifenacin and CYP2D6,darifenacin,CYP2D6,EMA,,"{'id': 1183672141, 'description': 'The label mentions a gene or protein is involved in the metabolism or pharmacodynamics of the drug, but there is no information to suggest that variation in these genes/proteins leads to different response.', 'parents': [], 'resource': 'Genetic Testing Level', 'synonyms': [], 'term': 'Informative PGx', 'termId': 'geneTestLevel:1183672141', 'valid': True, 'version': 2}",False,ClinPGx
PA166122967,Annotation of EMA Label for fesoterodine and CYP2D6,fesoterodine,CYP2D6,EMA,,"{'id': 1183672141, 'description': 'The label mentions a gene or protein is involved in the metabolism or pharmacodynamics of the drug, but there is no information to suggest that variation in these genes/proteins leads to different response.', 'parents': [], 'resource': 'Genetic Testing Level', 'synonyms': [], 'term': 'Informative PGx', 'termId': 'geneTestLevel:1183672141', 'valid': True, 'version': 2}",False,ClinPGx
PA166122971,Annotation of FDA Label for darifenacin and CYP2D6,darifenacin,CYP2D6,FDA,On FDA Biomarker List,"{'id': 1183672141, 'description': 'The label mentions a gene or protein is involved in the metabolism or pharmacodynamics of the drug, but there is no information to suggest that variation in these genes/proteins leads to different response.', 'parents': [], 'resource': 'Genetic Testing Level', 'synonyms': [], 'term': 'Informative PGx', 'termId': 'geneTestLevel:1183672141', 'valid': True, 'version': 2}",False,ClinPGx
PA166122972,Annotation of FDA Label for fesoterodine and CYP2D6,fesoterodine,CYP2D6,FDA,On FDA Biomarker List,"{'id': 1183672141, 'description': 'The label mentions a gene or protein is involved in the metabolism or pharmacodynamics of the drug, but there is no information to suggest that variation in these genes/proteins leads to different response.', 'parents': [], 'resource': 'Genetic Testing Level', 'synonyms': [], 'term': 'Informative PGx', 'termId': 'geneTestLevel:1183672141', 'valid': True, 'version': 2}",False,ClinPGx
PA166123408,Annotation of EMA Label for vortioxetine and CYP2D6,vortioxetine,CYP2D6,EMA,,"{'id': 1183672111, 'description': 'The label does not discuss genetic or other testing for gene/protein/chromosomal variants, but does contain information about changes in efficacy, dosage or toxicity due to such variants. The label may mention contraindication of the drug in a particular subset of patients but does not require or recommend gene, protein or chromosomal testing.', 'parents': [], 'resource': 'Genetic Testing Level', 'synonyms': [], 'term': 'Actionable PGx', 'termId': 'geneTestLevel:1183672111', 'valid': True, 'version': 2}",False,ClinPGx
PA166123410,"Annotation of EMA Label for ritonavir and CYP2D6, CYP3A4",ritonavir,CYP2D6; CYP3A4,EMA,,,False,ClinPGx
PA166123414,"Annotation of EMA Label for dronedarone and CYP2D6, CYP3A4",dronedarone,CYP2D6; CYP3A4,EMA,,"{'id': 1183672141, 'description': 'The label mentions a gene or protein is involved in the metabolism or pharmacodynamics of the drug, but there is no information to suggest that variation in these genes/proteins leads to different response.', 'parents': [], 'resource': 'Genetic Testing Level', 'synonyms': [], 'term': 'Informative PGx', 'termId': 'geneTestLevel:1183672141', 'valid': True, 'version': 2}",False,ClinPGx
PA166123487,Annotation of FDA Label for eliglustat and CYP2D6,eliglustat,CYP2D6,FDA,On FDA Biomarker List,"{'id': 1183672041, 'description': 'The label states or implies that some sort of gene, protein or chromosomal testing, including genetic testing, functional protein assays, cytogenetic studies, etc., should be conducted before using this drug. This requirement may only be for a particular subset of patients. PharmGKB considers labels that state the variant is an indication for the drug, as implying a test requirement. If the label states a test ""should be"" performed, this is also interpreted as a requirement.', 'parents': [], 'resource': 'Genetic Testing Level', 'synonyms': [], 'term': 'Testing Required', 'termId': 'geneTestLevel:1183672041', 'valid': True, 'version': 3}",False,ClinPGx
PA166123528,Annotation of PMDA Label for atomoxetine and CYP2D6,atomoxetine,CYP2D6,PMDA,,"{'id': 1183672111, 'description': 'The label does not discuss genetic or other testing for gene/protein/chromosomal variants, but does contain information about changes in efficacy, dosage or toxicity due to such variants. The label may mention contraindication of the drug in a particular subset of patients but does not require or recommend gene, protein or chromosomal testing.', 'parents': [], 'resource': 'Genetic Testing Level', 'synonyms': [], 'term': 'Actionable PGx', 'termId': 'geneTestLevel:1183672111', 'valid': True, 'version': 2}",False,ClinPGx
PA166123541,"Annotation of PMDA Label for gefitinib and CYP2D6, EGFR",gefitinib,CYP2D6; EGFR,PMDA,,"{'id': 1183672041, 'description': 'The label states or implies that some sort of gene, protein or chromosomal testing, including genetic testing, functional protein assays, cytogenetic studies, etc., should be conducted before using this drug. This requirement may only be for a particular subset of patients. PharmGKB considers labels that state the variant is an indication for the drug, as implying a test requirement. If the label states a test ""should be"" performed, this is also interpreted as a requirement.', 'parents': [], 'resource': 'Genetic Testing Level', 'synonyms': [], 'term': 'Testing Required', 'termId': 'geneTestLevel:1183672041', 'valid': True, 'version': 3}",False,ClinPGx
PA166123549,Annotation of PMDA Label for tolterodine and CYP2D6,tolterodine,CYP2D6,PMDA,,"{'id': 1183672141, 'description': 'The label mentions a gene or protein is involved in the metabolism or pharmacodynamics of the drug, but there is no information to suggest that variation in these genes/proteins leads to different response.', 'parents': [], 'resource': 'Genetic Testing Level', 'synonyms': [], 'term': 'Informative PGx', 'termId': 'geneTestLevel:1183672141', 'valid': True, 'version': 2}",False,ClinPGx
PA166127628,"Annotation of HCSC Label for acetaminophen, tramadol and CYP2D6",acetaminophen; tramadol,CYP2D6,HCSC,,"{'id': 1183672141, 'description': 'The label mentions a gene or protein is involved in the metabolism or pharmacodynamics of the drug, but there is no information to suggest that variation in these genes/proteins leads to different response.', 'parents': [], 'resource': 'Genetic Testing Level', 'synonyms': [], 'term': 'Informative PGx', 'termId': 'geneTestLevel:1183672141', 'valid': True, 'version': 2}",False,ClinPGx
PA166127631,Annotation of HCSC Label for aripiprazole and CYP2D6,aripiprazole,CYP2D6,HCSC,,"{'id': 1183672111, 'description': 'The label does not discuss genetic or other testing for gene/protein/chromosomal variants, but does contain information about changes in efficacy, dosage or toxicity due to such variants. The label may mention contraindication of the drug in a particular subset of patients but does not require or recommend gene, protein or chromosomal testing.', 'parents': [], 'resource': 'Genetic Testing Level', 'synonyms': [], 'term': 'Actionable PGx', 'termId': 'geneTestLevel:1183672111', 'valid': True, 'version': 2}",True,ClinPGx
PA166127633,Annotation of HCSC Label for atomoxetine and CYP2D6,atomoxetine,CYP2D6,HCSC,,"{'id': 1183672141, 'description': 'The label mentions a gene or protein is involved in the metabolism or pharmacodynamics of the drug, but there is no information to suggest that variation in these genes/proteins leads to different response.', 'parents': [], 'resource': 'Genetic Testing Level', 'synonyms': [], 'term': 'Informative PGx', 'termId': 'geneTestLevel:1183672141', 'valid': True, 'version': 2}",False,ClinPGx
PA166127646,Annotation of HCSC Label for carvedilol and CYP2D6,carvedilol,CYP2D6,HCSC,,"{'id': 1183672141, 'description': 'The label mentions a gene or protein is involved in the metabolism or pharmacodynamics of the drug, but there is no information to suggest that variation in these genes/proteins leads to different response.', 'parents': [], 'resource': 'Genetic Testing Level', 'synonyms': [], 'term': 'Informative PGx', 'termId': 'geneTestLevel:1183672141', 'valid': True, 'version': 2}",False,ClinPGx
PA166127654,Annotation of HCSC Label for codeine and CYP2D6,codeine,CYP2D6,HCSC,,"{'id': 1183672111, 'description': 'The label does not discuss genetic or other testing for gene/protein/chromosomal variants, but does contain information about changes in efficacy, dosage or toxicity due to such variants. The label may mention contraindication of the drug in a particular subset of patients but does not require or recommend gene, protein or chromosomal testing.', 'parents': [], 'resource': 'Genetic Testing Level', 'synonyms': [], 'term': 'Actionable PGx', 'termId': 'geneTestLevel:1183672111', 'valid': True, 'version': 2}",True,ClinPGx
PA166127659,Annotation of HCSC Label for darifenacin and CYP2D6,darifenacin,CYP2D6,HCSC,,"{'id': 1452529540, 'parents': [], 'resource': 'Genetic Testing Level', 'synonyms': [], 'term': 'No Clinical PGx', 'termId': 'geneTestLevel:1452529540', 'valid': True, 'version': 0}",False,ClinPGx
PA166127662,"Annotation of FDA Label for arformoterol and CYP2D6, UGT1A1",arformoterol,CYP2D6; UGT1A1,FDA,On FDA Biomarker List,"{'id': 1452529540, 'parents': [], 'resource': 'Genetic Testing Level', 'synonyms': [], 'term': 'No Clinical PGx', 'termId': 'geneTestLevel:1452529540', 'valid': True, 'version': 0}",False,ClinPGx
PA166127673,Annotation of HCSC Label for fesoterodine and CYP2D6,fesoterodine,CYP2D6,HCSC,,"{'id': 1183672141, 'description': 'The label mentions a gene or protein is involved in the metabolism or pharmacodynamics of the drug, but there is no information to suggest that variation in these genes/proteins leads to different response.', 'parents': [], 'resource': 'Genetic Testing Level', 'synonyms': [], 'term': 'Informative PGx', 'termId': 'geneTestLevel:1183672141', 'valid': True, 'version': 2}",False,ClinPGx
PA166127675,Annotation of HCSC Label for galantamine and CYP2D6,galantamine,CYP2D6,HCSC,,"{'id': 1452529540, 'parents': [], 'resource': 'Genetic Testing Level', 'synonyms': [], 'term': 'No Clinical PGx', 'termId': 'geneTestLevel:1452529540', 'valid': True, 'version': 0}",False,ClinPGx
PA166127691,Annotation of HCSC Label for metoprolol and CYP2D6,metoprolol,CYP2D6,HCSC,,"{'id': 1183672141, 'description': 'The label mentions a gene or protein is involved in the metabolism or pharmacodynamics of the drug, but there is no information to suggest that variation in these genes/proteins leads to different response.', 'parents': [], 'resource': 'Genetic Testing Level', 'synonyms': [], 'term': 'Informative PGx', 'termId': 'geneTestLevel:1183672141', 'valid': True, 'version': 2}",False,ClinPGx
PA166127697,Annotation of HCSC Label for nortriptyline and CYP2D6,nortriptyline,CYP2D6,HCSC,,"{'id': 1183672141, 'description': 'The label mentions a gene or protein is involved in the metabolism or pharmacodynamics of the drug, but there is no information to suggest that variation in these genes/proteins leads to different response.', 'parents': [], 'resource': 'Genetic Testing Level', 'synonyms': [], 'term': 'Informative PGx', 'termId': 'geneTestLevel:1183672141', 'valid': True, 'version': 2}",False,ClinPGx
PA166127704,Annotation of HCSC Label for propafenone and CYP2D6,propafenone,CYP2D6,HCSC,,"{'id': 1452529540, 'parents': [], 'resource': 'Genetic Testing Level', 'synonyms': [], 'term': 'No Clinical PGx', 'termId': 'geneTestLevel:1452529540', 'valid': True, 'version': 0}",False,ClinPGx
PA166127708,Annotation of HCSC Label for risperidone and CYP2D6,risperidone,CYP2D6,HCSC,,"{'id': 1452529540, 'parents': [], 'resource': 'Genetic Testing Level', 'synonyms': [], 'term': 'No Clinical PGx', 'termId': 'geneTestLevel:1452529540', 'valid': True, 'version': 0}",False,ClinPGx
PA166127719,Annotation of HCSC Label for tetrabenazine and CYP2D6,tetrabenazine,CYP2D6,HCSC,,"{'id': 1183672111, 'description': 'The label does not discuss genetic or other testing for gene/protein/chromosomal variants, but does contain information about changes in efficacy, dosage or toxicity due to such variants. The label may mention contraindication of the drug in a particular subset of patients but does not require or recommend gene, protein or chromosomal testing.', 'parents': [], 'resource': 'Genetic Testing Level', 'synonyms': [], 'term': 'Actionable PGx', 'termId': 'geneTestLevel:1183672111', 'valid': True, 'version': 2}",False,ClinPGx
PA166127721,Annotation of HCSC Label for tolterodine and CYP2D6,tolterodine,CYP2D6,HCSC,,"{'id': 1183672141, 'description': 'The label mentions a gene or protein is involved in the metabolism or pharmacodynamics of the drug, but there is no information to suggest that variation in these genes/proteins leads to different response.', 'parents': [], 'resource': 'Genetic Testing Level', 'synonyms': [], 'term': 'Informative PGx', 'termId': 'geneTestLevel:1183672141', 'valid': True, 'version': 2}",False,ClinPGx
PA166127731,Annotation of HCSC Label for vortioxetine and CYP2D6,vortioxetine,CYP2D6,HCSC,,"{'id': 1183672141, 'description': 'The label mentions a gene or protein is involved in the metabolism or pharmacodynamics of the drug, but there is no information to suggest that variation in these genes/proteins leads to different response.', 'parents': [], 'resource': 'Genetic Testing Level', 'synonyms': [], 'term': 'Informative PGx', 'termId': 'geneTestLevel:1183672141', 'valid': True, 'version': 2}",False,ClinPGx
PA166129447,Annotation of EMA Label for eliglustat and CYP2D6,eliglustat,CYP2D6,EMA,,"{'id': 1183672041, 'description': 'The label states or implies that some sort of gene, protein or chromosomal testing, including genetic testing, functional protein assays, cytogenetic studies, etc., should be conducted before using this drug. This requirement may only be for a particular subset of patients. PharmGKB considers labels that state the variant is an indication for the drug, as implying a test requirement. If the label states a test ""should be"" performed, this is also interpreted as a requirement.', 'parents': [], 'resource': 'Genetic Testing Level', 'synonyms': [], 'term': 'Testing Required', 'termId': 'geneTestLevel:1183672041', 'valid': True, 'version': 3}",True,ClinPGx
PA166104870,Annotation of FDA Label for pimozide and CYP2D6,pimozide,CYP2D6,FDA,On FDA Biomarker List,"{'id': 1183672041, 'description': 'The label states or implies that some sort of gene, protein or chromosomal testing, including genetic testing, functional protein assays, cytogenetic studies, etc., should be conducted before using this drug. This requirement may only be for a particular subset of patients. PharmGKB considers labels that state the variant is an indication for the drug, as implying a test requirement. If the label states a test ""should be"" performed, this is also interpreted as a requirement.', 'parents': [], 'resource': 'Genetic Testing Level', 'synonyms': [], 'term': 'Testing Required', 'termId': 'geneTestLevel:1183672041', 'valid': True, 'version': 3}",False,ClinPGx
PA166104875,Annotation of FDA Label for clomipramine and CYP2D6,clomipramine,CYP2D6,FDA,On FDA Biomarker List,"{'id': 1183672141, 'description': 'The label mentions a gene or protein is involved in the metabolism or pharmacodynamics of the drug, but there is no information to suggest that variation in these genes/proteins leads to different response.', 'parents': [], 'resource': 'Genetic Testing Level', 'synonyms': [], 'term': 'Informative PGx', 'termId': 'geneTestLevel:1183672141', 'valid': True, 'version': 2}",False,ClinPGx
PA166104879,Annotation of FDA Label for imipramine and CYP2D6,imipramine,CYP2D6,FDA,On FDA Biomarker List,"{'id': 1183672141, 'description': 'The label mentions a gene or protein is involved in the metabolism or pharmacodynamics of the drug, but there is no information to suggest that variation in these genes/proteins leads to different response.', 'parents': [], 'resource': 'Genetic Testing Level', 'synonyms': [], 'term': 'Informative PGx', 'termId': 'geneTestLevel:1183672141', 'valid': True, 'version': 2}",False,ClinPGx
PA166104880,Annotation of FDA Label for nefazodone and CYP2D6,nefazodone,CYP2D6,FDA,On FDA Biomarker List,"{'id': 1452529540, 'parents': [], 'resource': 'Genetic Testing Level', 'synonyms': [], 'term': 'No Clinical PGx', 'termId': 'geneTestLevel:1452529540', 'valid': True, 'version': 0}",False,ClinPGx
PA166104886,Annotation of FDA Label for dextromethorphan / quinidine and CYP2D6,dextromethorphan / quinidine,CYP2D6,FDA,On FDA Biomarker List,"{'id': 1183672077, 'description': 'The label states or implies that some sort of gene, protein or chromosomal testing, including genetic testing, functional protein assays, cytogenetic studies, etc., is recommended before using this drug. This recommendation may only be for a particular subset of patients. PharmGKB considers labels that say testing ""should be considered"" to be recommending testing.', 'parents': [], 'resource': 'Genetic Testing Level', 'synonyms': [], 'term': 'Testing Recommended', 'termId': 'geneTestLevel:1183672077', 'valid': True, 'version': 3}",False,ClinPGx
PA166104887,Annotation of FDA Label for iloperidone and CYP2D6,iloperidone,CYP2D6,FDA,On FDA Biomarker List,"{'id': 1183672111, 'description': 'The label does not discuss genetic or other testing for gene/protein/chromosomal variants, but does contain information about changes in efficacy, dosage or toxicity due to such variants. The label may mention contraindication of the drug in a particular subset of patients but does not require or recommend gene, protein or chromosomal testing.', 'parents': [], 'resource': 'Genetic Testing Level', 'synonyms': [], 'term': 'Actionable PGx', 'termId': 'geneTestLevel:1183672111', 'valid': True, 'version': 2}",False,ClinPGx
PA166104888,Annotation of FDA Label for nortriptyline and CYP2D6,nortriptyline,CYP2D6,FDA,On FDA Biomarker List,"{'id': 1183672141, 'description': 'The label mentions a gene or protein is involved in the metabolism or pharmacodynamics of the drug, but there is no information to suggest that variation in these genes/proteins leads to different response.', 'parents': [], 'resource': 'Genetic Testing Level', 'synonyms': [], 'term': 'Informative PGx', 'termId': 'geneTestLevel:1183672141', 'valid': True, 'version': 2}",False,ClinPGx
PA166104893,Annotation of FDA Label for perphenazine and CYP2D6,perphenazine,CYP2D6,FDA,On FDA Biomarker List,"{'id': 1183672141, 'description': 'The label mentions a gene or protein is involved in the metabolism or pharmacodynamics of the drug, but there is no information to suggest that variation in these genes/proteins leads to different response.', 'parents': [], 'resource': 'Genetic Testing Level', 'synonyms': [], 'term': 'Informative PGx', 'termId': 'geneTestLevel:1183672141', 'valid': True, 'version': 2}",False,ClinPGx
PA166104899,Annotation of EMA Label for aripiprazole and CYP2D6,aripiprazole,CYP2D6,EMA,,"{'id': 1183672111, 'description': 'The label does not discuss genetic or other testing for gene/protein/chromosomal variants, but does contain information about changes in efficacy, dosage or toxicity due to such variants. The label may mention contraindication of the drug in a particular subset of patients but does not require or recommend gene, protein or chromosomal testing.', 'parents': [], 'resource': 'Genetic Testing Level', 'synonyms': [], 'term': 'Actionable PGx', 'termId': 'geneTestLevel:1183672111', 'valid': True, 'version': 2}",False,ClinPGx
PA166104915,"Annotation of EMA Label for olanzapine and CYP1A2, CYP2D6",olanzapine,CYP1A2; CYP2D6,EMA,,,False,ClinPGx
PA166104916,Annotation of FDA Label for codeine and CYP2D6,codeine,CYP2D6,FDA,On FDA Biomarker List,"{'id': 1183672111, 'description': 'The label does not discuss genetic or other testing for gene/protein/chromosomal variants, but does contain information about changes in efficacy, dosage or toxicity due to such variants. The label may mention contraindication of the drug in a particular subset of patients but does not require or recommend gene, protein or chromosomal testing.', 'parents': [], 'resource': 'Genetic Testing Level', 'synonyms': [], 'term': 'Actionable PGx', 'termId': 'geneTestLevel:1183672111', 'valid': True, 'version': 2}",True,ClinPGx
PA166170052,Annotation of FDA Label for valbenazine and CYP2D6,valbenazine,CYP2D6,FDA,On FDA Biomarker List,"{'id': 1183672111, 'description': 'The label does not discuss genetic or other testing for gene/protein/chromosomal variants, but does contain information about changes in efficacy, dosage or toxicity due to such variants. The label may mention contraindication of the drug in a particular subset of patients but does not require or recommend gene, protein or chromosomal testing.', 'parents': [], 'resource': 'Genetic Testing Level', 'synonyms': [], 'term': 'Actionable PGx', 'termId': 'geneTestLevel:1183672111', 'valid': True, 'version': 2}",False,ClinPGx
PA166170929,Annotation of FDA Label for gefitinib and CYP2D6,gefitinib,CYP2D6,FDA,On FDA Biomarker List,"{'id': 1183672111, 'description': 'The label does not discuss genetic or other testing for gene/protein/chromosomal variants, but does contain information about changes in efficacy, dosage or toxicity due to such variants. The label may mention contraindication of the drug in a particular subset of patients but does not require or recommend gene, protein or chromosomal testing.', 'parents': [], 'resource': 'Genetic Testing Level', 'synonyms': [], 'term': 'Actionable PGx', 'termId': 'geneTestLevel:1183672111', 'valid': True, 'version': 2}",False,ClinPGx
PA166170935,"Annotation of FDA Label for rucaparib and CYP1A2, CYP2D6",rucaparib,CYP1A2; CYP2D6,FDA,On FDA Biomarker List,"{'id': 1452529540, 'parents': [], 'resource': 'Genetic Testing Level', 'synonyms': [], 'term': 'No Clinical PGx', 'termId': 'geneTestLevel:1452529540', 'valid': True, 'version': 0}",False,ClinPGx
PA166177479,Annotation of FDA Label for cariprazine and CYP2D6,cariprazine,CYP2D6,FDA,On FDA Biomarker List,"{'id': 1452529540, 'parents': [], 'resource': 'Genetic Testing Level', 'synonyms': [], 'term': 'No Clinical PGx', 'termId': 'geneTestLevel:1452529540', 'valid': True, 'version': 0}",False,ClinPGx
PA166177483,Annotation of FDA Label for desvenlafaxine and CYP2D6,desvenlafaxine,CYP2D6,FDA,On FDA Biomarker List,"{'id': 1452529540, 'parents': [], 'resource': 'Genetic Testing Level', 'synonyms': [], 'term': 'No Clinical PGx', 'termId': 'geneTestLevel:1452529540', 'valid': True, 'version': 0}",False,ClinPGx
PA166177514,Annotation of FDA Label for mirabegron and CYP2D6,mirabegron,CYP2D6,FDA,On FDA Biomarker List,"{'id': 1183672141, 'description': 'The label mentions a gene or protein is involved in the metabolism or pharmacodynamics of the drug, but there is no information to suggest that variation in these genes/proteins leads to different response.', 'parents': [], 'resource': 'Genetic Testing Level', 'synonyms': [], 'term': 'Informative PGx', 'termId': 'geneTestLevel:1183672141', 'valid': True, 'version': 2}",False,ClinPGx
PA166177521,Annotation of FDA Label for umeclidinium and CYP2D6,umeclidinium,CYP2D6,FDA,On FDA Biomarker List,"{'id': 1452529540, 'parents': [], 'resource': 'Genetic Testing Level', 'synonyms': [], 'term': 'No Clinical PGx', 'termId': 'geneTestLevel:1452529540', 'valid': True, 'version': 0}",False,ClinPGx
PA166178750,Annotation of FDA Label for metoclopramide and CYP2D6,metoclopramide,CYP2D6,FDA,On FDA Biomarker List,"{'id': 1183672111, 'description': 'The label does not discuss genetic or other testing for gene/protein/chromosomal variants, but does contain information about changes in efficacy, dosage or toxicity due to such variants. The label may mention contraindication of the drug in a particular subset of patients but does not require or recommend gene, protein or chromosomal testing.', 'parents': [], 'resource': 'Genetic Testing Level', 'synonyms': [], 'term': 'Actionable PGx', 'termId': 'geneTestLevel:1183672111', 'valid': True, 'version': 2}",False,ClinPGx
PA166179848,Annotation of FDA Label for lofexidine and CYP2D6,lofexidine,CYP2D6,FDA,On FDA Biomarker List,"{'id': 1183672111, 'description': 'The label does not discuss genetic or other testing for gene/protein/chromosomal variants, but does contain information about changes in efficacy, dosage or toxicity due to such variants. The label may mention contraindication of the drug in a particular subset of patients but does not require or recommend gene, protein or chromosomal testing.', 'parents': [], 'resource': 'Genetic Testing Level', 'synonyms': [], 'term': 'Actionable PGx', 'termId': 'geneTestLevel:1183672111', 'valid': True, 'version': 2}",False,ClinPGx
PA166180000,Annotation of FDA Label for meclizine and CYP2D6,meclizine,CYP2D6,FDA,On FDA Biomarker List,"{'id': 1183672111, 'description': 'The label does not discuss genetic or other testing for gene/protein/chromosomal variants, but does contain information about changes in efficacy, dosage or toxicity due to such variants. The label may mention contraindication of the drug in a particular subset of patients but does not require or recommend gene, protein or chromosomal testing.', 'parents': [], 'resource': 'Genetic Testing Level', 'synonyms': [], 'term': 'Actionable PGx', 'termId': 'geneTestLevel:1183672111', 'valid': True, 'version': 2}",False,ClinPGx
PA166181925,Annotation of FDA Label for tamoxifen and CYP2D6,tamoxifen,CYP2D6,FDA,On FDA Biomarker List,"{'id': 1183672141, 'description': 'The label mentions a gene or protein is involved in the metabolism or pharmacodynamics of the drug, but there is no information to suggest that variation in these genes/proteins leads to different response.', 'parents': [], 'resource': 'Genetic Testing Level', 'synonyms': [], 'term': 'Informative PGx', 'termId': 'geneTestLevel:1183672141', 'valid': True, 'version': 2}",False,ClinPGx
PA166182729,Annotation of FDA Label for amoxapine and CYP2D6,amoxapine,CYP2D6,FDA,On FDA Biomarker List,"{'id': 1183672141, 'description': 'The label mentions a gene or protein is involved in the metabolism or pharmacodynamics of the drug, but there is no information to suggest that variation in these genes/proteins leads to different response.', 'parents': [], 'resource': 'Genetic Testing Level', 'synonyms': [], 'term': 'Informative PGx', 'termId': 'geneTestLevel:1183672141', 'valid': True, 'version': 2}",False,ClinPGx
PA166182730,Annotation of FDA Label for amphetamine and CYP2D6,amphetamine,CYP2D6,FDA,On FDA Biomarker List,"{'id': 1183672141, 'description': 'The label mentions a gene or protein is involved in the metabolism or pharmacodynamics of the drug, but there is no information to suggest that variation in these genes/proteins leads to different response.', 'parents': [], 'resource': 'Genetic Testing Level', 'synonyms': [], 'term': 'Informative PGx', 'termId': 'geneTestLevel:1183672141', 'valid': True, 'version': 2}",False,ClinPGx
PA166160052,Annotation of FDA Label for palonosetron and CYP2D6,palonosetron,CYP2D6,FDA,On FDA Biomarker List,"{'id': 1452529540, 'parents': [], 'resource': 'Genetic Testing Level', 'synonyms': [], 'term': 'No Clinical PGx', 'termId': 'geneTestLevel:1452529540', 'valid': True, 'version': 0}",False,ClinPGx
PA166160054,Annotation of FDA Label for brexpiprazole and CYP2D6,brexpiprazole,CYP2D6,FDA,On FDA Biomarker List,"{'id': 1183672111, 'description': 'The label does not discuss genetic or other testing for gene/protein/chromosomal variants, but does contain information about changes in efficacy, dosage or toxicity due to such variants. The label may mention contraindication of the drug in a particular subset of patients but does not require or recommend gene, protein or chromosomal testing.', 'parents': [], 'resource': 'Genetic Testing Level', 'synonyms': [], 'term': 'Actionable PGx', 'termId': 'geneTestLevel:1183672111', 'valid': True, 'version': 2}",False,ClinPGx
PA166160226,Annotation of PMDA Label for codeine and CYP2D6,codeine,CYP2D6,PMDA,,"{'id': 1183672111, 'description': 'The label does not discuss genetic or other testing for gene/protein/chromosomal variants, but does contain information about changes in efficacy, dosage or toxicity due to such variants. The label may mention contraindication of the drug in a particular subset of patients but does not require or recommend gene, protein or chromosomal testing.', 'parents': [], 'resource': 'Genetic Testing Level', 'synonyms': [], 'term': 'Actionable PGx', 'termId': 'geneTestLevel:1183672111', 'valid': True, 'version': 2}",False,ClinPGx
PA166160672,Annotation of FDA Label for tamsulosin and CYP2D6,tamsulosin,CYP2D6,FDA,On FDA Biomarker List,"{'id': 1183672111, 'description': 'The label does not discuss genetic or other testing for gene/protein/chromosomal variants, but does contain information about changes in efficacy, dosage or toxicity due to such variants. The label may mention contraindication of the drug in a particular subset of patients but does not require or recommend gene, protein or chromosomal testing.', 'parents': [], 'resource': 'Genetic Testing Level', 'synonyms': [], 'term': 'Actionable PGx', 'termId': 'geneTestLevel:1183672111', 'valid': True, 'version': 2}",False,ClinPGx
PA166160709,Annotation of PMDA Label for eliglustat and CYP2D6,eliglustat,CYP2D6,PMDA,,"{'id': 1183672041, 'description': 'The label states or implies that some sort of gene, protein or chromosomal testing, including genetic testing, functional protein assays, cytogenetic studies, etc., should be conducted before using this drug. This requirement may only be for a particular subset of patients. PharmGKB considers labels that state the variant is an indication for the drug, as implying a test requirement. If the label states a test ""should be"" performed, this is also interpreted as a requirement.', 'parents': [], 'resource': 'Genetic Testing Level', 'synonyms': [], 'term': 'Testing Required', 'termId': 'geneTestLevel:1183672041', 'valid': True, 'version': 3}",False,ClinPGx
PA166160712,Annotation of PMDA Label for fesoterodine and CYP2D6,fesoterodine,CYP2D6,PMDA,,"{'id': 1183672111, 'description': 'The label does not discuss genetic or other testing for gene/protein/chromosomal variants, but does contain information about changes in efficacy, dosage or toxicity due to such variants. The label may mention contraindication of the drug in a particular subset of patients but does not require or recommend gene, protein or chromosomal testing.', 'parents': [], 'resource': 'Genetic Testing Level', 'synonyms': [], 'term': 'Actionable PGx', 'termId': 'geneTestLevel:1183672111', 'valid': True, 'version': 2}",False,ClinPGx
PA166160845,Annotation of PMDA Label for perphenazine and CYP2D6,perphenazine,CYP2D6,PMDA,,"{'id': 1183672111, 'description': 'The label does not discuss genetic or other testing for gene/protein/chromosomal variants, but does contain information about changes in efficacy, dosage or toxicity due to such variants. The label may mention contraindication of the drug in a particular subset of patients but does not require or recommend gene, protein or chromosomal testing.', 'parents': [], 'resource': 'Genetic Testing Level', 'synonyms': [], 'term': 'Actionable PGx', 'termId': 'geneTestLevel:1183672111', 'valid': True, 'version': 2}",False,ClinPGx
PA166160850,Annotation of PMDA Label for tetrabenazine and CYP2D6,tetrabenazine,CYP2D6,PMDA,,"{'id': 1183672111, 'description': 'The label does not discuss genetic or other testing for gene/protein/chromosomal variants, but does contain information about changes in efficacy, dosage or toxicity due to such variants. The label may mention contraindication of the drug in a particular subset of patients but does not require or recommend gene, protein or chromosomal testing.', 'parents': [], 'resource': 'Genetic Testing Level', 'synonyms': [], 'term': 'Actionable PGx', 'termId': 'geneTestLevel:1183672111', 'valid': True, 'version': 2}",False,ClinPGx
PA166161219,Annotation of FDA Label for aripiprazole lauroxil and CYP2D6,aripiprazole lauroxil,CYP2D6,FDA,On FDA Biomarker List,"{'id': 1183672111, 'description': 'The label does not discuss genetic or other testing for gene/protein/chromosomal variants, but does contain information about changes in efficacy, dosage or toxicity due to such variants. The label may mention contraindication of the drug in a particular subset of patients but does not require or recommend gene, protein or chromosomal testing.', 'parents': [], 'resource': 'Genetic Testing Level', 'synonyms': [], 'term': 'Actionable PGx', 'termId': 'geneTestLevel:1183672111', 'valid': True, 'version': 2}",True,ClinPGx
PA166169882,Annotation of FDA Label for deutetrabenazine and CYP2D6,deutetrabenazine,CYP2D6,FDA,On FDA Biomarker List,"{'id': 1183672111, 'description': 'The label does not discuss genetic or other testing for gene/protein/chromosomal variants, but does contain information about changes in efficacy, dosage or toxicity due to such variants. The label may mention contraindication of the drug in a particular subset of patients but does not require or recommend gene, protein or chromosomal testing.', 'parents': [], 'resource': 'Genetic Testing Level', 'synonyms': [], 'term': 'Actionable PGx', 'termId': 'geneTestLevel:1183672111', 'valid': True, 'version': 2}",False,ClinPGx
PA166182930,Annotation of EMA Label for brexpiprazole and CYP2D6,brexpiprazole,CYP2D6,EMA,,"{'id': 1183672111, 'description': 'The label does not discuss genetic or other testing for gene/protein/chromosomal variants, but does contain information about changes in efficacy, dosage or toxicity due to such variants. The label may mention contraindication of the drug in a particular subset of patients but does not require or recommend gene, protein or chromosomal testing.', 'parents': [], 'resource': 'Genetic Testing Level', 'synonyms': [], 'term': 'Actionable PGx', 'termId': 'geneTestLevel:1183672111', 'valid': True, 'version': 2}",False,ClinPGx
PA166182944,Annotation of EMA Label for duloxetine and CYP2D6,duloxetine,CYP2D6,EMA,,"{'id': 1183672141, 'description': 'The label mentions a gene or protein is involved in the metabolism or pharmacodynamics of the drug, but there is no information to suggest that variation in these genes/proteins leads to different response.', 'parents': [], 'resource': 'Genetic Testing Level', 'synonyms': [], 'term': 'Informative PGx', 'termId': 'geneTestLevel:1183672141', 'valid': True, 'version': 2}",False,ClinPGx
PA166182950,Annotation of EMA Label for gefitinib and CYP2D6,gefitinib,CYP2D6,EMA,,"{'id': 1183672111, 'description': 'The label does not discuss genetic or other testing for gene/protein/chromosomal variants, but does contain information about changes in efficacy, dosage or toxicity due to such variants. The label may mention contraindication of the drug in a particular subset of patients but does not require or recommend gene, protein or chromosomal testing.', 'parents': [], 'resource': 'Genetic Testing Level', 'synonyms': [], 'term': 'Actionable PGx', 'termId': 'geneTestLevel:1183672111', 'valid': True, 'version': 2}",False,ClinPGx
PA166183219,Annotation of EMA Label for mirabegron and CYP2D6,mirabegron,CYP2D6,EMA,,"{'id': 1452529540, 'parents': [], 'resource': 'Genetic Testing Level', 'synonyms': [], 'term': 'No Clinical PGx', 'termId': 'geneTestLevel:1452529540', 'valid': True, 'version': 0}",False,ClinPGx
PA166183248,Annotation of EMA Label for palonosetron and CYP2D6,palonosetron,CYP2D6,EMA,,"{'id': 1452529540, 'parents': [], 'resource': 'Genetic Testing Level', 'synonyms': [], 'term': 'No Clinical PGx', 'termId': 'geneTestLevel:1452529540', 'valid': True, 'version': 0}",False,ClinPGx
PA166183424,"Annotation of EMA Label for rucaparib and CYP1A2, CYP2D6",rucaparib,CYP1A2; CYP2D6,EMA,,"{'id': 1452529540, 'parents': [], 'resource': 'Genetic Testing Level', 'synonyms': [], 'term': 'No Clinical PGx', 'termId': 'geneTestLevel:1452529540', 'valid': True, 'version': 0}",False,ClinPGx
PA166183441,Annotation of EMA Label for umeclidinium and CYP2D6,umeclidinium,CYP2D6,EMA,,"{'id': 1452529540, 'parents': [], 'resource': 'Genetic Testing Level', 'synonyms': [], 'term': 'No Clinical PGx', 'termId': 'geneTestLevel:1452529540', 'valid': True, 'version': 0}",False,ClinPGx
PA166183790,Annotation of Swissmedic Label for metoprolol and CYP2D6,metoprolol,CYP2D6,Swissmedic,,"{'id': 1183672111, 'description': 'The label does not discuss genetic or other testing for gene/protein/chromosomal variants, but does contain information about changes in efficacy, dosage or toxicity due to such variants. The label may mention contraindication of the drug in a particular subset of patients but does not require or recommend gene, protein or chromosomal testing.', 'parents': [], 'resource': 'Genetic Testing Level', 'synonyms': [], 'term': 'Actionable PGx', 'termId': 'geneTestLevel:1183672111', 'valid': True, 'version': 2}",False,ClinPGx
PA166183810,Annotation of Swissmedic Label for mirabegron and CYP2D6,mirabegron,CYP2D6,Swissmedic,,"{'id': 1183672141, 'description': 'The label mentions a gene or protein is involved in the metabolism or pharmacodynamics of the drug, but there is no information to suggest that variation in these genes/proteins leads to different response.', 'parents': [], 'resource': 'Genetic Testing Level', 'synonyms': [], 'term': 'Informative PGx', 'termId': 'geneTestLevel:1183672141', 'valid': True, 'version': 2}",False,ClinPGx
PA166183910,Annotation of Swissmedic Label for nebivolol and CYP2D6,nebivolol,CYP2D6,Swissmedic,,"{'id': 1183672141, 'description': 'The label mentions a gene or protein is involved in the metabolism or pharmacodynamics of the drug, but there is no information to suggest that variation in these genes/proteins leads to different response.', 'parents': [], 'resource': 'Genetic Testing Level', 'synonyms': [], 'term': 'Informative PGx', 'termId': 'geneTestLevel:1183672141', 'valid': True, 'version': 2}",False,ClinPGx
PA166184109,Annotation of Swissmedic Label for aripiprazole and CYP2D6,aripiprazole,CYP2D6,Swissmedic,,"{'id': 1183672111, 'description': 'The label does not discuss genetic or other testing for gene/protein/chromosomal variants, but does contain information about changes in efficacy, dosage or toxicity due to such variants. The label may mention contraindication of the drug in a particular subset of patients but does not require or recommend gene, protein or chromosomal testing.', 'parents': [], 'resource': 'Genetic Testing Level', 'synonyms': [], 'term': 'Actionable PGx', 'termId': 'geneTestLevel:1183672111', 'valid': True, 'version': 2}",False,ClinPGx
PA166184111,Annotation of Swissmedic Label for atomoxetine and CYP2D6,atomoxetine,CYP2D6,Swissmedic,,"{'id': 1183672111, 'description': 'The label does not discuss genetic or other testing for gene/protein/chromosomal variants, but does contain information about changes in efficacy, dosage or toxicity due to such variants. The label may mention contraindication of the drug in a particular subset of patients but does not require or recommend gene, protein or chromosomal testing.', 'parents': [], 'resource': 'Genetic Testing Level', 'synonyms': [], 'term': 'Actionable PGx', 'termId': 'geneTestLevel:1183672111', 'valid': True, 'version': 2}",False,ClinPGx
PA166184118,Annotation of Swissmedic Label for carvedilol and CYP2D6,carvedilol,CYP2D6,Swissmedic,,"{'id': 1183672141, 'description': 'The label mentions a gene or protein is involved in the metabolism or pharmacodynamics of the drug, but there is no information to suggest that variation in these genes/proteins leads to different response.', 'parents': [], 'resource': 'Genetic Testing Level', 'synonyms': [], 'term': 'Informative PGx', 'termId': 'geneTestLevel:1183672141', 'valid': True, 'version': 2}",False,ClinPGx
PA166184124,Annotation of Swissmedic Label for clomipramine and CYP2D6,clomipramine,CYP2D6,Swissmedic,,"{'id': 1183672111, 'description': 'The label does not discuss genetic or other testing for gene/protein/chromosomal variants, but does contain information about changes in efficacy, dosage or toxicity due to such variants. The label may mention contraindication of the drug in a particular subset of patients but does not require or recommend gene, protein or chromosomal testing.', 'parents': [], 'resource': 'Genetic Testing Level', 'synonyms': [], 'term': 'Actionable PGx', 'termId': 'geneTestLevel:1183672111', 'valid': True, 'version': 2}",False,ClinPGx
PA166184126,Annotation of Swissmedic Label for codeine and CYP2D6,codeine,CYP2D6,Swissmedic,,"{'id': 1183672111, 'description': 'The label does not discuss genetic or other testing for gene/protein/chromosomal variants, but does contain information about changes in efficacy, dosage or toxicity due to such variants. The label may mention contraindication of the drug in a particular subset of patients but does not require or recommend gene, protein or chromosomal testing.', 'parents': [], 'resource': 'Genetic Testing Level', 'synonyms': [], 'term': 'Actionable PGx', 'termId': 'geneTestLevel:1183672111', 'valid': True, 'version': 2}",True,ClinPGx
PA166184127,Annotation of Swissmedic Label for acetaminophen / codeine and CYP2D6,acetaminophen / codeine,CYP2D6,Swissmedic,,"{'id': 1183672041, 'description': 'The label states or implies that some sort of gene, protein or chromosomal testing, including genetic testing, functional protein assays, cytogenetic studies, etc., should be conducted before using this drug. This requirement may only be for a particular subset of patients. PharmGKB considers labels that state the variant is an indication for the drug, as implying a test requirement. If the label states a test ""should be"" performed, this is also interpreted as a requirement.', 'parents': [], 'resource': 'Genetic Testing Level', 'synonyms': [], 'term': 'Testing Required', 'termId': 'geneTestLevel:1183672041', 'valid': True, 'version': 3}",True,ClinPGx
PA166184130,Annotation of Swissmedic Label for dapoxetine and CYP2D6,dapoxetine,CYP2D6,Swissmedic,,"{'id': 1183672111, 'description': 'The label does not discuss genetic or other testing for gene/protein/chromosomal variants, but does contain information about changes in efficacy, dosage or toxicity due to such variants. The label may mention contraindication of the drug in a particular subset of patients but does not require or recommend gene, protein or chromosomal testing.', 'parents': [], 'resource': 'Genetic Testing Level', 'synonyms': [], 'term': 'Actionable PGx', 'termId': 'geneTestLevel:1183672111', 'valid': True, 'version': 2}",False,ClinPGx
PA166184131,Annotation of Swissmedic Label for darifenacin and CYP2D6,darifenacin,CYP2D6,Swissmedic,,"{'id': 1183672111, 'description': 'The label does not discuss genetic or other testing for gene/protein/chromosomal variants, but does contain information about changes in efficacy, dosage or toxicity due to such variants. The label may mention contraindication of the drug in a particular subset of patients but does not require or recommend gene, protein or chromosomal testing.', 'parents': [], 'resource': 'Genetic Testing Level', 'synonyms': [], 'term': 'Actionable PGx', 'termId': 'geneTestLevel:1183672111', 'valid': True, 'version': 2}",False,ClinPGx
PA166184134,Annotation of Swissmedic Label for dextromethorphan and CYP2D6,dextromethorphan,CYP2D6,Swissmedic,,"{'id': 1183672111, 'description': 'The label does not discuss genetic or other testing for gene/protein/chromosomal variants, but does contain information about changes in efficacy, dosage or toxicity due to such variants. The label may mention contraindication of the drug in a particular subset of patients but does not require or recommend gene, protein or chromosomal testing.', 'parents': [], 'resource': 'Genetic Testing Level', 'synonyms': [], 'term': 'Actionable PGx', 'termId': 'geneTestLevel:1183672111', 'valid': True, 'version': 2}",False,ClinPGx
PA166184160,Annotation of Swissmedic Label for ondansetron and CYP2D6,ondansetron,CYP2D6,Swissmedic,,"{'id': 1183672141, 'description': 'The label mentions a gene or protein is involved in the metabolism or pharmacodynamics of the drug, but there is no information to suggest that variation in these genes/proteins leads to different response.', 'parents': [], 'resource': 'Genetic Testing Level', 'synonyms': [], 'term': 'Informative PGx', 'termId': 'geneTestLevel:1183672141', 'valid': True, 'version': 2}",False,ClinPGx
PA166184172,Annotation of Swissmedic Label for Opium derivatives and expectorants and CYP2D6,Opium derivatives and expectorants,CYP2D6,Swissmedic,,"{'id': 1183672111, 'description': 'The label does not discuss genetic or other testing for gene/protein/chromosomal variants, but does contain information about changes in efficacy, dosage or toxicity due to such variants. The label may mention contraindication of the drug in a particular subset of patients but does not require or recommend gene, protein or chromosomal testing.', 'parents': [], 'resource': 'Genetic Testing Level', 'synonyms': [], 'term': 'Actionable PGx', 'termId': 'geneTestLevel:1183672111', 'valid': True, 'version': 2}",False,ClinPGx
PA166184177,Annotation of Swissmedic Label for oxycodone and CYP2D6,oxycodone,CYP2D6,Swissmedic,,"{'id': 1183672111, 'description': 'The label does not discuss genetic or other testing for gene/protein/chromosomal variants, but does contain information about changes in efficacy, dosage or toxicity due to such variants. The label may mention contraindication of the drug in a particular subset of patients but does not require or recommend gene, protein or chromosomal testing.', 'parents': [], 'resource': 'Genetic Testing Level', 'synonyms': [], 'term': 'Actionable PGx', 'termId': 'geneTestLevel:1183672111', 'valid': True, 'version': 2}",False,ClinPGx
PA166184220,Annotation of Swissmedic Label for paliperidone and CYP2D6,paliperidone,CYP2D6,Swissmedic,,"{'id': 1183672141, 'description': 'The label mentions a gene or protein is involved in the metabolism or pharmacodynamics of the drug, but there is no information to suggest that variation in these genes/proteins leads to different response.', 'parents': [], 'resource': 'Genetic Testing Level', 'synonyms': [], 'term': 'Informative PGx', 'termId': 'geneTestLevel:1183672141', 'valid': True, 'version': 2}",False,ClinPGx
PA166184221,Annotation of Swissmedic Label for palonosetron and CYP2D6,palonosetron,CYP2D6,Swissmedic,,"{'id': 1183672141, 'description': 'The label mentions a gene or protein is involved in the metabolism or pharmacodynamics of the drug, but there is no information to suggest that variation in these genes/proteins leads to different response.', 'parents': [], 'resource': 'Genetic Testing Level', 'synonyms': [], 'term': 'Informative PGx', 'termId': 'geneTestLevel:1183672141', 'valid': True, 'version': 2}",False,ClinPGx
PA166184223,"Annotation of Swissmedic Label for Paracetamol, combinations excl. Psycholeptics (Vicks MediNait Sirup) and CYP2D6, G6PD","paracetamol, combinations excl. Psycholeptics (Vicks MediNait Sirup)",CYP2D6; G6PD,Swissmedic,,"{'id': 1183672111, 'description': 'The label does not discuss genetic or other testing for gene/protein/chromosomal variants, but does contain information about changes in efficacy, dosage or toxicity due to such variants. The label may mention contraindication of the drug in a particular subset of patients but does not require or recommend gene, protein or chromosomal testing.', 'parents': [], 'resource': 'Genetic Testing Level', 'synonyms': [], 'term': 'Actionable PGx', 'termId': 'geneTestLevel:1183672111', 'valid': True, 'version': 2}",False,ClinPGx
PA166184231,Annotation of Swissmedic Label for umeclidinium and CYP2D6,umeclidinium,CYP2D6,Swissmedic,,"{'id': 1183672141, 'description': 'The label mentions a gene or protein is involved in the metabolism or pharmacodynamics of the drug, but there is no information to suggest that variation in these genes/proteins leads to different response.', 'parents': [], 'resource': 'Genetic Testing Level', 'synonyms': [], 'term': 'Informative PGx', 'termId': 'geneTestLevel:1183672141', 'valid': True, 'version': 2}",False,ClinPGx
PA166184232,Annotation of Swissmedic Label for venlafaxine and CYP2D6,venlafaxine,CYP2D6,Swissmedic,,"{'id': 1183672111, 'description': 'The label does not discuss genetic or other testing for gene/protein/chromosomal variants, but does contain information about changes in efficacy, dosage or toxicity due to such variants. The label may mention contraindication of the drug in a particular subset of patients but does not require or recommend gene, protein or chromosomal testing.', 'parents': [], 'resource': 'Genetic Testing Level', 'synonyms': [], 'term': 'Actionable PGx', 'termId': 'geneTestLevel:1183672111', 'valid': True, 'version': 2}",False,ClinPGx
PA166184234,Annotation of Swissmedic Label for vernakalant and CYP2D6,vernakalant,CYP2D6,Swissmedic,,"{'id': 1183672141, 'description': 'The label mentions a gene or protein is involved in the metabolism or pharmacodynamics of the drug, but there is no information to suggest that variation in these genes/proteins leads to different response.', 'parents': [], 'resource': 'Genetic Testing Level', 'synonyms': [], 'term': 'Informative PGx', 'termId': 'geneTestLevel:1183672141', 'valid': True, 'version': 2}",False,ClinPGx
PA166184236,Annotation of Swissmedic Label for umeclidinium / vilanterol and CYP2D6,umeclidinium / vilanterol,CYP2D6,Swissmedic,,"{'id': 1183672141, 'description': 'The label mentions a gene or protein is involved in the metabolism or pharmacodynamics of the drug, but there is no information to suggest that variation in these genes/proteins leads to different response.', 'parents': [], 'resource': 'Genetic Testing Level', 'synonyms': [], 'term': 'Informative PGx', 'termId': 'geneTestLevel:1183672141', 'valid': True, 'version': 2}",False,ClinPGx
PA166184239,Annotation of Swissmedic Label for vortioxetine and CYP2D6,vortioxetine,CYP2D6,Swissmedic,,"{'id': 1183672111, 'description': 'The label does not discuss genetic or other testing for gene/protein/chromosomal variants, but does contain information about changes in efficacy, dosage or toxicity due to such variants. The label may mention contraindication of the drug in a particular subset of patients but does not require or recommend gene, protein or chromosomal testing.', 'parents': [], 'resource': 'Genetic Testing Level', 'synonyms': [], 'term': 'Actionable PGx', 'termId': 'geneTestLevel:1183672111', 'valid': True, 'version': 2}",False,ClinPGx
PA166184374,Annotation of Swissmedic Label for ibrutinib and CYP2D6,ibrutinib,CYP2D6,Swissmedic,,"{'id': 1183672141, 'description': 'The label mentions a gene or protein is involved in the metabolism or pharmacodynamics of the drug, but there is no information to suggest that variation in these genes/proteins leads to different response.', 'parents': [], 'resource': 'Genetic Testing Level', 'synonyms': [], 'term': 'Informative PGx', 'termId': 'geneTestLevel:1183672141', 'valid': True, 'version': 2}",False,ClinPGx
PA166184392,Annotation of Swissmedic Label for tamoxifen and CYP2D6,tamoxifen,CYP2D6,Swissmedic,,"{'id': 1183672111, 'description': 'The label does not discuss genetic or other testing for gene/protein/chromosomal variants, but does contain information about changes in efficacy, dosage or toxicity due to such variants. The label may mention contraindication of the drug in a particular subset of patients but does not require or recommend gene, protein or chromosomal testing.', 'parents': [], 'resource': 'Genetic Testing Level', 'synonyms': [], 'term': 'Actionable PGx', 'termId': 'geneTestLevel:1183672111', 'valid': True, 'version': 2}",False,ClinPGx
PA166184395,Annotation of Swissmedic Label for propafenone and CYP2D6,propafenone,CYP2D6,Swissmedic,,"{'id': 1183672111, 'description': 'The label does not discuss genetic or other testing for gene/protein/chromosomal variants, but does contain information about changes in efficacy, dosage or toxicity due to such variants. The label may mention contraindication of the drug in a particular subset of patients but does not require or recommend gene, protein or chromosomal testing.', 'parents': [], 'resource': 'Genetic Testing Level', 'synonyms': [], 'term': 'Actionable PGx', 'termId': 'geneTestLevel:1183672111', 'valid': True, 'version': 2}",False,ClinPGx
PA166184402,Annotation of Swissmedic Label for ranolazine and CYP2D6,ranolazine,CYP2D6,Swissmedic,,"{'id': 1183672111, 'description': 'The label does not discuss genetic or other testing for gene/protein/chromosomal variants, but does contain information about changes in efficacy, dosage or toxicity due to such variants. The label may mention contraindication of the drug in a particular subset of patients but does not require or recommend gene, protein or chromosomal testing.', 'parents': [], 'resource': 'Genetic Testing Level', 'synonyms': [], 'term': 'Actionable PGx', 'termId': 'geneTestLevel:1183672111', 'valid': True, 'version': 2}",False,ClinPGx
PA166184404,"Annotation of Swissmedic Label for tamsulosin and CYP2D6, CYP3A4",tamsulosin,CYP2D6; CYP3A4,Swissmedic,,"{'id': 1183672111, 'description': 'The label does not discuss genetic or other testing for gene/protein/chromosomal variants, but does contain information about changes in efficacy, dosage or toxicity due to such variants. The label may mention contraindication of the drug in a particular subset of patients but does not require or recommend gene, protein or chromosomal testing.', 'parents': [], 'resource': 'Genetic Testing Level', 'synonyms': [], 'term': 'Actionable PGx', 'termId': 'geneTestLevel:1183672111', 'valid': True, 'version': 2}",False,ClinPGx
PA166184405,Annotation of Swissmedic Label for brexpiprazole and CYP2D6,brexpiprazole,CYP2D6,Swissmedic,,"{'id': 1183672111, 'description': 'The label does not discuss genetic or other testing for gene/protein/chromosomal variants, but does contain information about changes in efficacy, dosage or toxicity due to such variants. The label may mention contraindication of the drug in a particular subset of patients but does not require or recommend gene, protein or chromosomal testing.', 'parents': [], 'resource': 'Genetic Testing Level', 'synonyms': [], 'term': 'Actionable PGx', 'termId': 'geneTestLevel:1183672111', 'valid': True, 'version': 2}",False,ClinPGx
PA166184421,Annotation of Swissmedic Label for risperidone and CYP2D6,risperidone,CYP2D6,Swissmedic,,"{'id': 1183672141, 'description': 'The label mentions a gene or protein is involved in the metabolism or pharmacodynamics of the drug, but there is no information to suggest that variation in these genes/proteins leads to different response.', 'parents': [], 'resource': 'Genetic Testing Level', 'synonyms': [], 'term': 'Informative PGx', 'termId': 'geneTestLevel:1183672141', 'valid': True, 'version': 2}",False,ClinPGx
PA166184422,Annotation of Swissmedic Label for tetrabenazine and CYP2D6,tetrabenazine,CYP2D6,Swissmedic,,"{'id': 1183672041, 'description': 'The label states or implies that some sort of gene, protein or chromosomal testing, including genetic testing, functional protein assays, cytogenetic studies, etc., should be conducted before using this drug. This requirement may only be for a particular subset of patients. PharmGKB considers labels that state the variant is an indication for the drug, as implying a test requirement. If the label states a test ""should be"" performed, this is also interpreted as a requirement.', 'parents': [], 'resource': 'Genetic Testing Level', 'synonyms': [], 'term': 'Testing Required', 'termId': 'geneTestLevel:1183672041', 'valid': True, 'version': 3}",False,ClinPGx
PA166184425,Annotation of Swissmedic Label for tolperisone and CYP2D6,tolperisone,CYP2D6,Swissmedic,,"{'id': 1183672111, 'description': 'The label does not discuss genetic or other testing for gene/protein/chromosomal variants, but does contain information about changes in efficacy, dosage or toxicity due to such variants. The label may mention contraindication of the drug in a particular subset of patients but does not require or recommend gene, protein or chromosomal testing.', 'parents': [], 'resource': 'Genetic Testing Level', 'synonyms': [], 'term': 'Actionable PGx', 'termId': 'geneTestLevel:1183672111', 'valid': True, 'version': 2}",False,ClinPGx
PA166184426,"Annotation of Swissmedic Label for tolterodine and CYP2D6, CYP3A4",tolterodine,CYP2D6; CYP3A4,Swissmedic,,"{'id': 1183672111, 'description': 'The label does not discuss genetic or other testing for gene/protein/chromosomal variants, but does contain information about changes in efficacy, dosage or toxicity due to such variants. The label may mention contraindication of the drug in a particular subset of patients but does not require or recommend gene, protein or chromosomal testing.', 'parents': [], 'resource': 'Genetic Testing Level', 'synonyms': [], 'term': 'Actionable PGx', 'termId': 'geneTestLevel:1183672111', 'valid': True, 'version': 2}",False,ClinPGx
PA166184428,Annotation of Swissmedic Label for sertindole and CYP2D6,sertindole,CYP2D6,Swissmedic,,"{'id': 1183672111, 'description': 'The label does not discuss genetic or other testing for gene/protein/chromosomal variants, but does contain information about changes in efficacy, dosage or toxicity due to such variants. The label may mention contraindication of the drug in a particular subset of patients but does not require or recommend gene, protein or chromosomal testing.', 'parents': [], 'resource': 'Genetic Testing Level', 'synonyms': [], 'term': 'Actionable PGx', 'termId': 'geneTestLevel:1183672111', 'valid': True, 'version': 2}",False,ClinPGx
PA166184442,Annotation of Swissmedic Label for duloxetine and CYP2D6,duloxetine,CYP2D6,Swissmedic,,"{'id': 1183672111, 'description': 'The label does not discuss genetic or other testing for gene/protein/chromosomal variants, but does contain information about changes in efficacy, dosage or toxicity due to such variants. The label may mention contraindication of the drug in a particular subset of patients but does not require or recommend gene, protein or chromosomal testing.', 'parents': [], 'resource': 'Genetic Testing Level', 'synonyms': [], 'term': 'Actionable PGx', 'termId': 'geneTestLevel:1183672111', 'valid': True, 'version': 2}",False,ClinPGx
PA166184444,Annotation of Swissmedic Label for eletriptan and CYP2D6,eletriptan,CYP2D6,Swissmedic,,"{'id': 1183672141, 'description': 'The label mentions a gene or protein is involved in the metabolism or pharmacodynamics of the drug, but there is no information to suggest that variation in these genes/proteins leads to different response.', 'parents': [], 'resource': 'Genetic Testing Level', 'synonyms': [], 'term': 'Informative PGx', 'termId': 'geneTestLevel:1183672141', 'valid': True, 'version': 2}",False,ClinPGx
PA166184446,Annotation of Swissmedic Label for escitalopram and CYP2D6,escitalopram,CYP2D6,Swissmedic,,"{'id': 1183672141, 'description': 'The label mentions a gene or protein is involved in the metabolism or pharmacodynamics of the drug, but there is no information to suggest that variation in these genes/proteins leads to different response.', 'parents': [], 'resource': 'Genetic Testing Level', 'synonyms': [], 'term': 'Informative PGx', 'termId': 'geneTestLevel:1183672141', 'valid': True, 'version': 2}",False,ClinPGx
PA166184447,Annotation of Swissmedic Label for fesoterodine and CYP2D6,fesoterodine,CYP2D6,Swissmedic,,"{'id': 1183672111, 'description': 'The label does not discuss genetic or other testing for gene/protein/chromosomal variants, but does contain information about changes in efficacy, dosage or toxicity due to such variants. The label may mention contraindication of the drug in a particular subset of patients but does not require or recommend gene, protein or chromosomal testing.', 'parents': [], 'resource': 'Genetic Testing Level', 'synonyms': [], 'term': 'Actionable PGx', 'termId': 'geneTestLevel:1183672111', 'valid': True, 'version': 2}",False,ClinPGx
PA166184452,Annotation of Swissmedic Label for fluoxetine and CYP2D6,fluoxetine,CYP2D6,Swissmedic,,"{'id': 1183672141, 'description': 'The label mentions a gene or protein is involved in the metabolism or pharmacodynamics of the drug, but there is no information to suggest that variation in these genes/proteins leads to different response.', 'parents': [], 'resource': 'Genetic Testing Level', 'synonyms': [], 'term': 'Informative PGx', 'termId': 'geneTestLevel:1183672141', 'valid': True, 'version': 2}",False,ClinPGx
PA166184453,Annotation of Swissmedic Label for fluvoxamine and CYP2D6,fluvoxamine,CYP2D6,Swissmedic,,"{'id': 1183672111, 'description': 'The label does not discuss genetic or other testing for gene/protein/chromosomal variants, but does contain information about changes in efficacy, dosage or toxicity due to such variants. The label may mention contraindication of the drug in a particular subset of patients but does not require or recommend gene, protein or chromosomal testing.', 'parents': [], 'resource': 'Genetic Testing Level', 'synonyms': [], 'term': 'Actionable PGx', 'termId': 'geneTestLevel:1183672111', 'valid': True, 'version': 2}",False,ClinPGx
PA166184454,Annotation of Swissmedic Label for galantamine and CYP2D6,galantamine,CYP2D6,Swissmedic,,"{'id': 1183672141, 'description': 'The label mentions a gene or protein is involved in the metabolism or pharmacodynamics of the drug, but there is no information to suggest that variation in these genes/proteins leads to different response.', 'parents': [], 'resource': 'Genetic Testing Level', 'synonyms': [], 'term': 'Informative PGx', 'termId': 'geneTestLevel:1183672141', 'valid': True, 'version': 2}",False,ClinPGx
PA166184455,Annotation of Swissmedic Label for gefitinib and CYP2D6,gefitinib,CYP2D6,Swissmedic,,"{'id': 1183672111, 'description': 'The label does not discuss genetic or other testing for gene/protein/chromosomal variants, but does contain information about changes in efficacy, dosage or toxicity due to such variants. The label may mention contraindication of the drug in a particular subset of patients but does not require or recommend gene, protein or chromosomal testing.', 'parents': [], 'resource': 'Genetic Testing Level', 'synonyms': [], 'term': 'Actionable PGx', 'termId': 'geneTestLevel:1183672111', 'valid': True, 'version': 2}",False,ClinPGx
PA166184460,Annotation of Swissmedic Label for haloperidol and CYP2D6,haloperidol,CYP2D6,Swissmedic,,"{'id': 1183672111, 'description': 'The label does not discuss genetic or other testing for gene/protein/chromosomal variants, but does contain information about changes in efficacy, dosage or toxicity due to such variants. The label may mention contraindication of the drug in a particular subset of patients but does not require or recommend gene, protein or chromosomal testing.', 'parents': [], 'resource': 'Genetic Testing Level', 'synonyms': [], 'term': 'Actionable PGx', 'termId': 'geneTestLevel:1183672111', 'valid': True, 'version': 2}",False,ClinPGx
PA166184490,Annotation of Swissmedic Label for zuclopenthixol and CYP2D6,zuclopenthixol,CYP2D6,Swissmedic,,,False,ClinPGx
PA166184539,Annotation of FDA Label for paliperidone and CYP2D6,paliperidone,CYP2D6,FDA,On FDA Biomarker List,"{'id': 1452529540, 'parents': [], 'resource': 'Genetic Testing Level', 'synonyms': [], 'term': 'No Clinical PGx', 'termId': 'geneTestLevel:1452529540', 'valid': True, 'version': 0}",False,ClinPGx
PA166185168,Annotation of FDA Label for pitolisant and CYP2D6,pitolisant,CYP2D6,FDA,On FDA Biomarker List,"{'id': 1183672111, 'description': 'The label does not discuss genetic or other testing for gene/protein/chromosomal variants, but does contain information about changes in efficacy, dosage or toxicity due to such variants. The label may mention contraindication of the drug in a particular subset of patients but does not require or recommend gene, protein or chromosomal testing.', 'parents': [], 'resource': 'Genetic Testing Level', 'synonyms': [], 'term': 'Actionable PGx', 'termId': 'geneTestLevel:1183672111', 'valid': True, 'version': 2}",False,ClinPGx
PA166190761,Annotation of FDA Label for upadacitinib and CYP2D6,upadacitinib,CYP2D6,FDA,On FDA Biomarker List,"{'id': 1452529540, 'parents': [], 'resource': 'Genetic Testing Level', 'synonyms': [], 'term': 'No Clinical PGx', 'termId': 'geneTestLevel:1452529540', 'valid': True, 'version': 0}",False,ClinPGx
PA166223861,Annotation of FDA Label for bupropion and CYP2D6,bupropion,CYP2D6,FDA,On FDA Biomarker List,,False,ClinPGx
PA166224101,Annotation of FDA Label for citalopram and CYP2D6,citalopram,CYP2D6,FDA,On FDA Biomarker List,"{'id': 1452529540, 'parents': [], 'resource': 'Genetic Testing Level', 'synonyms': [], 'term': 'No Clinical PGx', 'termId': 'geneTestLevel:1452529540', 'valid': True, 'version': 0}",False,ClinPGx
PA166224121,Annotation of FDA Label for escitalopram and CYP2D6,escitalopram,CYP2D6,FDA,On FDA Biomarker List,,False,ClinPGx
PA166225161,Annotation of FDA Label for oliceridine and CYP2D6,oliceridine,CYP2D6,FDA,On FDA Biomarker List,"{'id': 1183672111, 'description': 'The label does not discuss genetic or other testing for gene/protein/chromosomal variants, but does contain information about changes in efficacy, dosage or toxicity due to such variants. The label may mention contraindication of the drug in a particular subset of patients but does not require or recommend gene, protein or chromosomal testing.', 'parents': [], 'resource': 'Genetic Testing Level', 'synonyms': [], 'term': 'Actionable PGx', 'termId': 'geneTestLevel:1183672111', 'valid': True, 'version': 2}",False,ClinPGx
PA166246301,Annotation of FDA Label for acetaminophen / caffeine / dihydrocodeine and CYP2D6,acetaminophen / caffeine / dihydrocodeine,CYP2D6,FDA,,"{'id': 1183672111, 'description': 'The label does not discuss genetic or other testing for gene/protein/chromosomal variants, but does contain information about changes in efficacy, dosage or toxicity due to such variants. The label may mention contraindication of the drug in a particular subset of patients but does not require or recommend gene, protein or chromosomal testing.', 'parents': [], 'resource': 'Genetic Testing Level', 'synonyms': [], 'term': 'Actionable PGx', 'termId': 'geneTestLevel:1183672111', 'valid': True, 'version': 2}",True,ClinPGx
PA166272181,Annotation of EMA Label for upadacitinib and CYP2D6,upadacitinib,CYP2D6,EMA,,,False,ClinPGx
PA166272241,Annotation of HCSC Label for upadacitinib and CYP2D6,upadacitinib,CYP2D6,HCSC,,"{'id': 1452529540, 'parents': [], 'resource': 'Genetic Testing Level', 'synonyms': [], 'term': 'No Clinical PGx', 'termId': 'geneTestLevel:1452529540', 'valid': True, 'version': 0}",False,ClinPGx
PA166273101,Annotation of EMA Label for pitolisant and CYP2D6,pitolisant,CYP2D6,EMA,,"{'id': 1183672111, 'description': 'The label does not discuss genetic or other testing for gene/protein/chromosomal variants, but does contain information about changes in efficacy, dosage or toxicity due to such variants. The label may mention contraindication of the drug in a particular subset of patients but does not require or recommend gene, protein or chromosomal testing.', 'parents': [], 'resource': 'Genetic Testing Level', 'synonyms': [], 'term': 'Actionable PGx', 'termId': 'geneTestLevel:1183672111', 'valid': True, 'version': 2}",False,ClinPGx
PA166273241,Annotation of EMA Label for paliperidone and CYP2D6,paliperidone,CYP2D6,EMA,,"{'id': 1452529540, 'parents': [], 'resource': 'Genetic Testing Level', 'synonyms': [], 'term': 'No Clinical PGx', 'termId': 'geneTestLevel:1452529540', 'valid': True, 'version': 0}",False,ClinPGx
PA166278361,Annotation of FDA Label for dextromethorphan hydrobromide / bupropion hydrochloride and CYP2D6,dextromethorphan hydrobromide / bupropion hydrochloride,CYP2D6,FDA,On FDA Biomarker List,"{'id': 1183672111, 'description': 'The label does not discuss genetic or other testing for gene/protein/chromosomal variants, but does contain information about changes in efficacy, dosage or toxicity due to such variants. The label may mention contraindication of the drug in a particular subset of patients but does not require or recommend gene, protein or chromosomal testing.', 'parents': [], 'resource': 'Genetic Testing Level', 'synonyms': [], 'term': 'Actionable PGx', 'termId': 'geneTestLevel:1183672111', 'valid': True, 'version': 2}",False,ClinPGx
PA166281761,Annotation of HCSC Label for paliperidone and CYP2D6,paliperidone,CYP2D6,HCSC,,"{'id': 1452529540, 'parents': [], 'resource': 'Genetic Testing Level', 'synonyms': [], 'term': 'No Clinical PGx', 'termId': 'geneTestLevel:1452529540', 'valid': True, 'version': 0}",False,ClinPGx
PA166281741,Annotation of HCSC Label for pitolisant and CYP2D6,pitolisant,CYP2D6,HCSC,,"{'id': 1183672111, 'description': 'The label does not discuss genetic or other testing for gene/protein/chromosomal variants, but does contain information about changes in efficacy, dosage or toxicity due to such variants. The label may mention contraindication of the drug in a particular subset of patients but does not require or recommend gene, protein or chromosomal testing.', 'parents': [], 'resource': 'Genetic Testing Level', 'synonyms': [], 'term': 'Actionable PGx', 'termId': 'geneTestLevel:1183672111', 'valid': True, 'version': 2}",False,ClinPGx
PA166251601,Annotation of FDA Label for viloxazine and CYP2D6,viloxazine,CYP2D6,FDA,On FDA Biomarker List,"{'id': 1183672141, 'description': 'The label mentions a gene or protein is involved in the metabolism or pharmacodynamics of the drug, but there is no information to suggest that variation in these genes/proteins leads to different response.', 'parents': [], 'resource': 'Genetic Testing Level', 'synonyms': [], 'term': 'Informative PGx', 'termId': 'geneTestLevel:1183672141', 'valid': True, 'version': 2}",False,ClinPGx
PA166336642,Annotation of HCSC Label for eliglustat and CYP2D6,eliglustat,CYP2D6,HCSC,,"{'id': 1183672041, 'description': 'The label states or implies that some sort of gene, protein or chromosomal testing, including genetic testing, functional protein assays, cytogenetic studies, etc., should be conducted before using this drug. This requirement may only be for a particular subset of patients. PharmGKB considers labels that state the variant is an indication for the drug, as implying a test requirement. If the label states a test ""should be"" performed, this is also interpreted as a requirement.', 'parents': [], 'resource': 'Genetic Testing Level', 'synonyms': [], 'term': 'Testing Required', 'termId': 'geneTestLevel:1183672041', 'valid': True, 'version': 3}",True,ClinPGx
PA166340141,Annotation of HCSC Label for amphetamine and CYP2D6,amphetamine,CYP2D6,HCSC,,"{'id': 1183672141, 'description': 'The label mentions a gene or protein is involved in the metabolism or pharmacodynamics of the drug, but there is no information to suggest that variation in these genes/proteins leads to different response.', 'parents': [], 'resource': 'Genetic Testing Level', 'synonyms': [], 'term': 'Informative PGx', 'termId': 'geneTestLevel:1183672141', 'valid': True, 'version': 2}",False,ClinPGx
PA166344521,Annotation of HCSC Label for tramadol and CYP2D6,tramadol,CYP2D6,HCSC,,"{'id': 1183672141, 'description': 'The label mentions a gene or protein is involved in the metabolism or pharmacodynamics of the drug, but there is no information to suggest that variation in these genes/proteins leads to different response.', 'parents': [], 'resource': 'Genetic Testing Level', 'synonyms': [], 'term': 'Informative PGx', 'termId': 'geneTestLevel:1183672141', 'valid': True, 'version': 2}",False,ClinPGx
PA166345781,Annotation of HCSC Label for metoclopramide and CYP2D6,metoclopramide,CYP2D6,HCSC,,"{'id': 1183672111, 'description': 'The label does not discuss genetic or other testing for gene/protein/chromosomal variants, but does contain information about changes in efficacy, dosage or toxicity due to such variants. The label may mention contraindication of the drug in a particular subset of patients but does not require or recommend gene, protein or chromosomal testing.', 'parents': [], 'resource': 'Genetic Testing Level', 'synonyms': [], 'term': 'Actionable PGx', 'termId': 'geneTestLevel:1183672111', 'valid': True, 'version': 2}",False,ClinPGx
PA166345861,Annotation of HCSC Label for mirabegron and CYP2D6,mirabegron,CYP2D6,HCSC,,"{'id': 1452529540, 'parents': [], 'resource': 'Genetic Testing Level', 'synonyms': [], 'term': 'No Clinical PGx', 'termId': 'geneTestLevel:1452529540', 'valid': True, 'version': 0}",False,ClinPGx
PA166127702,"Annotation of HCSC Label for primaquine and CYB5R1, CYB5R2, CYB5R3, CYB5R4, CYP2D6",primaquine,CYB5R1; CYB5R2; CYB5R3; CYB5R4; CYP2D6,HCSC,,"{'id': 1183672111, 'description': 'The label does not discuss genetic or other testing for gene/protein/chromosomal variants, but does contain information about changes in efficacy, dosage or toxicity due to such variants. The label may mention contraindication of the drug in a particular subset of patients but does not require or recommend gene, protein or chromosomal testing.', 'parents': [], 'resource': 'Genetic Testing Level', 'synonyms': [], 'term': 'Actionable PGx', 'termId': 'geneTestLevel:1183672111', 'valid': True, 'version': 2}",False,ClinPGx
PA166347361,Annotation of HCSC Label for gefitinib and CYP2D6,gefitinib,CYP2D6,HCSC,,"{'id': 1183672141, 'description': 'The label mentions a gene or protein is involved in the metabolism or pharmacodynamics of the drug, but there is no information to suggest that variation in these genes/proteins leads to different response.', 'parents': [], 'resource': 'Genetic Testing Level', 'synonyms': [], 'term': 'Informative PGx', 'termId': 'geneTestLevel:1183672141', 'valid': True, 'version': 2}",False,ClinPGx
PA166347921,Annotation of HCSC Label for tamoxifen and CYP2D6,tamoxifen,CYP2D6,HCSC,,"{'id': 1183672141, 'description': 'The label mentions a gene or protein is involved in the metabolism or pharmacodynamics of the drug, but there is no information to suggest that variation in these genes/proteins leads to different response.', 'parents': [], 'resource': 'Genetic Testing Level', 'synonyms': [], 'term': 'Informative PGx', 'termId': 'geneTestLevel:1183672141', 'valid': True, 'version': 2}",False,ClinPGx
PA166353861,Annotation of FDA Label for xanomeline / trospium and CYP2D6,xanomeline / trospium,CYP2D6,FDA,,"{'id': 1183672141, 'description': 'The label mentions a gene or protein is involved in the metabolism or pharmacodynamics of the drug, but there is no information to suggest that variation in these genes/proteins leads to different response.', 'parents': [], 'resource': 'Genetic Testing Level', 'synonyms': [], 'term': 'Informative PGx', 'termId': 'geneTestLevel:1183672141', 'valid': True, 'version': 2}",False,ClinPGx
PA166355282,Annotation of HCSC Label for brexpiprazole and CYP2D6,brexpiprazole,CYP2D6,HCSC,,"{'id': 1183672111, 'description': 'The label does not discuss genetic or other testing for gene/protein/chromosomal variants, but does contain information about changes in efficacy, dosage or toxicity due to such variants. The label may mention contraindication of the drug in a particular subset of patients but does not require or recommend gene, protein or chromosomal testing.', 'parents': [], 'resource': 'Genetic Testing Level', 'synonyms': [], 'term': 'Actionable PGx', 'termId': 'geneTestLevel:1183672111', 'valid': True, 'version': 2}",False,ClinPGx
PA166357728,Annotation of HCSC Label for fluoxetine and CYP2D6,fluoxetine,CYP2D6,HCSC,,"{'id': 1183672141, 'description': 'The label mentions a gene or protein is involved in the metabolism or pharmacodynamics of the drug, but there is no information to suggest that variation in these genes/proteins leads to different response.', 'parents': [], 'resource': 'Genetic Testing Level', 'synonyms': [], 'term': 'Informative PGx', 'termId': 'geneTestLevel:1183672141', 'valid': True, 'version': 2}",False,ClinPGx
PA166357732,Annotation of HCSC Label for fluvoxamine and CYP2D6,fluvoxamine,CYP2D6,HCSC,,"{'id': 1183672111, 'description': 'The label does not discuss genetic or other testing for gene/protein/chromosomal variants, but does contain information about changes in efficacy, dosage or toxicity due to such variants. The label may mention contraindication of the drug in a particular subset of patients but does not require or recommend gene, protein or chromosomal testing.', 'parents': [], 'resource': 'Genetic Testing Level', 'synonyms': [], 'term': 'Actionable PGx', 'termId': 'geneTestLevel:1183672111', 'valid': True, 'version': 2}",False,ClinPGx
PA166357801,Annotation of HCSC Label for imipramine and CYP2D6,imipramine,CYP2D6,HCSC,,"{'id': 1183672141, 'description': 'The label mentions a gene or protein is involved in the metabolism or pharmacodynamics of the drug, but there is no information to suggest that variation in these genes/proteins leads to different response.', 'parents': [], 'resource': 'Genetic Testing Level', 'synonyms': [], 'term': 'Informative PGx', 'termId': 'geneTestLevel:1183672141', 'valid': True, 'version': 2}",False,ClinPGx
PA166358581,Annotation of HCSC Label for modafinil and CYP2D6,modafinil,CYP2D6,HCSC,,,False,ClinPGx
PA166358621,Annotation of HCSC Label for nebivolol and CYP2D6,nebivolol,CYP2D6,HCSC,,"{'id': 1452529540, 'parents': [], 'resource': 'Genetic Testing Level', 'synonyms': [], 'term': 'No Clinical PGx', 'termId': 'geneTestLevel:1452529540', 'valid': True, 'version': 0}",False,ClinPGx
PA166358701,Annotation of HCSC Label for palonosetron and CYP2D6,palonosetron,CYP2D6,HCSC,,"{'id': 1452529540, 'parents': [], 'resource': 'Genetic Testing Level', 'synonyms': [], 'term': 'No Clinical PGx', 'termId': 'geneTestLevel:1452529540', 'valid': True, 'version': 0}",False,ClinPGx
PA166358881,Annotation of HCSC Label for propranolol and CYP2D6,propranolol,CYP2D6,HCSC,,"{'id': 1452529540, 'parents': [], 'resource': 'Genetic Testing Level', 'synonyms': [], 'term': 'No Clinical PGx', 'termId': 'geneTestLevel:1452529540', 'valid': True, 'version': 0}",False,ClinPGx
PA166358961,Annotation of EMA Label for risperidone and CYP2D6,risperidone,CYP2D6,EMA,,"{'id': 1452529540, 'parents': [], 'resource': 'Genetic Testing Level', 'synonyms': [], 'term': 'No Clinical PGx', 'termId': 'geneTestLevel:1452529540', 'valid': True, 'version': 0}",False,ClinPGx
PA166359201,Annotation of HCSC Label for tamsulosin and CYP2D6,tamsulosin,CYP2D6,HCSC,,"{'id': 1183672141, 'description': 'The label mentions a gene or protein is involved in the metabolism or pharmacodynamics of the drug, but there is no information to suggest that variation in these genes/proteins leads to different response.', 'parents': [], 'resource': 'Genetic Testing Level', 'synonyms': [], 'term': 'Informative PGx', 'termId': 'geneTestLevel:1183672141', 'valid': True, 'version': 2}",False,ClinPGx
PA166359501,Annotation of HCSC Label for umeclidinium and CYP2D6,umeclidinium,CYP2D6,HCSC,,"{'id': 1452529540, 'parents': [], 'resource': 'Genetic Testing Level', 'synonyms': [], 'term': 'No Clinical PGx', 'termId': 'geneTestLevel:1452529540', 'valid': True, 'version': 0}",False,ClinPGx
PA166359641,Annotation of HCSC Label for venlafaxine and CYP2D6,venlafaxine,CYP2D6,HCSC,,"{'id': 1452529540, 'parents': [], 'resource': 'Genetic Testing Level', 'synonyms': [], 'term': 'No Clinical PGx', 'termId': 'geneTestLevel:1452529540', 'valid': True, 'version': 0}",False,ClinPGx
PA166398041,Annotation of HCSC Label for cariprazine and CYP2D6,cariprazine,CYP2D6,HCSC,,"{'id': 1452529540, 'parents': [], 'resource': 'Genetic Testing Level', 'synonyms': [], 'term': 'No Clinical PGx', 'termId': 'geneTestLevel:1452529540', 'valid': True, 'version': 0}",False,ClinPGx
PA166413981,Annotation of EMA Label for cariprazine and CYP2D6,cariprazine,CYP2D6,EMA,,,False,ClinPGx
PA166355882,Annotation of HCSC Label for duloxetine and CYP2D6,duloxetine,CYP2D6,HCSC,,"{'id': 1183672141, 'description': 'The label mentions a gene or protein is involved in the metabolism or pharmacodynamics of the drug, but there is no information to suggest that variation in these genes/proteins leads to different response.', 'parents': [], 'resource': 'Genetic Testing Level', 'synonyms': [], 'term': 'Informative PGx', 'termId': 'geneTestLevel:1183672141', 'valid': True, 'version': 2}",False,ClinPGx
PA166416201,Annotation of HCSC Label for ondansetron and CYP2D6,ondansetron,CYP2D6,HCSC,,"{'id': 1452529540, 'parents': [], 'resource': 'Genetic Testing Level', 'synonyms': [], 'term': 'No Clinical PGx', 'termId': 'geneTestLevel:1452529540', 'valid': True, 'version': 0}",False,ClinPGx
PA166416301,Annotation of HCSC Label for pimozide and CYP2D6,pimozide,CYP2D6,HCSC,,,False,ClinPGx
PA166416481,Annotation of HCSC Label for ranolazine and CYP2D6,ranolazine,CYP2D6,HCSC,,"{'id': 1183672141, 'description': 'The label mentions a gene or protein is involved in the metabolism or pharmacodynamics of the drug, but there is no information to suggest that variation in these genes/proteins leads to different response.', 'parents': [], 'resource': 'Genetic Testing Level', 'synonyms': [], 'term': 'Informative PGx', 'termId': 'geneTestLevel:1183672141', 'valid': True, 'version': 2}",False,ClinPGx
PA166105023,Annotation of FDA Label for rosuvastatin and SLCO1B1,rosuvastatin,SLCO1B1,FDA,On FDA Biomarker List,"{'id': 1183672141, 'description': 'The label mentions a gene or protein is involved in the metabolism or pharmacodynamics of the drug, but there is no information to suggest that variation in these genes/proteins leads to different response.', 'parents': [], 'resource': 'Genetic Testing Level', 'synonyms': [], 'term': 'Informative PGx', 'termId': 'geneTestLevel:1183672141', 'valid': True, 'version': 2}",False,ClinPGx
PA166182762,Annotation of FDA Label for elagolix and SLCO1B1,elagolix,SLCO1B1,FDA,On FDA Biomarker List,"{'id': 1183672141, 'description': 'The label mentions a gene or protein is involved in the metabolism or pharmacodynamics of the drug, but there is no information to suggest that variation in these genes/proteins leads to different response.', 'parents': [], 'resource': 'Genetic Testing Level', 'synonyms': [], 'term': 'Informative PGx', 'termId': 'geneTestLevel:1183672141', 'valid': True, 'version': 2}",False,ClinPGx
PA166183786,"Annotation of Swissmedic Label for amlodipine / atorvastatin / perindopril arginine and G6PD, SLCO1B1",amlodipine / atorvastatin / perindopril arginine,G6PD; SLCO1B1,Swissmedic,,"{'id': 1183672111, 'description': 'The label does not discuss genetic or other testing for gene/protein/chromosomal variants, but does contain information about changes in efficacy, dosage or toxicity due to such variants. The label may mention contraindication of the drug in a particular subset of patients but does not require or recommend gene, protein or chromosomal testing.', 'parents': [], 'resource': 'Genetic Testing Level', 'synonyms': [], 'term': 'Actionable PGx', 'termId': 'geneTestLevel:1183672111', 'valid': True, 'version': 2}",False,ClinPGx
PA166184386,"Annotation of Swissmedic Label for letermovir and SLCO1B1, UGT1A1",letermovir,SLCO1B1; UGT1A1,Swissmedic,,"{'id': 1183672141, 'description': 'The label mentions a gene or protein is involved in the metabolism or pharmacodynamics of the drug, but there is no information to suggest that variation in these genes/proteins leads to different response.', 'parents': [], 'resource': 'Genetic Testing Level', 'synonyms': [], 'term': 'Informative PGx', 'termId': 'geneTestLevel:1183672141', 'valid': True, 'version': 2}",False,ClinPGx
PA166184393,Annotation of Swissmedic Label for pitavastatin and SLCO1B1,pitavastatin,SLCO1B1,Swissmedic,,"{'id': 1183672111, 'description': 'The label does not discuss genetic or other testing for gene/protein/chromosomal variants, but does contain information about changes in efficacy, dosage or toxicity due to such variants. The label may mention contraindication of the drug in a particular subset of patients but does not require or recommend gene, protein or chromosomal testing.', 'parents': [], 'resource': 'Genetic Testing Level', 'synonyms': [], 'term': 'Actionable PGx', 'termId': 'geneTestLevel:1183672111', 'valid': True, 'version': 2}",False,ClinPGx
PA166184427,"Annotation of Swissmedic Label for ezetimibe / rosuvastatin and ABCG2, SLCO1B1",ezetimibe / rosuvastatin,ABCG2; SLCO1B1,Swissmedic,,"{'id': 1183672111, 'description': 'The label does not discuss genetic or other testing for gene/protein/chromosomal variants, but does contain information about changes in efficacy, dosage or toxicity due to such variants. The label may mention contraindication of the drug in a particular subset of patients but does not require or recommend gene, protein or chromosomal testing.', 'parents': [], 'resource': 'Genetic Testing Level', 'synonyms': [], 'term': 'Actionable PGx', 'termId': 'geneTestLevel:1183672111', 'valid': True, 'version': 2}",False,ClinPGx
PA166184429,Annotation of Swissmedic Label for ezetimibe / simvastatin and SLCO1B1,ezetimibe / simvastatin,SLCO1B1,Swissmedic,,"{'id': 1183672077, 'description': 'The label states or implies that some sort of gene, protein or chromosomal testing, including genetic testing, functional protein assays, cytogenetic studies, etc., is recommended before using this drug. This recommendation may only be for a particular subset of patients. PharmGKB considers labels that say testing ""should be considered"" to be recommending testing.', 'parents': [], 'resource': 'Genetic Testing Level', 'synonyms': [], 'term': 'Testing Recommended', 'termId': 'geneTestLevel:1183672077', 'valid': True, 'version': 3}",False,ClinPGx
PA166184430,"Annotation of Swissmedic Label for fenofibrate, simvastatin and SLCO1B1",fenofibrate; simvastatin,SLCO1B1,Swissmedic,,"{'id': 1183672111, 'description': 'The label does not discuss genetic or other testing for gene/protein/chromosomal variants, but does contain information about changes in efficacy, dosage or toxicity due to such variants. The label may mention contraindication of the drug in a particular subset of patients but does not require or recommend gene, protein or chromosomal testing.', 'parents': [], 'resource': 'Genetic Testing Level', 'synonyms': [], 'term': 'Actionable PGx', 'termId': 'geneTestLevel:1183672111', 'valid': True, 'version': 2}",False,ClinPGx
PA166184499,"Annotation of Swissmedic Label for rosuvastatin and ABCG2, SLCO1B1",rosuvastatin,ABCG2; SLCO1B1,Swissmedic,,"{'id': 1183672111, 'description': 'The label does not discuss genetic or other testing for gene/protein/chromosomal variants, but does contain information about changes in efficacy, dosage or toxicity due to such variants. The label may mention contraindication of the drug in a particular subset of patients but does not require or recommend gene, protein or chromosomal testing.', 'parents': [], 'resource': 'Genetic Testing Level', 'synonyms': [], 'term': 'Actionable PGx', 'termId': 'geneTestLevel:1183672111', 'valid': True, 'version': 2}",False,ClinPGx
PA166184500,Annotation of Swissmedic Label for simvastatin and SLCO1B1,simvastatin,SLCO1B1,Swissmedic,,"{'id': 1183672077, 'description': 'The label states or implies that some sort of gene, protein or chromosomal testing, including genetic testing, functional protein assays, cytogenetic studies, etc., is recommended before using this drug. This recommendation may only be for a particular subset of patients. PharmGKB considers labels that say testing ""should be considered"" to be recommending testing.', 'parents': [], 'resource': 'Genetic Testing Level', 'synonyms': [], 'term': 'Testing Recommended', 'termId': 'geneTestLevel:1183672077', 'valid': True, 'version': 3}",False,ClinPGx
PA166234723,Annotation of FDA Label for atorvastatin and SLCO1B1,atorvastatin,SLCO1B1,FDA,,,False,ClinPGx
PA166234761,Annotation of FDA Label for simvastatin and SLCO1B1,simvastatin,SLCO1B1,FDA,,,False,ClinPGx
PA166251621,Annotation of FDA Label for viloxazine and SLCO1B1,viloxazine,SLCO1B1,FDA,On FDA Biomarker List,,False,ClinPGx
PA166345301,"Annotation of HCSC Label for rosuvastatin and ABCG2, SLCO1B1",rosuvastatin,ABCG2; SLCO1B1,HCSC,,"{'id': 1183672111, 'description': 'The label does not discuss genetic or other testing for gene/protein/chromosomal variants, but does contain information about changes in efficacy, dosage or toxicity due to such variants. The label may mention contraindication of the drug in a particular subset of patients but does not require or recommend gene, protein or chromosomal testing.', 'parents': [], 'resource': 'Genetic Testing Level', 'synonyms': [], 'term': 'Actionable PGx', 'termId': 'geneTestLevel:1183672111', 'valid': True, 'version': 2}",False,ClinPGx
PA166357723,Annotation of HCSC Label for elagolix and SLCO1B1,elagolix,SLCO1B1,HCSC,,"{'id': 1452529540, 'parents': [], 'resource': 'Genetic Testing Level', 'synonyms': [], 'term': 'No Clinical PGx', 'termId': 'geneTestLevel:1452529540', 'valid': True, 'version': 0}",False,ClinPGx
PA166416941,Annotation of HCSC Label for simvastatin and SLCO1B1,simvastatin,SLCO1B1,HCSC,,,False,ClinPGx
PA166105315,Annotation of EMA Label for nelfinavir and CYP3A4,nelfinavir,CYP3A4,EMA,,,False,ClinPGx
PA166123048,Annotation of EMA Label for cabazitaxel and CYP3A4,cabazitaxel,CYP3A4,EMA,,,False,ClinPGx
PA166123388,Annotation of EMA Label for ruxolitinib and CYP3A4,ruxolitinib,CYP3A4,EMA,,,False,ClinPGx
PA166123411,Annotation of EMA Label for sirolimus and CYP3A4,sirolimus,CYP3A4,EMA,,,False,ClinPGx
PA166123412,Annotation of EMA Label for sunitinib and CYP3A4,sunitinib,CYP3A4,EMA,,,False,ClinPGx
PA166123413,Annotation of EMA Label for zonisamide and CYP3A4,zonisamide,CYP3A4,EMA,,,False,ClinPGx
PA166123416,Annotation of EMA Label for ivabradine and CYP3A4,ivabradine,CYP3A4,EMA,,,False,ClinPGx
PA166123417,Annotation of EMA Label for telithromycin and CYP3A4,telithromycin,CYP3A4,EMA,,,False,ClinPGx
PA166123418,Annotation of EMA Label for posaconazole and CYP3A4,posaconazole,CYP3A4,EMA,,,False,ClinPGx
PA166123419,Annotation of EMA Label for indinavir and CYP3A4,indinavir,CYP3A4,EMA,,,False,ClinPGx
PA166123420,Annotation of EMA Label for fosamprenavir and CYP3A4,fosamprenavir,CYP3A4,EMA,,,False,ClinPGx
PA166123423,Annotation of EMA Label for tipranavir and CYP3A4,tipranavir,CYP3A4,EMA,,,False,ClinPGx
PA166123424,Annotation of EMA Label for darunavir and CYP3A4,darunavir,CYP3A4,EMA,,,False,ClinPGx
PA166184441,"Annotation of Swissmedic Label for dolutegravir and CYP3A4, CYP3A5, NR1I2, UGT1A1",dolutegravir,CYP3A4; CYP3A5; NR1I2; UGT1A1,Swissmedic,,"{'id': 1183672141, 'description': 'The label mentions a gene or protein is involved in the metabolism or pharmacodynamics of the drug, but there is no information to suggest that variation in these genes/proteins leads to different response.', 'parents': [], 'resource': 'Genetic Testing Level', 'synonyms': [], 'term': 'Informative PGx', 'termId': 'geneTestLevel:1183672141', 'valid': True, 'version': 2}",False,ClinPGx
PA166234801,"Annotation of FDA Label for tacrolimus and CYP3A4, CYP3A5",tacrolimus,CYP3A4; CYP3A5,FDA,,,False,ClinPGx
PA166355801,Annotation of EMA Label for lonafarnib and CYP3A4,lonafarnib,CYP3A4,EMA,,"{'id': 1183672111, 'description': 'The label does not discuss genetic or other testing for gene/protein/chromosomal variants, but does contain information about changes in efficacy, dosage or toxicity due to such variants. The label may mention contraindication of the drug in a particular subset of patients but does not require or recommend gene, protein or chromosomal testing.', 'parents': [], 'resource': 'Genetic Testing Level', 'synonyms': [], 'term': 'Actionable PGx', 'termId': 'geneTestLevel:1183672111', 'valid': True, 'version': 2}",False,ClinPGx
PA166183590,Annotation of Swissmedic Label for maraviroc and CYP3A5,maraviroc,CYP3A5,Swissmedic,,"{'id': 1183672111, 'description': 'The label does not discuss genetic or other testing for gene/protein/chromosomal variants, but does contain information about changes in efficacy, dosage or toxicity due to such variants. The label may mention contraindication of the drug in a particular subset of patients but does not require or recommend gene, protein or chromosomal testing.', 'parents': [], 'resource': 'Genetic Testing Level', 'synonyms': [], 'term': 'Actionable PGx', 'termId': 'geneTestLevel:1183672111', 'valid': True, 'version': 2}",False,ClinPGx
PA166121250,"Annotation of EMA Label for lomitapide and APOB, LDLR, PCSK9",lomitapide,APOB; LDLR; PCSK9,EMA,,"{'id': 1183672041, 'description': 'The label states or implies that some sort of gene, protein or chromosomal testing, including genetic testing, functional protein assays, cytogenetic studies, etc., should be conducted before using this drug. This requirement may only be for a particular subset of patients. PharmGKB considers labels that state the variant is an indication for the drug, as implying a test requirement. If the label states a test ""should be"" performed, this is also interpreted as a requirement.', 'parents': [], 'resource': 'Genetic Testing Level', 'synonyms': [], 'term': 'Testing Required', 'termId': 'geneTestLevel:1183672041', 'valid': True, 'version': 3}",False,ClinPGx
PA166273561,"Annotation of FDA Label for inclisiran and APOB, LDLR, PCSK9",inclisiran,APOB; LDLR; PCSK9,FDA,On FDA Biomarker List,,False,ClinPGx
PA166283901,"Annotation of HCSC Label for inclisiran and APOB, LDLR, PCSK9",inclisiran,APOB; LDLR; PCSK9,HCSC,,,False,ClinPGx
PA166273581,"Annotation of EMA Label for inclisiran and APOB, LDLR, PCSK9",inclisiran,APOB; LDLR; PCSK9,EMA,,,False,ClinPGx
PA166353161,"Annotation of FDA Label for pitavastatin and APOB, LDLR, PCSK9",pitavastatin,APOB; LDLR; PCSK9,FDA,On FDA Biomarker List,,False,ClinPGx
PA166120287,"Annotation of EMA Label for ethinyl estradiol / norelgestromin and F5, PROC, PROS1, SERPINC1",ethinyl estradiol / norelgestromin,F5; PROC; PROS1; SERPINC1,EMA,,"{'id': 1183672111, 'description': 'The label does not discuss genetic or other testing for gene/protein/chromosomal variants, but does contain information about changes in efficacy, dosage or toxicity due to such variants. The label may mention contraindication of the drug in a particular subset of patients but does not require or recommend gene, protein or chromosomal testing.', 'parents': [], 'resource': 'Genetic Testing Level', 'synonyms': [], 'term': 'Actionable PGx', 'termId': 'geneTestLevel:1183672111', 'valid': True, 'version': 2}",True,ClinPGx
PA166127666,"Annotation of HCSC Label for drospirenone / ethinyl estradiol and F5, PROC, PROS1, SERPINC1",drospirenone / ethinyl estradiol,F5; PROC; PROS1; SERPINC1,HCSC,,"{'id': 1183672111, 'description': 'The label does not discuss genetic or other testing for gene/protein/chromosomal variants, but does contain information about changes in efficacy, dosage or toxicity due to such variants. The label may mention contraindication of the drug in a particular subset of patients but does not require or recommend gene, protein or chromosomal testing.', 'parents': [], 'resource': 'Genetic Testing Level', 'synonyms': [], 'term': 'Actionable PGx', 'termId': 'geneTestLevel:1183672111', 'valid': True, 'version': 2}",True,ClinPGx
PA166127668,"Annotation of HCSC Label for eltrombopag and F5, SERPINC1",eltrombopag,F5; SERPINC1,HCSC,,"{'id': 1183672111, 'description': 'The label does not discuss genetic or other testing for gene/protein/chromosomal variants, but does contain information about changes in efficacy, dosage or toxicity due to such variants. The label may mention contraindication of the drug in a particular subset of patients but does not require or recommend gene, protein or chromosomal testing.', 'parents': [], 'resource': 'Genetic Testing Level', 'synonyms': [], 'term': 'Actionable PGx', 'termId': 'geneTestLevel:1183672111', 'valid': True, 'version': 2}",False,ClinPGx
PA166127695,"Annotation of HCSC Label for ethinyl estradiol / norelgestromin and F2, F5, MTHFR, PROC, PROS1, SERPINC1",ethinyl estradiol / norelgestromin,F2; F5; MTHFR; PROC; PROS1; SERPINC1,HCSC,,"{'id': 1183672111, 'description': 'The label does not discuss genetic or other testing for gene/protein/chromosomal variants, but does contain information about changes in efficacy, dosage or toxicity due to such variants. The label may mention contraindication of the drug in a particular subset of patients but does not require or recommend gene, protein or chromosomal testing.', 'parents': [], 'resource': 'Genetic Testing Level', 'synonyms': [], 'term': 'Actionable PGx', 'termId': 'geneTestLevel:1183672111', 'valid': True, 'version': 2}",True,ClinPGx
PA166104907,"Annotation of EMA Label for eltrombopag and F5, SERPINC1",eltrombopag,F5; SERPINC1,EMA,,"{'id': 1183672111, 'description': 'The label does not discuss genetic or other testing for gene/protein/chromosomal variants, but does contain information about changes in efficacy, dosage or toxicity due to such variants. The label may mention contraindication of the drug in a particular subset of patients but does not require or recommend gene, protein or chromosomal testing.', 'parents': [], 'resource': 'Genetic Testing Level', 'synonyms': [], 'term': 'Actionable PGx', 'termId': 'geneTestLevel:1183672111', 'valid': True, 'version': 2}",False,ClinPGx
PA166104912,"Annotation of FDA Label for eltrombopag and F5, SERPINC1",eltrombopag,F5; SERPINC1,FDA,On FDA Biomarker List,"{'id': 1183672111, 'description': 'The label does not discuss genetic or other testing for gene/protein/chromosomal variants, but does contain information about changes in efficacy, dosage or toxicity due to such variants. The label may mention contraindication of the drug in a particular subset of patients but does not require or recommend gene, protein or chromosomal testing.', 'parents': [], 'resource': 'Genetic Testing Level', 'synonyms': [], 'term': 'Actionable PGx', 'termId': 'geneTestLevel:1183672111', 'valid': True, 'version': 2}",False,ClinPGx
PA166170936,"Annotation of FDA Label for tamoxifen and F2, F5",tamoxifen,F2; F5,FDA,On FDA Biomarker List,"{'id': 1452529540, 'parents': [], 'resource': 'Genetic Testing Level', 'synonyms': [], 'term': 'No Clinical PGx', 'termId': 'geneTestLevel:1452529540', 'valid': True, 'version': 0}",False,ClinPGx
PA166179855,"Annotation of FDA Label for avatrombopag and F2, F5, PROC, PROS1, SERPINC1",avatrombopag,F2; F5; PROC; PROS1; SERPINC1,FDA,On FDA Biomarker List,"{'id': 1183672111, 'description': 'The label does not discuss genetic or other testing for gene/protein/chromosomal variants, but does contain information about changes in efficacy, dosage or toxicity due to such variants. The label may mention contraindication of the drug in a particular subset of patients but does not require or recommend gene, protein or chromosomal testing.', 'parents': [], 'resource': 'Genetic Testing Level', 'synonyms': [], 'term': 'Actionable PGx', 'termId': 'geneTestLevel:1183672111', 'valid': True, 'version': 2}",False,ClinPGx
PA166182726,Annotation of FDA Label for rivaroxaban and F5,rivaroxaban,F5,FDA,On FDA Biomarker List,,False,ClinPGx
PA166182749,"Annotation of FDA Label for lusutrombopag and F2, F5, PROC, PROS1, SERPINC1",lusutrombopag,F2; F5; PROC; PROS1; SERPINC1,FDA,On FDA Biomarker List,"{'id': 1183672111, 'description': 'The label does not discuss genetic or other testing for gene/protein/chromosomal variants, but does contain information about changes in efficacy, dosage or toxicity due to such variants. The label may mention contraindication of the drug in a particular subset of patients but does not require or recommend gene, protein or chromosomal testing.', 'parents': [], 'resource': 'Genetic Testing Level', 'synonyms': [], 'term': 'Actionable PGx', 'termId': 'geneTestLevel:1183672111', 'valid': True, 'version': 2}",False,ClinPGx
PA166357881,"Annotation of EMA Label for lusutrombopag and F2, F5, PROC, PROS1, SERPINC1",lusutrombopag,F2; F5; PROC; PROS1; SERPINC1,EMA,,"{'id': 1183672111, 'description': 'The label does not discuss genetic or other testing for gene/protein/chromosomal variants, but does contain information about changes in efficacy, dosage or toxicity due to such variants. The label may mention contraindication of the drug in a particular subset of patients but does not require or recommend gene, protein or chromosomal testing.', 'parents': [], 'resource': 'Genetic Testing Level', 'synonyms': [], 'term': 'Actionable PGx', 'termId': 'geneTestLevel:1183672111', 'valid': True, 'version': 2}",False,ClinPGx
PA166397701,"Annotation of HCSC Label for relugolix / estradiol / norethindrone acetate and F5, PROC, PROS1, SERPINC1",relugolix / estradiol / norethindrone acetate,F5; PROC; PROS1; SERPINC1,HCSC,,"{'id': 1183672111, 'description': 'The label does not discuss genetic or other testing for gene/protein/chromosomal variants, but does contain information about changes in efficacy, dosage or toxicity due to such variants. The label may mention contraindication of the drug in a particular subset of patients but does not require or recommend gene, protein or chromosomal testing.', 'parents': [], 'resource': 'Genetic Testing Level', 'synonyms': [], 'term': 'Actionable PGx', 'termId': 'geneTestLevel:1183672111', 'valid': True, 'version': 2}",True,ClinPGx
PA166397721,"Annotation of FDA Label for relugolix / estradiol / norethindrone acetate and F5, PROC, PROS1, SERPINC1",relugolix / estradiol / norethindrone acetate,F5; PROC; PROS1; SERPINC1,FDA,,"{'id': 1183672111, 'description': 'The label does not discuss genetic or other testing for gene/protein/chromosomal variants, but does contain information about changes in efficacy, dosage or toxicity due to such variants. The label may mention contraindication of the drug in a particular subset of patients but does not require or recommend gene, protein or chromosomal testing.', 'parents': [], 'resource': 'Genetic Testing Level', 'synonyms': [], 'term': 'Actionable PGx', 'termId': 'geneTestLevel:1183672111', 'valid': True, 'version': 2}",True,ClinPGx
PA166414701,"Annotation of FDA Label for ethinyl estradiol / norelgestromin and F5, PROC, PROS1, SERPINC1",ethinyl estradiol / norelgestromin,F5; PROC; PROS1; SERPINC1,FDA,,"{'id': 1183672111, 'description': 'The label does not discuss genetic or other testing for gene/protein/chromosomal variants, but does contain information about changes in efficacy, dosage or toxicity due to such variants. The label may mention contraindication of the drug in a particular subset of patients but does not require or recommend gene, protein or chromosomal testing.', 'parents': [], 'resource': 'Genetic Testing Level', 'synonyms': [], 'term': 'Actionable PGx', 'termId': 'geneTestLevel:1183672111', 'valid': True, 'version': 2}",True,ClinPGx
PA166293301,"Annotation of FDA Label for betaine and CBS, MMADHC, MTHFR",betaine,CBS; MMADHC; MTHFR,FDA,On FDA Biomarker List,,False,ClinPGx
PA166293961,"Annotation of HCSC Label for betaine and CBS, MMADHC, MTHFR",betaine,CBS; MMADHC; MTHFR,HCSC,,,False,ClinPGx
PA166293941,"Annotation of EMA Label for betaine and CBS, MMADHC, MTHFR",betaine,CBS; MMADHC; MTHFR,EMA,,,False,ClinPGx
