trial_id,title,intervention_name,condition,phase,status,source_database
NCT06610019,Cardiovascular Multimodality Imaging Study,Not specified,Non-ischemic Cardiomyopathy; Cardiomyopathies; Hypertrophic Cardiomyopathy; Right Ventricular Arrhythmogenic Cardiomyopathy; Cardiac Amyloidosis; Anderson Fabry Disease; Sarcoidosis; Cancer Therapy-related Cardiac Dysfunction; Ventricular Arrythmia; Heart Failure,Not specified,RECRUITING,ClinicalTrials.gov
NCT00004828,Liothyronine in Children With Single Ventricle Congenital Cardiac Malformations Undergoing the Fontan Procedure,liothyronine I 131,"Tricuspid Atresia; Heart Defects, Congenital",PHASE1,COMPLETED,ClinicalTrials.gov
NCT04782830,Use of Accelerometer for Quantification of Neurogenic Orthostatic Hypotension Symptoms,Accelerometer; placebo pill; Midodrine or atomoxetine pill,"Orthostatic; Hypotension, Neurogenic; Autonomic Failure; Pure Autonomic Failure; Multiple System Atrophy; Orthostatic; Hypotension, Parkinsonism",NA,RECRUITING,ClinicalTrials.gov
NCT03215030,A Study of Modakafusp Alfa on Adult Participants With Relapsed/Refractory Multiple Myeloma,Modakafusp alfa; Dexamethasone,Multiple Myeloma,"PHASE1, PHASE2",TERMINATED,ClinicalTrials.gov
NCT03314467,Role of Obstructive Sleep Apnea Syndrome in the Occurrence of Diabetic Retinopathy in Type 2 Diabetes.,polysomnography,Diabetes Mellitus; Obstructive Sleep Apnea,Not specified,COMPLETED,ClinicalTrials.gov
NCT00252200,BNP (Nesiritide) vs. Placebo to Protect Kidney Function in Patients Undergoing Heart Bypass Surgery.,Neseritide,Acute Kidney Failure,"PHASE1, PHASE2",COMPLETED,ClinicalTrials.gov
NCT03124030,Intra- and Post- Operative Bleeding After Simple Dental Extraction in Direct Oral Anticoagulant Therapy,simple dental extraction,Anticoagulant-induced Bleeding; Dental Diseases,Not specified,UNKNOWN,ClinicalTrials.gov
NCT07280728,Nurse-Led Education for Heart Failure Self-Care and Stability,Nurse-Led Face-to-Face Educational Intervention (Teach-Back Method),Chronic Heart Failure,NA,NOT_YET_RECRUITING,ClinicalTrials.gov
NCT02591628,Treatment of Hypertension In Adults With ThiaZIDES: Pragmatic Trial Pilot Study,HCTZ prescription conversion to chlorthalidone,Hypertension,NA,COMPLETED,ClinicalTrials.gov
NCT01928628,Phase III Clinical Study to Evaluate the Efficacy and Safety of the Combination of Lercanidipine/Valsartan in Hypertensive Patients,Lercanidipine 10mg; Lercanidipine10mg /Valsartan 80mg; Lercanidipine 10mg /Valsartan 160mg; Lercanidipin 10mg Placebo; Lercanidipine10mg /Valsartan 80mg Placebo; Lercanidipine 10mg /Valsartan 160mg Placebo,Hypertension,PHASE3,COMPLETED,ClinicalTrials.gov
NCT02219828,AnakInRa for Treatment of Recurrent Idiopathic Pericarditis (AIRTRIP),Anakinra; Placebo,Idiopathic Recurrent Pericarditis,PHASE4,COMPLETED,ClinicalTrials.gov
NCT03412565,A Study to Evaluate Subcutaneous Daratumumab in Combination With Standard Multiple Myeloma Treatment Regimens,Daratumumab; Bortezomib; Lenalidomide; Dexamethasone; Melphalan; Prednisone; Carfilzomib,Multiple Myeloma,PHASE2,COMPLETED,ClinicalTrials.gov
NCT06624267,Test of Reproducibility of [15O]H20-PET Assessment of Brain Perfusion,PET,Microvascular Disease; Microvascular Complications; Diabetes Mellitus Type 2; Cerebral Hypoperfusion; Dementia,Not specified,NOT_YET_RECRUITING,ClinicalTrials.gov
NCT04363307,Prospective Study to Validate Ablation Parameters with MRI Based Scar for Left Atrial Ablation,AF Ablation; MRI,Atrial Fibrillation,Not specified,COMPLETED,ClinicalTrials.gov
NCT00800228,Salt Study: Inhibited Breathing Pattern and Sodium Inhibitors in Sodium Sensitivity of Blood Pressure,Not specified,Hypertension,Not specified,COMPLETED,ClinicalTrials.gov
NCT01194128,Facilitating Caregiver Adaptation to Patient Institutionalization,Psychoeducational Support; Information only control group,Dementia; Stroke; Heart Disease,PHASE3,COMPLETED,ClinicalTrials.gov
NCT01637428,The Use of Intermittent Pneumatic Compression Device for Symptomatic Relief in Patients With Post Thrombotic Syndrome,ActiveCare+S.F.T 3rd generation,Post Thrombotic Syndrome,PHASE2,UNKNOWN,ClinicalTrials.gov
NCT03858465,Comparison of Phenylephrine and Ephedrine in the Treatment of Hemodynamic Disorders After Spinal Anesthesia in the Elderly,Ephedrine; Phenylephrine,Hip Fractures; Elderly Patients; Spinal Anesthesia; Lower Limb Surgery,NA,COMPLETED,ClinicalTrials.gov
NCT03175965,Prognostic Value of P30 After Cardiac Arrest,Somatosensory evoked potential,Out-Of-Hospital Cardiac Arrest,Not specified,COMPLETED,ClinicalTrials.gov
NCT01719367,Genetically Determined Response to Atenolol in Patients With Persistent Atrial Fibrillation,Atenolol,Atrial Fibrillation,NA,COMPLETED,ClinicalTrials.gov
NCT02561000,Safety of PZ-128 in Subjects Undergoing Non-Emergent Percutaneous Coronary Intervention,PZ-128; Placebo,Arterial Occlusive Diseases; Coronary Artery Disease; Coronary Disease; Arteriosclerosis; Heart Diseases; Myocardial Ischemia; Vascular Diseases; Acute Coronary Syndrome,PHASE2,COMPLETED,ClinicalTrials.gov
NCT01271530,Arm Cycling to Improve Fitness in Polio Survivors,Upper Limb Ergometry,Postpoliomyelitis Syndrome,NA,COMPLETED,ClinicalTrials.gov
NCT03150030,Hypoglycaemia and Cardiac Arrhythmias in Type 2 Diabetes,"Combined hyper- and hypoglycaemic clamp; Loop recorder (Reveal LINQ, Medtronic, Minneapolis, MN, USA); Continuous glucose monitoring (iPro2, Medtronic, Minneapolis, MN, USA)","Diabetes Mellitus, Type 2; Arrhythmia, Cardiac",Not specified,COMPLETED,ClinicalTrials.gov
NCT03584828,Tele-Cardiac Rehabilitation Program,Tele Cardiac Rehabilitation,Heart Diseases,NA,UNKNOWN,ClinicalTrials.gov
NCT06830967,Virtual Prehabilitation for Patients Undergoing Abdominal Aortic Aneurysm Repair,Prehabilitation; Exercise therapy; Smoking cessation counselling; Nutritional counselling; Psychological intervention; Patient Education,Abdominal Aortic Aneurysm; Prehabilitation; AAA - Abdominal Aortic Aneurysm,NA,NOT_YET_RECRUITING,ClinicalTrials.gov
NCT05030467,Leveraging Electronic Health Record (EHR) Tools to Reduce Health Disparities for Patients With Uncontrolled Hypertension,REDUCE-BP Intervention,Hypertension; Blood Pressure,NA,COMPLETED,ClinicalTrials.gov
NCT06200467,A Study to Test Whether Multiple Doses of BI 456906 Have an Effect on Cardiac Safety in People With Overweight or Obesity,BI 456906; Placebo to BI 456906; Moxifloxacin; Placebo to moxifloxacin,Overweight; Obesity,PHASE1,COMPLETED,ClinicalTrials.gov
NCT03002467,Impact Analysis of Prognostic Stratification for Pulmonary Embolism,PESI score,Pulmonary Embolism,NA,TERMINATED,ClinicalTrials.gov
NCT00572767,Evaluation of the Effect of Dextro-Amphetamin Added to Physiotherapy in Patients After Stroke,Dextro-Amphetamin; Glucose,Stroke,PHASE4,TERMINATED,ClinicalTrials.gov
NCT06357000,Time From PCI to Cancer Surgery and Cardiovascular and Oncologic Outcomes,Not specified,Coronary Artery Disease; Cancer,Not specified,COMPLETED,ClinicalTrials.gov
NCT06663800,Additional Effects of Ujjayi Pranayama,Ujjayi Paranayama; Standard Protocol,Pulmonary Function; Coronary Artery Disease,NA,NOT_YET_RECRUITING,ClinicalTrials.gov
NCT05423119,Clinical Predictors of Rehabilitation-induced Arm Recovery After Stroke: Longitudinal Cohort Study,conventional therapy,Stroke,Not specified,UNKNOWN,ClinicalTrials.gov
NCT03269630,New Orleans Pulmonary Hypertension Biobank,No intervention. Biospecimen collection only,Pulmonary Hypertension; Systemic Sclerosis; Mixed Connective Tissue Disease; Heart Failure With Normal Ejection Fraction; Healthy,Not specified,RECRUITING,ClinicalTrials.gov
NCT00156728,Study to Characterize Atrial Fibrillation in CHF Patients Indicated for CRT,Vitatron biventricular pacemaker,"Congestive Heart Failure, Atrial Fibrillation",PHASE4,COMPLETED,ClinicalTrials.gov
NCT02722265,Long-term Study of CS-3150 as Monotherapy or in Combination With Other Antihypertensive Drug in Japanese Patients With Essential Hypertension,CS-3150,Essential Hypertension,PHASE3,COMPLETED,ClinicalTrials.gov
NCT03777267,Cereset Research Exploratory Study,Active CR,Neurological Diseases or Conditions; Cardiovascular Conditions After Birth; Psychophysiologic Disorders,NA,RECRUITING,ClinicalTrials.gov
NCT06178900,Evaluating AI-Gatekeeper Software in Coronary Artery Stenosis Screening: a Multicenter RCT,Assisted by the AI-Gatekeeper software group,Coronary Artery Disease; Diagnosis,NA,COMPLETED,ClinicalTrials.gov
NCT00067665,Hypertension in Hemodialysis,Ultrafiltration,Hypertension; Left Ventricular Hypertrophy,NA,COMPLETED,ClinicalTrials.gov
NCT05078619,Percutaneous Coronary Intervention Before Transcatheter Aortic Valve Implantation,No PCI,Valvular Heart Disease; Aortic Valve Stenosis; Coronary Artery Disease,NA,ACTIVE_NOT_RECRUITING,ClinicalTrials.gov
NCT04149730,Adrenaline During Resuscitation From Pulseless Electrical Activity,Not specified,Heart Arrest,Not specified,COMPLETED,ClinicalTrials.gov
NCT04927949,Evaluation of Myocardial Reperfusion After Primary PCI in Patients With High Platelet Reactivity Treated by Cangrelor or Not,cangrelor perfusion during PCI; standard PCI,ST-elevation Myocardial Infarction,PHASE4,COMPLETED,ClinicalTrials.gov
NCT01852149,Mitralign Percutaneous Annuloplasty First in Man Study,MPAS Implant,Functional Mitral Regurgitation,NA,COMPLETED,ClinicalTrials.gov
NCT05342038,Study on the Efficacy and Safety of T-02 for the Treatment for Acute Ischemic Stroke,T-02,Acute Ischemic Stroke; Large Vessel Occlusion; Vascular Occlusion; Thrombosis; Endovascular,NA,WITHDRAWN,ClinicalTrials.gov
NCT04978649,Intervention for High-normal Blood Pressure in Adults With Type 2 Diabetes-----renal Substudy,Allisartan Isoproxil; Amlodipine,"Diabetes Mellitus, Type 2; Blood Pressure",PHASE4,WITHDRAWN,ClinicalTrials.gov
NCT02632838,Improve Hypertension Monitoring and Self-management by Using mHealth,"iHealth BP7-Wireless Blood Pressure Wrist Monitor,",Hypertension,NA,COMPLETED,ClinicalTrials.gov
NCT06271967,FOCALFLEX (CE Mark) Study,TactiFlex™ Ablation Catheter Sensor Enabled™,Atrial Fibrillation Paroxysmal,NA,COMPLETED,ClinicalTrials.gov
NCT00787800,The Use of Dual Chamber ICD With Special Programmed Features to Lower the Risk of Inappropriate Shock,Dual Chamber ICD; Single Chamber ICD,Ventricular Tachycardia; Ventricular Fibrillation; Atrial Fibrillation; Supraventricular Tachycardia,PHASE4,COMPLETED,ClinicalTrials.gov
NCT04023565,Moxonidine + Perindopril in Hypertensive Patients With Metabolic Syndrome,perindopril + moxonidine,Arterial Hypertension; Metabolic Syndrome,PHASE4,UNKNOWN,ClinicalTrials.gov
NCT01684267,Pelvic Obliquity Rehabilitation in Stroke Patients Using Robotically Generated Force Fields,Robotic Gait Rehabilitation (RGR) Trainer,Gait Re-training in Healthy Subjects; Gait Re-training in Stroke Survivors,NA,TERMINATED,ClinicalTrials.gov
NCT03327467,Expanded Access Protocol: Umbilical Cord Blood Infusions for Children With Brain Injuries,Cord Blood Infusion,"Cerebral Palsy; Hydrocephalus; Apraxia of Speech; Hypoxia Ischemia, Cerebral; Drowning; Anoxia",Not specified,AVAILABLE,ClinicalTrials.gov
NCT04657900,Predicting Patient-level New Onset Atrial Fibrillation,Observational,Atrial Fibrillation,Not specified,COMPLETED,ClinicalTrials.gov
NCT01984905,Study of Prognostic Factors in Aortic Dissection Type B,Not specified,Type B Aortic Dissection,Not specified,TERMINATED,ClinicalTrials.gov
NCT00470405,Pemetrexed and Oxaliplatin in Treating Patients With Metastatic Solid Tumors or Lymphoma,oxaliplatin; pemetrexed disodium,Lymphoma; Solid Tumor,PHASE1,COMPLETED,ClinicalTrials.gov
NCT06758505,Rehabilitation Strategies for Social Participation in Chronic Stroke Survivors,Strategy Training Only; Strategy Training embedded with Acceptance and Commitment Therapy Principles,Stroke; Chronic Phase of Disease,NA,RECRUITING,ClinicalTrials.gov
NCT05719805,A Study to Evaluate the Effects of Mavacamten in Healthy Participants,Mavacamten,Healthy Participants,PHASE1,COMPLETED,ClinicalTrials.gov
NCT03865394,Treatment of Chronic Wounds in Diabetic Foot Syndrome With Allogeneic Adipose Derived Mesenchymal Stem Cells,Application of allogeneic ADSC stem cells in fibrin gel; Standard care in diabetic foot ulcer,Diabetic Foot Ulcer,"PHASE1, PHASE2",COMPLETED,ClinicalTrials.gov
NCT07224256,VOICE: An Early Feasibility Study of a Precise Robotically Implanted Brain-Computer Interface for Communication Restoration,N1 Implant; R1 Robot,Tetraplegia/Tetraparesis; Quadriplegia; Cervical Spinal Cord Injury; Amyotrophic Lateral Sclerosis; Quadriplegia/Tetraplegia; Tetraplegic; Paralysis; Stroke,NA,RECRUITING,ClinicalTrials.gov
NCT04330222,Cambridge 7 Tesla Cerebral Small Vessel Disease Study,7 Tesla Magnetic Resonance Imaging; Brief Memory and Executive Test,Cerebral Small Vessel Diseases; Cerebral Small Vessel Ischemic Disease; Lacunar Stroke,Not specified,UNKNOWN,ClinicalTrials.gov
NCT01161251,Atrial Fibrillation Registry for Ankle-brachial Index Prevalence Assessment: Collaborative Italian Study.,Not specified,Atrial Fibrillation; Peripheral Vascular Disease,Not specified,COMPLETED,ClinicalTrials.gov
NCT04828902,Incidence of Postoperative Delirium After Cardiac Surgery in Adults.,cardiac surgery,Postoperative Delirium; Adult Cardiac Surgery; Covid19,Not specified,UNKNOWN,ClinicalTrials.gov
NCT06935253,Large Language Models To Improve the Quality of Care of Cardiology Patients,Large Language Model,Hypertrophic Cardiomyopathy (HCM); Cardiomyopathy; Genetic Disease; Cardiology,NA,RECRUITING,ClinicalTrials.gov
NCT05196737,DDN in Stroke--COBRE,Dry Needling,"Stroke; Spasticity, Muscle; CVA",NA,COMPLETED,ClinicalTrials.gov
NCT06397937,SDOH-Homecare Intervention Focus Team (SHIFT) Trial to Improve Stroke Outcomes,SHIFT team intervention,Stroke; Social Determinants of Health,NA,RECRUITING,ClinicalTrials.gov
NCT06620237,BIO|MASTER.CSP Study,Implantation of the Solia CSP S pacing lead for LBBAP,"Cardiac Pacing, Artificial; Cardiac Pacemaker, Artificial; Cardiac Resynchronization Therapy Devices; Bradycardia; Conduction Disorder; Conduction Defect, Cardiac; Heart Failure",NA,ACTIVE_NOT_RECRUITING,ClinicalTrials.gov
NCT02033837,Evaluation of Cardiac CT Appropriateness at Second-generation 320-row CT,Not specified,Coronary Artery Disease; Cardiac CT,Not specified,COMPLETED,ClinicalTrials.gov
NCT02600637,Wellness Programs for Brain-Injured Individuals,MBSR; Brain Health class,Depression; Anxiety; Stroke,NA,COMPLETED,ClinicalTrials.gov
NCT00134745,Defining the Optimal Hormonal Replacement Therapy in Turner Syndrome,estradiol,Turner Syndrome,PHASE4,COMPLETED,ClinicalTrials.gov
NCT05429645,Cardiac Resynchronization Under Electroanatomical Guidance After Failure of Primary Implantation,setting up of the pace maker,Cardiac Anomaly,NA,TERMINATED,ClinicalTrials.gov
NCT00780845,AKIN Criteria: Acute Kidney Injury After On-Pump Coronary Artery Bypass Graft (CABG),Not specified,Kidney Failure,Not specified,COMPLETED,ClinicalTrials.gov
NCT06152172,CARTIMMUNE: Study of Patients With Autoimmune Diseases Receiving KYV-101,KYV-101; Cyclophosphamide; Fludarabine,Idiopathic Inflammatory Myopathies; Diffuse Cutaneous Systemic Sclerosis; SLE Nephritis; ANCA Associated Vasculitis,PHASE1,ACTIVE_NOT_RECRUITING,ClinicalTrials.gov
NCT04802772,Construction of a Multidimensional Score for the Functional Prognosis of Cerebral Infarctions,Not specified,Cerebral Infarction,Not specified,UNKNOWN,ClinicalTrials.gov
NCT00121472,Thoratec HeartMate II Left Ventricular Assist System (LVAS) for Bridge to Cardiac Transplantation,Thoratec HeartMate II Left Ventricular Assist System (LVAS),"Heart Failure, Congestive; Ventricular Dysfunction; Cardiomyopathies",NA,COMPLETED,ClinicalTrials.gov
NCT01977495,Take Charge of Your Diabetes,Financial Incentive: Fixed Lottery,Diabetes; Hypertension,NA,COMPLETED,ClinicalTrials.gov
NCT04444895,A Study of Long-Term Safety and Efficacy of Lanadelumab for Prevention of Acute Attacks of Non-histaminergic Angioedema With Normal C1-Inhibitor,Lanadelumab,Angioedema,PHASE3,COMPLETED,ClinicalTrials.gov
NCT02682095,To Achieve Blood Pressure Control With Retained Quality of Life,Not specified,Hypertension; Patient Compliance,Not specified,TERMINATED,ClinicalTrials.gov
NCT01361139,Diagnosis of Cardio-Pulmonary Pathology Using Transthoracic Parametric Doppler (TPD),Not specified,"Lung Disease, Chronic Obstructive; Lung Disease, Interstitial; Asthma; Sarcoidosis; Hypertension, Pulmonary",Not specified,COMPLETED,ClinicalTrials.gov
NCT00950339,"Platelet Inhibitory Effect of Clopidogrel in Patients Treated With Omeprazole, Pantoprazole, or Famotidine","omeprazole, 20mg twice daily; famotidine 40mg twice daily; pantoprazole 40mg once daily",Coronary Heart Disease; GI Bleeding,PHASE4,COMPLETED,ClinicalTrials.gov
NCT06826339,"Evaluating Several Cellular, Acellular, and Matrix-like Products (CAMPs) and Standard of Care Versus Standard of Care Alone in the Management of Nonhealing Diabetic Foot and Venous Leg Ulcers.",ACApatch™; caregraFT™; Standard of Care,"Venous Leg Ulcer; Venous Leg; Diabetic Foot; Diabetic Foot Ulcer; Foot Ulcer, Diabetic; Ulcer Foot; Leg Ulcer; Ulcer Venous; Ulcer",PHASE4,RECRUITING,ClinicalTrials.gov
NCT06907277,Dexmedetomidine Enhancing the Recovery After Cardiac Surgery,Dexmedetomidine; Fentanyl; Lidocain,Post-cardiac Surgery,NA,COMPLETED,ClinicalTrials.gov
NCT00807677,A Phase 1 Dose Escalation Study of TAK-901 in Subjects With Advanced Hematologic Malignancies,TAK-901,Acute Myeloid Leukemia; Acute Lymphoblastic Leukemia; Chronic Myelogenous Leukemia; Chronic Lymphocytic Leukemia; Multiple Myeloma; Waldenstrom's Macroglobulinemia; Myelodysplastic Syndrome; Philadelphia Chromosome-negative CML; Myeloid Metaplasia; Myelofibrosis; Advanced Polycythemia; Non-Hodgkins Lymphoma,PHASE1,COMPLETED,ClinicalTrials.gov
NCT05310877,Values-Affirmation Intervention Targeting Medication Adherence in Older Adults With Heart Failure,Values-Affirmation,Heart Failure,NA,COMPLETED,ClinicalTrials.gov
NCT03314675,Assessment of Pacing Stimulus Conduction and Latency Measurements in CRT-D Patients,BIOTRONIK CRT-D,Heart Failure,NA,TERMINATED,ClinicalTrials.gov
NCT06285175,REINVENT: A Brain and Muscle Computer Interface for Stroke,Tele-REINVENT,Stroke,NA,COMPLETED,ClinicalTrials.gov
NCT04333875,Morbidity and Mortality Due to Deferral of Aortic Valve Replacement in Patients With Severe Aortic Stenosis,TAVR or SAVR,Aortic Valve Stenosis,Not specified,COMPLETED,ClinicalTrials.gov
NCT07316075,Multicenter Study on Cardiovascular and Metabolic Complications in Patients With Biochemically Silent Pheochromocytomas and Paragangliomas,Not specified,"Cardiovascular Abnormalities; Arterial Blood Pressure; Heart Rate; Congestive Heart Failure Chronic; Coronary Syndrome; Cerebrovascular Disease; Myocarditis, Pericarditis; Hyperlipidaemia; Diabete Mellitus",Not specified,ENROLLING_BY_INVITATION,ClinicalTrials.gov
NCT06675175,"A Phase 1b Study to Assess the Safety, Tolerability, and Pharmacodynamics of AZD4144 in Participants With Established Atherosclerotic Cardiovascular and Chronic Kidney Disease.",AZD4144; Placebo,Chronic Kidney Disease; Atherosclerotic Cardiovascular Disease,PHASE1,COMPLETED,ClinicalTrials.gov
NCT05268575,A Study on the Endoscopic Treatments of Hemorrhoids,performing endoscopy,Hemorrhoids,NA,UNKNOWN,ClinicalTrials.gov
NCT00512057,APEX Study: Effects of Allopurinol on Coronary and Peripheral Endothelial Function in Patients With Cardiac Syndrome X,allopurinol; placebo,Syndrome X,PHASE4,COMPLETED,ClinicalTrials.gov
NCT05388357,AI Quantitative Coronary Angiography Versus Optical Coherent Tomography Guidance for Coronary Stent Implantation,Intervention Procedure: PCI,Coronary Vessels; Procedure PCI,NA,COMPLETED,ClinicalTrials.gov
NCT07103057,VIZ ACCESS HCM - Multi-Site Registry,Viz HCM,Hypertrophic Cardiomyopathy,Not specified,RECRUITING,ClinicalTrials.gov
NCT00044057,A Study to Evaluate the Effects of YM872 on Brain Function and Disability When Administered in Combination With Alteplase (Tissue Plasminogen Activator),"YM872 (zonampanel), t-PA (alteplase)",Acute Ischemic Stroke,PHASE2,COMPLETED,ClinicalTrials.gov
NCT00444301,"Pain Assessment, Incidence & Nature in Heart Failure",Not specified,Heart Diseases,Not specified,COMPLETED,ClinicalTrials.gov
NCT04816201,Electroacupuncture to Assist Ventilator Weaning in Severe Stroke,Electroacupuncture,Severe Stroke; Electroacupuncture,NA,RECRUITING,ClinicalTrials.gov
NCT01208701,The Effects of Atorvastatin on the Nitrogen Oxide-system in Patients With Type 2 Diabetes and Nephropathy,Atorvastatin; Unikalk,Nephropathy; Cardiovascular Diseases; Diabetes Mellitus,PHASE2,COMPLETED,ClinicalTrials.gov
NCT05171712,Portico and Navitor India Clinical Trial,Transcatheter Aortic Valve Replacement,Aortic Valve Stenosis; Aortic Valve Failure; Aortic Insufficiency; Aortic Stenosis,NA,COMPLETED,ClinicalTrials.gov
NCT06508112,Pleth Variability Index in Pulmonary Embolism,Masimo Radical-7® Pulse CO-Oximeter,Pulmonary Embolism,Not specified,COMPLETED,ClinicalTrials.gov
NCT01954212,Stroke Oral healthCare pLan Evaluation,Enhanced complex oral health care,Cerebrovascular Disorders; Stroke; Pneumonia; Oral Hygiene,PHASE2,COMPLETED,ClinicalTrials.gov
NCT03775512,Evaluation of QDOT MICRO™ Catheter for Pulmonary Vein Isolation in Subjects With Paroxysmal Atrial Fibrillation,RF Ablation with QDOT Micro,Paroxysmal Atrial Fibrillation,NA,COMPLETED,ClinicalTrials.gov
NCT06534281,Pilot Study of BAO-G Technique in TAAA Endovascular Repair,BAO-G,"Aortic Aneurysm, Thoracoabdominal",EARLY_PHASE1,ENROLLING_BY_INVITATION,ClinicalTrials.gov
NCT00239681,JUPITER - Crestor 20mg Versus Placebo in Prevention of Cardiovascular (CV) Events,Rosuvastatin; Placebo,Elevated High-sensitivity C-Reactive Protein (hsCRP),PHASE3,TERMINATED,ClinicalTrials.gov
NCT04458155,Li-Hep vs. Non-Li-Hep Coated Transfer Device,Siemens® Point-of-care high sensitive troponin I analyzer,Acute Coronary Syndrome; Chest Pain; Myocardial Infarction; Cardiac Ischemia,Not specified,COMPLETED,ClinicalTrials.gov
NCT06917378,TRIO CTO (Taiwan Research Initiative on Coronary Total Occlusion),Percutaneous coronary intervention of coronary chronic total occlusion,Chronic Total Occlusion (CTO),Not specified,RECRUITING,ClinicalTrials.gov
NCT01083043,Continuous Glucose Monitoring in Type 2 Diabetes Mellitus,Not specified,Diabetic Vascular Complications,Not specified,COMPLETED,ClinicalTrials.gov
NCT00470743,Comparing Ibuprofen And Indomethacin For The Treatment Of The Patent Ductus Arteriosus in Very Premature Babies,Ibuprofen; Indomethacin,"Ductus Arteriosus, Patent; Very Low Birth Weight Infants",PHASE4,WITHDRAWN,ClinicalTrials.gov
NCT04266743,FeetMe® Monitor: Alternative for the Evaluation of Gait Speed After Stroke,FeetMe Monitor,"Stroke; Gait Disorders, Neurologic",NA,COMPLETED,ClinicalTrials.gov
NCT01943643,Multislice CT Angiography of Coronary Bifurcations and Outcomes After Intervention,multislice CT angiography,Coronary Artery Disease,NA,COMPLETED,ClinicalTrials.gov
NCT01607515,Non Invasive Measurement of Cardiac Index by Impedance Cardiography,Impedance cardiography,Pulmonary Hypertension,NA,COMPLETED,ClinicalTrials.gov
NCT00171015,VALORY Study of Valsartan/Hydrochlorizide for Patients Who do Not Respond Adequately to Olmesartan Medoxomil,valsartan plus hydrochlorothiazide,Hypertension,PHASE3,COMPLETED,ClinicalTrials.gov
NCT05699915,Extensive CArdioVAscular Characterization and Follow-up of Patients Receiving Immune Checkpoint Inhibitors,Cardiology consultation; Chest Computed Tomography (CT) without contrast; Non-invasive endothelial function tests; Electrocardiogram; Extra serum sample (7.5 mL),"Cancer; Immune-related Adverse Event; Cardiac Abnormalities, Variable; Immune Checkpoint Inhibitor-Related Myocarditis; Diastolic Dysfunction; Atherosclerosis; Cardiotoxicity",NA,TERMINATED,ClinicalTrials.gov
NCT05142215,A Placebo-controlled Trial of Chronic Total Occlusion Percutaneous Coronary Intervention for the Relief of Stable Angina,Percutaneous coronary intervention; Placebo percutaneous coronary intervention,Stable Angina; Chronic Total Occlusion of Coronary Artery,NA,COMPLETED,ClinicalTrials.gov
NCT04704635,Trajectories of Post-stroke Multidimensional Health,Not specified,"Stroke, Ischemic; Transient Ischemic Attack; Adaptation, Psychological; Mental Health Impairment; Adjustment; Self-Rated Health; Aging; Sense of Coherence",Not specified,COMPLETED,ClinicalTrials.gov
NCT02958176,Heart Rate Variability Biofeedback for Female Sexual Arousal Disorder,HRV Biofeedback; Autogenic Training,Female Sexual Arousal Disorder,NA,COMPLETED,ClinicalTrials.gov
NCT02657876,ExpressGraft-C9T1 Skin Tissue as a Treatment of Diabetic Foot Ulcers,ExpressGraft-C9T1 Skin Tissue,Diabetes; Diabetic Foot Ulcer; Non-healing Wound,PHASE1,COMPLETED,ClinicalTrials.gov
NCT07314476,CardioLogical Interventions and Acute strOke Treatment sTudy,Not specified,Acute Ischemic Stroke AIS; Stroke Treatment; PCI Patients; Aortic Valve Replacement; Transcatheter Aortic Valve Replacement (TAVR); Mitral Valve Repair; Mitral Valve Replacement; Left Atrial Appendage Closure; Transcatheter Pulmonary Valve Replacement (TPVR),Not specified,NOT_YET_RECRUITING,ClinicalTrials.gov
NCT06659276,Comparison Between Whole Body DWI and FDG PET/CT in Patients with Simptomatic Multiple Myeloma,Not specified,Multiple Myeloma,Not specified,RECRUITING,ClinicalTrials.gov
NCT03076476,Coronary Microcirculatory and Bioresorbable Vascular Scaffolds,Bioresorbable Vascular Scaffolds (BVS); Drug-Eluting Stent (DES) - slow; Drug-Eluting Stent (DES) - standard(std),"CHD - Coronary Heart Disease; Angina, Stable; Myocardial Ischemia",NA,COMPLETED,ClinicalTrials.gov
NCT00043940,"Anticoagulant Therapy With Bivalirudin in the Performance of Percutaneous Coronary Intervention in Patients With Heparin-Induced Thrombocytopenia (AT BAT, First Inning)",bivalirudin,Heparin-Induced Thrombocytopenia; Thrombosis,PHASE3,COMPLETED,ClinicalTrials.gov
NCT05939089,Cardiovascular Assessment of Pediatric Cancer Survivors,"ECG, Echocardiography, cTnI, NT-ProBNP",Left Ventricular Dysfunction; Heart Failure,Not specified,COMPLETED,ClinicalTrials.gov
NCT04662268,Assessment of a Composite Prognostic Score to Predict Severe Forms of Ischemic Colitis,Not specified,Ischemic Colitis,Not specified,COMPLETED,ClinicalTrials.gov
NCT03089450,To Evaluate Safety and Efficacy of CGBIO Stent Compared to Biomatrix Flex Stent,CGBio stent; Biomatrix flex,Ischemic Heart Disease; Stable Coronary Artery Disease; Stable Angina; Unstable Angina; NSTEMI - Non-ST Segment Elevation MI,NA,UNKNOWN,ClinicalTrials.gov
NCT01068691,Arterial Properties of Thoracic Aorta Disease,Ambulatory blood pressure monitoring (to evaluate the level of blood pressure),Blood Pressure,Not specified,UNKNOWN,ClinicalTrials.gov
NCT00097591,A Comparison of Prasugrel (CS-747) and Clopidogrel in Acute Coronary Syndrome Subjects Who Are to Undergo Percutaneous Coronary Intervention,Prasugrel; Clopidogrel,Coronary Arteriosclerosis; Acute Coronary Syndromes,PHASE3,COMPLETED,ClinicalTrials.gov
NCT01779674,Atrial Fibrillation/Sinus Rhythm Before and After Cardioversion,Not specified,Atrial Fibrillation,Not specified,COMPLETED,ClinicalTrials.gov
NCT02166060,Ivabradine in Patients With an Unsatisfactory Percentage of Cardiac Resynchronization Therapy,Ivabradine,Heart Failure,PHASE4,UNKNOWN,ClinicalTrials.gov
NCT01011660,Effects of Angiotensin II Receptor Blocker Compared With Diuretics in High-risk Hypertensive Patients,"Amlodipine, Telmisartan, Amiloride Compound , Simvastatin",Essential Hypertension,PHASE4,UNKNOWN,ClinicalTrials.gov
NCT00576160,Improving Medication Adherence in Post-ACS Patients,PST therapy,Medication Adherence; Acute Coronary Syndrome,PHASE1,TERMINATED,ClinicalTrials.gov
NCT02458560,CENTERA-2: Safety and Performance Study of the Edwards CENTERA-EU Self-Expanding Transcatheter Heart Valve,Edwards CENTERA Self-Expanding Transcatheter Heart Valve,Aortic Valve Disease,NA,COMPLETED,ClinicalTrials.gov
NCT05492760,Evaluation of Recurrence Risk of Atrial Fibrillation After Cryoballoon Ablation,cryoballoon ablation,Atrial Fibrillation,Not specified,UNKNOWN,ClinicalTrials.gov
NCT07225738,"A Multicenter Prospective Observational Cohort Study Evaluating the Impact of Cancer-Directed Treatment and Medication Use, Including Cannabis Use, in Multiple Myeloma Patients",Non-Interventional Study,Multiple Myeloma,Not specified,NOT_YET_RECRUITING,ClinicalTrials.gov
NCT01642238,Antithrombotic Effects of Ticagrelor Versus Clopidogrel,Ticagrelor + ASA + Bivalirudin; Clopidogrel + ASA + Bivalirudin,Acute Coronary Syndrome,PHASE4,COMPLETED,ClinicalTrials.gov
NCT01265758,Telemetric Arrhythmia Diagnosis in Adults,Prolonged telemetric Full Disclosure ECG recording.,Atrial Fibrillation; Arrhythmia,NA,UNKNOWN,ClinicalTrials.gov
NCT06755658,"RDW, Platelet Kinetics and Survival Outcome in Covid-19 Hospitalized Patients.",Not specified,Infection by SARS-COV-2,Not specified,ACTIVE_NOT_RECRUITING,ClinicalTrials.gov
NCT04772248,Safety of TofAcitinib in Routine Care Patients With Rheumatoid Arthritis (STAR-RA)- Cardiovascular Endpoints,Tofacitinib; TNF Inhibitor,Rheumatoid Arthritis,Not specified,COMPLETED,ClinicalTrials.gov
NCT05757726,Early Feasibility of the Velocity™ Percutaneous PAVF System,Velocity pAVF system,Arteriovenous Fistula,NA,COMPLETED,ClinicalTrials.gov
NCT00549926,"Yokohama Assessment of Fluvastatin, Pravastatin, Pitavastatin and Atorvastatin in Acute Coronary Syndrome (Yokohama-ACS)",Fluvastatin; Pravastatin; Pitavastatin; Atorvastatin,Coronary Disease; Hypercholesterolemia,PHASE4,COMPLETED,ClinicalTrials.gov
NCT06803615,Noninvasive Mapping Before Surgical Ablation,Electrocardiographic imaging,Atrial Fibrillation (AF),Not specified,ACTIVE_NOT_RECRUITING,ClinicalTrials.gov
NCT02115035,"A Single Agent Study to Evaluate the Overall Response Rate, Safety and Tolerability of Orally Administered Vemurafenib",Vermurafenib,Multiple Myeloma,"PHASE1, PHASE2",WITHDRAWN,ClinicalTrials.gov
NCT04141735,Detection of Sinusoidal Obstruction Syndrome With Ultrasound After Allogeneic HSCT,ultrasound,Sinusoidal Obstruction Syndrome,Not specified,COMPLETED,ClinicalTrials.gov
NCT02787408,The SPACER Trial - Repair of Tricuspid Valve Regurgitation Using the Edwards TricuSPid TrAnsCatheter REpaiR System,EW Tricuspid Transcatheter Repair System,Tricuspid Valve Regurgitation,NA,COMPLETED,ClinicalTrials.gov
NCT07246408,Intermittent Cottonseed Oil Consumption,CSO-30; CSO-20; Control,"Dyslipidemia; Overweight and Obesity; Nutrition, Healthy",NA,RECRUITING,ClinicalTrials.gov
NCT01780740,Statin Therapy In Atrial Refractoriness and Reperfusion Injury,Atorvastatin; Placebo,"Disorder; Heart, Functional, Postoperative, Cardiac Surgery; Cardiac Insufficiency Following Cardiac Surgery; Atrial Fibrillation; Ischaemia-reperfusion Injury",PHASE4,COMPLETED,ClinicalTrials.gov
NCT00004889,Rituximab in Treating Patients With Waldenstrom's Macroglobulinemia,rituximab,Lymphoma,PHASE2,COMPLETED,ClinicalTrials.gov
NCT06526468,Chinese PE Multimodality Imaging Artificial Intelligence Study,Artificial Intelligence,Pulmonary Embolism; Chronic Thromboembolic Pulmonary Hypertension; Chronic Thromboembolic Pulmonary Disease,Not specified,RECRUITING,ClinicalTrials.gov
NCT04857450,Anesthesia for Upper Endoscopy and Colonoscopy in Cardiac Patients With Acute Anemia,Etomidate; Ketamine Hydrochloride,Anemia; Cardiomyopathies; Pulmonary Hypertension,NA,UNKNOWN,ClinicalTrials.gov
NCT06312891,Value of Heart Rate Lowering Therapy in Acute Myocarditis,Ivabradine,Myocarditis,Not specified,RECRUITING,ClinicalTrials.gov
NCT02772991,Analysis Between Coronary Angiotomography and Sensitive Troponin in Intermediate Risk of Acute Coronary Syndrome,troponin measurement,Chest Pain; Acute Coronary Syndrome,NA,UNKNOWN,ClinicalTrials.gov
NCT02177474,Effects of a Telephone Based Peer Support to Reduce Depressive Symptoms and Improve Social Support in Women With CHD,Telephone based peer support,Depressive Symptoms; Low Perceived Social Support; Coronary Heart Disease,NA,COMPLETED,ClinicalTrials.gov
NCT04434274,MIcronized Flavonoid Fraction After MechanO-Chemical Ablation,Micronized Purified Flavonoid Fraction,Varicose Veins; Surgery,Not specified,UNKNOWN,ClinicalTrials.gov
NCT04137874,Paramedic - Norwegian Acute Stroke Prehospital Project,eSTROKE model; Control,Stroke; Triage; Paramedic; Mobile Application,NA,UNKNOWN,ClinicalTrials.gov
NCT05089890,Clinical Investigation of Sorbact® Dressings,Sorbact® Compress; Sorbact® Gel Dressing; Sorbact® Ribbon Gauze,Hard-to-heal Wounds; Diabetic Foot Ulcer; Venous Leg Ulcer; Pressure Ulcer; Arterial Leg Ulcer,NA,UNKNOWN,ClinicalTrials.gov
NCT00750113,Study Evaluating the Efficacy of Nifedipine GITS - Telmisartan Combination in Blood Pressure Control.,Nifidipine; Telmisartan; Nifedipine/Telmisartan,Hypertension,PHASE4,COMPLETED,ClinicalTrials.gov
NCT05476913,GEKO Venous Thromboembolism Prevention Study,geko™ device,"Stroke, Acute; Venous Thromboembolism; Deep Vein Thrombosis; Pulmonary Embolism",NA,RECRUITING,ClinicalTrials.gov
NCT03440697,Pathogenetic Basis of Aortopathy and Aortic Valve Disease,Not specified,Aortopathies; Thoracic Aortic Aneurysm; Aortic Valve Disease; Thoracic Aortic Disease; Thoracic Aortic Dissection; Thoracic Aortic Rupture; Ascending Aortic Disease; Descending Aortic Disease; Ascending Aortic Aneurysm; Descending Aortic Aneurysm; Marfan Syndrome; Loeys-Dietz Syndrome; Vascular Ehlers-Danlos Syndrome; Shprintzen-Goldberg Syndrome; Turner Syndrome; PHACE Syndrome; Autosomal Recessive Cutis Laxa; Congenital Contractural Arachnodactyly; Arterial Tortuosity Syndrome; Bicuspid Aortic Valve-Associated Aortopathy; Bicuspid Aortic Valve; Familial Thoracic Aortic Aneurysm and Aortic Dissection,Not specified,ACTIVE_NOT_RECRUITING,ClinicalTrials.gov
NCT05529810,Characteristics and Consequences of Coronary Angiograms Performed in Intensive Care Patients,Not specified,Acute Coronary Syndrome,Not specified,COMPLETED,ClinicalTrials.gov
NCT02307110,Prevalence of DRP and DME Among Type 1 Diabetics Treated With Long-term Intensified Insulin Therapy,cross-sectional observation,Insulin-Dependent Diabetes Mellitus 1,NA,COMPLETED,ClinicalTrials.gov
NCT01770613,A Study of Allogeneic Mesenchymal Bone Marrow Cells in Subjects With ST Segment Elevation Myocardial Infarction (STEMI),Stem cells,ST Segment Elevation Myocardial Infarction (STEMI); Allogeneic Mesenchymal Bone Marrow Cells,PHASE2,WITHDRAWN,ClinicalTrials.gov
NCT00001620,Screening for Hematology Branch Protocols,Not specified,Hematologic Disease and Disorders; Donors; Healthy Volunteer,Not specified,ENROLLING_BY_INVITATION,ClinicalTrials.gov
NCT03097120,The Estrogen Replacement and Atherosclerosis Trial ; Primary Outcome Measure is Mean Minimal Coronary Artery Diameter After Avg of 3.2 Yrs.,0.625 mg of conjugated equine estrogen; 0.625 mg of conjugated equine estrogen plus 2.5 mg of medroxyprogesterone acetate; placebo tablets,Heart Disease,PHASE3,COMPLETED,ClinicalTrials.gov
NCT01730482,"A Study to Assess the Absorption, Metabolism and Excretion of Migalastat Hydrochloride (AT1001-014)",[14C] AT1001,Fabry Disease,PHASE1,COMPLETED,ClinicalTrials.gov
NCT00203333,Cardiac Rhythm Abnormalities in Patients With Refractory Epilepsy at High Risk for Sudden Death,Medtronic REVEAL,Refractory Epilepsy; Arrhythmia; Sudden Death,Not specified,COMPLETED,ClinicalTrials.gov
NCT04477252,Mobile App as a Guide to Exercises for Patients With Chronic Stroke,App-core; Conventional physiotherapy,Telerehabilitation; Stroke Sequelae; Therapeutic Adherence and Compliance; Mobile Phone Use; Physical Disability; Neurologic Disorder,NA,COMPLETED,ClinicalTrials.gov
NCT00484549,Fabry : National Initiative of Screening,Blood sample,Ischemic Stroke Hospitalized,NA,COMPLETED,ClinicalTrials.gov
NCT06859658,Development and Validation of a Functional MRI Biomarker of Cerebral Small Vessel Dysfunction in CADASIL,Functional MRI at 3T; Functional MRI at 3T; Functional MRI at 3T,CADASIL,Not specified,NOT_YET_RECRUITING,ClinicalTrials.gov
NCT06822348,Short-term Effects of Osteopathic Manipulations on Heart Rate Variability in Lung Cancer Patients - A Randomized Pilot Study,Osteopathic treatment; Quality of life assessment; Anxiety assessment; Heart rate variability assessment,Lung Cancer,NA,NOT_YET_RECRUITING,ClinicalTrials.gov
NCT00031226,Biomarkers of Oxidative Stress in LOOK AHEAD - Ancillary to LOOK AHEAD,Not specified,"Heart Diseases; Myocardial Infarction; Obesity; Diabetes Mellitus, Non-insulin Dependent; Cardiovascular Diseases; Diabetes Mellitus",Not specified,COMPLETED,ClinicalTrials.gov
NCT03275285,"Multinational Clinical Study Comparing Isatuximab, Carfilzomib And Dexamethasone To Carfilzomib And Dexamethasone In Relapse And/Or Refractory Multiple Myeloma Patients",isatuximab SAR650984; carfilzomib; dexamethasone,Plasma Cell Myeloma,PHASE3,COMPLETED,ClinicalTrials.gov
NCT01689415,Renal Denervation Hypertension After Stroke,Not specified,Stroke; Hypertension,Not specified,TERMINATED,ClinicalTrials.gov
NCT05534308,Effect of Intraoperative Taping on the Control of Edema Resulting From Stripping,Transoperative taping; No trasoperative taping,Edema; Varices; Cord,NA,UNKNOWN,ClinicalTrials.gov
NCT01543308,The Alteration of HDL Protein Composition in Patients With Coronary Heart Disease Before and After Statins Treatment,Not specified,Coronary Heart Disease,Not specified,UNKNOWN,ClinicalTrials.gov
NCT05210725,Trained Immunity by Dual-pathway Inhibition in Coronary Artery Disease,Rivaroxaban 2.5 Mg Oral Tablet,Coronary Artery Disease,PHASE4,UNKNOWN,ClinicalTrials.gov
NCT03028168,Yôga and Breathing Techniques Training in Patients With Heart Failure and Preserved Ejection Fraction,Yôga; Breathing technique; Control group,"Cardiovascular Diseases; Heart Failure; Heart Failure, Diastolic",NA,COMPLETED,ClinicalTrials.gov
NCT06033950,A Study to Evaluate Finerenone on Clinical Efficacy and Safety in Patients with Heart Failure Who Are Intolerant or Not Eligible for Treatment with Steroidal Mineralocorticoid Receptor Antagonists,Finerenone; Placebo,Heart Failure,PHASE3,RECRUITING,ClinicalTrials.gov
NCT01337674,Co-Administration of MK-4618 With Antihypertensive Agents (MK-4618-010),MK-4618; Placebo for MK-4618; Metoprolol; Amlodipine,Hypertension,PHASE1,COMPLETED,ClinicalTrials.gov
NCT02831790,The Fontan Education Study: A Randomized Control Trial,Fontan Education Videos,"Heart Defects, Congenital",NA,COMPLETED,ClinicalTrials.gov
NCT01205490,Changes in Cerebral Blood Flow With Spinal Manipulative Therapy vs. Voluntary Motion,head positions and spinal manipulation,Vertebral Artery Dissection; Cerebrovascular Accident; Cerebrovascular Stroke,NA,UNKNOWN,ClinicalTrials.gov
NCT04193813,Predictors of Postoperative Atrial Fibrillation After Coronary Artery Bypass Grafting: A Prospective Cohort Study,Observational,AF - Atrial Fibrillation,Not specified,COMPLETED,ClinicalTrials.gov
NCT05961397,Phase 1 PK Study to Evaluate the PK of CIN-107 in Subjects With Hepatic Impairment,baxdrostat,Hypertension,PHASE1,COMPLETED,ClinicalTrials.gov
NCT06970210,United4Stroke (U4S) - El Paso Network Stroke Community Program,Group-Based Education; Individualized Coaching,Stroke,NA,ENROLLING_BY_INVITATION,ClinicalTrials.gov
NCT03065413,"It is a Prospective Study Aiming to Identify Incidence and Prevalence of Cardiovascular Diseases, Changes in Physical Activity, Dietary Habits and Anxiety Depression Levels Through a Period of Time in the Naval Personnel (PrOspeCtive HEllenic NAval PersoNnel StUdy in CardiovaScular Diseases)",Not specified,"Cardiovascular Diseases; Risk Factor, Cardiovascular",Not specified,RECRUITING,ClinicalTrials.gov
NCT04888260,Plasma Mannose Associated Parameter Levels in Nondiabetic Coronary Artery Disease,Laboratory parameter levels in blood samples,Coronary Artery Disease; Hyperlipidemias,Not specified,COMPLETED,ClinicalTrials.gov
NCT00338260,Losartan Intervention For Endpoint Reduction in Hypertension (LIFE) Study (0954-133),"MK0954, /Duration of Treatment : 5 Years; Comparator : atenolol /Duration of Treatment : 5 Years",Hypertension and Left Ventricular Hypertrophy (Thickening of the Main Pumping Chamber of the Heart),PHASE3,COMPLETED,ClinicalTrials.gov
NCT02443220,Electroacupuncture in Reducing the Dose of Analgesic in Patients Undergoing Off-pump Coronary Artery Bypass Grafting,TEAS (transcutaneous electric acupoint stimulation); TEAS; TEAS,Coronary Disease,NA,COMPLETED,ClinicalTrials.gov
NCT00216320,Efficacy of the WalkAide and AFOs for CVA,WalkAide; AFO; AFO,Stroke,NA,COMPLETED,ClinicalTrials.gov
NCT00715884,Study Comparing the CYPHER® ELITE™ to the CYPHER® Bx VELOCITY® Sirolimus-Eluting Stent Systems,CYPHER® ELITE™ Sirolimus-Eluting Stent System; CYPHER® Bx VELOCITY® Sirolimus-eluting Stent System,Coronary Artery Disease; Coronary Atherosclerosis,NA,UNKNOWN,ClinicalTrials.gov
NCT01483833,Efficacy Study of Iferanserin to Treat Hemorrhoids,Iferanserin; Placebo,Hemorrhoids,PHASE2,COMPLETED,ClinicalTrials.gov
NCT02344433,Using Virtual Counselors to Overcome Genetic Literacy Barriers,VICKY; MFHP,Heart Disease; Stroke; Diabetes; Cancer,NA,COMPLETED,ClinicalTrials.gov
NCT03708952,Lifestyle and Dietary Pattern in Relation to Precursor Lesions of Colorectal Cancer and Cardiometabolic Diseases,Not specified,Polyps; Cardiovascular Diseases,Not specified,ACTIVE_NOT_RECRUITING,ClinicalTrials.gov
NCT01560247,Percutaneous Recanalization in Ischemic Stroke Management in Europe Observational Registry,Mechanical thrombectomy,Ischemic Stroke,Not specified,UNKNOWN,ClinicalTrials.gov
NCT03820947,VenaSeal Spectrum: Global Post-Market Randomized Controlled Trial,VenaSeal™ System; Endothermal Ablation (ETA); Surgical Stripping,Venous Reflux,NA,TERMINATED,ClinicalTrials.gov
NCT05976438,Skin Sodium and Salt Sensitivity of Blood Pressure,Amlodipine; Chlortalidone,Hypertension,NA,UNKNOWN,ClinicalTrials.gov
NCT05860348,Symptomatic CRT Patients: Real-World Experience - Barostim™ Advancing the Level of Clinical Evidence,Barostim™ System,Heart Failure,Not specified,TERMINATED,ClinicalTrials.gov
NCT01402726,Renal Sympathetic Modification in Patients With Heart Failure,renal sympathetic modification,Heart Failure,NA,UNKNOWN,ClinicalTrials.gov
NCT01527526,Depot-medroxyprogesterone Acetate (DMPA) Contraceptive Method and Metabolism,Not specified,Insulin Resistance; Cardiovascular Disease; Bone Loss; Eating Disorders; Thrombosis,Not specified,COMPLETED,ClinicalTrials.gov
NCT00015678,Effects of Flumazenil on Brain Excitability,Not specified,Stroke; Healthy,Not specified,COMPLETED,ClinicalTrials.gov
NCT02499185,Study Evaluating Novel Biomarkers of AKI (Acute Kidney Injury) in Post-operative Patients,Nephro Check Test; serum creatinine measurement,Acute Kidney Injury; Arterial Hypertension; Obesity; Cardio Vascular Disease; Diabetes Mellitus; Chronic Liver Disease; Hypercholesterolemia,PHASE4,TERMINATED,ClinicalTrials.gov
NCT00594685,Evaluating the Presence of Blood Clots in People With Heparin-Induced Thrombocytopenia (HIT) (The HOT Study),Not specified,Thrombocytopenia,Not specified,TERMINATED,ClinicalTrials.gov
NCT01399385,New Heart Imaging Techniques to Evaluate Possible Heart Disease,MR Imaging Techniques - 1; MR Imaging Techniques - 2; MR Imaging Techniques - 3; MR Imaging Techniques - 4,Healthy; Obesity; Diabetes; Healthy Volunteers; Atherosclerosis,NA,RECRUITING,ClinicalTrials.gov
NCT06767943,Predicting Myocardial Infarction After Abdominal Surgery: Clinical Scores & Biomarkers,12-lead electrocardiography,Myocardial Infarction,Not specified,COMPLETED,ClinicalTrials.gov
NCT03071835,A Comparative Study of Subjects Past Their Final Follow-ON Visit,Not specified,Cardiomyopathies; Heart Diseases; Aging Frailty,Not specified,COMPLETED,ClinicalTrials.gov
NCT07385625,Acute Safety and Efficacy of the Pivot Bridge System for Functional Tricuspid Regurgitation,Pivot Bridge,Tricuspid Regurgitation Functional,NA,RECRUITING,ClinicalTrials.gov
NCT04497376,Comparison Between Upgraded '2C3L' vs. PVI Approach for Catheter Ablation of Persistent Atrial Fibrillation,upgraded '2C3L'; pulmonary vein antral isolation,Persistent Atrial Fibrillation; Catheter Ablation,NA,COMPLETED,ClinicalTrials.gov
NCT05610176,BIO|CONCEPT.Amvia Study,Amvia Sky pacemaker or CRT-P device,Bradycardia; Heart Failure,NA,COMPLETED,ClinicalTrials.gov
NCT04433091,2-Hydroxybenzylamine (2-HOBA) to Prevent Early Recurrence of Atrial Fibrillation After Catheter-based Ablation,2-Hydroxybenzylamine; Placebo,Atrial Fibrillation,PHASE2,COMPLETED,ClinicalTrials.gov
NCT02734355,Left Atrial Mechanical Function Improvement After Atrial Fibrillation Catheter Ablation,Telmisartan 80 mg and amlodipine 5 mg; Placebo (for telmisartan and amlodipine),Atrial Fibrillation,PHASE4,COMPLETED,ClinicalTrials.gov
NCT05973474,The Atherogenic Index of Plasma（AIP） in Patients With Atrial Fibrillation,Not specified,"Atrium; Fibrillation; Lipid Metabolism Disorders; Cardiovascular Diseases; Event, Cardiac",Not specified,UNKNOWN,ClinicalTrials.gov
NCT06700226,AblaView® Unipolar PFA OCR-guided Feasibility Study - First in Man,AblaView® Unipolar PFA System,Paroxysmal AF,NA,COMPLETED,ClinicalTrials.gov
NCT05206825,Evaluation of Electrocardiography Performed With Mobile ECG Devices in Cardiac Patients and Healthy Volunteers,Not specified,Cardiac Arrhythmia,Not specified,UNKNOWN,ClinicalTrials.gov
NCT00244725,Odiparcil For The Prevention Of Venous Thromboembolism,Odiparcil; Warfarin; Coumadin,"Deep Vein Thrombosis; Fibrillation, Atrial; Venous Thromboembolism; Pulmonary Embolism",PHASE2,COMPLETED,ClinicalTrials.gov
NCT00970489,Omega-3 Fatty Acids for Prevention of Post-Operative Atrial Fibrillation,Omega -3 fatty acids; Placebo,Atrial Fibrillation,PHASE3,COMPLETED,ClinicalTrials.gov
NCT01988974,Feasibility Testing of the Alert for Atrial Fibrillation Program,Alert for Atrial Fibrillation Program; Healthy Sleep,Atrial Fibrillation,NA,COMPLETED,ClinicalTrials.gov
NCT01265290,Optimizing Diagnostics Of Syncope Events Using Intelligent Telemetric Solutions.,repeated 24 hours ECG Holter monitoring; Telemetric ECG monitoring,Cardiac Arrhythmia; Cardiogenic Syncope,NA,UNKNOWN,ClinicalTrials.gov
NCT02424110,Bipolar Radiofrequency Ablation Plus Argon Beam Coagulator Ablation for Atrial Fibrillation,argon beam coagulator ablation; bipolar radiofrequency ablation; argon beam coagulator （American，Valleylab）; bipolar radiofrequency (AtricuteTM),Atrial Fibrillation,NA,UNKNOWN,ClinicalTrials.gov
NCT07122947,Surveillance Trial of the Apple Watch in Reliable Burden Assessment in Unseen Recurrence of Surgically Treated AF,Apple Watch: AFib History; Zio Patch,Atrial Fibrillation,Not specified,RECRUITING,ClinicalTrials.gov
NCT05164718,The Norwegian Exercise in Atrial Fibrillation Trial,Supervised home-based exercise; Usual care,Atrial Fibrillation,NA,ACTIVE_NOT_RECRUITING,ClinicalTrials.gov
NCT07407790,The Southern-Norway Post-Stroke Atrial Fibrillation Study,Patch ECG; Standard Care (in control arm),Atrial Fibrillation (AF); Atrial Fibrillation (Prevention of Stroke); Ischemic Stroke; Secondary Prevention; Arrhythmia Atrial,NA,RECRUITING,ClinicalTrials.gov
NCT00180284,SITELINE 2 Polyurethane,SITELINE 2 Polyurethane (pacing lead),Bradycardia,PHASE3,COMPLETED,ClinicalTrials.gov
NCT00611143,Atorvastatin for Prevention of Postoperative Atrial Fibrillation After Off-Pump Coronary Artery Bypass Grafting Surgery,atorvastatin,Coronary Artery Bypass,NA,COMPLETED,ClinicalTrials.gov
NCT05158751,Myocarditis Causing Premature Ventricular Contractions:Insights From the MAVERIC Registry,Not specified,Myocarditis; Premature Ventricular Contractions; Ventricular Tachycardia (VT),Not specified,NOT_YET_RECRUITING,ClinicalTrials.gov
NCT02809131,Perioperative Antibiotic Therapy to Prevent Cardiac Implantable Electronic Device Infections.,"polymixin/bacitracin; cephalexin, or levofloxacin, or clindamycin; Saline",Sick Sinus Syndrome; Complete Heart Block; Syncope; Chronic Systolic Heart Failure,PHASE3,COMPLETED,ClinicalTrials.gov
NCT01817439,Safety and Efficacy of Oral Versus Intravenous Amiodarone in the Treatment of AF,Amiodarone,Atrial Fibrillation,PHASE3,UNKNOWN,ClinicalTrials.gov
NCT05004077,Repeated Amiodarone Dosing In Cardiac surgicaL Procedures,AMIODARONE,Atrial Fibrillation,PHASE4,TERMINATED,ClinicalTrials.gov
NCT00982475,Alster Man and Machine: Comparison of Manual and Mechanical Remote Robotic Catheter Ablation for Drug-Refractory Atrial Fibrillation,Pulmonary vein isolation with radiofrequency current,Atrial Fibrillation,NA,COMPLETED,ClinicalTrials.gov
NCT01548352,BAsel Syncope EvaLuation (BASEL IX) Study,Not specified,Syncope,Not specified,ACTIVE_NOT_RECRUITING,ClinicalTrials.gov
NCT00826826,The Effect of Short Term Amiodarone Treatment After Catheter Ablation for Atrial Fibrillation,Catheter ablation; Amiodarone; Placebo,Atrial Fibrillation,NA,COMPLETED,ClinicalTrials.gov
NCT05893199,Telemedicine in Atrial Fibrillation: Randomized Clinical Trial in Primary Care (AtrialConnect),Clinical monitoring using the Ti.Care app (https://ti.care/es); Usual care,Atrial Fibrillation,NA,UNKNOWN,ClinicalTrials.gov
NCT04097132,Pattern of Non Valvular Atrial Fibrillation in Acute Ischemic Stroke Patients at Assiut University Hospitals,echocardiography,Atrial Fibrillation,Not specified,UNKNOWN,ClinicalTrials.gov
NCT01000532,SIELLO Pilot Study for Comparison of Steroid Versus Non-Steroid Pacing Leads,SIELLO JT/T; Pacemaker therapy; BPPU JT/T,"Arrhythmias, Cardiac",Not specified,COMPLETED,ClinicalTrials.gov
NCT01956487,Bioequivalence of RYTHMOL SR® Manufactured at Two Different Sites,Propafenone,"Arrhythmia, Cardiac",PHASE1,COMPLETED,ClinicalTrials.gov
NCT00904293,Genotype-Guided Warfarin Therapy Trial,Genotype-guided dose determination; Non-genotype guided warfarin dosing,Atrial Fibrillation; Deep Vein Thrombosis; Pulmonary Embolism; Artificial Heart Valve,NA,COMPLETED,ClinicalTrials.gov
NCT02731326,iPhone Helping Evaluate Atrial Fibrillation Rhythm Through Technology,AliveCor; Behavioral Altering Messaging,Atrial Fibrillation; Atrial Flutter,NA,COMPLETED,ClinicalTrials.gov
NCT01278953,TactiCath Contact Force Ablation Catheter Study for Atrial Fibrillation,Catheter ablation to treat paroxysmal atrial fibrillation,Paroxysmal Atrial Fibrillation,NA,COMPLETED,ClinicalTrials.gov
NCT04586881,Catch me if You Can - the Individual Relationship Between Potential Ablation Targets From CARTOFINDER and Myocardial Fibrosis,Not specified,Atrial Fibrillation,Not specified,COMPLETED,ClinicalTrials.gov
NCT04364516,Retrospective Observational Registry of Patients With Atrial Fibrillation From Vigo´s Health Area,Anticoagulation,Atrial Fibrillation,Not specified,UNKNOWN,ClinicalTrials.gov
NCT04217447,Assessment of Quitting Versus Using Aspirin Therapy In Patients Treated With Oral Anticoagulation for Atrial Fibrillation or Other Indication With Stabilized Coronary Artery Disease,OAC + Aspirin 100mg od; OAC + placebo of Aspirin 100mg od,Coronary Artery Disease,PHASE3,TERMINATED,ClinicalTrials.gov
NCT01772576,Safety and Performance Study of the Reliance 4-Front Lead,Reliance 4-Front lead implantation,Tachycardia,NA,COMPLETED,ClinicalTrials.gov
NCT03857711,Randomized Clinical Trial PULVAB (Prophylactic Pulmonary Veins Ablation),Conventional CABG; CABG+ PVI; CABG+ PVI+amiodarone; CABG+amiodarone,"Arrhythmias, Cardiac; Cardiovascular Diseases; Postoperative Atrial Fibrillation; Myocardial Ischemia",NA,UNKNOWN,ClinicalTrials.gov
NCT03824509,Echocardiographic Risk Factors of Stroke in Patients With Atrial Fibrillation,Chart Review,Atrial Fibrillation; Stroke,Not specified,COMPLETED,ClinicalTrials.gov
NCT01925885,Focal Impulse and Rotor Modulation Ablation Trial for Treatment of Paroxysmal Atrial Fibrillation (FIRMAT-PAF),PVI Ablation; FIRM Ablation,Paroxysmal Atrial Fibrillation,NA,TERMINATED,ClinicalTrials.gov
NCT03044925,Remote Magnetic Navigation-guided Ablation Versus Cryoablation for Persistent Atrial Fibrillation (RECREATION Study),Remote magnetic navigation; Cryoablation,Persistent Atrial Fibrillation,NA,UNKNOWN,ClinicalTrials.gov
NCT05306964,Restrictive Versus Liberal Rate of Extracorporeal Volume Removal Evaluation in Acute Kidney Injury,Restrictive UFnet Rate Strategy; Liberal UFnet Rate Strategy,Acute Kidney Injury; Fluid Overload; Hypotension; Dialysis; Complications; Critical Illness,NA,TERMINATED,ClinicalTrials.gov
NCT03977363,The Portuguese Survey on Anticoagulated Patients Register (START-Portugal-Register),Anticoagulant drugs,Atrial Fibrillation; Venous Thromboembolism; Heart Valve Diseases or Prosthesis,Not specified,TERMINATED,ClinicalTrials.gov
NCT02973984,The European Registry of Older Subjects With Atrial Fibrillation (EUROSAF),Not specified,Atrial Fibrillation,Not specified,UNKNOWN,ClinicalTrials.gov
NCT03392948,PERcutaneouS Coronary intErventions in Patients Treated With Oral Anticoagulant Therapy,Not specified,Acute Myocardial Infarction; Unstable Angina; Chronic Stable Angina,Not specified,UNKNOWN,ClinicalTrials.gov
NCT05893615,Effects of Cognitive Behavior Therapy on Quality of Life in Paroxysmal Atrial Fibrillation Patients,Cognitive Behaviour Therapy,CBT,NA,COMPLETED,ClinicalTrials.gov
NCT01259648,Study Evaluating the Efficacy and Safety of Remifentanil in a Rapid Sequence Induction for Fragile Subjects,0.5 µg/kg remifentanil; 1.0 µg/kg remifentanil; NaCl,Tachycardia,PHASE4,COMPLETED,ClinicalTrials.gov
NCT03682991,Reversal of Atrial Substrate to Prevent Atrial,Aggressive Risk Factor Control; Standard of Care,Atrial Fibrillation,NA,RECRUITING,ClinicalTrials.gov
NCT01719978,Hemodynamic and Electrocardiographic Effects of Hyaluronidase Associated With Local Anaesthetics,"3.6mL 2% Mepivacaine with 1:100,000 epinephrine; Lower Third Molar Extraction; Hyaluronidase; Placebo",Cardiac Arrhythmias,PHASE4,COMPLETED,ClinicalTrials.gov
NCT06713668,Augmented Pacing for Shock in the Cardiac Intensive Care Unit,Backup Pacing Rate Change,Cardiogenic Shock; Bradycardia; Shock,NA,RECRUITING,ClinicalTrials.gov
NCT00279968,INSIGHTS ICD Registry,ICD,Ventricular Tachycardia; Ventricular Fibrillation,Not specified,COMPLETED,ClinicalTrials.gov
NCT05640323,Prospective Study to Validate the Clinical Accuracy of the Norbert Device to Measure Pulse Rate,Norbert Device,Healthy; Arrhythmia,Not specified,COMPLETED,ClinicalTrials.gov
NCT06582823,Effects of a Health Belief Model-Based Community Educational Program to Increase the Awareness of Atrial Fibrillation Among Older Adults: a Randomized Controlled Trial,Health belief model-based community educational program; Control,Atrial Fibrillation (AF),NA,ACTIVE_NOT_RECRUITING,ClinicalTrials.gov
NCT02262676,"Observational Study to Assess Sociodemographic and Clinical Features of Patients Treated With Rivaroxaban in Routine Clinical Practice of Hematologists, Cardiologists and Internists of Spain","Rivaroxaban (Xarelto, BAY59-7939)",Atrial Fibrillation,Not specified,COMPLETED,ClinicalTrials.gov
NCT01007474,One Hospital ClinicalService Project,"Implantable Cardioverter-Defibrillator (ICD); Implantable Pacemaker Generator (IPG); Implantable Loop Recorder (ILR); Cardiac Resynchronization Therapy-Defibrillator (CRT-D); Implantable devices working as neurostimulators, stents, spinal/bone devices or other applications","Arrhythmias, Cardiac; Bradycardia; Syncope",Not specified,WITHDRAWN,ClinicalTrials.gov
NCT01841515,Effect of Desmopressin on Platelet Function in CKD Patients on Antiplatelet Drug,Desmopressin administration,Bleeding; Tachycardia; Dyspnea,PHASE1,COMPLETED,ClinicalTrials.gov
NCT01947920,A Dose Ranging Escalation Study of Tramadol Hydrochloride in Healthy Volunteers,"Tramadol HCl, 50 mg; Placebo",Healthy,PHASE1,COMPLETED,ClinicalTrials.gov
NCT04896424,Vagal Response and Cardiac Autonomic Modulation. Insides From Cryoballoon Ablation,cryoballoon-based pulmonary veins isolation,Vagal Nerve Stimulation; Autonomic Nervous System; Catheter Ablation,NA,COMPLETED,ClinicalTrials.gov
NCT03544918,Prevalence of Congenital Long QT Syndrome and Acquired QT Prolongation in a Hospital Cohort,Not specified,Long QT Syndrome,Not specified,COMPLETED,ClinicalTrials.gov
NCT00915720,Implanted Loop Recorder Post Atrial Fibrillation Ablation,Not specified,Atrial Fibrillation,Not specified,UNKNOWN,ClinicalTrials.gov
NCT05774262,Pacemaker Implantation Versus Cardioneuroablation for Functional Atrioventricular Block,Pacemaker implantation; Cardioneuroablation (CNA),Atrioventricular Block,NA,RECRUITING,ClinicalTrials.gov
NCT03445949,Optimal Antiplatelet Therapy Following Left Atrial Appendage Closure,short postimplantation dual antiplatelet therapy; extended postimplantation dual antiplatelet therapy; long-term treatment with a single antiplatelet agent; 6 months treatment with a single antiplatelet agent,Atrial Fibrillation,PHASE4,RECRUITING,ClinicalTrials.gov
NCT05830578,Clinical Validation of the Electrocardiogram Measurement,ASUS Blood Pressure Monitor/Oximeter/ECG Monitor,Atrial Fibrillation,Not specified,UNKNOWN,ClinicalTrials.gov
NCT00273117,Transnasal and Oral Gastroscopy.,transnasal gastroscopy,"Upper Gastrointestinal Disease, Duodenal or Gastric Ulcer.",Not specified,TERMINATED,ClinicalTrials.gov
NCT06977789,Comparison of Holter vs S-Patch for Arrhythmia Detection in Older Falls Patient,S Patch3-Cardio/S-Patch Ex; Holter,Bradyarrhythmia; Arrythmia,NA,COMPLETED,ClinicalTrials.gov
NCT06294782,PrOsPective Cohort Study for STereotactic Arhythmia Radioablation (STAR) of Refractory Ventricular Tachycardia,STereotactic Arhythmia Radioablation (STAR),Refractory Ventricular Tachycardia,NA,RECRUITING,ClinicalTrials.gov
NCT04542785,Lenient Rate Control Versus Strict Rate Control for Atrial Fibrillation. The Danish Atrial Fibrillation Randomised Clinical Trial,Rate control,"Atrial Fibrillation, Persistent; Atrial Fibrillation Chronic; Atrial Fibrillation",NA,RECRUITING,ClinicalTrials.gov
NCT05610215,Concomitant Hybrid Versus Catheter Ablation for Atrial Fibrillation With Hypertrophic Cardiomyopathy,hybrid ablation; catheter ablation,"Atrial Fibrillation; Cardiomyopathy, Hypertrophic; Radiofrequency Ablation",NA,RECRUITING,ClinicalTrials.gov
NCT05715658,Pharmacokinetic Study to Evaluate Dabigatran Etexilate in Elderly Subjects,Dabigatran etexilate capsule,"Nonvalvular Atrial Fibrillation; Health, Subjective",NA,UNKNOWN,ClinicalTrials.gov
NCT05599308,Evaluation of Blood Pressure Monitor With AFib Screening Feature,OMRON blood pressure monitor with AFib screening feature; Microlife WatchBP Home A,Atrial Fibrillation,NA,COMPLETED,ClinicalTrials.gov
NCT07162597,A Study Evaluating the Effectiveness and Safety of Pulsed Field Ablation Using the FARAPULSE™ System for Electrical Isolation of Pulmonary Veins and Superior Vena Cava,Pulsed Field Ablation,Atrial Fibrillation (Paroxysmal),NA,NOT_YET_RECRUITING,ClinicalTrials.gov
NCT06600620,Intelligent Monitoring to Predict Atrial Fibrillation,Monitoring patients heart rythms with a wireless patch device,Atrial Fibrillation New Onset; Postoperative Cardiovascular Complications; Atrial Fibrillation,Not specified,SUSPENDED,ClinicalTrials.gov
NCT03824782,The Effect of Eyemasks on Neonatal Stress Following Dilated Retinal Examination,Phototherapy Mask,Retinopathy of Prematurity; Pain; Premature Infant; Retinal Disease,NA,COMPLETED,ClinicalTrials.gov
NCT00850980,Selective AV Nodal Vagal Stimulation For Reduction of the Ventricular Rate During Atrial Fibrillation,Not specified,Atrial Fibrillation,Not specified,WITHDRAWN,ClinicalTrials.gov
NCT06505668,Effect of Atenolol Versus Ivabradine on HRV in TRS Patients on Clozapine With Tachycardia: A Randomised Control Trial.,Atenolol 25 mg; Ivabradine 10mg,Treatment Resistant Schizophrenia; Clozapine Adverse Reaction; Heart Rate Variability; Tachycardia,NA,RECRUITING,ClinicalTrials.gov
NCT02758210,Evaluating the Electro Magnetic Interference of Using Tablet and Smart Phone on Leadless Pacemaker (MICRA),Use of a Tablet; Use of a Smart Phone,"Bradycardia, Atrial Tachyarrhythmia",NA,COMPLETED,ClinicalTrials.gov
NCT02010515,An Arrhythmia Risk Predictor Trial,Not specified,Cardiomyopathy; Heart Failure,Not specified,COMPLETED,ClinicalTrials.gov
NCT03012568,Clinical Study to Confirm MRI Safety and Effectiveness Using St. Jude Medical (SJM) Cardiac Rhythm Management Systems,SJM Implantable cardiac devices,Bradycardia; Tachycardia,Not specified,COMPLETED,ClinicalTrials.gov
NCT06014996,InsightPFA Trial of the LotosPFA Catheter,Pulsed Field Ablation (PFA) Therapy; Radiofrequency Ablation（RAF）Therapy,"Arrhythmias, Cardiac; Paroxysmal Atrial Fibrillation",NA,COMPLETED,ClinicalTrials.gov
NCT04220047,Effects of Left Atrial Appendage Resection and Marshall Ligament Amputation on Clinical Outcome in Patients Undergoing Off-pump Coronary Artery Bypass,Left Atrial Appendage Resection and Marshall Ligament Amputation,Coronary Artery Disease; Stroke; Atrial Fibrillation,NA,RECRUITING,ClinicalTrials.gov
NCT04906668,ABLATE Versus PACE: PVI or AV Node Ablation and PM Implantation for Elderly Patients With Persistent AF,Cryoballoon pulmonary-vein isolation; Pacemaker implantation and ablation of atrioventricular-node,Atrial Fibrillation,NA,ACTIVE_NOT_RECRUITING,ClinicalTrials.gov
NCT02885883,Non-invasive Quantification of Atrial Fibrosis by MRI in Atrial Fibrillation,MRI 3T,Atrial Fibrillation,NA,COMPLETED,ClinicalTrials.gov
NCT03164395,The Efficacy of Single Coil Defibrillation Leads for Internal Cardioversion of Atrial Fibrillation,Internal Cardioversion; External Cardioversion,Atrial Fibrillation,NA,COMPLETED,ClinicalTrials.gov
NCT02606071,Italian Registry On Multipoint Left Ventricular Pacing,CRT-D,Heart Failure; Ventricular Fibrillation; Ventricular Tachycardia,Not specified,UNKNOWN,ClinicalTrials.gov
NCT03033641,"FIND CAN Trial: ""CF-172""",Ablation procedure,Persistent Atrial Fibrillation,NA,COMPLETED,ClinicalTrials.gov
NCT04829929,Evaluation of Safety and Performance of the Omega™ LAA (Left Atrial Appendage) Occluder and Omega™ Delivery System in Patients With Non-Valvular Atrial Fibrillation and High Bleeding Risk,Omega™LAA Occluder implantation,Non-Valvular Atrial Fibrillation,NA,ACTIVE_NOT_RECRUITING,ClinicalTrials.gov
NCT04764201,The Pharmacokinetic Characteristics and Safety Between HIP2001 and HGP2001 in Healthy Volunteers,HIP2001; HGP2001,Atrial Fibrillation,PHASE1,COMPLETED,ClinicalTrials.gov
NCT06109181,Gene Therapy for ACM Due to a PKP2 Pathogenic Variant,LX2020,Arrhythmogenic Cardiomyopathy; PKP2-ACM; PKP2-ARVC,"PHASE1, PHASE2",ACTIVE_NOT_RECRUITING,ClinicalTrials.gov
NCT04149886,Cardiac Ganglionated Plexus Ablation Before Permanent Pacemaker Implantation in Patients With Sick Sinus Syndrome,cardiac ganglion plexus ablation(cardioneuroablation); Permanent pacemaker implantation,Cardioneuroablation; Permanent Pacemaker Implantation; Sick Sinus Syndrome; Ganglionated Plexus,NA,UNKNOWN,ClinicalTrials.gov
NCT03289481,Treatment of HFpEF With Nitrate Supplement,Active lozenge; Placebo,Heart Failure With Normal Ejection Fraction,EARLY_PHASE1,COMPLETED,ClinicalTrials.gov
NCT00945867,Cytochrome P450 2D6 (CYP 450 2D6) Genotype and Flecainide Efficacy,Not specified,Atrial Fibrillation,Not specified,UNKNOWN,ClinicalTrials.gov
NCT00528307,Changes in Myocardial Perfusion During Chronic Multi Site Biventricular Versus Right Ventricular Apex Pacing in Patients With Normal Left Ventricular Function Undergoing His Bundle Ablation for Drug-refractory Atrial Fibrillation,HIS buldle ablation,Atrial Fibrillation,NA,TERMINATED,ClinicalTrials.gov
NCT05998694,Post-market Clinical Monitoring of the Safety and Efficacy of the Aortic Valve Bioprothesis,Not specified,Aortic Valve Disease; Artificial Heart Valves,Not specified,RECRUITING,ClinicalTrials.gov
NCT00538122,Changes in Heart Rhythms Associated With Antipsychotic Drug Treatment,24 Holter Monitor Recording,Schizophrenia; Schizoaffective Disorder; Bipolar Disorder,Not specified,COMPLETED,ClinicalTrials.gov
NCT07359872,Relaxin Therapy for Atrial Fibrillation,Relaxin; Placebo,Atrial Fibrillation (AF); Arrhythmia; Oxidative Stress; Stroke; Major Cardiovascular Event; Heart Failure; Catheter Ablation; Ablation of Atrial Fibrillation,"PHASE1, PHASE2",NOT_YET_RECRUITING,ClinicalTrials.gov
NCT00147277,ADVANCE-D: Antitachycardia Pacing (ATP) Delivery for Painless Implantable Cardioverter Defibrillator (ICD) Therapy,Implantable Cardiac Defibrillator,"Tachycardia, Ventricular; Ventricular Fibrillation",PHASE4,COMPLETED,ClinicalTrials.gov
NCT03645577,Phrenic Nerve Injury During Pulmonary Vein Isolation With the Second-generation Cryoballoon.,Not specified,Phrenic Nerve Palsy,Not specified,COMPLETED,ClinicalTrials.gov
NCT06511505,NOrthwestern Tempus AI-enaBLed Electrocardiography (NOTABLE) Trial,TEMPUS AI-enabled ECG-based Screening Tool,Atrial Fibrillation; Cardiovascular Diseases; Arrhythmia; Valvular Disease,NA,NOT_YET_RECRUITING,ClinicalTrials.gov
NCT04240366,Additional Left Atrial Appendage Isolation During Balloon Ablation for Persistent or Long-standing Persistent Atrial Fibrillation,Control intervention; Experimental intervention,Persistent or Long-standing Persistent Atrial Fibrillation,NA,RECRUITING,ClinicalTrials.gov
NCT03104231,VR-3D Movie-based Education,three-dimensional (3D) movie,mHealth,NA,COMPLETED,ClinicalTrials.gov
NCT03453645,Modification of Rhythmic Risk Assessment by Ventricular Tachycardia Ablation,ventricular tachycardia ablation,Ventricular Tachycardia,Not specified,UNKNOWN,ClinicalTrials.gov
NCT05431972,Cardea SOLOTM for Paroxysmal Atrial Fibrillation Diagnosis in ESUS Patients With Left Atrial Enlargement,Cardea SOLO; 12 Lead EKG,Embolic Stroke of Undetermined Source,NA,COMPLETED,ClinicalTrials.gov
NCT07152301,"Inflammation, Epigenetics in CHF Patients With AF",Not specified,Congestive Heart Failure Chronic; Atrial Fibrillation (Permanent),Not specified,COMPLETED,ClinicalTrials.gov
NCT05720936,In-hospital Stellate Ganglion Block for Arrhythmic Storm,Percutaneous stellate ganglion block (PSGB),Arrhythmic Storm; Electrical Storm; Ventricular Fibrillation; Ventricular Tachycardia,Not specified,RECRUITING,ClinicalTrials.gov
NCT02003001,Botulinum Toxin Injection to Prevent Ventricular Arrhythmias,Botulinum Toxin,Symptomatic Ventricular Asystolia; Ventricular Tachycardia,PHASE1,UNKNOWN,ClinicalTrials.gov
NCT06321900,Personalized Risk Prediction of Sudden Cardiac Death,Personalized risk model,Sudden Cardiac Death Due to Cardiac Arrhythmia; Cardiomyopathies; Ischemic Heart Disease; Cardiovascular Diseases,Not specified,RECRUITING,ClinicalTrials.gov
NCT03258112,Safety and Efficacy of Catheter Ablation of Idiopathic Ventricular Arrhythmias Arising From Cardiac Outflow Tracts,Radiofrequency cardiac catheter ablation,Ventricular Arrythmia,NA,WITHDRAWN,ClinicalTrials.gov
NCT00173030,Genetic Study of Atrial Fibrillation: Focusing on Renin-Angiotensin System and C-Reactive Protein Genes,Not specified,Atrial Fibrillation,Not specified,UNKNOWN,ClinicalTrials.gov
NCT07077928,Effects of Upgrading From Right Ventricular Pacing to Cardiac Resynchronization Therapy and Comparison With Dual-Chamber Defibrillator,Pacemaker upgrade,Heart Failure; Ventricular Arrhythmias and Cardiac Arrest,Not specified,COMPLETED,ClinicalTrials.gov
NCT03813446,Detection of Heart Rhythm and BP With RhythmPadBP,Device: RhythmPadBP,Atrial Fibrillation,Not specified,COMPLETED,ClinicalTrials.gov
NCT01498146,Finding Atrial Fibrillation in Patients With Unexplained Stroke Using Longterm Cardiac Monitoring,Not specified,Stroke,Not specified,COMPLETED,ClinicalTrials.gov
NCT00886080,The Effect of Arrhythmia Surgery on Quality of Life in Patients With Atrial Fibrillation Undergoing Cardiac Surgery,Pulmonary vein isolation using microwave energy,Atrial Fibrillation,NA,COMPLETED,ClinicalTrials.gov
NCT07068646,Thickness Map-Guided vs. Empirical PV Isolation Using Pulsed Field Ablation for Paroxysmal AF,CT myocardial thickness map guided PV isolation group; Empirical PV isolation group,Atrial Fibrillation,NA,NOT_YET_RECRUITING,ClinicalTrials.gov
NCT06096246,Investigation of Cardioversion Versus Therapeutic Ablation for Persistent AF (ORBICA-AF),Pulmonary vein isolation; DC Cardioversion; Implantable loop recorder; Femoral sheath insertion,Persistent Atrial Fibrillation; Cardiac Arrhythmia; Catheter Ablation,NA,RECRUITING,ClinicalTrials.gov
NCT06371846,Comparative Study of the Surface Electrocardiogram Signals During the Implantation of Conduction System Pacing Devices,Selected signals from Pacing System Analyzers,Conduction Disorder; Pacemaker DDD,Not specified,RECRUITING,ClinicalTrials.gov
NCT03784586,Sudden Cardiac Death Stratification in Myotonic Dystrophy Type 1 Patients,Not specified,Myotonic Dystrophy 1; Sudden Cardiac Death,Not specified,UNKNOWN,ClinicalTrials.gov
NCT00180375,OPERA: French Observational Study on Patients Implanted With a Guidant PRIZM or Vitality Defibrillator,"Prizm, Vitality, Renewal",Ventricular Tachycardia; Ventricular Fibrillation,Not specified,COMPLETED,ClinicalTrials.gov
NCT01435161,Nifedipine vs Telmisartan on Prevention of Atrial Fibrillation (AF) Recurrence in Hypertensive Patients With AF,"Nifedipine,; Telmisartan",Atrial Fibrillation,PHASE4,COMPLETED,ClinicalTrials.gov
NCT07291570,Precision Detection and Prediction of Atrial Arrhythmias Using Artificial Intelligence and Consumer Wearable Devices,Not specified,Atrial Fibrillation (AF),Not specified,NOT_YET_RECRUITING,ClinicalTrials.gov
NCT00142194,Markers of Oxidative Stress Present in Blood in Patients With Atrial Fibrillation,Not specified,Atrial Fibrillation; Inflammation; Atrial Flutter,Not specified,COMPLETED,ClinicalTrials.gov
NCT01523145,CopenHeartRFA - Integrated Rehabilitation of Patients Treated for Atrial Fibrillation With Radio Frequency Ablation,Rehabilitation; Control Group,Atrial Fibrillation,NA,COMPLETED,ClinicalTrials.gov
NCT03572881,Rhythmic Risk of Type 1 Brugada Syndrome and Pulmonary Infundibulum Mapping,Endocardial mapping,Brugada Syndrome Type 1,NA,UNKNOWN,ClinicalTrials.gov
NCT06407154,"Chronical Illness-related Limitations of the Ability to Cope with Rising Temperatures: an Observational Study, 2nd Wave",Not specified,"Coronary Disease; Myocardial Infarction; Heart Failure; Arrhythmias, Cardiac; Peripheral Artery Disease; Stroke; Ischemic Attack, Transient; Diabetes Mellitus, Type 1; Diabetes Mellitus, Type 2; Pulmonary Disease, Chronic Obstructive; Asthma; Renal Insufficiency; Depressive Disorder; Anxiety Disorders; Schizophrenia; Peripheral Nervous System Diseases",Not specified,COMPLETED,ClinicalTrials.gov
NCT00774566,PV-Isolation With the Cryoballoon Versus RF:a Randomized Controlled Prospective Non-inferiority Trial (FreezeAF),PV-Isolation RF; PV-Isolation Cryo,Atrial Fibrillation,PHASE4,COMPLETED,ClinicalTrials.gov
NCT03026556,"The Comparative Safety and Effectiveness of Dabigatran, Versus Rivaroxaban, and Apixaban Utilized in the Department of Defense Non-Valvular Atrial Fibrillation Patient Population: A Retrospective Database Analysis",Dabigatran vs. Rivaroxaban; Dabigatran vs. Apixaban,Atrial Fibrillation,Not specified,COMPLETED,ClinicalTrials.gov
NCT05316753,BTE and Pulsed Waveforms for Cardioversion of Atrial Fibrillation - Escalation Strategy and Manual Pressure,Cardioversion with a pulsed biphasic waveform; Cardioversion with a biphasic truncated exponential waveform,Atrial Fibrillation,NA,UNKNOWN,ClinicalTrials.gov
NCT05464537,Efficacy Rate of Unipolar Polarity Switch for Lesion Assessment in Pulmonary Vein Isolation,Unipolar Polarity Switch Left; Unipolar Polarity Switch Right,Atrial Fibrillation,NA,TERMINATED,ClinicalTrials.gov
NCT01276275,"Extended Drug Utilization Study Among Patients Exposed to Ticagrelor, Clopidogrel and Prasugrel",Risk of selected safety events,"Bleeding ,Arrhythmias, Heart Failure, Acute Renal Failure, Acute Liver Failure, Dyspnoea, Gout",Not specified,COMPLETED,ClinicalTrials.gov
NCT00484575,Inhaled Sevoflurane Compared to Intravenous Sedation Post Coronary Artery Bypass Grafting,Sevoflurane; propofol,Myocardial Reperfusion Injury; Atrial Fibrillation,"PHASE1, PHASE2",COMPLETED,ClinicalTrials.gov
NCT04118270,Shared Decision-Making: AFib 2gether Mobile App,Afib 2gether TM Mobile Application,Atrial Fibrillation New Onset,NA,COMPLETED,ClinicalTrials.gov
NCT03029169,Propafenone Versus Amiodarone in Septic Shock,Propafenone i.v.; Amiodarone i.v.,Supraventricular Arrhythmia; Septic Shock,PHASE4,COMPLETED,ClinicalTrials.gov
NCT06527105,Impact of Sleep Quality on Outcomes After Cardiac Surgery,Eye masks and ear plugs,"Sleep; Atrial Fibrillation; Delirium, Postoperative; Complications, Postoperative",NA,RECRUITING,ClinicalTrials.gov
NCT05333666,The Association Between Non-vitamin K Antagonist Oral Anticoagulant Concentration and Clinical Outcomes.,Data collection,Atrial Fibrillation,Not specified,RECRUITING,ClinicalTrials.gov
NCT05131854,"Incidence , Risk Factors and Outcomes of Haemodynamic Instability and Cardiac Arrest During Spine Surgery",Not specified,Spine Surgery,Not specified,UNKNOWN,ClinicalTrials.gov
NCT01750775,Shensongyangxin Capsule in the Treatment of Sinus Bradycardia With Premature Ventricular Contractions,Shensong Yangxin capsule; placebo Capsule,Premature Ventricular Contraction,PHASE4,UNKNOWN,ClinicalTrials.gov
NCT05112757,Effective Conversion of Individuals at Risk,Smartphone application use,Obstructive Sleep Apnea; Atrial Fibrillation,NA,TERMINATED,ClinicalTrials.gov
NCT06166277,Cardioneuroablation for Recurrent Vasovagal Syncope and Bradyarrhythmias: The CNA-FWRD Registry,Ablation procedure,Vasovagal Syncope; AV Block-2Nd Degree-Type 1; Sinus Pause,Not specified,RECRUITING,ClinicalTrials.gov
NCT01229475,Stepwise Approach Versus Linear Ablation in Patients With Recurrence of Persistent Atrial Fibrillation,Ablation with stepwise approach; Linear ablation,Atrial Fibrillation; Recurrence,NA,UNKNOWN,ClinicalTrials.gov
NCT01818583,Potassium Infusion for Conversion of Atrial Fibrillation/-Flutter,Potassium chloride; Glucose 50 MG/ML,Atrial Fibrillation; Atrial Flutter,PHASE4,COMPLETED,ClinicalTrials.gov
NCT05641883,CardiaMend and Amiodarone for the Prevention of POAF,CardiaMend with antiarrhythmic,POAF; Atrial Fibrillation,NA,UNKNOWN,ClinicalTrials.gov
NCT00510731,The Ability Of The PD2i Cardiac Analyzer To Predict Risk Of Ventricular Tachyarrhythmic Events,Not specified,"Tachycardia, Ventricular; Cardiac Sudden Death",Not specified,WITHDRAWN,ClinicalTrials.gov
NCT03413072,Galectin-3 for Thromboembolic Formation in Patients With Atrial Fibrillation CHA₂DS₂-VASc Scoring,Not specified,Atrial Fibrillation; Stroke,Not specified,UNKNOWN,ClinicalTrials.gov
NCT03795883,The Thrombotic Potential of Heart Chambers in the Presence or Absence of Atrial Fibrillation.,Not specified,Atrial Fibrillation; Thrombosis Cardiac; Left Atrial Thrombosis,Not specified,COMPLETED,ClinicalTrials.gov
NCT06878066,Thrombolysis in Factor Xa-inhibitors Trial,thrombolysis therapy,Stroke; Stroke (in Patients With Atrial Fibrillation); Ischemic Stroke; Acute Ischemic Stroke; Anticoagulant Therapy; Factor Xa Inhibitor; Intracranial Hemorrhages; Hemorrhagic Transformation Due to Acute Stroke; Bleeding in the Brain,PHASE3,RECRUITING,ClinicalTrials.gov
NCT04371809,DNA Methylation Analysis in Acute Coronary Syndrome and Atrial Fibrillation: DIANA Clinical Trial,DNA methylome,Coronary Artery Disease; Acute Coronary Syndrome; Atrial Fibrillation,Not specified,COMPLETED,ClinicalTrials.gov
NCT06401616,Can Patients With Atrial Fibrillation Safely Discontinue Anticoagulant Therapy After Cardiac Surgery? (ATLAAC),OAC will be discontinued for the duration of the trial,Atrial Fibrillation; Left Atrial Appendage Absent; Anticoagulant Adverse Reaction,PHASE4,RECRUITING,ClinicalTrials.gov
NCT02028143,ICE: Intracardiac Ultrasound Within the Left Atrium During Radiofrequency Ablation of Nonvalvular Atrial Fibrillation,Biosense Webster irrigated tip catheter; Biosense Webster irrigated tip catheter; Pulmonary vein isolation; ICE catheter placed through one of two existing 8F sheaths,Atrial Fibrillation,NA,COMPLETED,ClinicalTrials.gov
NCT02958098,My Research Legacy Pilot Study,Not specified,"Myocardial Infarction; Stroke; Cardiomyopathy, Dilated; Systolic Heart Failure; Atrial Fibrillation; Aortic Dissection",Not specified,TERMINATED,ClinicalTrials.gov
NCT06725355,To Compare the Pharmacokinetics and Safety After a Single Dose Administration of IN-G00002 and IN-R00002 in Healthy Adult Volunteers,IN-R00002; IN-G00002,Non-valvular Atrial Fibrillation (NVAF),PHASE1,ACTIVE_NOT_RECRUITING,ClinicalTrials.gov
NCT01522911,Atrial and Brain Natriuretic Peptide Secretion After Percutaneous Closure of the Left Atrial Appendage,WATCHMAN LAA system (Percutaneous left atrial appendage closure),Atrial Fibrillation; Stroke Prevention; Left Atrial Appendage,NA,UNKNOWN,ClinicalTrials.gov
NCT02547584,Impact of Anxiety on Cardiac Substrate Modification in Women With Atrial Fibrillation Undergoing Catheter Ablation,Catheter ablation,Atrial Fibrillation,NA,UNKNOWN,ClinicalTrials.gov
NCT03672435,Strabismus Recovery With Proparacaine and Oculocardiac Reflex,Topical Solution,Strabismus; Bradycardia; Nausea; Pain,Not specified,COMPLETED,ClinicalTrials.gov
NCT05072964,The FARAPULSE FARA-Freedom Trial,FARAPULSE Pulsed Field Ablation System,Paroxysmal Atrial Fibrillation,NA,COMPLETED,ClinicalTrials.gov
NCT00965614,"To Validate the Specific Patterns of Magnetocardiography, a Non-invasive Non-contact Examination for Patients With Ischemic Heart Disease or Cardiac Arrhythmia",MCG,Arrhythmia,Not specified,AVAILABLE,ClinicalTrials.gov
NCT05448521,Postoperative Lactate and Atrial Fibrillation After CABG,Not specified,Coronary Artery Disease; Atrial Fibrillation,Not specified,UNKNOWN,ClinicalTrials.gov
NCT04276155,Management of Anticoagulant Therapy Monitored by an Implantable Device With Telecardiology in Patients With Acute Coronary Syndrome Associated With de Novo Atrial Fibrillation Arrhythmia,non-systematic prescription of anticoagulant therapy,"Atrial Fibrillation, Myocardial Infarction",PHASE4,RECRUITING,ClinicalTrials.gov
NCT06414447,Electrocardiogram (ECG) Validation Study,Huxley Medical,Arrythmia,Not specified,NOT_YET_RECRUITING,ClinicalTrials.gov
NCT02935855,ORal anticoaGulants in diAbetic and Nondiabetic Patients With nOn-valvular Atrial fibrillatioN (ORGANON),Dabigatran; Apixaban; Rivaroxaban; Edoxaban; Warfarin; Acenocumarole,Diabetes,PHASE4,COMPLETED,ClinicalTrials.gov
NCT01396226,A Multi-centre Study Comparing the Effects of AZD2927 and Placebo on the Electrical Activity in the Heart in Patients,AZD2927; Placebo,Arrhythmia,PHASE2,COMPLETED,ClinicalTrials.gov
NCT04148664,A Trial of High Power-Short Duration Versus Standard Power-Long Duration Radiofrequency Ablation for Treatment of Atrial Fibrillation,Catheter ablation with Standard RF ablation settings; Catheter ablation with High Power Short Duration RF ablation settings,"Atrial Fibrillation; Atrial Fibrillation Paroxysmal; Atrial Fibrillation, Persistent",NA,COMPLETED,ClinicalTrials.gov
NCT05391893,Effect of Oral and Intravenous Diltiazem Protocol for Emergency Department Atrial Fibrillation,Oral; Intravenous drug,Atrial Fibrillation; Atrial Flutter,PHASE4,COMPLETED,ClinicalTrials.gov
NCT03212898,Pharmacist Interventions in Rural Elderly Warfarin Patients,anticoagulation care,Atrial Fibrillation; Thrombosis; Cardiac Failure; Hemorrhage,NA,COMPLETED,ClinicalTrials.gov
NCT02774616,BIO|MASTER.Ilivia Family / Plexa,Ilivia ICD Family; Plexa ICD lead,Heart Failure; Tachyarrhythmia,NA,COMPLETED,ClinicalTrials.gov
NCT05005949,STOP Persistent AF PAS,Arctic Front™ Cardiac Cryoablation Catheter System,Persistent Atrial Fibrillation,Not specified,ACTIVE_NOT_RECRUITING,ClinicalTrials.gov
NCT03626649,Evaluation for the Characterization of the Safety Profile of the DiamondTemp™ System for Fast Treatment of Patients With Atrial Fibrillation,DiamondTemp Cardiac Ablation System,Atrial Fibrillation,NA,COMPLETED,ClinicalTrials.gov
NCT01362738,Effect of Empirical Left Atrial Appendage Isolation on Long-term Procedure Outcome in Patients With Persistent or Long-standing Persistent Atrial Fibrillation Undergoing Catheter Ablation,RFCA of PV and extra-PV triggers; LAA isolation along with the conventional ablation strategy,Persistent Atrial Fibrillation,PHASE3,COMPLETED,ClinicalTrials.gov
NCT02583971,Assessment of Thrombotic Status in Patients With Atrial Fibrillation,Not specified,Atrial Fibrillation,Not specified,UNKNOWN,ClinicalTrials.gov
NCT07312149,Isolation of Pulmonary Veins Using the Box Technique in Patients Undergoing Sternotomy,Collection of study data from patient records,Atrial Fibrillation (AF); Cardiac Surgery,Not specified,NOT_YET_RECRUITING,ClinicalTrials.gov
NCT04045093,Dabigatran for Mitral Stenosis Atrial Fibrillation,Dabigatran etexilate; Warfarin,Atrial Fibrillation; Mitral Stenosis,PHASE4,ACTIVE_NOT_RECRUITING,ClinicalTrials.gov
NCT06518252,Risk of Sudden Cardiac Death in UN Athletes,Not specified,"Death, Sudden, Cardiac; Electrocardiogram QT Prolonged; Athlete Heart; Athletic Injuries",Not specified,RECRUITING,ClinicalTrials.gov
NCT00818012,Atrial Electromechanical Interval and Pulse Wave Velocity in the Prediction of Recurrence of Atrial Fibrillation,Not specified,Atrial Fibrillation,Not specified,COMPLETED,ClinicalTrials.gov
NCT05400928,The Effect and Safety of Pulsed Field Ablation (PFA) in Patients With Paroxysmal Atrial Fibrillation (PAF),Pulsed Field Ablation,Paroxysmal Atrial Fibrillation,NA,UNKNOWN,ClinicalTrials.gov
NCT02167165,Role of SNP and DIGOXIN Response in Atrial Fibrillation Patients,Digoxin Injection,Atrial Fibrillation,Not specified,COMPLETED,ClinicalTrials.gov
NCT04234698,"Patient Characteristics, Treatment Patterns And Incidence Of Events (Discontinuation, Persistence, Key Primary Clinical Outcomes) In NVAF Patients Initiating OAC Therapy In Colombia",Not specified,Atrial Fibrillation,Not specified,COMPLETED,ClinicalTrials.gov
NCT03836339,Assessment of Atrial Fibrillation in Emergency Department,Not specified,Atrial Fibrillation,Not specified,COMPLETED,ClinicalTrials.gov
NCT06360939,Radiotherapy vs Catheter Ablation for Ventricular Tachycardia in Structural Heart Disease,SBRT; CA,"Ventricular Tachycardia; Cardiomyopathies; Arrhythmias, Cardiac; Ventricular Arrythmia",NA,NOT_YET_RECRUITING,ClinicalTrials.gov
NCT01140581,Optimal Timing of Dronedarone Initiation After Conversion in Patients With Persistent Atrial Fibrillation,DRONEDARONE,Atrial Fibrillation,PHASE4,COMPLETED,ClinicalTrials.gov
NCT05040919,Identification of Risk Factors for the Occurrence of High-grade Rhythm Disorders in Patients With ST-segment Elevation Myocardial Infarction (STEMI),collection of medical and socio-demographic data,Arrythmia -Myocardial Infarction,Not specified,COMPLETED,ClinicalTrials.gov
NCT06660134,Strict Weight Management Based on GLP-1 RA for Ablation Outcomes in Overweight or Obese Patients with T2DM and AF,Glucagon-like peptide-1 receptor agonists (GLP 1 RA),Type 2 Diabetes Mellitus (T2DM); Atrial Fibrillation (AF),NA,COMPLETED,ClinicalTrials.gov
NCT06540521,Bolt CSP-M Holter Study,No intervention,Heart Failure; Bradycardia,Not specified,RECRUITING,ClinicalTrials.gov
NCT06798714,The Effect of Colchicine on the Occurrence of Atrial Fibrillation After Cardiac Surgery,NSAID; Colchicine 0.5 MG,Coronary Artery Disease; Atrial Fibrillation; Coronary Artery Bypass Grafting; Colchicine,PHASE4,RECRUITING,ClinicalTrials.gov
NCT02642419,Atrial Fibrillation and Ischemic Events With Rivaroxaban in Patients With Stable Coronary Artery Disease Study,"Rivaroxaban and single antiplatelet drug (aspirin, clopidogrel or prasugrel); Rivaroxaban",Atrial Fibrillation,PHASE4,UNKNOWN,ClinicalTrials.gov
NCT07281521,Ablation With the PFA System With a Large-Area Focal Catheter for the Treatment of Persistent Atrial Fibrillation,pulsed field ablation,Persistant Atrial Fibrillation,NA,RECRUITING,ClinicalTrials.gov
NCT00212030,Japan-Working Groups of Acute Myocardial Infarction for the Reduction of Necrotic Damage by a K-ATP,nicorandil; placebo,Acute Myocardial Infarction,NA,COMPLETED,ClinicalTrials.gov
NCT03046576,Prognostic Value of Plasma DPP4 Activity in ST-elevation Myocardial Infarction Patients,plasma DPP4 activity,Coronary Angiography; Dipeptidyl Peptidase 4,Not specified,COMPLETED,ClinicalTrials.gov
NCT05610410,Peripheral Microvascular Blood Flow in ANOCA,Laser speckle contrast analysis,ANOCA - Angina With Non-obstructive Coronary Arteries; HFpEF - Heart Failure With Preserved Ejection Fraction,Not specified,COMPLETED,ClinicalTrials.gov
NCT04714268,Comparison of Aorto-iliac Endovascular Interventions With and Without the EndoNaut Workstation,Aorto-iliac endovascular procedure,"Aortic Aneurysm; Iliac Aneurysm; Stenoses, Aortic; Iliac Artery Stenosis",Not specified,UNKNOWN,ClinicalTrials.gov
NCT00563355,A Study to Evaluate Whether Correction of Anemia Using Recombinant Human Erythropoietin Reduces the Progression of Atherosclerosis and Cardiac Hypertrophy in Pre-dialysis Chronic Kidney Disease Patients,erythropoietin,Chronic Disease; Kidney Diseases; Cardiovascular Diseases,NA,COMPLETED,ClinicalTrials.gov
NCT00000555,Women's Angiographic Vitamin and Estrogen Trial (WAVE),"estrogen replacement therapy; estrogens, conjugated; progesterone; hormone replacement therapy; supplementation, food; ascorbic acid; vitamin e",Cardiovascular Diseases; Coronary Arteriosclerosis; Coronary Disease; Heart Diseases; Myocardial Ischemia; Postmenopause,PHASE3,COMPLETED,ClinicalTrials.gov
NCT00005155,Physiological and Psychosocial Correlates of Type A Behavior,Not specified,Cardiovascular Diseases; Heart Diseases; Coronary Disease,Not specified,COMPLETED,ClinicalTrials.gov
NCT00621855,RE-DEEM Dose Finding Study for Dabigatran Etexilate in Patients With Acute Coronary Syndrome,placebo; dabigatran etexilate; dabigatran etexilate; dabigatran etexilate; dabigatran etexilate,Coronary Disease,PHASE2,COMPLETED,ClinicalTrials.gov
NCT02327455,Integrated RF and B-mode Deformation Analysis for 4D Stress Echocardiography,Stress Dobutamine Echocardiographic using 4DE System,Coronary Artery Disease,NA,WITHDRAWN,ClinicalTrials.gov
NCT00225355,Rosiglitazone Versus Placebo in Chronic Stable Angina,Rosiglitazone,Angina Pectoris; Metabolic Syndrome X,PHASE4,TERMINATED,ClinicalTrials.gov
NCT07120555,Outcomes of Atherectomy and Balloon Angioplasty Compared to Conventional Angioplasty in Infra-popliteal Chronic Limb-Threatening Ischemia,atherectomy; Percutaneous transluminal angioplasty of infra-popliteal arteries lesions with primary long,Chronic Limb Threatening Ischemia,NA,NOT_YET_RECRUITING,ClinicalTrials.gov
NCT03186625,Impact of Traditional Chinese Medicine on the Gut Microbiota-dependent Trimethylamine N-oxide,Compound Panax Notoginseng Granule; Placebo Granule,Acute Coronary Syndrome,NA,UNKNOWN,ClinicalTrials.gov
NCT02632617,coRonary assEssment of Preoperative vaLvulopathy pAtients Using ComputEd Tomographic Angiography (REPLACE),Computed tomographic angiography,Heart Valve Diseases; Coronary Artery Disease,Not specified,UNKNOWN,ClinicalTrials.gov
NCT03004950,Biomarker Effectiveness Analysis in Contrast Nephropathy (BEACON),Not specified,Acute Renal Failure; Kidney Diseases; Chronic Kidney Disease; Coronary (Artery); Disease,Not specified,COMPLETED,ClinicalTrials.gov
NCT01484574,A Clinical Trial to Study the Efficacy and Safety of Different Doses of Bone Marrow Derived Mesenchymal Stem Cells in Patients With Critical Limb Ischemia Due to Buergers Disease,Allogeneic Mesenchymal Stem Cells; Allogeneic Mesenchymal Stem Cells,Critical Limb Ischemia; Buerger's Disease,PHASE2,COMPLETED,ClinicalTrials.gov
NCT03020290,Long Superficial Femoral Artery Stenting With SuperA Interwoven Nitinol Stents,Endovascular treatment for PAD during medical care (SuperA stent (Abbott)),Atherosclerosis Obliterans,Not specified,COMPLETED,ClinicalTrials.gov
NCT03044990,Prognosis of Patients With Acute Coronary Syndrome Complicated With Renal Insufficiency(PACS-RI),Not specified,Acute Coronary Syndrome,Not specified,COMPLETED,ClinicalTrials.gov
NCT02204449,Cardiac Rehabilitation Peer Mentorship,Cardiac Rehabilitation Peer Mentorship,"Percutaneous Coronary Intervention; Coronary Artery Bypass Graft Surgery, With or Without Valve Surgery; Acute Coronary Syndrome; Chronic Stable Heart Failure; Coronary Artery Disease",NA,COMPLETED,ClinicalTrials.gov
NCT02748226,Korean Vascular Intervention Society Multicenter Registry Study on Outcomes of Endovascular Therapy in Lower Limb Artery Diseases (K-VIS ELLA): (A Retrospective & Prospective Observational Study),endovascular treatment,Peripheral Arterial Disease(PAD),Not specified,RECRUITING,ClinicalTrials.gov
NCT06795035,Assessment of Coronary Microvascular Dysfunction After STEMI Using Continuous Saline Thermodilution,Continuous Saline Thermodilution,ST Elevation Myocardial Infarction; Coronary Microvascular Dysfunction; Microvascular Obstruction,Not specified,RECRUITING,ClinicalTrials.gov
NCT00927940,RESOLUTE Japan - The Clinical Evaluation of the MDT-4107 Drug-Eluting Coronary Stent,MDT-4107 Drug Eluting Stent,Arterial Occlusive Diseases; Myocardial Ischemia; Cardiovascular Diseases; Coronary Artery Disease,NA,COMPLETED,ClinicalTrials.gov
NCT07110389,Effectiveness of a Tele-cardiac Rehabilitation (Tele-CR) Program,A tele-CR program; Attention-controlled,Coronary Heart Disease (CHD); Coronary Arterial Disease (CAD),NA,NOT_YET_RECRUITING,ClinicalTrials.gov
NCT03770650,IVUS-guided DK Crush Stenting Technique for Patients With Complex Bifurcation Lesions,Stenting,Coronary Artery Disease,NA,ACTIVE_NOT_RECRUITING,ClinicalTrials.gov
NCT04915391,Restenosis in Coronary Stents And Cutaneous HEaLing,"Skin biopsy and blood sample for inflammation markers, RNA and proteins",Coronary Restenosis; Coronary Stent Occlusion; Skin Scarring; Keloid,Not specified,UNKNOWN,ClinicalTrials.gov
NCT07200804,Relationship Between Serum Vitamin D and Atherosclerosis in Hemodialysis Patients,Measurement of Serum Vitamin D Level; Measurement of Carotid Intima-Media Thickness,Serum; Vitamin D; Atherosclerosis; Hemodialysis,Not specified,COMPLETED,ClinicalTrials.gov
NCT02713048,Sensitive Troponin I in Out-of-hospital Cardiac Arrest,Blood sample collection,Cardiac Arrest; Acute Coronary Lesion; Stable Obstructive Coronary Disease; Non-obstructive Coronary Disease,Not specified,COMPLETED,ClinicalTrials.gov
NCT01807208,PLATFORM to Maximize Patient Knowledge of Health Goals After Acute Myocardial Infarction,Educational Tool,Acute Myocardial Infarction,NA,COMPLETED,ClinicalTrials.gov
NCT01794325,Transradial and Transfemoral Coronary Angiography by EXPERienced operaTors,Trans-radial; Trans-femoral,Exposure to Ionizing Radiation; Coronary Heart Disease; Vascular Access Complication,NA,COMPLETED,ClinicalTrials.gov
NCT00924118,Sodium Nitrite in Acute Myocardial Infarction,Sodium Nitrite,Acute Myocardial Infarction,PHASE2,COMPLETED,ClinicalTrials.gov
NCT00453518,The RETRIEVE Study: Use of the FiberNet® Embolic Protection System in Saphenous Vein Grafts,FiberNet EPS used during SVG intervention.,Saphenous Vein Graft Disease; Myocardial Ischemia; Embolism,NA,COMPLETED,ClinicalTrials.gov
NCT07208006,Very Early PCSK9 Inhibition for Acute Myocardial Infarction,Standard Lipid-Lowering Therapy; Early Intensive Lipid-Lowering Therapy (PCSK9 Inhibitor),Acute Myocardial Infarction (AMI),NA,RECRUITING,ClinicalTrials.gov
NCT00926458,NON-Invasive Examinations of Coronary Artery Disease,Not specified,Coronary Artery Disease,Not specified,UNKNOWN,ClinicalTrials.gov
NCT01175850,Randomized Trial of IN.PACT Admiral® Drug Coated Balloon vs Standard PTA for the Treatment of SFA and Proximal Popliteal Arterial Disease,Drug-Coated Balloon (DCB); PTA Balloon: Balloon Angioplasty,Peripheral Arterial Disease (PAD),NA,COMPLETED,ClinicalTrials.gov
NCT00997750,Efficacy and Safety of Lornoxicam in Patients With Acute Coronary Syndrome,Lornoxicam,Acute Coronary Syndrome,PHASE4,COMPLETED,ClinicalTrials.gov
NCT00574691,ECLIPSE Feasibility Trial (Ensure's Vascular Closure Device Speeds Hemostasis Trial) EU,7F Ensure Medical Vascular Closure Device,"Angioplasty, Transluminal, Percutaneous Coronary; Coronary Arteriosclerosis",PHASE1,COMPLETED,ClinicalTrials.gov
NCT07190274,"Prospective Observational Cohort Study on Impact of Frailty on Risk Prediction, Treatment Strategies, and Short-Term Outcomes in Patients With Acute Coronary Syndrome",Not specified,Frailty; ACS (Acute Coronary Syndrome); MACE; GRACE Score,Not specified,NOT_YET_RECRUITING,ClinicalTrials.gov
NCT03841474,The Recovery of Cardiovascular Patients With Depression,Psychiatric treatment with sertraline; Psychiatric treatment with escitalopram,Coronary Artery Disease; Depression; Cardiovascular Diseases,NA,UNKNOWN,ClinicalTrials.gov
NCT07312318,AI-Driven Dynamic Prediction of Non-Target Lesion Progression After PCI: A Chinese Multicenter Cohort Study,percutaneous coronary intervention,Coronary Heart Disease (CHD),Not specified,RECRUITING,ClinicalTrials.gov
NCT02664831,Immunoinflammatory Response in Post Cardiac Arrest Syndrome (PCAS),Not specified,Cardiac Arrest; Inflammation; Obesity; Hypoxic Ischemic Encephalopathy (HIE),Not specified,RECRUITING,ClinicalTrials.gov
NCT06315153,Comprehensive Assessment of Atherosclerotic Ischemic Stroke Risk and Development of a Prediction Model,Not specified,Carotid Stenosis; Ischemic Stroke,Not specified,ACTIVE_NOT_RECRUITING,ClinicalTrials.gov
NCT02179853,Anakinra in Infants and Children With Coronary Artery Abnormalities in Acute Kawasaki Disease,Anakinra,Kawasaki Disease,"PHASE1, PHASE2",COMPLETED,ClinicalTrials.gov
NCT06260475,IUA Committee Research Project on the Management of TASC C and D Aortoiliac Lesions,Aortobifemoral bypass; aortoiliac stenting,Aortoiliac Atherosclerosis; Aortoiliac Occlusive Disease; Aortoiliac Atherosclerosis With Gangrene; Aortoiliac Atherosclerosis Without Gangrene; Aortoiliac Obstruction; Peripheral Arterial Disease; Peripheral Vascular Diseases,Not specified,NOT_YET_RECRUITING,ClinicalTrials.gov
NCT01661101,Management of Myocardial Injury After Noncardiac Surgery Trial,Dabigatran; Placebo (for Dabigatran); Omeprazole; Placebo (for Omeprazole),Myocardial Injury After Noncardiac Surgery (MINS),PHASE3,COMPLETED,ClinicalTrials.gov
NCT04140019,Early Cardiac Magnetic Resonance Imaging in Suspected Non-ST-Elevation Myocardial Infarction,CMR,NSTEMI - Non-ST Segment Elevation MI; ACS - Acute Coronary Syndrome,Not specified,UNKNOWN,ClinicalTrials.gov
NCT05156736,Pakistan Study of Premature Coronary Atherosclerosis in Young Adults,Not specified,"Atherosclerotic Plaque; Diabetes Mellitus, Type 2; Hypertension; Stroke",Not specified,RECRUITING,ClinicalTrials.gov
NCT00125671,Warfarin and Antiplatelet Vascular Evaluation,Warfarin,Peripheral Vascular Diseases; Cardiovascular Diseases,PHASE3,UNKNOWN,ClinicalTrials.gov
NCT02796404,Homebased Monitoring Cardiac Rehabilitation Program,Homebased cardiac rehabilitation program; Traditional cardiac rehabilitation program,Homebased Cardiac Rehabilitation Program After Ischemic Heart Disease,NA,UNKNOWN,ClinicalTrials.gov
NCT00614848,The ENDEAVOR II Clinical Trial: The Medtronic Endeavor Drug Eluting Coronary Stent System in Coronary Artery Lesions,Endeavor drug eluting coronary stent,Coronary Artery Disease; Arterial Occlusive Diseases; Coronary Disease; Coronary Arteriosclerosis; Heart Diseases; Myocardial Ischemia; Vascular Diseases; Ischemia; Arteriosclerosis,NA,COMPLETED,ClinicalTrials.gov
NCT05841485,COVID-19 Microvascular Evaluation Trial,Assessment of coronary microvascular dysfunction using intracoronary pressure-temperature wire,COVID-19; Coronary Microvascular Dysfunction,Not specified,RECRUITING,ClinicalTrials.gov
NCT01321476,Contribution of Hepatic and Intestinal Lipoproteins to Human Atherosclerosis,Not specified,Heart Disease,Not specified,WITHDRAWN,ClinicalTrials.gov
NCT05612776,HIIT vs HRV-based Training for Rehabilitation After Stroke,HIIT; HRV,"Stroke; Cardiac Disease; Ischemic Stroke; Ischemic Heart Disease; Stroke, Ischemic",NA,UNKNOWN,ClinicalTrials.gov
NCT02688868,Evaluation of New Specifications (2.25mm) of FirehawkTM in the Treatment of Coronary Heart Disease ( Firehawk_2.25 ),FirehawkTM 2.25mm,Coronary Heart Disease,NA,COMPLETED,ClinicalTrials.gov
NCT04103034,"A SAD/MAD Study of Safety, Tolerability and Pharmacologic Activity of BT200 in Normal Volunteers",BT200; Desmopressin; Placebo,Cerebrovascular Stroke; Large-Artery Atherosclerosis (Embolus/Thrombosis); Intracranial Arteriosclerosis,PHASE1,COMPLETED,ClinicalTrials.gov
NCT07292909,Effect of Empagliflozin on Inflammation,Empagliflozin (SGLT2i); Placebo,CAD - Coronary Artery Disease; Inflamation; PCI; SGLT 2 Inhibitors,PHASE4,RECRUITING,ClinicalTrials.gov
NCT01249599,Stress-induced Vascular Dysfunction: Evaluation of Endothelial Function in a Cohort of Patients With Takotsubo Syndrome,blood sample analysis,Takotsubo Syndrome,Not specified,COMPLETED,ClinicalTrials.gov
NCT02607033,Exercise and Weight Loss in PAD,Exercise; Weight Loss,Peripheral Arterial Disease,NA,COMPLETED,ClinicalTrials.gov
NCT01612533,Safety Study of Shenfu (a Chinese Medicine Injection) Used in Hospitals in China,Not specified,Shock; Coronary Heart Disease,Not specified,UNKNOWN,ClinicalTrials.gov
NCT03313752,Effects of SGLT2 Inhibition on Myocardial Insulin Sensitivity,Dapagliflozin 10Mg Tab; Placebo,Type2 Diabetes Mellitus; Stable Coronary Artery Disease,PHASE3,UNKNOWN,ClinicalTrials.gov
NCT06420752,Passive Stretching in Peripheral Arterial Disease Patients,Calf Plantar flexion; Dietary nitrate,"Peripheral Arterial Disease; Walking, Difficulty; Inflammation",PHASE2,RECRUITING,ClinicalTrials.gov
NCT06127147,High-intensity Inspiratory Muscle Training as a Pre-cardiac Rehabilitation in Heart Disease,IMT; Sham-IMT,Coronary Artery Bypass Graft; CABG,NA,COMPLETED,ClinicalTrials.gov
NCT01429948,Identification the Cause of Silent Cerebral infarctiON in Healthy Subjects (ICONS),Not specified,Cerebral Infarction,Not specified,COMPLETED,ClinicalTrials.gov
NCT06868225,Scientific Rationale and Design for a Prospective Study to Codify Coronary Lesions Based on Fluid Mechanics and Acoustic Mechanisms,Not specified,Unstable Angina (UA),Not specified,NOT_YET_RECRUITING,ClinicalTrials.gov
NCT06560840,Effectiveness of Gut Microbiota-targeted Diatery Intervention Among Older People Living With HIV,dietary intervention,"Hiv; Atherosclerosis; Diet, Healthy",NA,RECRUITING,ClinicalTrials.gov
NCT05292651,Optimal Stent Deployment Strategy of Contemporary Stents,PCI,Coronary Artery Disease,NA,RECRUITING,ClinicalTrials.gov
NCT00184457,Maximal Leg Press Strength Training Study for Coronary Artery Disease Patients,Strength training intervention,Heart Failure; Coronary Artery Disease,NA,COMPLETED,ClinicalTrials.gov
NCT01174381,The Use of a Community-based Organization to Change Lifestyle Characteristics Related to Non Communicable Diseases,lifestyle modification,Diabetes; Hypertension; Stroke; Ischemic Heart Disease,NA,COMPLETED,ClinicalTrials.gov
NCT06562309,Fecal Microbiota and Monocyte Trained Immunity in CHD Patients With Different hsCRP,take feces and blood samples from patients,Coronary Heart Disease; Unstable Angina,Not specified,COMPLETED,ClinicalTrials.gov
NCT02215993,Sampling P2Y12 Receptor Inhibition With Prasugrel and Ticagrelor in Patients Submitted to Thrombolysis,Prasugrel; Ticagrelor,Acute Coronary Syndrome; Platelet Function,PHASE4,COMPLETED,ClinicalTrials.gov
NCT05819814,Polygenic Risk-based Detection of Subclinical Coronary Atherosclerosis and Change in Cardiovascular Health,Disclosure of high polygenic risk result for coronary artery disease,Coronary Artery Disease,NA,RECRUITING,ClinicalTrials.gov
NCT06075433,Efficacy and Safety of 1-year Duration of DAPT After GENOSS® DES Implantation in Patients with Coronary Artery Disease According to the Complex Higher-risk Procedure,Not specified,Coronary Artery Disease; Percutaneous Coronary Intervention; Dual Antiplatelet Therapy,Not specified,RECRUITING,ClinicalTrials.gov
NCT00888485,Randomized Trial of Behavioral Intervention Versus Standard Treatment,Behavioral interventional program,Coronary Heart Disease,NA,COMPLETED,ClinicalTrials.gov
NCT00947843,Efficacy and Tolerability of Clopidogrel Resinate and Clopidogrel Bisulfate in Patients With Coronary Heart Disease (CHD) or CHD Equivalents,aspirin + pregrel (Clopidogrel resinate); aspirin + placebo; aspirin + plavix (Clopidogrel bisulfate),Coronary Heart Disease,PHASE4,COMPLETED,ClinicalTrials.gov
NCT02606435,Thrombus Aspiration in Patients With STEMI,percutaneous coronary intervention (PCI); thrombus aspiration,ST-segment Elevation Myocardial Infarction,PHASE4,UNKNOWN,ClinicalTrials.gov
NCT04565808,CHA2DS2-VASc Score as a Predictor of Thrombus Burden and Clinical Outcomes in Patients Undergoing PPCI.,primary percutaneous coronary intervention,STEMI,Not specified,UNKNOWN,ClinicalTrials.gov
NCT00269425,The Heart Institute of Spokane Diet Study,American Heart Association Step 2 diet; Mediterranean diet,Myocardial Infarction,PHASE3,COMPLETED,ClinicalTrials.gov
NCT05544864,Intracoronary Stenting and Restenosis - Randomized Trial of Drug-eluting Stent Implantation or Drug-coated Balloon Angioplasty According to Neointima Morphology in Drug-eluting Stent Restenosis 5,Drug eluting stent (DES); Drug coated ballloon (DCB),"Coronary Artery Disease; Restenoses, Coronary",NA,RECRUITING,ClinicalTrials.gov
NCT02053909,Ticagrelor Antiplatelet Therapy to Reduce Graft Events and Thrombosis,Aspirin; Ticagrelor,Saphenous Vein Graft Disease,PHASE4,COMPLETED,ClinicalTrials.gov
NCT01916499,MRI Study After Arterial Switch Operation in Patients With Transposition of the Great Arteries,3 tesla magnetic resonance imaging findings; coronary artery status; 3 tesla magnetic resonance imaging findings; ventricular function and morphology,Transposition of Great Vessels; Surgery,Not specified,COMPLETED,ClinicalTrials.gov
NCT04213599,The Angiography Characteristic of Free Wall Ruptrue in STEMI,Coronary intervention,ST-Elevation Myocardial Infarction,Not specified,UNKNOWN,ClinicalTrials.gov
NCT01366404,Study of the Natural History of FFR Guided Percutaneous Coronary Intervention,Not specified,Coronary Artery Disease,Not specified,RECRUITING,ClinicalTrials.gov
NCT05434455,Effect of RIPC on the Prevention of POD in Patients Undergoing Cardiac Surgery,RIPC induced with 3 cycles of 5 minutes of ischaemia and 5 minutes of reperfusion,Postoperative Delirium; Cardiac Surgery,NA,UNKNOWN,ClinicalTrials.gov
NCT02114515,PATient Navigator to rEduce Readmissions,Hospital usual care; Navigator intervention; Peer-led telephone support line,Chronic Obstructive Pulmonary Disease; Heart Failure; Sickle Cell Disease; Myocardial Infarction; Pneumonia,NA,COMPLETED,ClinicalTrials.gov
NCT05007925,Disrupt PAD BTK II Study With the Shockwave Peripheral IVL System,Intravascular Lithotripsy,Peripheral Artery Disease,NA,ACTIVE_NOT_RECRUITING,ClinicalTrials.gov
NCT00674271,Immune Profile and Complication Risk in Type 2 Diabetes,Not specified,"Diabetes Mellitus, Type 2",Not specified,UNKNOWN,ClinicalTrials.gov
NCT00005532,"Dietary Fat, Plasma Lipids, and Other CHD Risk Factors",Not specified,Atherosclerosis; Cardiovascular Diseases; Coronary Disease; Heart Diseases,Not specified,COMPLETED,ClinicalTrials.gov
NCT01196221,Technical Innovation Protocol for MR & US Plaque Imaging: Reproducibility.,Not specified,Atherosclerosis,Not specified,COMPLETED,ClinicalTrials.gov
NCT00005252,Physicians' Health Study: Study of Low Cardiovascular Disease Mortality,Not specified,Cardiovascular Diseases; Heart Diseases; Coronary Disease; Myocardial Infarction,Not specified,COMPLETED,ClinicalTrials.gov
NCT07345338,Mainstreaming Genetic Testing for Non-Ischemic Cardiomyopathy in Western Canada,Health service delivery change,Nonischemic Cardiomyopathy; Dilated Cardiomyopathy (DCM),NA,NOT_YET_RECRUITING,ClinicalTrials.gov
NCT03967158,Evaluation of Effectiveness and Safety of XIENCE Sierra in Routine Clinical Practice,Xience Sierra stent,Coronary Artery Disease; Coronary Disease,Not specified,ACTIVE_NOT_RECRUITING,ClinicalTrials.gov
NCT03266978,Impact of Glycemic State on Patients ST Elevation Myocardial Infarction With Primary Percutaneous Coronary Angioplasty,Not specified,ST Elevation Myocardial Infarction,Not specified,UNKNOWN,ClinicalTrials.gov
NCT04439643,Plaque Stratification Using Ccta in Coronary ARtery Disease (PoSTCARD),vascuCAP,Coronary Artery Disease,Not specified,COMPLETED,ClinicalTrials.gov
NCT01271309,Stem Cell Migratory Activity: Prognostic Marker in Myocardial Ischemia,Not specified,Myocardial Infarction,Not specified,COMPLETED,ClinicalTrials.gov
NCT04163393,R-One Efficiency For PCI Evolution With Robotic Assistance,Percutaneous Coronary Intervention; Percutaneous Coronary Intervention using R-One assistance,Coronary Artery Disease; Percutaneous Coronary Intervention,NA,COMPLETED,ClinicalTrials.gov
NCT02618733,Comparing Ticagrelor Versus Clopidogrel on Microcirculation,Ticagrelor; Clopidogrel,Acute Coronary Syndrome,NA,COMPLETED,ClinicalTrials.gov
NCT05637333,Sonazoid in Myocardial Perfusion Imaging,Contrast Stress Echocardiography,Diagnostic Imaging; Myocardial Ischemia,Not specified,WITHDRAWN,ClinicalTrials.gov
NCT02257047,Red Yeast Rice and Subclinical Atherosclerosis in Patients With Rheumatoid Arthritis,Tea; RYR,Rheumatoid Arthritis,NA,UNKNOWN,ClinicalTrials.gov
NCT00552747,Effect of Fenofibrate on Endothelial Function and High-density Lipoproteins (HDL)in Patients With Coronary Heart Disease,fenofibrate; placebo,Coronary Heart Disease; Hyperlipidemia,PHASE4,COMPLETED,ClinicalTrials.gov
NCT01313338,Experience in Predicting Decision Making for Receiving Treatment in Acute Coronary Syndrome Patients,Not specified,Acute Coronary Syndrome,Not specified,COMPLETED,ClinicalTrials.gov
NCT03892226,Cardiomyocyte Injury Following Acute Ischemic Stroke,Not specified,"Stroke, Ischemic; Cardiac Complication",Not specified,ACTIVE_NOT_RECRUITING,ClinicalTrials.gov
NCT03212378,"Safety and Efficacy of ""Standardized"" CHIP",percutaneous coronary interventions,Coronary Artery Disease,Not specified,COMPLETED,ClinicalTrials.gov
NCT01920308,A Prospective Study of the Performance of the Bard® LifeStent® Vascular Stent Systems (REALITY),5 mm Bard LifeStent Vascular Stent,Peripheral Artery Disease,Not specified,COMPLETED,ClinicalTrials.gov
NCT07291609,Microplastics and Nanoplastics in Patients With Chronic Coronary Syndromes,Not specified,Chronic Coronary Syndrome; Microplastics; Nanoplastics; Coronary Artery Disease; Coronary Plaque; Computed Tomography; Pollution Exposure,Not specified,RECRUITING,ClinicalTrials.gov
NCT01856504,Validation of an Intracycle CT Motion CORrection Algorithm for Diagnostic AccuracY,Not specified,Coronary Artery Disease; Coronary Arteriosclerosis,Not specified,COMPLETED,ClinicalTrials.gov
NCT05820048,The Efficacy and Safty of Proton Pump Inhibitor (Lansoprazole),Lansoprazole 15 mg,Coronary Artery Disease,PHASE4,UNKNOWN,ClinicalTrials.gov
NCT00592735,Effects of Medical and Surgical Weight Loss on Metabolism,laparoscopic gastric banding,Type 2 Diabetes; Obesity,Not specified,COMPLETED,ClinicalTrials.gov
NCT06089135,Shockwave Lithoplasty Compared to Cutting Balloon Treatment in Calcified Coronary Disease - A Randomized Controlled Trial,Intravascular Lithotripsy; Cutting Balloon,Treatment in Calcified Coronary Disease,NA,COMPLETED,ClinicalTrials.gov
NCT05290389,"A Smartphone APPlication for the Transmission of ECGs in the Management of Patients Presenting With Suspected Heart Attacks in the Hamilton, Niagara, Haldimand, and Brant Area",SMART AMI APPLICATION,Myocardial Infarction; STEMI,Not specified,COMPLETED,ClinicalTrials.gov
NCT04554004,A Non-invasive Index of Microciculatory Resistance,"CCTA, CT-MPI, DSA, FFR",Coronary Microvascular Disease; Coronary Artery Disease,NA,COMPLETED,ClinicalTrials.gov
NCT03897647,Use of POC Pocket Ultrasound in the Estimation of Left and Right Atrial Pressures,General Electric (GE) VScan,Heart Failure; Acute Decompensated Heart Failure,NA,WITHDRAWN,ClinicalTrials.gov
NCT01475747,Systolic Pressure Intervention Trial Factors Affecting Factors Affecting Atherosclerosis Study,Not specified,Hypertension; Chronic Kidney Disease,Not specified,COMPLETED,ClinicalTrials.gov
NCT02317458,Congestive Heart Failure Cardiopoietic Regenerative Therapy (CHART-2) Trial - THE CHART-2 TRIAL,Experimental; Sham comparator,Heart Failure,PHASE3,UNKNOWN,ClinicalTrials.gov
NCT03105726,Medical Care Versus Ventricular Assist Device for the Management of End-stage Heart Failure (MEVADE),Not specified,Heart Failure; Heart Transplantation; Heart-Assist Devices,Not specified,COMPLETED,ClinicalTrials.gov
NCT00202878,IMPROVE-IT: Examining Outcomes in Subjects With Acute Coronary Syndrome: Vytorin (Ezetimibe/Simvastatin) vs Simvastatin (P04103),ezetimibe/simvastatin; simvastatin; Placebo for simvastatin 40 mg; Placebo for ezetimibe 10 mg/simvastatin 40 mg combination,Hypercholesterolemia; Myocardial Infarction,PHASE3,COMPLETED,ClinicalTrials.gov
NCT04016740,The PATHFINDER Study: A Feasibility Trial,Ropivacaine; Ketamine; Remifentanil; Dexmedetomidine; Rocuronium; Propofol; Sevoflurane; Dexmedetomidine; Propofol; EEG monitoring,Coronary Artery Disease; Delirium,EARLY_PHASE1,COMPLETED,ClinicalTrials.gov
NCT00430989,The ENIGMA II Trial:Nitrous Oxide Anaesthesia and Cardiac Morbidity After Major Surgery: a Randomised Controlled Trial,Nitrous Oxide; No Nitrous Oxide,Coronary Artery Disease,PHASE4,COMPLETED,ClinicalTrials.gov
NCT02126150,United Coronary Biobanks,Not specified,Coronary Artery Disease; Acute Coronary Syndrome; Myocardial Infarction; Stable Angina,Not specified,COMPLETED,ClinicalTrials.gov
NCT00196274,Autonomic Regulation Trial (ART),Not specified,"Infarction, Myocardial",Not specified,COMPLETED,ClinicalTrials.gov
NCT02694185,Secondary Event Prevention Using Population Risk Management After PCI and for Anti-Rheumatic Medications,Caplan IVR,Myocardial Ischemia; Rheumatic Diseases,NA,ACTIVE_NOT_RECRUITING,ClinicalTrials.gov
NCT02615015,SNPs in the DNase 1 Gene Impair Its Activity and Are Increased in a STE-ACS Patient Cohort Compared to Healthy Controls,Blood draw,ST Elevation Myocardial Infarction,Not specified,UNKNOWN,ClinicalTrials.gov
NCT05756608,Fibrosis in Chronic and Delayed Myocardial Infarction,68Ga-FAPI and 18F-AlF-FAPI PET-MR,Aortic Stenosis; Chemotherapy Induced Systolic Dysfunction; Carcinoid Syndrome,Not specified,RECRUITING,ClinicalTrials.gov
NCT03204825,Pain Management and Patient Education for Physical Activity in Intermittent Claudication (PrEPAID),Active TENS; Patient-Centred Education; Placebo TENS,Peripheral Arterial Disease; Intermittent Claudication,NA,COMPLETED,ClinicalTrials.gov
NCT01454440,The INtegrilin Plus STenting to Avoid Myocardial Necrosis Trial (INSTANT),Eptifibatide,Coronary Artery Disease,PHASE4,TERMINATED,ClinicalTrials.gov
NCT02265250,Pilot Study-Magnetic Resonance Imaging for Global Atherosclerosis Risk Assessment,MRI; PET/MRI; Laboratory blood test,Cardiovascular Disease; Atherosclerosis,Not specified,UNKNOWN,ClinicalTrials.gov
NCT04535518,Efficacy of Immunoglobulin Plus Infliximab for the Early Regression of Coronary Artery Lesion in Kawasaki Disease,IVIG; Aspirin; Infliximab,Kawasaki Disease,PHASE3,WITHDRAWN,ClinicalTrials.gov
NCT00881218,Myocardial Perfusion Magnetic Resonance Imaging Using Regadenoson,Regadenoson,Ischemic Heart Disease,EARLY_PHASE1,COMPLETED,ClinicalTrials.gov
NCT03335020,"Using Ultrasonography, Shear Wave Elastography, Strain Imaging, and 3-D Volume Ultrasonography on Cardiovascular Disease",Shear Wave Elastography; Pulse Wave Imaging; Contrast-Enhanced Ultrasound; Strain Imaging; 3-D Volume Ultrasound,Fibromuscular Dysplasia of Arteries; Segmental Arterial Mediolysis; Spontaneous Coronary Artery Dissection; Atherosclerosis of Artery,PHASE1,WITHDRAWN,ClinicalTrials.gov
NCT06942923,"A Study to Investigate the Safety, Tolerability and Pharmacodynamics of AZD4144 in Participants With Obesity",AZD4144; Placebo,Healthy Participants,PHASE1,COMPLETED,ClinicalTrials.gov
NCT01672047,Effect of Vitamin D Supplementation on Coronary Calcification and Parathyroid Hormone in CKD Patients,Vitamin D2,Chronic Kidney Disease; Vitamin D Deficiency,NA,UNKNOWN,ClinicalTrials.gov
NCT01440049,Patient's Management Receiving Eplerenone Therapy,Prospective Observational,Left Ventricular Dysfunction Post Myocardial Infarction,Not specified,COMPLETED,ClinicalTrials.gov
NCT00475449,The Stent or Surgery (SoS) Trial,percutaneous coronary intervention; coronary artery bypass grafting,Coronary Artery Disease,NA,COMPLETED,ClinicalTrials.gov
NCT04335448,Comprehensive Long-term Follow up of Adults With Arterial Switch Operation,No intervention is planed,Transposition of Great Vessels,Not specified,ACTIVE_NOT_RECRUITING,ClinicalTrials.gov
NCT03049085,Effect of Preoperative Aspirin in Patients Undergoing Off-pump Coronary Artery Bypass Grafting,Aspirin; vitamin C,Coronary Artery Disease; Aspirin,PHASE4,UNKNOWN,ClinicalTrials.gov
NCT02407197,International T1 Multicentre CMR Outcome Study,Not specified,Cardiomyopathy; Heart Failure; Coronary Artery Disease; Chronic Kidney Diseases; Inflammation; Fibrosis,Not specified,COMPLETED,ClinicalTrials.gov
NCT01604213,"Effects of Vildagliptin/Metformin Combination on Markers of Atherosclerosis, Thrombosis, and Inflammation in Diabetics With Coronary Artery Disease",Metformin plus vildagliptin; Metformin only,Type 2 Diabetes Mellitus; Ischemic Heart Disease,PHASE4,COMPLETED,ClinicalTrials.gov
NCT06887413,TACTIC Coronary Thrombus Aspiration With Cath Rx In Anterior Myocardial Infarction: A Randomized Control Trial.,THROMBOASPIRATION WITH INDIGO SYSTEM,Anterior Myocardial Infarction,NA,NOT_YET_RECRUITING,ClinicalTrials.gov
NCT01111760,Radiation Dose From Computed Tomography Before and After Implementation of a High Pitch Dual Spiral Technique,Not specified,Atherosclerosis of Coronary Artery; Cardiovascular Disease; Pulmonary Embolism; Aortic Aneurysm Without Mention of Rupture Nos,Not specified,COMPLETED,ClinicalTrials.gov
NCT02648620,Safety and Feasibility of SurModics SurVeil (TM) Drug Coated Balloon,SurVeil Drug Coated Balloon; Angioplasty,Peripheral Arterial Disease; Peripheral Vascular Diseases,NA,COMPLETED,ClinicalTrials.gov
NCT02419833,Immediate Versus Delayed Invasive Intervention for Non-STEMI Patients,Immediate invasive intervention; Delayed invasive intervention; Coronary artery stenting,Myocardial Infarction,NA,COMPLETED,ClinicalTrials.gov
NCT02254655,The Effect of Puerarin Injection on Carotid Intima-Media Thickness in Patients With Rheumatoid Arthritis,Puerarin injection 400 mg; Control,Rheumatoid Arthritis,PHASE2,COMPLETED,ClinicalTrials.gov
NCT01005485,Molecular and Morphologic Characterization of Circulating Endothelial Cells,Not specified,Acute Myocardial Infarction,Not specified,ACTIVE_NOT_RECRUITING,ClinicalTrials.gov
NCT00035776,Blood Factors and Peripheral Arterial Disease Outcomes,Not specified,Arterial Occlusive Diseases; Cardiovascular Diseases; Peripheral Vascular Diseases; Coronary Disease,Not specified,COMPLETED,ClinicalTrials.gov
NCT04290091,Detection of Coronary Artery Disease With Micro Electro-Mechanical Sensors,Not specified,Coronary Artery Disease,Not specified,COMPLETED,ClinicalTrials.gov
NCT03629418,Targeted Blood-pressure Management and Acute Kidney Injury After Coronary Artery Bypass Surgery,Targeted blood-pressure management; Routine blood-pressure management,"Coronary Artery Bypass, Off-Pump; Intraoperative Hypotension; Acute Kidney Injury; Preventive Medicine; Intraoperative Care",NA,RECRUITING,ClinicalTrials.gov
NCT05034224,Coronary Sinus Pressure and Microvascular Disease,Swan-Ganz catheter placed in the coronary sinus - deflated; Swan-Ganz catheter placed in the coronary sinus - inflated,Microvascular Coronary Artery Disease,NA,COMPLETED,ClinicalTrials.gov
NCT04342455,A Low-dose Radiation and Contrast Agent Exposure Protocol for Coronary CTA in Diabetic Patients,double-low scanning,Coronary Artery Disease,NA,UNKNOWN,ClinicalTrials.gov
NCT03893435,The Role of Sacubitril/Valsartan in Post-acute Myocardial Infarction,Sacubitril / Valsartan Oral Tablet [Entresto],Acute Myocardial Infarction,NA,COMPLETED,ClinicalTrials.gov
NCT03884608,Analysis of Both Sex and Device Specific Factors on Outcomes in Patients with Non-Ischemic Cardiomyopathy,Not specified,Cardiomyopathies; Gender; Implantable Defibrillator User,Not specified,COMPLETED,ClinicalTrials.gov
NCT04052191,MCRcI® Stem Cell Treatment for Diffuse Coronary Artery Disease,MCRcI® stem cells,Coronary Artery Disease,PHASE1,NOT_YET_RECRUITING,ClinicalTrials.gov
NCT04912518,Cardioprotective Effect of Dexmedetomidine in Patients With ST-segment Elevation Myocardial Infarction,Dexmedetomidine (DEX); Placebo (Saline),ST-segment Elevation Myocardial Infarction (STEMI); Percutaneous Coronary Intervention; Cardioprotection,NA,RECRUITING,ClinicalTrials.gov
NCT02501018,Study to Assess the Efficacy and Safety of CLBS12 in Patients with Critical Limb Ischemia (CLI),CLBS12; SOC,Critical Limb Ischemia; Buerger Disease; Thromboangiitis Obliterans; Atherosclerosis Obliterans,PHASE2,COMPLETED,ClinicalTrials.gov
NCT00564382,CMR in the Assessment of Patient With ACS in the Emergency Room,Cardiac magnetic Resonance study,Infarction; Ischemia; Magnetic Resonance Imaging,NA,COMPLETED,ClinicalTrials.gov
NCT07110779,Telenursing in Coronary Artery Disease,Telenursing consultation,Coronary Artery Disease; Cardiovascular Diseases,NA,NOT_YET_RECRUITING,ClinicalTrials.gov
NCT02144480,Efficacy of Early Short-term Training on Thrombogenesis in Patients Following Coronary Bypass Surgery,Intensive training; traditional training,Coronary Artery Disease,NA,COMPLETED,ClinicalTrials.gov
NCT02047526,A Study to Evaluate the Clinical Epidemiology of Patients With Heart Failure (HF) in India,Not specified,Heart Failure,Not specified,WITHDRAWN,ClinicalTrials.gov
NCT05985408,LVSP Based CRT vs. RVAP Based CRT,left ventricular septal pacing; right ventricular apical pacing,Heart Failure; Cardiac Resynchronization Therapy; Left Ventricular Septal Pacing; Right Ventricular Septal Pacing,NA,UNKNOWN,ClinicalTrials.gov
NCT00094250,"HEARTS: Heart, Exercise, and Resistance Training Study",Resistance and Aerobic Training,"Cardiovascular Diseases; Heart Failure, Congestive; Heart Diseases",NA,WITHDRAWN,ClinicalTrials.gov
NCT02964650,Optimising Pacemaker Therapy for Contractility,Personalised rate-response settings,Chronic Heart Failure,PHASE2,COMPLETED,ClinicalTrials.gov
NCT01202006,Strategy to Recognize and Initiate Treatment of Chronic Heart Failure,Training of general practitioners in an uptitration protocol.,Heart Failure,NA,COMPLETED,ClinicalTrials.gov
NCT06521489,Asymmetrical HFNCO vs Standard HFNCO Post Cardiac Surgery Patients,Asymmetrical High Flow Nasal Cannula Oxygenation; Conventional High Flow Nasal Cannula Oxygenation,Hypoxemic Respiratory Failure,NA,ACTIVE_NOT_RECRUITING,ClinicalTrials.gov
NCT06309550,Provocative Tests for HFpEF,exercise test,Heart Failure With Preserved Ejection Fraction,Not specified,RECRUITING,ClinicalTrials.gov
NCT06510855,DurAVR™ THV EU-EFS,DurAVR™ THV System,Symptomatic Aortic Stenosis; Severe Aortic Valve Stenosis; Aortic Valve Calcification; Aortic Valve Failure; Aortic Valve Disease,NA,NOT_YET_RECRUITING,ClinicalTrials.gov
NCT02610426,Whole Exome Sequencing in Finding Causative Variants in Germline DNA Samples From Patients With Congestive Heart Failure Receiving Therapy for Breast Cancer,Laboratory Biomarker Analysis,Breast Carcinoma,Not specified,RECRUITING,ClinicalTrials.gov
NCT05129722,"Polydiuretic Therapy for HFpEF, a Randomised Controlled Trial",Low dose combination polydiuretic therapy; Comparator monotherapy empagliflozin,Heart Failure With Preserved Ejection Fraction,PHASE4,TERMINATED,ClinicalTrials.gov
NCT00013039,Computerized Guidelines Enhanced by Symptoms and History: Clinical Effects,Computer reminders,Heart Failure,NA,COMPLETED,ClinicalTrials.gov
NCT02378571,Medication Adherence Telemonitoring to Reduce Heart Failure Readmissions,Medication adherence telemonitoring,Heart Failure,NA,COMPLETED,ClinicalTrials.gov
NCT03227198,IMMNC-HF: IntraMyocardial Injection of Bone Marrow MonoNuclear Cells in Heart Failure (HF) Patients,Intramyocardial injection of stem cell; Placebo,Heart Failure,"PHASE1, PHASE2",UNKNOWN,ClinicalTrials.gov
NCT07107048,Clinical Prospective ranDomized Trial to Evaluate the Non-inferiority of Left Bundle Branch Area Pacing Vs Cardiac ResynchronIzatioN Therapy With ECG guIded AV Optimization,Pacemaker and defibrillator,Heart Failure,NA,NOT_YET_RECRUITING,ClinicalTrials.gov
NCT05541068,Bioimpedance in Overweight and Obese Patients With Acute Heart Failure,Bioimpedance analysis,Heart Failure,NA,COMPLETED,ClinicalTrials.gov
NCT00812487,Glycemic Control and Variability for Congestive Heart Failure Exacerbation,Intravenous insulin; Subcutaneous insulin,Congestive Heart Failure; Diabetes Mellitus,"PHASE1, PHASE2",COMPLETED,ClinicalTrials.gov
NCT06681714,The Validity and Reliability of the Turkish Version of the Heart Failure Somatic Perception Scale,Not specified,Heart Failure,Not specified,NOT_YET_RECRUITING,ClinicalTrials.gov
NCT06648733,Improving Pharmacological Transition of Palliative Care Patients From Inpatient to Outpatient Care,Structured pharmaceutical discharge management,Cancer; Heart Failure; COPD,NA,RECRUITING,ClinicalTrials.gov
NCT05328752,Safety and Tolerability Study of XXB750 in Heart Failure Participants With Reduced or Mildly Reduced Ejection Fraction (HFrEF/HFmrEF),XXB750; Placebo,Heart Failure With Reduced Ejection Fraction (HFrEF); or Heart Failure With Mildly Reduced Ejection Fraction (HFmrEF),PHASE1,COMPLETED,ClinicalTrials.gov
NCT01495078,Telemonitoring and Teleintervention of Heart Failure and Decrease of Non-fatal Events.,Telemonitoring,Heart Failure,NA,COMPLETED,ClinicalTrials.gov
NCT06401343,Use of SGLT2i in noHCM With HFpEF,Empagliflozin 10 MG,Hypertrophic Cardiomyopathy; Heart Failure With Preserved Ejection Fraction,PHASE4,RECRUITING,ClinicalTrials.gov
NCT02877095,Subcutaneous Furosemide in Acute Decompensated Heart Failure Pilot,Furosemide,Acute Heart Failure,PHASE1,COMPLETED,ClinicalTrials.gov
NCT00147706,Does Access to an EHR Patient Portal Influence Chronic Disease Outcomes?,Tailored Healthmedia programs on EHR Patient Portal,Congestive Heart Failure; Diabetes; Cardiovascular Disease,NA,COMPLETED,ClinicalTrials.gov
NCT00629538,Therapeutic Thoracentesis for Patients With Congestive Heart Failure and Large Pleural Effusion,Therapeutic thoracentesis,Congestive Heart Failure; Transudative Pleural Effusion,NA,COMPLETED,ClinicalTrials.gov
NCT02652676,Reversible Pulmonary Artery Banding as Simplified Management of End-stage Dilated Left Ventriculopathy in Early Life,Reversible Pulmonary Artery Banding; GORE-TEX DualMesh EMERGE PLUS Biomaterial,Acute on Chronic Systolic Congestive Heart Failure,NA,TERMINATED,ClinicalTrials.gov
NCT01414309,Prospective Evaluation of Heart Failure Patients With Central Sleep Apnea,Not specified,Central Sleep Apnea; Heart Failure,Not specified,TERMINATED,ClinicalTrials.gov
NCT03494933,Re-evaluation of Optimal Re-synchronisation Therapy in Patients With Chronic Heart Failure,CRT-P implantation; CRT-D implantation,Chronic Heart Failure,NA,TERMINATED,ClinicalTrials.gov
NCT01625663,Heart and Muscle Metabolism in Barth Syndrome,Not specified,Barth Syndrome,Not specified,COMPLETED,ClinicalTrials.gov
NCT00293852,Collaborative Care for Heart Failure Patients With the Metabolic Syndrome,Outpatient clinic follow-up,"Heart Failure, Congestive; Metabolic Syndrome X",NA,COMPLETED,ClinicalTrials.gov
NCT07356843,Palliative Care for People With HF,ADAPT,Congestive Heart Failure; Congestive Heart Failure(CHF); Congestive Heart Failure (CHF); Congestive Heart Failure Chronic,Not specified,RECRUITING,ClinicalTrials.gov
NCT05591443,Artificial Intelligence and Smart Wearable Technologies for Early Detection of Acute Heart Failure,Not specified,Heart Failure，Congestive,Not specified,NOT_YET_RECRUITING,ClinicalTrials.gov
NCT03592108,Benefit of Cheyne-Stokes Respiration Remote Monitoring in CPAP-treated Patients With Obstructive Sleep Apnea to Detect Early Events of Heart Failure.,CSR remote monitoring,Obstructive Sleep Apnea,NA,COMPLETED,ClinicalTrials.gov
NCT03512704,Development of Clinical Prediction Rules and Health Services Research in Patients With Heart Failure,Collection of possible predictors from patient data,Heart Failure,Not specified,COMPLETED,ClinicalTrials.gov
NCT06706791,Effect of Empagliflozin on Quality of Life in Chronic Heart Failure Patients With Diabetes Mellitus Type II,Empagliflozin 10 MG,Chronic Heart Failure,PHASE4,RECRUITING,ClinicalTrials.gov
NCT00668408,LTOT in COPD Patients With Moderate Chronic Hypoxemia and Chronic Heart Failure,LTOT (oxygen therapy); Pharmacological therapy of COPD and CHF,"Lung Diseases, Obstructive; Chronic Heart Failure; Chronic Hypoxemia",PHASE4,UNKNOWN,ClinicalTrials.gov
NCT00873418,Coping Skills and Heart Failure: Outcomes and Mechanisms,Coping skills training,Heart Failure,NA,COMPLETED,ClinicalTrials.gov
NCT03853759,COMPARİSON OF HEART FAİLURE PATİENTS AND HEALTHY PEOPLE İN BALANCE AND GAİT PARAMETERS,Not specified,"Heart Failure,Balance",Not specified,COMPLETED,ClinicalTrials.gov
NCT00600938,Evaluating Use of Deferasirox as Compared to Deferoxamine in Treating Cardiac Iron Overload,Core Study: Deferasirox; Core Study: Deferoxamine; Extension: deferoxamine to deferasirox; Extension: deferasirox to deferoxamine; Deferasirox; Deferoxamine,Transfusional Iron Overload; Transfusional Hemosiderosis,PHASE2,COMPLETED,ClinicalTrials.gov
NCT06137885,REgiStry-based Cardiovascular qUality improvEment Research,Cardiac rehabilitation; Active post-market surveillance of devices; Multi-omics approach to precision medicine; The prescription pattern analysis,Percutaneous Coronary Intervention; Heart Failure; Cardiometabolic Syndrome; Structural Heart Abnormality,Not specified,RECRUITING,ClinicalTrials.gov
NCT06024889,Acute Effects of Furosemide on Hemodynamics and Pulmonary Congestion in Acute Decompensated Heart Failure.,Furosemide Injection,Acute Heart Failure,"PHASE1, PHASE2",COMPLETED,ClinicalTrials.gov
NCT06659289,Hemoperfusion Efferon LPS During Cardiac Surgery Using Cardiopulmonary Bypass,Efferon LPS,Cardiac Disease; Multiple Organ Dysfunction Syndrome,NA,TERMINATED,ClinicalTrials.gov
NCT02393274,Microcirculation in Venoarterial Extracorporeal Membrane Oxygenation Life Support,Extra-corporeal membrane oxygenation life support,Heart Failure; Respiratory Failure,Not specified,COMPLETED,ClinicalTrials.gov
NCT06704633,Sacubitril-valsartan in Patients With Heart Failure With Reduced Ejection Fraction From Rural Tanzania,Sacubitril / Valsartan Oral Tablet,Heart Failure,PHASE4,NOT_YET_RECRUITING,ClinicalTrials.gov
NCT02196038,A Trial of Rehabilitation Therapy in Older Acute Heart Failure Patients,multi-domain rehabilitation intervention; Attention Control,Acute Decompensated Heart Failure,NA,COMPLETED,ClinicalTrials.gov
NCT03980574,Dietary Supplementation in Heart Failure,R Drink,Heart Failure,NA,COMPLETED,ClinicalTrials.gov
NCT02973620,Levosimendan Compassionate Use in Pediatric Patients With Advanced Decompensated Heart Failure,Levosimendan,Heart Decompensation,Not specified,NO_LONGER_AVAILABLE,ClinicalTrials.gov
NCT00060840,The Effects of Nitric Oxide for Inhalation During Left Ventricular Assists Device (LVAD) Implantation,Nitric Oxide; Nitrogen,Congestive Heart Failure,PHASE2,COMPLETED,ClinicalTrials.gov
NCT07257289,Stratification of Arrhythmic Risk and/or Heart Failure Risk in Patients With Hereditary Heart Disease,Not specified,Hereditary Heart Diseases,Not specified,NOT_YET_RECRUITING,ClinicalTrials.gov
NCT00981591,Inhaled Iloprost as an Adjunct to Inhaled Nitric Oxide in Pediatric Critical Care Patients,Iloprost; Placebo,Pulmonary Hypertension; Neonatal Hypoxic Respiratory Failure; Persistent Pulmonary Hypertension of Newborn; Congenital Heart Defects; Acute Respiratory Distress Syndrome,"PHASE1, PHASE2",WITHDRAWN,ClinicalTrials.gov
NCT00182182,Evaluation of a Primary Care Based Heart Failure Management Program,Primary care based disease management strategy,Heart Failure,"PHASE2, PHASE3",UNKNOWN,ClinicalTrials.gov
NCT03063697,"Observational Study to Evaluate the Safety of DILATREND SR Cap. in Korean Patients With Essential Hypertension, Chronic Stable Angina and Congestive Heart Failure",Not specified,Essential Hypertension; Chronic Stable Angina; Congestive Heart Failure,Not specified,UNKNOWN,ClinicalTrials.gov
NCT00166010,Effects of Nesiritide in Pediatric Patients With Heart Failure,Nesiritide,Heart Failure; Ventricular Dysfunction; Heart Decompensation,NA,WITHDRAWN,ClinicalTrials.gov
NCT07317882,Telematic Educational Intervention in Patients With Heart Failure.,Digital health,Heart Failure; Heart Failure Patients,NA,ENROLLING_BY_INVITATION,ClinicalTrials.gov
NCT04853758,Angiotensin Receptor-Neprilysin Inhibition in Chagas Cardiomyopathy With Reduced Ejection Fraction: ANSWER-HF.,Sacubitril / Valsartan Oral Tablet [Entresto]; Enalapril,Chagas Cardiomyopathy,PHASE3,RECRUITING,ClinicalTrials.gov
NCT07394010,Role of Cardiopulmonary Exercise Testing in People With Heart Failure With Preserved Ejection Fraction,Cardiopulmonary Exercise Test,Heart Failure With Preserved Ejection Fraction (HFPEF),Not specified,COMPLETED,ClinicalTrials.gov
NCT04926220,Dynamic Estimation of Cardiac Output in the Operating Room,Trans-esophageal Doppler monitoring; MostCareUP Haemodynamic Monitor; Argos Cardiac Output (CO) Monitor,Interventional Radiology; Surgery; General Anesthesia; Organ Failure; Intensive Care; Hemodynamic Instability; Blood Pressure; Cardiac Output,Not specified,UNKNOWN,ClinicalTrials.gov
NCT05911724,Association Between Inflammatory Biomarkers in CVD Patients on Empagliflozin.,Group I Healthy; CAD-Empagliflozin 10 mg once daily for 6 months before the beginning of the study; HF-Empagliflozin 10 mg once daily for 6 months before the beginning of the study,Stable Angina; Heart Failure,Not specified,COMPLETED,ClinicalTrials.gov
NCT04197635,Short-term Effects of Dapagliflozin on Peak VO2 in HFrEF,Maximal functional capacity by cardiopulmonary exercise testing; Echocardiography; Evaluation of health related quality of life; Submáximal functional capacity assesment by 6 minutes walk test; Clinical evaluation,Heart Failure With Reduced Ejection Fraction,PHASE4,COMPLETED,ClinicalTrials.gov
NCT03621618,"Clinical Assessment of Arterial Dynamic Elastance in ICU Patients, Dependent on Inotropic or Vasopressor Drugs.",dobutamine; norepinephrine,Sepsis; Cardiac Failure Acute,NA,WITHDRAWN,ClinicalTrials.gov
NCT06677489,CKD-Heart: Heart Failure Prediction in Asian CKD Patients,Not specified,Chronic Kidney Disease(CKD),Not specified,ACTIVE_NOT_RECRUITING,ClinicalTrials.gov
NCT06362668,EU Sites: Fluid Management of Acute Decompensated Heart Failure With Reprieve Decongestion Management System (FASTR-EU),"Reprieve Decongestion Management System; Diuretic (furosemide, bumetanide, torsemide, hydrochlorothiazide, and/or acetazolamide)",Acute Decompensated Heart Failure,NA,COMPLETED,ClinicalTrials.gov
NCT07349797,MediBeacon® Transdermal GFR System for the Evaluation of Kidney Function in Adults With Heart Failure,Lumitrace; MediBeacon Transdermal Glomerular Filtration Rate Measurement System (tGFR); Iohexol,Glomerular Filtration Rate; Heart Failure,NA,NOT_YET_RECRUITING,ClinicalTrials.gov
NCT05793996,The Prevalence of Iron Deficiency and the Effectiveness of Ferinject® in Patients With HFpEF (ID-HFpEF),Ferinject; Diet therapy,"Chronic Heart Failure; Iron Deficiency, Latent",PHASE4,RECRUITING,ClinicalTrials.gov
NCT04291378,The DBCG Proton Trial: Photon Versus Proton Radiation Therapy for Early Breast Cancer,Proton versus photon radiation therapy,Early Breast Cancer; Radiation Associated Cardiac Failure,NA,RECRUITING,ClinicalTrials.gov
NCT00484770,STARBRITE: A Randomized Pilot Trial of BNP-Guided Therapy in Patients With Advanced Heart Failure,Brain Natriuretic Peptide Levels -- Diagnostic testing; clinical assessment,Congestive Heart Failure,PHASE2,COMPLETED,ClinicalTrials.gov
NCT06386094,Cardiac Dysfunction in Patients with Fatty Liver Disease,Echocardiographic assessment,NAFLD; Cardiac Disease; Fatty Liver; MASLD - Metabolic Dysfunction-Associated Steatotic Liver Disease,Not specified,RECRUITING,ClinicalTrials.gov
NCT01475175,Adaptive Cardiac Resynchronization Therapy Optimization at Rest and During Exercise (AdOPT CRT),CRT pacing at rest and during exercise,Heart Failure,NA,TERMINATED,ClinicalTrials.gov
NCT05873881,COLchicine and Thiamine in Heart Failure Due to Ischemic Heart Disease,Colchicine 0.5 MG; Colchicine placebo; Thiamine Mononitrate 300 mg,Heart Failure,PHASE3,RECRUITING,ClinicalTrials.gov
NCT04245605,Invasive Coronary Angiography Early in Ischemic Heart Failure,Coronary angiography,Acute Heart Failure,Not specified,COMPLETED,ClinicalTrials.gov
NCT02693002,Estrogen Diastolic Heart Failure,Estradiol/Norethindrone acetate; Placebo,Menopause,PHASE4,TERMINATED,ClinicalTrials.gov
NCT01739777,Randomized Clinical Trial of Intravenous Infusion Umbilical Cord Mesenchymal Stem Cells on Cardiopathy,ucMSC; Controls,Dilated Cardiomyopathy,"PHASE1, PHASE2",COMPLETED,ClinicalTrials.gov
NCT00818701,Study of Low Dose Nesiritide With or Without Sildenafil in Congestive Heart Failure Patients With Renal Dysfunction,"low dose Nesiritide; nesiritide, Sildenafil",Congestive Heart Failure; Renal Dysfunction,PHASE1,TERMINATED,ClinicalTrials.gov
NCT07082400,Screening and Phenotyping of Pulmonary Hypertension in Heart Failure With Preserved Ejection Fraction .,right heart catheter,Pulmonary Hypertension,NA,NOT_YET_RECRUITING,ClinicalTrials.gov
NCT02340702,Chronic Obstructive Pulmonary Disease (COPD) in Patients Hospitalized for Acute Decompensated Heart Failure.,COPD,Disease,Not specified,WITHDRAWN,ClinicalTrials.gov
NCT03074253,Cardiovascular Imaging and Biomarker Analyses (CIBER),Echocardiography; magnetic resonance imaging; computed tomography; blood withdrawl,Coronary Artery Disease; Heart Diseases; Heart Failure,Not specified,UNKNOWN,ClinicalTrials.gov
NCT04474639,Determination of Diastolic Dysfunction by Single Lead Electrocardiogram,echocardiographic examination,Diastolic Function,Not specified,COMPLETED,ClinicalTrials.gov
NCT01408875,Cardiac Rehabilitation and Low Frequency Electrical MyoStimulation in Chronic Heart Failure,Low electrical myostimulation,Chronic Heart Failure,NA,COMPLETED,ClinicalTrials.gov
NCT02432092,Pediatric Cardiomyopathy Mutation Analysis,Not specified,Cardiomyopathies; Dilated Cardiomyopathy; Hypertrophic Cardiomyopathy; Restrictive Cardiomyopathy; Arrhythmogenic Right Ventricular Cardiomyopathy; Left Ventricular Non-compaction Cardiomyopathy,Not specified,RECRUITING,ClinicalTrials.gov
NCT01707277,The Effects of Inspiratory Muscle Training in Patients With Heart Failure With Preserved Ejection Fraction,Inspiratory muscle training; Usual care,Heart Failure,NA,COMPLETED,ClinicalTrials.gov
NCT01906957,Cognition and Exercise Training,high intensity interval training (HIIT); moderate intensity continuous exercise training,Metabolic Syndrome; Coronary Heart Disease; Chronic Heart Failure,NA,TERMINATED,ClinicalTrials.gov
NCT02499601,CORolla® TAA for Heart Failure With Preserved Ejection Fraction (HFpEF) and Diastolic Dysfunction (DD),CORolla™ TAA device,Diastolic Heart Failure; Diastolic Dysfunction,NA,UNKNOWN,ClinicalTrials.gov
NCT05283512,Intravenous vs. Oral Hydration to Reduce the Risk of Post-Contrast Acute Kidney Injury After Intravenous Contrast-Enhanced Computed Tomography in Patients With Severe Chronic Kidney Disease,Preventive treatment with IV-hydration; Preventive treatment with oral hydration,"Contrast-induced Nephropathy; Kidney Injury; Kidney Failure, Chronic; Risk Reduction",NA,RECRUITING,ClinicalTrials.gov
NCT05806970,Email Nudges to Improve GDMT (MRA) Adherence in Heart Failure,Email Nudge,Heart Failure With Reduced Ejection Fraction,NA,WITHDRAWN,ClinicalTrials.gov
NCT03077386,"Enhancing Community Health Through Patient Navigation, Advocacy and Social Support",ENCOMPASS Intervention,"Hypertension; Diabetes Mellitus, Type 2; Chronic Kidney Diseases; Ischemic Heart Disease; Congestive Heart Failure; Chronic Obstructive Pulmonary Disease; Asthma",NA,COMPLETED,ClinicalTrials.gov
NCT04886128,Improving Diagnostic Accuracy for Acute Heart Failure,Not specified,Acute Heart Failure; Dyspnea; Dyspnea; Cardiac,Not specified,ACTIVE_NOT_RECRUITING,ClinicalTrials.gov
NCT04388228,Audit and Feedback for General Practitioners in the Intego Network,Extended audit and feedback in GPs electronic health record,Diabetes Mellitus; Chronic Kidney Diseases; Heart Failure,NA,WITHDRAWN,ClinicalTrials.gov
NCT03543228,MyoStrain CMR for the Detection of Cardiotoxicity,MyoStrain,Cardiotoxicity; Heart Failure; Chemotherapeutic Toxicity,Not specified,COMPLETED,ClinicalTrials.gov
NCT03389841,Home Care for the Patient With Heart Failure: Can Caregiver Education Prevent Hospital Admissions?,Education,Heart Failure,NA,COMPLETED,ClinicalTrials.gov
NCT02949531,Use of Oxygen in Heart Failure With Preserved Ejection Fraction,oxygen,Heart Failure,PHASE2,COMPLETED,ClinicalTrials.gov
NCT06697353,An Observational Study to Learn More About the Real-world Outcomes in Patients With Heart Failure Who Initiate Treatment With Vericiguat in Japan,vericiguat (BAY 1021189),Chronic Heart Failure; Chronic Heart Failure With Reduced Ejection Fraction,Not specified,COMPLETED,ClinicalTrials.gov
NCT06526195,Trial to Evaluate Safety And Effectiveness of Mechanical Circulatory Support in Patients With Advancing Heart Failure,CardioMEMS HF System; HeartMate 3 Left Ventricular Assist System; Guideline Medical Directed Therapy,Heart Failure; Heart Diseases; Cardiovascular Diseases; Pulmonary Hypertension,NA,RECRUITING,ClinicalTrials.gov
NCT00300911,Effects of Rosiglitazone on Plasma BNP Levels and Left Ventricular Dysfunction,"Rosiglitazone(drug), cardiac adverse effects","Diabetes Mellitus, Type 2",PHASE4,COMPLETED,ClinicalTrials.gov
NCT00613964,The Effects of Carperitide on Short and Long-term Prognosis in Patients With Both Cardiac and Renal Failure,Carperitide heart failure therapy; Standard heart failure therapy,Heart Failure; Renal Failure,PHASE4,TERMINATED,ClinicalTrials.gov
NCT05129228,Optical Coherence Tomography of the Saphenous Vein Graft,OCT-guided saphenous vein CABG,Coronary Bypass Graft Stenosis,NA,RECRUITING,ClinicalTrials.gov
NCT00534703,Investigation of the Safety and Feasibility of AAV1/SERCA2a Gene Transfer in Patients With Chronic Heart Failure,AAV1/SERCA2a; Placebo,Chronic Heart Failure; Patients That Have Received a Left Ventricular Assist Device,PHASE2,TERMINATED,ClinicalTrials.gov
NCT04478188,Pressure Volume Loop,Measuring Pressure Volume Loop Pre and Post Device Placement,Cardiogenic Shock; Decompensated Heart Failure,Not specified,UNKNOWN,ClinicalTrials.gov
NCT00221780,Role of Left Ventricular Pacing Site,left ventricular pacing,"Heart Failure; Cardiomyopathy, Dilated; Coronary Disease",NA,UNKNOWN,ClinicalTrials.gov
NCT02621203,Patient Journey in Hospital With Acute Heart Failure,Not specified,Heart Failure,Not specified,UNKNOWN,ClinicalTrials.gov
NCT06543446,Comparative Effectiveness of Prophylactic ICD Versus Non-ICD Therapy,ICD implantation,Heart Failure With Reduced Ejection Fraction,NA,RECRUITING,ClinicalTrials.gov
NCT04551729,Fluid Restriction in Heart Failure Versus Liberal Fluid Uptake,Lifestyle advice for liberal fluid intake,Heart Failure,NA,COMPLETED,ClinicalTrials.gov
NCT03170375,Dietary Prevention of Heart Failure in Hypertensive Metabolic Syndrome,Performance of WHEELS-I in promoting DASH/SRD adoption,Heart Failure,NA,COMPLETED,ClinicalTrials.gov
NCT00323973,Chagas Cardiomyopathy Bisoprolol Intervention Study: Charity,Bisoprolol,Chagas Cardiomyopathy; Chronic Heart Failure,PHASE3,COMPLETED,ClinicalTrials.gov
NCT06933875,Promoting Palliative Care for People With Heart Failure,Clinical Decision Support Tool,Heart Failure; Palliative Care,NA,NOT_YET_RECRUITING,ClinicalTrials.gov
NCT01399801,Optimizing Left Ventricular Lead To Improve Cardiac Output,Doppler flow measurement; standard implantation of the LV lead,Ischemic Congestive Cardiomyopathy; Dilated Cardiomyopathy; Congestive Heart Failure,NA,COMPLETED,ClinicalTrials.gov
NCT05286281,"A Study To Evaluate The Pharmacokinetics, Excretion, Mass Balance and Metabolism of PF-07265803",PF-07265803,Healthy,PHASE1,COMPLETED,ClinicalTrials.gov
NCT04420481,Growth Hormone in Ischemic Heart Failure,Somatropin; Placebo,"Heart Failure, Systolic; Ischemic Heart Disease Chronic",PHASE3,COMPLETED,ClinicalTrials.gov
NCT00391456,Animal-Assisted Therapy for Hospitalized Heart Failure Patients,Animal-assisted Therapy,Heart Failure,NA,COMPLETED,ClinicalTrials.gov
NCT01801722,Using NT-proBNP to Detect Chronic Heart Failure in Patients With Chronic Obstructive Pulmonary Disease,Not specified,Chronic Obstructive Pulmonary Disease; Chronic Heart Failure,Not specified,COMPLETED,ClinicalTrials.gov
NCT06551012,Neuromuscular Fatigability in Individuals With Heart Failure,Nitrate-rich beetroot juice; Beetroot juice with nitrate extracted,Heart Failure With Reduced Ejection Fraction,NA,NOT_YET_RECRUITING,ClinicalTrials.gov
NCT04549181,Problem-Solving for Rural Heart Failure Dyads,Phase II: Problem-Solving for Rural HF Dyads,Heart Failure,NA,COMPLETED,ClinicalTrials.gov
NCT01807130,Automated MEdical Record Driven Implantable CArdioverter-defibrillator Heart Failure Trial (AMERICA-HF),Automated HF/EP Referral; Placebo (Registry Arm),Heart Failure,NA,TERMINATED,ClinicalTrials.gov
NCT07403669,Cardiovascular Kidney and Metabolic Health Assessment and Patient Empowerment,CHAPERONE AI; CKMiq AI; Quality of Life,Acute MI; Heart Failure; Diabetes Mellitus; Kidney Disease,NA,RECRUITING,ClinicalTrials.gov
NCT03797742,A Clinical Follow-up Study of Heart Failure Patients.,Not specified,Heart Failure,Not specified,UNKNOWN,ClinicalTrials.gov
NCT04573166,Personalized Atrial Septostomy for Heart Failure,Personalized atrial septostomy with combined use of radiofrequency-ablation and balloon-dilation,"Heart Failure; Heart Failure, Diastolic",NA,UNKNOWN,ClinicalTrials.gov
NCT00547729,Hemodynamically Guided Home Self-Therapy in Severe Heart Failure Patients (HOMEOSTASIS),HeartPOD™ System,Heart Failure,NA,COMPLETED,ClinicalTrials.gov
NCT02043431,Electronic Medical Records and Genomics,Not specified,Heart Failure,Not specified,UNKNOWN,ClinicalTrials.gov
NCT03288701,Smart SCALEs With Bioimpedance Analysis for Treatment Guidance in Decompensated Heart Failure,Seca medical Body Composition Analyser 515,Heart Failure; With Decompensation,NA,COMPLETED,ClinicalTrials.gov
NCT03895073,HEart fAiluRe evaluaTion Questionnaire,healthy volunteers,Heart Failure; Heart Failure NYHA Class III; Heart Failure NYHA Class II; Heart Failure NYHA Class I; Heart Failure NYHA Class IV,Not specified,COMPLETED,ClinicalTrials.gov
NCT03965975,Clinical Validation Through Analytical Study With Urine Samples to Compare the Effectiveness and Security of an Intelligent Device,Lab Gold Standard; S-There,"Renal Insufficiency, Chronic; Heart Failure; Diabete Mellitus; Diabetes; Nephropathy (Manifestation); Hematuria; Urinary Tract Infections",NA,UNKNOWN,ClinicalTrials.gov
NCT02140905,Neck-Worn Monitoring Sensor for - A Study for Monitoring Subjects With Fluid-Management Issues During Dialysis,Not specified,Heart Failure; Kidney Disease,Not specified,COMPLETED,ClinicalTrials.gov
NCT01373775,Risk Factors of the Revisit of the Adult Heart Failure Patients in Emergency Department Siriraj Hospital,Patient charts reviewing,Congestive Heart Failure; Renal Insufficiency,Not specified,COMPLETED,ClinicalTrials.gov
NCT03018561,"Brain, Cardiac Hemodynamics and Cognition During Exercise in Subjects With Various Cardiovascular Profiles",Exercise and Cognitive testing,Metabolic Syndrome; Coronary Artery Disease; Heart Failure,NA,COMPLETED,ClinicalTrials.gov
NCT04475042,Stratified Treatment to Ameliorate Diastolic Left Ventricular Stiffness in Heart Failure With Preserved Ejection Fraction,Dapagliflozin; Placebo,"Heart Failure, Diastolic",PHASE2,UNKNOWN,ClinicalTrials.gov
NCT02661451,Transcatheter Aortic Valve Replacement to UNload the Left Ventricle in Patients With ADvanced Heart Failure (TAVR UNLOAD),SAPIEN 3 THV; Optimal Heart Failure Therapy,Aortic Valve Stenosis,NA,ACTIVE_NOT_RECRUITING,ClinicalTrials.gov
NCT05651529,Acute Oral Ketones or Carbohydrate Supplement Modify Heart Function in Heart Failure?,exogenous ketone salt supplement; exogenous carbohydrate supplement,Heart Failure,NA,COMPLETED,ClinicalTrials.gov
NCT05096039,Role of Sacubitril/Valsartan in Improving Provider Performance in Managing Heart Failure Under Medicare Alternative Payment Models,Sacubitril/valsartan; ACEI or ARB and no sacubitril/valsartan,Heart Failure,Not specified,COMPLETED,ClinicalTrials.gov
NCT02743156,Minimizing Contrast Utilization With IVUS Guidance in Coronary Angioplasty to Avoid Acute Nephropathy,IVUS-guided PCI; Angiography-guided PCI,Acute Kidney Injury; Acute Renal Failure; Acute Renal Injury,PHASE4,UNKNOWN,ClinicalTrials.gov
NCT04318145,Study to Evaluate Sex Differences in the Acute Effects of PL-3994 in Heart Failure Subjects,PL-3994 Aqueous Intravenous Solution Dose Ascention; PL-3994 Aqueous Intravenous Solution Single Dose,Heart Failure With Preserved Ejection Fraction,PHASE2,TERMINATED,ClinicalTrials.gov
NCT01381172,Evaluate Safety and Efficacy of the OPTIMIZER® System in Subjects With Moderate-to-Severe Heart Failure: FIX-HF-5C,Optimizer System; No intervention: Optimal medical therapy,NYHA Class III Heart Failure; NYHA Class IV Heart Failure,NA,COMPLETED,ClinicalTrials.gov
NCT01148563,Louisiana State University Health Care Sciences Division (LSU HSCD) Tele-Health Projects: Adult CHF Patient Population,Tele-health Monitoring,Congestive Heart Failure,NA,COMPLETED,ClinicalTrials.gov
NCT04962763,Correlation of Intestinal Flora and Metabolomics in Patients With Ischemic Heart Failure,Not specified,To Search for Biomarkers Associated With Ischemic Heart Failure; To Explore the Relationship Between Intestinal Flora and Ischemic Heart Failure,Not specified,UNKNOWN,ClinicalTrials.gov
NCT02175147,Patient-centred Integrated Palliative Care Pathways in Advanced Cancer and Chronic Disease,Not specified,COPD; Cancer; Heart Failure,Not specified,UNKNOWN,ClinicalTrials.gov
NCT07045649,Association Between the Sit-To-Stand Test and the Prognosis of Patients With Heart Failure,1-minute sit-to-stand test,Heart Failure; Heart Failure NYHA Class IV; Heart Failure; With Decompensation; Heart Failure NYHA Class III; Heart Failure NYHA Class II,Not specified,RECRUITING,ClinicalTrials.gov
NCT02033278,Infusion Intracoronary of Mononuclear Autologous Adult no Expanded Stem Cells of Bone Marrow on Functional Recovery in Patients With Idiopathic Dilated Cardiomyopathy and Heart Failure.,Infusion of autologous mononuclear bone marrow cells; Placebo infusion,Idiopathic Dilated Cardiomyopathy,PHASE2,TERMINATED,ClinicalTrials.gov
NCT03924258,Study of the Prevalence of Iron Deficiency in Patients With Heart Failure,Iron status testing,Heart Failure,NA,UNKNOWN,ClinicalTrials.gov
NCT03282136,SGLT2i and Incretin and CRTd.,Incretin Effect; Cardiac Resynchronization therapy defibrillator device; SGLT-2 inhibitor,Type 2 Diabetes Mellitus; Heart Failure,PHASE4,COMPLETED,ClinicalTrials.gov
NCT04638764,Resistance Training in Cardiovascular Disease Patients,Aerobic interval training combined with high intensity resistance training; Aerobic interval training combined with low intensity resistance training; Aerobic interval training,Coronary Artery Disease; Heart Failure With Reduced Ejection Fraction,NA,UNKNOWN,ClinicalTrials.gov
NCT01869452,Platform Therapeutic Education in Heart Failure and Coronary Disease,therapeutic education,Heart Failure; Acute Coronary Syndrome; Coronary Bypass Graft Stenosis of Native Artery Graft,NA,COMPLETED,ClinicalTrials.gov
NCT02674438,Comparison of Outcomes and Access to Care for Heart Failure Trial,Risk stratification and transitional care intervention,Heart Failure,PHASE3,COMPLETED,ClinicalTrials.gov
NCT02178943,Utility of Donor-Derived Cell Free DNA in Association With Gene Expression Profiling,Not specified,Cardiac Transplant Failure; Cardiac Transplant Rejection; Heart Diseases,Not specified,COMPLETED,ClinicalTrials.gov
NCT03579914,Effect of Intravenous Metoprolol Combining RIC on Myocardial Protection in STEMI Patients,intravenous Placebo; Metoprolol Injectable Product; Romote Ischemic Conditioning (RIC); Metoprolol & RIC,Anterior Myocardial Infarction; Heart Failure,NA,COMPLETED,ClinicalTrials.gov
NCT03968549,Probiotics and Inflammatory Status in Patients With Heart Failure,Probiotic; Placebo,Heart Failure,NA,UNKNOWN,ClinicalTrials.gov
NCT01574144,REducing 30-day ADMIssions in posT-discharge Subjects (READMIT),AVIVO™ PiiX Patch Monitor System,Acute Decompensated Heart Failure,Not specified,COMPLETED,ClinicalTrials.gov
NCT06029452,A Retrospective Validation Study To Identify Chart-Based Clinical Diagnosis Of Wild-Type Transthyretin Amyloid Cardiomyopathy (Attrwt-CM) And Non-Amyloid Heart Failure Among Patients With Heart Failure (HF).,Machine learning algorithm,ATTR-CM,Not specified,COMPLETED,ClinicalTrials.gov
NCT05825755,Multicenter Trial for the Validation of Vitalera Platform,vitalera telemonitoring platform,Chronic Patients; Heart Failure,NA,COMPLETED,ClinicalTrials.gov
NCT03893578,The Conveyor Study,Mitral valve-in-valve,Mitral Valve Insufficiency; Mitral Valve Disease; Mitral Valve Regurgitation; Heart Failure,NA,UNKNOWN,ClinicalTrials.gov
NCT07099885,Simple Urine Composition-based Personalized Algorithm for Effective Congestion Relief in Decompensated Heart Failure,Standard of Care (SOC); Algorithhm-based decongestion,"Acute Heart Failure (AHF); Congestion, Venous",NA,RECRUITING,ClinicalTrials.gov
NCT05600387,Empagliflozin on the Function of Left Atrium in Heart Failure With Mildly Reduced or Preserved Ejection Fraction,Empagliflozin 10 MG,Heart Failure; Heart Failure With Preserved Ejection Fraction; Heart Failure With Mid Range Ejection Fraction,PHASE4,UNKNOWN,ClinicalTrials.gov
NCT01735838,Intrathoracic Bloodvolume Measurement by Contrast Enhanced Ultrasound: Validation of the Technique and Evaluation as a Measurement of Response to Cardiac Resynchronization Therapy: a Pilot Study,Not specified,Intrathoracic Blood Volume in Heart Failure Patients,Not specified,COMPLETED,ClinicalTrials.gov
NCT02516293,Cardiac Rehabilitation in Chagas Heart Failure,"Exercise, nutritional and pharmaceutical counseling",Chagas Disease; Chagas Cardiomyopathy,"PHASE2, PHASE3",COMPLETED,ClinicalTrials.gov
NCT04405804,Early Administration of Ivabradine in Children With Heart Failure,Ivabradine 5Mg Tab,Acute Heart Failure; Dilated Cardiomyopathy,PHASE2,UNKNOWN,ClinicalTrials.gov
NCT04310384,'Single Hand Used inTubaTing Laryngoscope Evaluation' Study,ShuttleScope; MacIntosh Laryngoscope,Respiratory Failure; Cardiac Arrest; Difficult Intubation; Anesthesia Intubation Complication,NA,UNKNOWN,ClinicalTrials.gov
NCT02153892,Feasibility of the AccuCinch® System for Left Ventricular Reshaping of the Mitral Apparatus to Reduce Functional Mitral Regurgitation and Improve Left Ventricular Function,GDS Accucinch System,Severe Functional Mitral Regurgitation and Heart Failure,NA,COMPLETED,ClinicalTrials.gov
NCT01014611,Impact of Heart Failure on Calcium Homeostasis and Mitochondrial Function in Human Skeletal Muscle,Not specified,Heart Failure,Not specified,TERMINATED,ClinicalTrials.gov
NCT04508608,Scintigraphic Evaluation of Contractile and Coronary Reserve in Patients With Ischemic Cardiomyopathy,Stress Gated blood pool SPECT; Dynamic SPECT,Ischemic Cardiomyopathy,Not specified,COMPLETED,ClinicalTrials.gov
NCT00282789,BiPAP for Cardiomyopathy With Central Sleep Apnea,bilevel positive airway pressure; bilevel positive airway pressure (Device),Dilated Cardiomyopathy,NA,COMPLETED,ClinicalTrials.gov
NCT02410811,Novel Cardiac Magnetic Resonance Imaging to Define a Unique Restrictive Cardiomyopathy in Sickle Cell Disease,Cardiac magnetic resonance imaging (CMR),Sickle Cell Disease,Not specified,COMPLETED,ClinicalTrials.gov
NCT07103655,The Therapeutic Value of Mavacamten in Hypertrophic Cardiomyopathy With Mid-to-Apical Left Ventricular Obstruction,"mavacamten; Beta Blocker (BB) - metoprolol, bisoprolol, carvedilol; diltiazem",Hypertrophic Cardiomyopathy (HCM),PHASE4,NOT_YET_RECRUITING,ClinicalTrials.gov
NCT01948206,Study of Paced QRS Duration as a Marker of Sudden Cardiac Death,Not specified,Sudden Cardiac Death,Not specified,TERMINATED,ClinicalTrials.gov
NCT02148926,Clinical and Genetic Examinations of Dilated Cardiomyopathy,Not specified,Dilated Cardiomyopathy,Not specified,COMPLETED,ClinicalTrials.gov
NCT02133911,A Pilot Trial of Ranolazine to Treat Patients With Dilated Cardiomyopathy,Ranolazine,Dilated Cardiomyopathy,PHASE2,COMPLETED,ClinicalTrials.gov
NCT07325968,Cardiac MRI in Myocarditis and Inflammatory Cardiomyopathy,Not specified,Myocarditis; Inflammatory Cardiomyopathy,Not specified,ENROLLING_BY_INVITATION,ClinicalTrials.gov
NCT05617391,An Evaluation of Concordance of Smartwatch ECG and One Clinical ECG and Comparison of The Two ECGS in Terms of Predictive Risks,Not specified,"Childhood Cancer; Cardiomyopathy, Primary",Not specified,ACTIVE_NOT_RECRUITING,ClinicalTrials.gov
NCT01372397,Reversal of Obesity Cardiomyopathy,Not specified,Cardiomyopathy,Not specified,COMPLETED,ClinicalTrials.gov
NCT06169358,Screening Patients With Fabry Disease in Patients With Hypertrophic Cardiomyopathy or Left Ventricular Hypertrophy,Not specified,Hypertrophic Cardiomyopathy; Left Ventricular Hypertrophy; Fabry Disease,Not specified,UNKNOWN,ClinicalTrials.gov
NCT00744315,Induced Angiogenesis by Genic Therapy in Advanced Ischemic Cardiomyopathy,Mini-thoracotomy for intramyocardial injection of VEGF165,Ischemic Cardiopathy,PHASE2,UNKNOWN,ClinicalTrials.gov
NCT05098665,PATHWAY-RCT: Preventing Admission To Hospital With Attr cardiomyopathY,Telemonitoring service,Cardiac Amyloidosis,NA,RECRUITING,ClinicalTrials.gov
NCT04893629,New Horizons for the Treatment of Cardiomyopathy in Children,mono nuclear cells injection; Digoxin+furosemide+captopril,Cardiomyopathy,NA,TERMINATED,ClinicalTrials.gov
NCT03049228,In and ex Vivo Mitochondrial Function of the Heart,31P-MRS scan and cardiac MRI scan; Atrial biopsy for high-resolution respirometry; Blood analysis; Body composition; Indirect Calorimetry,"Diabetes Mellitus, Type 2; Diabetic Cardiomyopathies",Not specified,COMPLETED,ClinicalTrials.gov
NCT05911386,Multiparametric Echocardiography and Cardiac Biomarkers in Pediatric Inflammatory Heart Diseases,study of biological samples and echocardiographic data and link with need of hemodynamic support,Myocarditis; Pediatric Inflammatory Multisystem Syndrome; Kawasaki Disease,Not specified,UNKNOWN,ClinicalTrials.gov
NCT02361073,The Role of Emotional Stress in Patients With Stress-induced Cardiomyopathy,Not specified,Takotsubo Cardiomyopathy,Not specified,UNKNOWN,ClinicalTrials.gov
NCT03702829,24 Month Open Label Study of the Tolerability and Efficacy of Inotersen in TTR Amyloid Cardiomyopathy Patients,Inotersen,Amyloidosis,PHASE2,UNKNOWN,ClinicalTrials.gov
NCT03777839,PET-FDG in Myocarditis,FDG PET/CT,Myocarditis; Viral Myocarditis,Not specified,COMPLETED,ClinicalTrials.gov
NCT06010199,Risk Stratification Value of Biomarkers in Patients With Myocarditis,Not specified,Myocarditis,Not specified,RECRUITING,ClinicalTrials.gov
NCT01067209,Reversal of Obese/Diabetic Cardiomyopathy After Gastric Bypass Surgery,Not specified,Cardiomyopathy,Not specified,COMPLETED,ClinicalTrials.gov
NCT05135871,Study Evaluating the Pharmacokinetics of Mavacamten in Healthy Adult Chinese Subjects,Mavacamten,Hypertrophic Cardiomyopathy,PHASE1,COMPLETED,ClinicalTrials.gov
NCT07006493,REFINE-HCM: Intramyocardial Septal Radiofrequency Ablation for Obstructive Hypertrophic Cardiomyopathy,Transcatheter Intramyocardial Septal Radiofrequency Ablation System,"Hypertrophic Cardiomyopathy, Obstructive",NA,RECRUITING,ClinicalTrials.gov
NCT00226109,Clinical Trial Studying the Effects of Spironolactone on Heart and Skeletal Muscle Function in Chronic Alcoholics,spironolactone,"Cardiomyopathy, Alcoholic; Alcoholism",PHASE4,SUSPENDED,ClinicalTrials.gov
NCT00430833,CHANCE - Candesartan in Hypertrophic Cardiomyopathy,candesartan,Hypertrophic Cardiomyopathy,PHASE2,UNKNOWN,ClinicalTrials.gov
NCT06210607,A Trial of HS-10511 in Healthy Subjects,HS-10511 Tablets; HS-10511 Tablets Placebo,Hypertrophic Cardiomyopathy,PHASE1,UNKNOWN,ClinicalTrials.gov
NCT06323811,Comparison of Free-breathing 3D Quantitative Perfusion in Patients With MINOCA and MINOCA-mimics,CMR,Myocardial Infarction With Non-Obstructive Coronary Artery; Myocarditis Acute; Takotsubo Cardiomyopathy; Spontaneous Coronary Artery Dissection; Non ST Elevation Myocardial Infarction,NA,RECRUITING,ClinicalTrials.gov
NCT06814587,Hyperpolarized 13C Pyruvate-MRI and FDG-PET in a Single Exam for the Prognosis of Ischemic Cardiomyopathy,Hyperpolarized 13C Pyruvate Magnetic Resonance Imaging (HP-13C MRI); [¹⁸F]Fluorodeoxyglucose Positron Emission Tomography (FDG-PET),Coronary Artery Disease; Coronary Artery Bypass Graft (CABG),Not specified,RECRUITING,ClinicalTrials.gov
NCT01721967,Ranolazine for the Treatment of Chest Pain in HCM Patients,Ranolazine,Hypertrophic Cardiomyopathy,PHASE4,COMPLETED,ClinicalTrials.gov
NCT06092034,A Gene Therapy Study of RP-A501 in Male Patients With Danon Disease,RP-A501,Danon Disease,PHASE2,RECRUITING,ClinicalTrials.gov
NCT05793398,Biomaterial Collection - and Analysis in Cardiac Sarcoidosis,Not specified,Cardiac Sarcoidosis,Not specified,NOT_YET_RECRUITING,ClinicalTrials.gov
NCT00883636,Cardiomyopathy in Steroid-resistant Nephrotic Syndrome: Impact of Focal Segmental Glomerulosclerosis,Cardiovascular Assessment; Renal Assessment; Genetic Evaluation,Focal Segmental Glomerulosclerosis; Nephrotic Syndrome; Steroid Resistant Nephrotic Syndrome; Chronic Kidney Disease,Not specified,TERMINATED,ClinicalTrials.gov
NCT01643330,A Study of Genetically Targeted Enzyme Replacement Therapy for Advanced Heart Failure,AAV1/SERCA2a (MYDICAR); Placebo,Ischemic Cardiomyopathy; Non-ischemic Cardiomyopathy; Heart Failure; Cardiomyopathies,PHASE2,COMPLETED,ClinicalTrials.gov
NCT04638621,Dilated Cardiomyopathy-Cardiac Magnetic Resonance (DCM-CMR) Ancillary Study,Not specified,Dilated Cardiomyopathy,Not specified,RECRUITING,ClinicalTrials.gov
NCT00294671,The Effect of Diflunisal on Familial Amyloidosis,diflunisal; placebo,Familial Amyloid Polyneuropathy; Familial Amyloidosis,"PHASE2, PHASE3",COMPLETED,ClinicalTrials.gov
NCT02445534,Registry of Cell Therapy in Non-Ischemic Dilated Cardiomyopathy,Autologous stem cell therapy,"Cardiomyopathy, Dilated",Not specified,RECRUITING,ClinicalTrials.gov
NCT06823271,Haemodynamics and Ventricular Arrhythmias During Exercise in Patients With Arrhythmogenic Cardiomyopathy,Resting and exercise right heart catheterization; Right ventricular mapping,"Arrhythmias, Cardiac",NA,RECRUITING,ClinicalTrials.gov
NCT01917149,Supramaximal Titrated Inhibition of RAAS in Dilated Cardiomyopathy,Benazepril; Valsartan; Metoprolol,Dilated Cardiomyopathy,PHASE4,COMPLETED,ClinicalTrials.gov
NCT02316587,Assessment of Myocardial Fibrosis in Aortic STenosis,Not specified,Endomyocardial Fibrosis; Aortic Valve Stenosis,Not specified,COMPLETED,ClinicalTrials.gov
NCT03317964,Genetic Basis of Pacing-induced Cardiomyopathy,Saliva sample,"Pacemaker, Artificial; Cardiomyopathies",Not specified,COMPLETED,ClinicalTrials.gov
NCT06381466,"A Study to Investigate Safety, Tolerability, and Pharmacokinetics of Oral AZD0233 Compared With Placebo in Healthy Adult Participants.",AZD0233; AZD0233 Placebo,Dilated Cardiomyopathy,PHASE1,TERMINATED,ClinicalTrials.gov
NCT03356756,PET MRI Study in Patients With Cardiac Sarcoidosis,simultaneous combined 18F-FDG PET and cardiac MRI imaging,Inflammatory Cardiomyopathy; Sarcoidosis,Not specified,COMPLETED,ClinicalTrials.gov
NCT02646540,AiDing Diuresis wIth Tolvaptan (ADD-IT),Tolvaptan 30 mg + IV Diuretics; Metolazone 5 mg + IV Diuretics; 2.5 times the Diuretics Dose,Cardiomyopathy; Congestive Heart Failure,PHASE1,COMPLETED,ClinicalTrials.gov
NCT05633290,CharacterisatiON of carDiac funCTion in Intensive Care Unit Survivors of Sepsis.,CMR; hs-troponin; NT-pro BNP; CRP; IL1-B; IL-6; IL-10; TNF-alpha,Heart Failure; Myocarditis; Sepsis; Septic Shock,Not specified,UNKNOWN,ClinicalTrials.gov
NCT05577208,Renal Denervation in Hypertrophic Cardiomyopathy,"""Symplicity Spyral"" multi-electrode renal denervation catheter and ""Symplicity G3"" generator (Renal Denervation System)",Hypertrophic Cardiomyopathy,NA,UNKNOWN,ClinicalTrials.gov
NCT05427370,The Canadian CABG or PCI in Patients With Ischemic Cardiomyopathy Trial (STICH3C),Revascularization by PCI; Revascularization by CABG,Coronary Artery Disease; Heart Failure Systolic,NA,RECRUITING,ClinicalTrials.gov
NCT00138931,Genetics of Cardiovascular and Neuromuscular Disease,Blood draw (genetic testing),Cardiomyopathy; Arrhythmia; Muscular Dystrophy,Not specified,RECRUITING,ClinicalTrials.gov
NCT01071473,Resistance and Aerobic Exercise for Subclinical Anthracycline Cardiomyopathy,12 Week Exercise Intervention,Cardiomyopathy,NA,COMPLETED,ClinicalTrials.gov
NCT06775886,Effect of Personalized Accelerated Pacing in Symptomatic Patients With Non-Obstructive Hypertrophic Cardiomyopathy,myPACE+ algorithm,Non-obstructive Hypertrophic Cardiomyopathy; Hypertrophic Cardiomyopathy,NA,TERMINATED,ClinicalTrials.gov
NCT00001396,Natural History and Results of Dual Chamber (DDD) Pacemaker Therapy of Children With Obstructive Hypertrophic Cardiomyop...,Paragon Pacemaker,Hypertrophic Cardiomyopathy,PHASE1,COMPLETED,ClinicalTrials.gov
NCT02984111,Erythropoietin Effect on Ischemic_ Reperfusion Injury in Coronary Artery Bypass Graft Surgery,normal saline; erythropoietin,Myocardial Ischemic Reperfusion Injury,NA,COMPLETED,ClinicalTrials.gov
NCT01983293,CRT Implant Strategy Using the Longest Electrical Delay for Non-left Bundle Branch Block Patients,QLV based implant strategy; Standard of care implant strategy,Non-left Bundle Branch Block; Ischemic or Non-ischemic Cardiomyopathy,NA,COMPLETED,ClinicalTrials.gov
NCT04572893,Exploratory Study of Danicamtiv in Patients With Primary Dilated Cardiomyopathy (DCM) Due to Genetic Variants or Other Causalities,danicamtiv,Primary Familial Dilated Cardiomyopathy,PHASE2,TERMINATED,ClinicalTrials.gov
NCT02471885,Effect of Remote Ischaemic Conditioning in Oncology Patients,Remote Ischaemic Conditioning; Placebo,Cardiotoxicity,NA,UNKNOWN,ClinicalTrials.gov
NCT06101108,Early Diagnosis of Age-Linked CArdiac TransThyRetin Amyloidosis by Selective Screening in Spinal Stenosis Surgery,Not specified,Transthyretin Amyloid Cardiomyopathy,Not specified,RECRUITING,ClinicalTrials.gov
NCT02869308,Determination of Left Ventricular Ejection Fraction Using Cardiac Angioscintigraphy,stannous pyrophosphate; Technetium-99m; E-CAM Camera; CZT Semiconductor Camera (D-SPECT),Angioscintigraphy; Tomoscintigraphy,NA,UNKNOWN,ClinicalTrials.gov
NCT05674955,CWT Versus AT on Selected Cardiovascular Indices and Functional Capacity in Patients With Ischemic Cardiomyopathy.,Circuit weight versus aerobic training,Ischemic Cardiomyopathy,NA,COMPLETED,ClinicalTrials.gov
NCT02307214,Tako-Tsubo Cardiomyopathy and Cardiac Syndrome X: New Insights Into the Pathophysiology,"BaroReflex Sensitivity, endothelial function measurement",Syndrome X; Takotsubo Cardiomyopathy,NA,COMPLETED,ClinicalTrials.gov
NCT06092606,A Multicenter Clinical Trial on DH001 Tablets in the Prevention of Doxorubicin-induced Cardiotoxicity in Cancer Patients,Control group:DH001 placebo; Trial group: DH001 low-dose group; Trial group: DH001 high-dose group,Cancer; Heart Failure; Arrhythmia; Doxorubicin Induced Cardiomyopathy; Doxorubicin Adverse Reaction,PHASE2,UNKNOWN,ClinicalTrials.gov
NCT07150299,Myocardial Perfusion Changes Following Optimal Medical Treatment in Symptomatic Hypertrophic Cardiomyopathy,Mavacamten in clinical routine use,Hypertrophic Obstructive Cardiomyopathy \(HOCM\),Not specified,RECRUITING,ClinicalTrials.gov
NCT03163693,The Effects of Dexmedetomidine on cTnI and GP-BB in Patients Undergoing OPCABG,dexmedetomidine; normal saline,"Coronary Artery Bypass, Off-Pump",NA,UNKNOWN,ClinicalTrials.gov
NCT07370506,Telmisartan for Prevention of Doxorubicin-Induced Cardiotoxicity in Breast Cancer Patients,Telmisartan; Doxorubicin (DOX),Breast Cancer; Doxorubicin Induced Cardiomyopathy,"PHASE1, PHASE2",NOT_YET_RECRUITING,ClinicalTrials.gov
NCT02346422,A Phase 1/2 Study of High-dose Genetically Targeted Enzyme Replacement Therapy for Advanced Heart Failure,MYDICAR Phase 1; MYDICAR Phase 2; Placebo Phase 2 only,Ischemic Cardiomyopathy; Non-ischemic Cardiomyopathy; Heart Failure; Cardiomyopathies,"PHASE1, PHASE2",TERMINATED,ClinicalTrials.gov
NCT01970423,Sleep Apnea and CRT Upgrading,CRT; conventional right ventricular stimulation,Cardiomyopathy,NA,COMPLETED,ClinicalTrials.gov
NCT04200586,The Effects of SGLTi on Diabetic Cardiomyopathy,Dapagliflozin,Type2 Diabetes; Heart Failure With Reduced Ejection Fraction,PHASE4,UNKNOWN,ClinicalTrials.gov
NCT01006473,Exercise Training in Chagas Cardiomyopathy,Exercise training,Chagas Disease; Cardiomyopathy; Exercise Training,PHASE4,COMPLETED,ClinicalTrials.gov
NCT01334801,Biomarkers in Aortic Stenosis - B.A.S.S.,Blood Draw,Aortic Stenosis; Disorder of Prosthetic Cardiac Valve; Aortic Valve Insufficiency; Mitral Valve Insufficiency; Hypertrophic Cardiomyopathy; Tricuspid Valve Insufficiency,Not specified,COMPLETED,ClinicalTrials.gov
NCT03207230,Multicenter Exploratory Study of Accelerometry in Dilated Cardiomyopathy,Cardea SOLO; ActiGraph wGT3X-BT; Wavelet Wristband,Dilated Cardiomyopathy,NA,WITHDRAWN,ClinicalTrials.gov
NCT05645939,Association of Obesity and Cardiovascular Outcomes in Hypertrophic Cardiomyopathy,Diasgnosis of hypertrophic cardiomyopathy,Obesity; Hypertrophic Cardiomyopathy; Cardiovascular Morbidity,Not specified,UNKNOWN,ClinicalTrials.gov
NCT05521451,Clinical Cohort Study - TRUST,Not specified,"Arrhythmias, Cardiac; Atrial Fibrillation; Atrial Flutter; Ventricular Tachycardia; Atrial Tachycardia; Arrhythmogenic Right Ventricular Dysplasia; Long QT Syndrome; Brugada Syndrome; Supraventricular Tachycardia; Catecholaminergic Polymorphic Ventricular Tachycardia; Torsades De Pointes; Atrial Cardiomyopathy",Not specified,RECRUITING,ClinicalTrials.gov
NCT05939700,Mavacamten Pregnancy Surveillance Program,Mavacamten,Breastfeeding; Hypertrophic Cardiomyopathy; Pregnancy Related,Not specified,RECRUITING,ClinicalTrials.gov
NCT04303364,CARdiomyopathy in Type 2 DIAbetes Mellitus,Not specified,"Cardiomyopathy, Diabetic",Not specified,RECRUITING,ClinicalTrials.gov
NCT01271816,Prolonged Monitoring to Detect Ventricular Arrhythmias in Presymptomatic Arrhythmogenic Right Ventricular Cardiomyopathy (ARVC) Patients,Not specified,Arrhythmogenic Right Ventricular Cardiomyopathy (ARVC),Not specified,TERMINATED,ClinicalTrials.gov
NCT05394506,Modifying Factors in Striated Muscle Laminopathies,Skin Biopsy; Muscle biopsy,Laminopathies; Emery Dreifuss Muscular Dystrophy 2; LMNA-Related Congenital Muscular Dystrophy; Dilated Cardiomyopathy-1A,NA,RECRUITING,ClinicalTrials.gov
NCT01804699,National ARVC Data Registry and Bio Bank,Not specified,Arrhythmogenic Right Ventricular Cardiomyopathy,Not specified,COMPLETED,ClinicalTrials.gov
NCT06635863,Comparing Immune System Suppression to Medication for Unexplained Heart Function and Irregular Heartbeat,Prednisone 40mg,Ventricular Arrythmia; Non-ischemic Cardiomyopathy; Arrhythmogenic Inflammatory Cardiomyopathy,PHASE4,ENROLLING_BY_INVITATION,ClinicalTrials.gov
NCT06978998,Validation of the Prognostic Impact of a Retinal Photograph-based Cardiovascular Disease Risk Stratification System in de Novo HFrEF,Not specified,Heart Failure; Cardiomyopathies; Retinal Photograph; Deep Learning; Reti-CVD,Not specified,RECRUITING,ClinicalTrials.gov
NCT01013714,Cardiac Sympathetic Denervation for Prevention of Ventricular Tachyarrhythmias,Cardiac Sympathetic Denervation (CSD); Routine Care,Sudden Cardiac Death; Ventricular Tachycardia; Ventricular Fibrillation; Cardiomyopathy,PHASE3,UNKNOWN,ClinicalTrials.gov
NCT03340675,Oral Ifetroban in Subjects With Duchenne Muscular Dystrophy,Ifetroban; Placebo,"Duchenne Muscular Dystrophy Cardiomyopathy; Cardiomyopathy, Dilated",PHASE2,ACTIVE_NOT_RECRUITING,ClinicalTrials.gov
NCT06712030,Effect of Angiotensin Receptor/Neprilysin Inhibitors on Transthyretin Cardiac Amyloidosis and Heart Failure with Reduced Ejection Fraction,Sacubitril / Valsartan,Transthyretin Amyloidosis Cardiomyopathy (ATTR-CM),PHASE3,NOT_YET_RECRUITING,ClinicalTrials.gov
NCT06260709,A Research Study to Look at Long-term Treatment With a Medicine Called NNC6019-0001 for People Who Have Heart Failure Due to Transthyretin Amyloidosis,NNC6019-0001,Transthyretin Amyloid Cardiomyopathy (ATTR CM),PHASE2,ACTIVE_NOT_RECRUITING,ClinicalTrials.gov
NCT05375279,A PILOT Study on LSGB vs EMB in the Diagnosis of Cardiac Transthyretin Amyloidosis,Lip Salivary Gland Biopsy,Amyloidosis,Not specified,UNKNOWN,ClinicalTrials.gov
NCT01524861,Sympathetic Heart Innervation in Patients With Tako-Tsubo Cardiomyopathy,Placebo; alpha-lipoic acid; L-acetyl carnitine,"Apical Ballooning Syndrome; Nervous System Diseases, Sympathetic",PHASE4,COMPLETED,ClinicalTrials.gov
NCT01447654,Inhibition of the Renin Angiotensin System With Losartan in Patients With Hypertrophic Cardiomyopathy,Losartan; Placebo,Hypertrophic Cardiomyopathy,PHASE2,COMPLETED,ClinicalTrials.gov
NCT07359690,Multimodal Analysis of Endomyocardial Biopsies,Not specified,"Heart Transplantation; Dilated Cardiomyopathy (DCM); Hypertrophic Cardiomyopathy (HCM); Myocarditis, Pericarditis; Amyloidosis Cardiac; Cardiomyopathies; Sarcoidosis of the Heart",Not specified,RECRUITING,ClinicalTrials.gov
NCT04011059,Randomized Study of Coronary Revascularization Surgery With Injection of WJ-MSCs and Placement of an Epicardial Extracellular Matrix,Wharton's jelly-derived mesenchymal cells,Cardiovascular Diseases; Heart Failure; Coronary Artery Disease; Mesenchymal Stem Cell Transplantation; Regenerative Medicine,"PHASE1, PHASE2",UNKNOWN,ClinicalTrials.gov
NCT07371689,ANAKINRA IN THE TREATMENT OF PEDIATRIC ACUTE MYOCARDITIS,"Anakinra, KINERET®",PEDIATRIC ACUTE MYOCARDITIS,PHASE3,NOT_YET_RECRUITING,ClinicalTrials.gov
NCT03953989,Effects of Ranolazine on Coronary Microvascular Dysfunction in Patients With Hypertrophic Cardiomyopathy,Ranolazine PR (prolonged-release) 500 mg 1 tablet bis in die and 750 mg 1 tablet bis in die,HCM - Hypertrophic Non-Obstructive Cardiomyopathy,PHASE2,COMPLETED,ClinicalTrials.gov
NCT04225520,AMEND-CRT: Mechanical Dyssynchrony as Selection Criterion for CRT,Cardiac resynchronization therapy ON; Cardiac resynchronization therapy OFF,"Left Ventricular Dyssynchrony; Heart Failure; Cardiomyopathy, Dilated; Cardiac Remodeling, Ventricular",NA,RECRUITING,ClinicalTrials.gov
NCT05648825,Transapical Beating-Heart Septal Myectomy for Symptomatic Nonobstructive Hypertrophic Cardiomyopathy,Transapical beating-heart septal myectomy,Nonobstructive Hypertrophic Cardiomyopathy,NA,ACTIVE_NOT_RECRUITING,ClinicalTrials.gov
NCT00035386,Alcohol Septal Ablation in Obstructive Hypertrophic Cardiomyopathy: A Pilot Study,trans-right ventricular alcohol septal ablation (TRVASA),Hypertrophic Cardiomyopathy,PHASE2,COMPLETED,ClinicalTrials.gov
NCT07245420,Evaluation Of Cardiovascular Health Outcomes Among Survivors 2,Survivorship Care Plan + Educational Materials (delivered via CIAS platform); Healthy Hearts eHealth Program,Health Behavior,NA,RECRUITING,ClinicalTrials.gov
NCT01696370,Trimetazidine Therapy in Hypertrophic Cardiomyopathy,Trimetazidine; Placebo capsule,Hypertrophic Cardiomyopathy,PHASE2,UNKNOWN,ClinicalTrials.gov
NCT01504594,Autologous Stem Cells in Pediatric Patients With Dilated Cardiomyopathy,Intracoronary autologous stem cell infusion,"Cardiomyopathy, Dilated",PHASE1,SUSPENDED,ClinicalTrials.gov
NCT06236022,The Effects of Sirolimus in Patients With Dilated Cardiomyopathy Infected With Kaposi Sarcoma-associated Virus,Sirolimus,Dilated Cardiomyopathy; Kaposi's Sarcoma-Associated Herpesvirus Infection,PHASE4,RECRUITING,ClinicalTrials.gov
NCT01208727,Post Cond No Reflow,postconditioning,Myocardial Reperfusion Injury,NA,COMPLETED,ClinicalTrials.gov
NCT03061994,Metabolomic Study of All-age Cardiomyopathy,Not specified,Dilated Cardiomyopathy; Hypertrophic Cardiomyopathy; Arrhythmogenic Right Ventricular Cardiomyopathy; Left Ventricular Non-compaction; Restrictive Cardiomyopathy,Not specified,UNKNOWN,ClinicalTrials.gov
NCT03761654,Detection of Myocardial Dysfunction in Non-severe Subarachnoid Hemorrhage (WFNS 1-2) Using Speckle-tracking Echocardiography (STRAIN),Global Longitudinal Strain measure,Subarachnoid Hemorrhage (SAH); Left Ventricular Dysfunction; Stress Cardiomyopathy,Not specified,COMPLETED,ClinicalTrials.gov
NCT01905670,Safety and Performance of Electrodes Implanted in the Left Ventricle,WiCS-LV system,Heart Failure; Ventricular Dysfunction; Cardiomyopathies; Heart Diseases; Cardiovascular Diseases,NA,COMPLETED,ClinicalTrials.gov
NCT01736566,A Pilot Project Exploring the Impact of Whole Genome Sequencing in Healthcare,Family History + Whole Genome Sequencing; Family History Only,Healthy Adults (Full Study and Extension Phase); Hypertrophic Cardiomyopathy or Dilated Cardiomyopathy,NA,COMPLETED,ClinicalTrials.gov
NCT00005251,Genetic Analysis of Familial Hypertrophic Cardiomyopathy,Not specified,"Cardiovascular Diseases; Heart Diseases; Myocardial Diseases; Cardiomyopathy, Hypertrophic",Not specified,COMPLETED,ClinicalTrials.gov
NCT06338839,Transthyretin Amyloidosis Cardiomyopathy in Patients With HFpEF in Russia,Not specified,"Transthyretin Amyloidosis Cardiomyopathy, Heart Failure With Preserved Ejection Fraction",Not specified,TERMINATED,ClinicalTrials.gov
NCT01379261,Efficacy of Endovascular Catheter Cooling Combined With Cold Saline for the Treatment of Acute Myocardial Infarction,Cooling,Myocardial Infarction; Myocardial Reperfusion Injury; Anterior Wall Myocardial Infarction; Inferior Wall Myocardial Infarction,"PHASE2, PHASE3",COMPLETED,ClinicalTrials.gov
NCT05450783,"Tissue and Metabolic Characterization of Arrhythmogenic Cardiomyopathies by Hybrid PET-MRI Imaging, Impact of the Observed Profiles on the Phenotype and on the Evolution of Cardiomyopathy",Biocollection,Arrhythmogenic Cardiomyopathies,Not specified,RECRUITING,ClinicalTrials.gov
NCT02855554,Quantitative Cardiac Parametric Mapping,Cardiac Magnetic Resonance (CMR) imaging techniques,"Cardiomyopathy, Myocarditis, Ischemic Heart Disease",NA,RECRUITING,ClinicalTrials.gov
NCT03278457,Risk Stratification Using PET in HCM,Positron Emission Tomography,Hypertrophic Cardiomyopathy,Not specified,UNKNOWN,ClinicalTrials.gov
NCT06845319,Anthracycline-Free Neoadjuvant Chemoimmunotherapy for Triple Negative Breast Cancer Patients,Carboplatin; Paclitaxel; Pembrolizumab,Triple Negative Breast Cancer,PHASE2,RECRUITING,ClinicalTrials.gov
NCT01623245,Prevalence of Transthyretin Amyloidosis in Hypertrophic Cardiomyopathy,Not specified,Cardiac Amyloidosis; Amyloidosis in Transthyretin (TTR); Hypertrophic Cardiomyopathy (HCM),Not specified,COMPLETED,ClinicalTrials.gov
NCT02897739,Pathogenesis of Acute Stress Induced (Tako-tsubo) Cardiomyopathy: Energy Shut-Down or Intense Inflammation?,Magnetic resonance imaging; Acute Inflammatory Activation study; PET CT; Psychological assessment,Tako-tsubo Cardiomyopathy,Not specified,COMPLETED,ClinicalTrials.gov
NCT00253357,PROSPECT: Predictors of Response to Cardiac Re-Synchronization Therapy,Not specified,Heart Failure; Congestive Heart Failure; Cardiomyopathy,Not specified,COMPLETED,ClinicalTrials.gov
NCT04942912,Effect of Enzyme Replacement Therapy in Patients With Juvenile-onset Pompe Disease,Not specified,Pompe's Disease Juvenile Onset,Not specified,UNKNOWN,ClinicalTrials.gov
NCT06373549,Investigation of Myocardial Protection Efficacy of Cardioplegia Solutions Used in Open Heart Surgery,Patients with coronary artery bypass surgery routine procedural administration of cardioplegia solutions; Patients who underwent heart valve surgery without coronary artery disease routine procedural administration of cardioplegia solutions,Cardiovascular Diseases; Myocardial Reperfusion Injury,Not specified,COMPLETED,ClinicalTrials.gov
NCT02827799,Cognitive Behavioral Therapy for Insomnia in Stable Heart Failure,Cognitive Behavioral Therapy for Insomnia (CBT-I); Heart Failure Self-Management Education,Heart Failure; Insomnia; Cardiomyopathy,NA,COMPLETED,ClinicalTrials.gov
NCT04957147,Reverse Remodelling and Remission Markers in the Serial Evaluation of Recent-onset Dilated Cardiomyopathy,12 months of guideline-directed heart failure therapy,Dilated Cardiomyopathy,Not specified,COMPLETED,ClinicalTrials.gov
NCT01354808,ACCEL-LOADING-ACS Study,Dual Anti-Platelet Therapy (DAPT); Triple Anti-Platelet Therapy (TAPT),Platelet Aggregation Inhibitors; Anti-inflammatory Agent; Myocardial Reperfusion Injury,PHASE4,COMPLETED,ClinicalTrials.gov
NCT03177018,DNA Analysis From Isolated Cardiomyocytes in the Molecular Diagnosis of Arrhythmogenic Right Ventricular Cardiomyopathy/Dysplasia,Cardiomyocytes collection,Arrhythmogenic Right Ventricular Dysplasia; Arrhythmogenic Right Ventricular Cardiomyopathy,NA,COMPLETED,ClinicalTrials.gov
NCT06008340,Effect of Right Ventricle Lead Position on The Psychological Aspects of Patients With A Dual Chamber Pacemaker,Dual chamber Pacemaker,Pacing-Induced Cardiomyopathy,Not specified,UNKNOWN,ClinicalTrials.gov
NCT06080074,Multicenter Trial of ECMO in Children With Severe Cardiac Failure Using the Cardiohelp System,Cardiohelp device (VA-ECMO); Heparin; Bivalirudin,Heart Failure; Cardiogenic Shock; Congenital Heart Disease; Cardiomyopathies,PHASE2,RECRUITING,ClinicalTrials.gov
NCT04558723,Cardiac Magnetic Resonance Guidance of Implantable Cardioverter Defibrillator Implantation in Non-ischemic Dilated Cardiomyopathy,ICD/CRT-D implantation,Non-ischemic Dilated Cardiomyopathy,NA,RECRUITING,ClinicalTrials.gov
NCT04612296,The Heart Hive - Cardiomyopathy Study,Research genetic analysis,Cardiomyopathies; Myocarditis,Not specified,RECRUITING,ClinicalTrials.gov
NCT01392625,PercutaneOus StEm Cell Injection Delivery Effects On Neomyogenesis in Dilated CardioMyopathy (The POSEIDON-DCM Study),Autologous hMSCs; Allogeneic hMSCs,Non-ischemic Dilated Cardiomyopathy,"PHASE1, PHASE2",COMPLETED,ClinicalTrials.gov
NCT06433050,Sodium Glucose Co-transporter (SGLT) Inhibitors in Nonobstructive Hypertrophic Cardiomyopathy,Sotagliflozin,Hypertrophic Cardiomyopathy Without Obstruction,EARLY_PHASE1,RECRUITING,ClinicalTrials.gov
NCT04304118,Rajaie Cardiomyopathy and Myocarditis Registry,Not specified,Clinical Characteristics; Natural History; Long-term Outcomes; Current Therapeutic Approaches,Not specified,UNKNOWN,ClinicalTrials.gov
NCT04813159,Remote Ischaemic Conditioning in STEMI Patients in AFRICA,Remote Ischaemic Conditioning (RIC); Sham-control,STEMI; Remote Ischaemic Conditioning; Myocardial Reperfusion Injury,NA,RECRUITING,ClinicalTrials.gov
NCT03253835,Cardiac Blood Flow Patterns Associated With Left Ventricular Myocardial Damage,Single Group Assignment,Cardiomyopathies; Myocardial Injury; Healthy,Not specified,ENROLLING_BY_INVITATION,ClinicalTrials.gov
NCT04329689,Hyp Obst Cardiomyopathy,The Septal myectom,Hypertrophic Obstructive Cardiomyopathy,NA,UNKNOWN,ClinicalTrials.gov
NCT05564689,Absolute Coronary Flow in Patients With Heart Failure With Reduced Ejection Fraction and Left Bundle Branch Block With Cardiac Resynchronization Therapy,Intracoronary flow and pressure,Left Bundle-Branch Block; Heart Failure; Cardiac Resynchronization Therapy; Dilated Cardiomyopathy,Not specified,RECRUITING,ClinicalTrials.gov
NCT07349979,PCI With Guideline-Directed Medical Therapy for HFpEF Patients With Ischemic Cardiomyopathy,Percutaneous coronary intervention; Guideline-directed medical therapy,Heart Failure With Reduced Ejection Fraction; Coronary Artery Disease,NA,NOT_YET_RECRUITING,ClinicalTrials.gov
NCT03259113,Insertable Cardiac Monitors in Hypertrophic Cardiomyopathy,Insertable cardiac monitor,Hypertrophic Cardiomyopathy,NA,UNKNOWN,ClinicalTrials.gov
NCT04521790,Role of Endomyocardial Biopsy and Aetiology-based Treatment in Patients With Inflammatory Heart Disease in Arrhythmic and Non-arrhythmic Clinical Presentations: an Integrated Approach for the Optimal Diagnostic and Therapeutic Management,"support treatment, cardiac medical treatment, aetiology-specific treatment, device implant, arrhythmia ablation",Myocarditis; Ventricular Arrythmia; Inflammatory Cardiomyopathy; Genetic Predisposition; Autoimmunity; Arrhythmia; Cardiomyopathies; Immunosuppression; Catheter Ablation,Not specified,RECRUITING,ClinicalTrials.gov
NCT02077010,Nebulized Inhaled Milrinone in a Hospitalized Advanced Heart Failure Population,Inhaled nebulized milrinone,Heart Failure; Cardiomyopathy,PHASE1,COMPLETED,ClinicalTrials.gov
NCT02922517,Predictive Factors and Consequences of Myocardial Fibrosis in Hypertrophic Cardiomyopathy,Not specified,Hypertrophic Cardiomyopathy,Not specified,UNKNOWN,ClinicalTrials.gov
NCT03231189,Cardiac MRI in Front Line for the Diagnosis of Coronary Artery Disease as the Etiology of Left Ventricular Dysfunction,Not specified,Ischemic Cardiomyopathy,Not specified,COMPLETED,ClinicalTrials.gov
NCT06073574,CARDIO-TTRansform Magnetic Resonance Imaging (MRI) Sub-study,Cardiac MRI,Transthyretin-Mediated Amyloid Cardiomyopathy (ATTR-CM),Not specified,ACTIVE_NOT_RECRUITING,ClinicalTrials.gov
NCT04684290,Surgical Septal Myectomy vs Percutaneous Transluminal Alcohol Septal Ablation in Patients With Hypertrophic Obstructive Cardiomyopathy,Alcohol Septal Ablation; Surgical Septal Myectomy,Hypertrophic Cardiomyopathy,NA,RECRUITING,ClinicalTrials.gov
NCT07021976,A Phase III Trial of HRS-1893 in Patients With Obstructive Hypertrophic Cardiomyopathy,HRS-1893 Tablets; HRS-1893 Placebo Tablets,Obstructive Hypertrophic Cardiomyopathy,PHASE3,RECRUITING,ClinicalTrials.gov
NCT04672408,His Bundle Pacing Versus Right Ventricular Pacing,His bundle pacing; Right ventricular pacing,Pacing-Induced Cardiomyopathy,NA,TERMINATED,ClinicalTrials.gov
NCT04320017,Joint Use of Electrocardiogram and Transthoracic Echocardiography With Other Clinico-biological Parameters in an Observational Study to Monitor Cardio-vascular Events and Predict Outcomes in Patients Diagnosed With COVID-19,"Electrocardiogram, transthoracic echocardiography and clinico-biological parameters in routine care",COVID-19; Myocardial Injury; Myocarditis,Not specified,COMPLETED,ClinicalTrials.gov
NCT07218887,ALXN2350 in Adult Participants With BAG3-Associated Dilated Cardiomyopathy,ALXN2350,BAG3 Mutation Associated Dilated Cardiomyopathy,"PHASE1, PHASE2",RECRUITING,ClinicalTrials.gov
NCT03304847,Arrhythmogenic Substrate in Primary Cardiomyopathies and/or Channellopathies,ablation,Cardiomyopathy,NA,UNKNOWN,ClinicalTrials.gov
NCT03439514,A Study of ARRY-371797 (PF-07265803) in Patients With Symptomatic Dilated Cardiomyopathy Due to a Lamin A/C Gene Mutation,ARRY-371797 (PF-07265803); Placebo,Dilated Cardiomyopathy; Lamin A/C Gene Mutation,PHASE3,TERMINATED,ClinicalTrials.gov
NCT00208806,Resynchronization Therapy in Young Patients With and Without CHD,congestive heart failure patients,Dilated Cardiomyopathy; Pediatric,Not specified,COMPLETED,ClinicalTrials.gov
NCT00500552,Perhexiline Therapy in Patients With Hypertrophic Cardiomyopathy,Perhexiline/Placebo,Hypertrophic Cardiomyopathy,PHASE2,COMPLETED,ClinicalTrials.gov
NCT07021963,A Clinical Study to Evaluate the Long-term Safety of HRS-1893 in Hypertrophic Cardiomyopathy,HRS-1893 Tablet,Hypertrophic Cardiomyopathy,PHASE2,RECRUITING,ClinicalTrials.gov
NCT04908306,IMAGE-HF: Project IIa Canadian CArdiomyopathy Registry for Device Therapy,Not specified,Heart Failure,Not specified,UNKNOWN,ClinicalTrials.gov
NCT02696135,The Chinese Hypertrophic Cardiomyopathy Study(CHCS),Not specified,"Cardiomyopathy, Hypertrophic",Not specified,RECRUITING,ClinicalTrials.gov
NCT06604169,An Observational Study of Subcutaneous Implantable Cardioverter Defibrillator in Patients with Hypertrophic Cardiomyopathy At High Risk of Sudden Cardiac Death,Not specified,HCM - Hypertrophic Cardiomyopathy; S-ICD System (implantable Defibrillator),Not specified,ACTIVE_NOT_RECRUITING,ClinicalTrials.gov
NCT00004482,"Phase II Randomized Study of Muromonab-CD3, Cyclosporine, Methylprednisolone, and Prednisone in Patients With Giant Cell Myocarditis",Cyclosporine; methylprednisolone; Muromonab-CD3; prednisone,Myocarditis; Giant Cell Myocarditis,PHASE2,COMPLETED,ClinicalTrials.gov
NCT01150461,Effect of Losartan in Patients With Nonobstructive Hypertrophic Cardiomyopathy,losartan; placebo,Hypertrophic Cardiomyopathy,PHASE2,COMPLETED,ClinicalTrials.gov
NCT06001073,Prognosis Prediction System of Patients With Cardiovascular and Cerebrovascular Diseases Based on Multi-omics,Observational; No Interventions were given.,"Coronary Artery Disease; Arrhythmias, Cardiac; Heart Valve Diseases; Aortic Dissection; Heart Neoplasms; Myocarditis; Hypertension; Cardiomyopathies; Structural Heart Disease; Ischemic Cerebrovascular Disease; Hemorrhagic Cerebrovascular Disease; Brain Neoplasms",Not specified,RECRUITING,ClinicalTrials.gov
NCT07215715,US Benchmarking Clinical Study,Not specified,HFpEF - Heart Failure With Preserved Ejection Fraction; HFmrEF; ATTR-CM (Transthyretin Amyloid Cardiomyopathy); Left Ventricular Hypertrophy; Cardiac Amyloidosis,Not specified,RECRUITING,ClinicalTrials.gov
NCT00498524,Risk of Life-threatening Heart Rhythm Disturbances in Siblings,ICD; ICD,"Defibrillators, Implantable; Myocardial Infarction; Tachycardias, Ventricular",Not specified,COMPLETED,ClinicalTrials.gov
NCT00027196,Signs and Symptoms Associated With Molecular Defects in Genetically Inherited Heart Disease,Not specified,Congenital Heart Defect,Not specified,COMPLETED,ClinicalTrials.gov
NCT06152562,Evaluation of Platelet Therapy Response in Left Ventricular Assist Device Patients,VerifyNow antiplatelet therapy response test,End-stage Heart Failure; Cardiomyopathies; Mechanical Circulatory Support,Not specified,COMPLETED,ClinicalTrials.gov
NCT06327308,Evaluation of Cirrhotic Cardiomyopathy by Cardiac MRI in Patients Waiting for Liver Transplant.,MRI; Blood sampling,Cirrhosis,Not specified,NOT_YET_RECRUITING,ClinicalTrials.gov
NCT05371496,Cardiac and Metabolic Effects of Semaglutide in Heart Failure With Preserved Ejection Fraction,Semaglutide; Placebo; Counselling on healthy lifestyle intervention,Cardiomyopathy; Heart Failure With Preserved Ejection Fraction (HFpEF); Obesity,PHASE2,ENROLLING_BY_INVITATION,ClinicalTrials.gov
NCT04778696,PASO Automated Template Matching for PVC Ablation,PASO Pacemapping; Conventional Pacemapping,PVC - Premature Ventricular Complex; Cardiomyopathies; Heart Failure; Ventricular Tachycardia,NA,UNKNOWN,ClinicalTrials.gov
NCT02806570,The CorCinch - Functional Mitral Valve Regurgitation (FMR) Study,Mitral valve repair,Heart Failure; Mitral Valve Insufficiency; Cardiomyopathies,NA,COMPLETED,ClinicalTrials.gov
NCT03892343,Effects of Renal Transplantation on Uraemic Cardiomyopathy,Cardiac MRI,Cardiomyopathies,Not specified,UNKNOWN,ClinicalTrials.gov
NCT01355315,Enhanced External Counterpulsation,Not specified,Coronary Artery Disease; Congestive Heart Failure,Not specified,COMPLETED,ClinicalTrials.gov
NCT00123695,Serial Echocardiography After Subarachnoid Hemorrhage,Not specified,Subarachnoid Hemorrhage; Myocardial Stunning; Takotsubo Cardiomyopathy,Not specified,UNKNOWN,ClinicalTrials.gov
NCT00585546,Harefield Recovery Protocol Study for Patients With Refractory Chronic Heart Failure,clenbuterol,Heart Failure; Dilated Cardiomyopathy,PHASE1,TERMINATED,ClinicalTrials.gov
NCT05519046,Cardiac Contractility Modulation in Chagas Heart Disease,Cardiac Contractility Modulation (CCM); CRT,Chagas Cardiomyopathy; Heart Failure; Systolic Dysfunction; Right Bundle Branch Block and Left Anterior Fascicular Block; Right Bundle Branch Block and Left Posterior Fascicular Block,NA,RECRUITING,ClinicalTrials.gov
NCT02240056,Brain fMRT In Takotsubo Cardiomyopathy,Not specified,Takotsubo Cardiomyopathy,Not specified,COMPLETED,ClinicalTrials.gov
NCT01056367,Resistant Hypertension in Patients With Type-II-Diabetes Mellitus,Not specified,Resistant Hypertension; NIDDM,Not specified,COMPLETED,ClinicalTrials.gov
NCT04994119,Effect of BIA 5-1058 400 mg on Warfarin Pharmacokinetics,BIA 5-1058; Warfarin,Pulmonary Arterial Hypertension,PHASE1,COMPLETED,ClinicalTrials.gov
NCT04472312,Portal Pressure Effects of Phlebotomy Combined to Vasopressin Use in Cirrhotic Patients Undergoing Liver Transplantation,Not specified,"Liver Transplantation; Portal Hypertension; Blood Transfusion; Blood Loss, Surgical",Not specified,COMPLETED,ClinicalTrials.gov
NCT06946667,Resistance Characteristics and Development of Diagnostic Model for Postoperative UTI in Patients With Kidney Stones,the UTI group; the Non-UTI group,Urinary Tract Infection Complicated; Kidney Stones; Antimicrobial Resistance,Not specified,COMPLETED,ClinicalTrials.gov
NCT01051739,Variability in Perimetry Study,Comparison of four visual field testing strategies,Glaucoma,Not specified,COMPLETED,ClinicalTrials.gov
NCT04567875,Evaluation of Cardiotoxicity and Hypertension in Patients With Non Metastatic Castration Resistant Prostatic Carcinoma,No Intervention on patients,Castration-resistant Prostate Cancer,Not specified,UNKNOWN,ClinicalTrials.gov
NCT01415401,Efficacy and Tolerability of AZARGA® as Replacement Therapy in Patients on COMBIGAN® Therapy in Canada,Brinzolamide 1% / timolol 0.5% maleate fixed combination,Glaucoma; Ocular Hypertension; Open-angle Glaucoma,PHASE4,COMPLETED,ClinicalTrials.gov
NCT03675412,Caffeine Consumption in Glaucoma Patients and Healthy Subjects,Caffeine tablet,"Glaucoma, Primary Open Angle",NA,RECRUITING,ClinicalTrials.gov
NCT02828891,Analysis of Translaminar Pressure Gradient Using Noninvasive Cerebrospinal Fluid Pressure Monitoring,Two-Dimensional Transcranial Doppler,Glaucoma,NA,WITHDRAWN,ClinicalTrials.gov
NCT00481208,Diurnal Intraocular Pressure and Peripapillary Retinal Blood Flow in Medically Controlled Open-Angle Glaucoma,Not specified,Open-Angle Glaucoma,Not specified,COMPLETED,ClinicalTrials.gov
NCT00957190,The DIOXXACT Trial(Diurnal IOP and OBF Xalatan vs Xalatan And Cosopt Trial),Dorzolamide 20 mg and Timolol 5 mg,Eye Disease,PHASE4,COMPLETED,ClinicalTrials.gov
NCT07082933,Long-term Survival and Influencing Factors of Patients With Pulmonary Arterial Hypertension and Diabetes,Standard medical treatment,Pulmonary Arterial Hypertension (PAH),Not specified,NOT_YET_RECRUITING,ClinicalTrials.gov
NCT06979752,Efficacy and Safety of Tran Cannula in Combined Pseudoexfoliative Glaucoma and Cataract Surgery Compared With Augmented Ocular Irrigation,Tran canula; augmented irrigation,"Glaucoma, Open Angle, Pseudo-exfoliative; Cataract",NA,RECRUITING,ClinicalTrials.gov
NCT00735449,Comparing Efficacy and Safety of Combigan With Timolol Adjunctive to Xalatan in Glaucoma or Ocular Hypertension Subjects,Fixed combination of brimonidine tartrate 0.2% timolol maleate 0.5%; timolol maleate 0.5%; latanoprost 0.005%,Glaucoma; Ocular Hypertension,PHASE4,COMPLETED,ClinicalTrials.gov
NCT06315985,Classical Turkish Music for Pregnant Women With Preeclampsia,Experimental group: Listenning to the Turkish Classical Music to pregnant women diagnosed with preeclampsia,Pre-Eclampsia,NA,NOT_YET_RECRUITING,ClinicalTrials.gov
NCT04143776,Renal- and Pulmonary Function in Relation to Abdominal Hypertension After Abdominal Reconstruction,Abdominal reconstruction,"Hernia, Ventral; Hernia Incisional; Acute Kidney Injury; Restrictive Lung Disease; Intraabdominal Hypertension",Not specified,WITHDRAWN,ClinicalTrials.gov
NCT01864317,Assessment of Optic Nerve Radiation in Patients With Glaucoma and Ocular Hypertension by 7 Tesla Diffusion Tensor Imaging,7-Tesla MRI; Optical Coherence Tomography; Heidelberg Retina Tomography; Scanning Laser Polarimetry; Humphrey Perimetry; Applanation Tonometry,Primary Open Angle Glaucoma; Ocular Hypertension; Normal Tension Glaucoma,PHASE2,TERMINATED,ClinicalTrials.gov
NCT01674491,Effects of Black Soy Peptide Supplementation on Blood Pressure,black soy peptide,Hypertension,PHASE3,COMPLETED,ClinicalTrials.gov
NCT06749418,Vascular Effects of High-Salt After Preeclampsia,Eplerenone,Preeclampsia; Preeclampsia Postpartum,EARLY_PHASE1,RECRUITING,ClinicalTrials.gov
NCT02609490,Azilsartan in Chinese Patients With Mild and Moderate Hypertension,Azilsartan tablets; Azilsartan placebo tablets; Olmesartan medoxomil tablets; olmesartan medoxomil placebo tablets,Hypertension,PHASE3,COMPLETED,ClinicalTrials.gov
NCT01500590,"Effect of Renin-angiotensin System Blockers on Glomerular Filtration Rate in Patients With Hypertension, Type 2 Diabetes With Normoalbuminuria",Renin-angiotensin system blockers; non-renin angiotensin system blockers,Diabetes; Hypertensive Disease,PHASE4,UNKNOWN,ClinicalTrials.gov
NCT06712758,Low Intraocular Pressure Cataract Surgery With Zeiss Quatera in Glaucoma Patients,Not specified,Cataract; Glaucoma,Not specified,RECRUITING,ClinicalTrials.gov
NCT03721848,Impact of a Health and Mental Health Promotion Intervention Among Jordanians and Syrians.,Healthy community clinic NCD+MH; Healthy community clinic NCD,Mental Stress; Hypertension; Diabetes,NA,COMPLETED,ClinicalTrials.gov
NCT00621335,A Investigator Masked Parallel Comparison of Tolerability of Combigan and Cosopt,Not specified,Open Angle Glaucoma; Ocular Hypertension,Not specified,COMPLETED,ClinicalTrials.gov
NCT00573118,Severe Pregnancy Complications Are Associated With Elevated Factor VIII Plasma Activity,Not specified,Pregnancy Complications; Preeclampsia; Placental Abruption; Intrauterine Fetal Growth Restriction; Intrauterine Fetal Death,Not specified,UNKNOWN,ClinicalTrials.gov
NCT04903210,Nicotinamide Mononucleotide in Hypertensive Patients,Nicotinamide mononucleotide supplied as 400mg capsule; Lifestyle modification,Hypertension,PHASE4,UNKNOWN,ClinicalTrials.gov
NCT05527106,Evaluation of the Effect of Citicoline and Docosahexaenoic Acid (DHA) on the Visual Function of Patients With Glaucoma,Citicoline; Docosahexaenoic Acid (DHA); Citicoline and Docosahexaenoic Acid (DHA); Vitamin C,Glaucoma,NA,COMPLETED,ClinicalTrials.gov
NCT02817204,Effect of Aerobic EXercise on MiCroVAscular RarefacTION in Chinese Mild HyperteNsive Patients（EXCAVATION-CHN1）,Aerobic Exercise; Health Education,Primary Hypertension,PHASE3,UNKNOWN,ClinicalTrials.gov
NCT04088552,Preventing Chronic Disease: ActuaYa,"Go4Life-Physical Activity/Exercise Program ""Workout to Go"" 5; ActuaYa Educational Sessions",Healthy Aging,NA,COMPLETED,ClinicalTrials.gov
NCT05016440,Lisinopril for Renal Protection in Postpartum Preeclamptic Women,Lisinopril,Microalbuminuria; Preeclampsia,NA,WITHDRAWN,ClinicalTrials.gov
NCT05947240,Effects of UE Aerobic Exercise on Exercise Capacity and PA in Patients With Pulmonary Arterial Hypertension.,aerobic exercises; active alternating movements for the upper limbs,Pulmonary Arterial Hypertension (PAH),NA,COMPLETED,ClinicalTrials.gov
NCT01391104,Responsiveness of Exercise Tests in Pulmonary Arterial Hypertension,Sildenafil; Sugar Pill,Pulmonary Arterial Hypertension,NA,COMPLETED,ClinicalTrials.gov
NCT00089752,Continuous Positive Airway Pressure to Improve Milder Obstructive Sleep Apnea,Continuous Positive Airway Pressure (CPAP) Treatment; Sham CPAP device - CPAP device with pressure delivered <1 cm H20,Lung Diseases; Sleep Apnea Syndromes; Hypertension,NA,COMPLETED,ClinicalTrials.gov
NCT06881758,High Intensity Training for Patients with Anxiety,Exercise,Anxiety; Depression Anxiety Disorder; Blood Pressure Check (Hypertension Screening),NA,ENROLLING_BY_INVITATION,ClinicalTrials.gov
NCT01352689,CKD-828(80/2.5mg) Pharmacokinetic Study_2nd,CKD-828(FDC); Combination Therapy,Hypertension,PHASE1,COMPLETED,ClinicalTrials.gov
NCT05580068,Investigation and Validation of a Study Project on Digital Therapy Management of Patients With Arterial Hypertension,Hypertension therapy through iATROS medical device,Cardiovascular Diseases; Hypertension,NA,RECRUITING,ClinicalTrials.gov
NCT01399489,Aerobic Training and Arterial Stiffness in Chronic Kidney Disease (CKD) Patients,Exercise training,Chronic Kidney Disease; Hypertension; Diabetes,NA,COMPLETED,ClinicalTrials.gov
NCT05098691,Early Onset Preeclampsia and Nectin-4,serum marker levels,Pre-Eclampsia; Early Onset Preeclampsia; Oxidative Stress; Immunologic Diseases in Pregnancy,Not specified,COMPLETED,ClinicalTrials.gov
NCT01480791,Aliskiren vs Hydrochlorothiazide in Hypertensive Type II Diabetic Patients on Resistance Arteries,Aliskiren vs. hydrochlorothiazide; Hydrochlorothiazide,Hypertension; Diabetes,PHASE2,WITHDRAWN,ClinicalTrials.gov
NCT06989502,Implementation of the COmmunity HEalth System InnovatiON Project in Low- and Middle- Income Countries,Co-creation (2016 to 2019) + Co-design (2023 to 2024); Co-design only (2023 to 2024),Hypertension; Diabetes Mellitus; Neglected Tropical Diseases,NA,NOT_YET_RECRUITING,ClinicalTrials.gov
NCT01236872,The Acute Effect of Beetroot Juice in Normal and Hypertensive Subjects,Beetroot juice; Water,Hypertension,NA,COMPLETED,ClinicalTrials.gov
NCT06513195,EUS-guided Response Assessment to NSBB,endoscopic ultrasound-guided portal pressure measurement,Portal Hypertension Related to Cirrhosis,NA,RECRUITING,ClinicalTrials.gov
NCT03541057,Vienna Vascular Liver Disease Study,Not specified,Vascular Liver Disease; Portal Vein Thrombosis; Budd-Chiari Syndrome; Non-Cirrhotic Portal Hypertension; Rendu Osler Weber; Cardiac Cirrhosis; Porto-sinusoidal Vascular Disorder,Not specified,UNKNOWN,ClinicalTrials.gov
NCT01650857,"Pulmonary Hypertension: Efficacy of a 3 Week Inpatient Rehabilitation on Physical Condition, Body Composition and Health Related Quality of Life",Not specified,Pulmonary Hypertension: Efficacy of Rehabilitation,Not specified,UNKNOWN,ClinicalTrials.gov
NCT00785512,A Study on the Long-term Efficacy of Nebivolol After Withdrawal of Therapy,Nebivolol; Placebo,Hypertension,PHASE4,COMPLETED,ClinicalTrials.gov
NCT00283036,APROVE : Irbesartan in Hypertension,Irbesartan,Hypertension,PHASE4,COMPLETED,ClinicalTrials.gov
NCT02604771,Egypt Hypertension Study,Not specified,Different Classes of the Antihypertensive Treatment,Not specified,COMPLETED,ClinicalTrials.gov
NCT04271709,Manhattan Vision Screening and Follow-Up Study (NYC-SIGHT),Enhanced Intervention Using Patient Navigators; Usual Care,Glaucoma; Vision Impairment and Blindness; Cataract; Diabetic Retinopathy; Eye Diseases,NA,ACTIVE_NOT_RECRUITING,ClinicalTrials.gov
NCT00101504,Hypertension Education and Treatment Partnership for Reducing Ethnic Differences in the Risk of Cardiovascular Disease,Not specified,Cardiovascular Diseases; Hypertension; Heart Diseases,Not specified,COMPLETED,ClinicalTrials.gov
NCT02014389,Evaluation of Objective Perimetry Using Chromatic Multifocal Pupillometer,Not specified,Retinal Dystrophies; Retinitis Pigmentosa; Glaucoma,Not specified,RECRUITING,ClinicalTrials.gov
NCT02921568,Side-by-Side Comparison of P200TE and Spectral OCT/SLO on Diseased Eyes,P200TE; Spectral OCT/SLO,Retinal Disease; Glaucoma,NA,UNKNOWN,ClinicalTrials.gov
NCT05274009,Protective Cooling Measures to Safeguard Elderly People From Dangerous Summer Heat,No cooling (control); Recommended cooling; Hybrid cooling,Hyperthermia; Heat; Weather; Aging; Type2 Diabetes; Hypertension; Heat Stress,NA,UNKNOWN,ClinicalTrials.gov
NCT00989963,Dose-response Study of the Safety and Efficacy of Beraprost Sodium Modified Release (BPS-MR) in Patients With Pulmonary Arterial Hypertension (PAH),Beraprost Sodium Modified Release,Pulmonary Arterial Hypertension,PHASE2,COMPLETED,ClinicalTrials.gov
NCT03047538,Fixed Combination for Lipid and Blood Pressure Control,"Atorvastatin, Amlodipine, Perindopril",Arterial Hypertension; Dyslipidemias; Blood Pressure; Lipid Metabolism Disorders,PHASE4,WITHDRAWN,ClinicalTrials.gov
NCT00054925,Weight Loss Maintenance (WLM),Personal contact (PC); Interactive technology (IT),"Cardiovascular Diseases; Heart Diseases; Obesity; Diabetes Mellitus, Non-insulin Dependent; Hypertension",NA,COMPLETED,ClinicalTrials.gov
NCT00139217,NO Need to Ventilate: A Trial of Non-invasive Inhaled Nitric Oxide in Persistent Pulmonary Hypertension of the Newborn,iNO; Non-invasive nitric oxide,Pulmonary Hypertension,NA,COMPLETED,ClinicalTrials.gov
NCT05999851,Multiparametric Assessment of Maternal Vascular Function in the Prediction of Hypertensive Disorders of Pregnancy,Arterial applanation tonometry; In vivo endothelial glycocalyx measurement; Serum markers of angiogenesis and endothelial dysfunction; Blood chemistry test; Serum xanthine oxidase activity,Preeclampsia; Hypertensive Disorder of Pregnancy,NA,RECRUITING,ClinicalTrials.gov
NCT01247831,The Effect of Selective Laser Trabeculoplasty (SLT) on Ocular Rigidity,Selective Laser Trabeculoplasty,Glaucoma,NA,COMPLETED,ClinicalTrials.gov
NCT05679102,Atorvastatin as an Antihypertensive Agent,Amlodipine 5 MG Oral Tablet; Amlodipine 5 MG / Atorvastatin 10 MG Oral Tablet,Atorvastatin Antihypertensive Effect,NA,COMPLETED,ClinicalTrials.gov
NCT00300937,Coenzyme Q10 Supplementation and Development of Preeclampsia,Coenzyme Q10,Preeclampsia,PHASE3,COMPLETED,ClinicalTrials.gov
NCT05283395,Rocklatan® Evaluation,Netarsudil 0.02%/latanoprost 0.005% fixed dose combination ophthalmic solution,Glaucoma,PHASE4,COMPLETED,ClinicalTrials.gov
NCT01062971,Clinical Study of A Fixed Combination of Timolol-Brimonidine-Dorzolamide,dorzolamide-timolol-brimonidine,Primary Open Angle Glaucoma; Ocular Hypertension,PHASE2,COMPLETED,ClinicalTrials.gov
NCT06491199,Home Assessment of Blood Pressure in PregnancY,Home blood pressure telemonitoring program and clinician monitoring,Hypertensive Disorder of Pregnancy,Not specified,NOT_YET_RECRUITING,ClinicalTrials.gov
NCT02130687,Effect of Chronic ACE and DPP4 Inhibition on Blood Pressure,Placebo; Sitagliptin; Aprepitant; Mixed Meal Test (MMT),Type 2 Diabetes Mellitus; Hypertension,NA,COMPLETED,ClinicalTrials.gov
NCT00494793,Vacuum Assisted Wound Closure (VAWC) and Mesh Mediated Fascial Traction,VAWC and mesh mediated fascial traction,Open Abdomen; Fascial Closure,NA,COMPLETED,ClinicalTrials.gov
NCT03476616,Antihypertensive Pharmacological Therapy With Mineralocorticoid Receptor Antagonists in Obese Hypertensive Patients,Eplerenone (-based therapy) arm; Valsartan (-based therapy) arm,Hypertension; Obesity,PHASE4,COMPLETED,ClinicalTrials.gov
NCT07038252,The Effect of Oral SPM Supplementation on INflammation-induced Vascular Ageing in Obese Hypertensive Patients,Oral SPM-enriched marine oil (LIPINOVA); Placebo,Hypertension; Obesity,NA,RECRUITING,ClinicalTrials.gov
NCT02006849,ACTH Treatment of APOL1- Associated Nephropathy,Acthar,Kidney Disease,NA,WITHDRAWN,ClinicalTrials.gov
NCT00756938,Study of Losartan in Pediatric Patients With Hypertension (MK-0954-337),losartan potassium,Hypertension,PHASE3,COMPLETED,ClinicalTrials.gov
NCT07327255,Pharmacokinetic Study to Evaluate Safety and Tolerability of EG-101 in Healthy Female Volunteers as a Safety Lead-In for Dosing in Pregnant Women With Severe Pre-eclampsia,EG-101,Pre-eclampsia,PHASE1,NOT_YET_RECRUITING,ClinicalTrials.gov
NCT01368185,Impact of MK-0954A on Uric Acid in the Management of Hypertension (MK-0954A-366),Not specified,Hypertension,Not specified,COMPLETED,ClinicalTrials.gov
NCT05512143,TMS for PTSD and Blood Pressure,Transcranial magnetic stimulation,Post-traumatic Stress Disorder; Hypertension,NA,ACTIVE_NOT_RECRUITING,ClinicalTrials.gov
NCT01576835,Renal Artery Contrast-Free Trial,Not specified,Renal Artery Stenosis; Kidney Diseases; Hypertension,Not specified,COMPLETED,ClinicalTrials.gov
NCT07076134,Community-and Primary Care-based Intervention Linked With mObile Technology for HTN Control in Nepal,FCHVs and FLHWs in a community managing HTN using primary care based approach and mobile health technology,Hypertension,NA,NOT_YET_RECRUITING,ClinicalTrials.gov
NCT00494533,Study of Intravenous Remodulin in Patients in India With Pulmonary Arterial Hypertension,Remodulin (treprostinil sodium),Pulmonary Arterial Hypertension,PHASE4,TERMINATED,ClinicalTrials.gov
NCT04461249,"Comparison Between Latanoprost , Travoprost and Tafluprost in Reducing IOP Fluctuation in POAG Patients",Latanoprost 0.005% Ophthalmic Solution; Travoprost 0.004% ophthalmic solution; Tafluprost Ophthalmic 0.0015% Ophthalmic Solution,Primary Open Angle Glaucoma,Not specified,COMPLETED,ClinicalTrials.gov
NCT01370655,A Study of MK-7145 Compared to Placebo and Hydrochlorothiazide for Lowering Blood Pressure in Male Participants With Hypertension (MK-7145-009),MK-7145; Hydrochlorothiazide (HCTZ); Placebo to MK-7145; Placebo to HCTZ,Hypertension,PHASE1,COMPLETED,ClinicalTrials.gov
NCT00444834,A Study of Controlled-Release Carvedilol Compared to Immediate-Release Carvedilol in Patients With Primary Hypertension,Carvedilol,Hypertension,PHASE2,TERMINATED,ClinicalTrials.gov
NCT02676947,A Therapeutic Open Label Study of Tocilizumab in the Treatment of Pulmonary Arterial Hypertension,Tocilizumab,Pulmonary Arterial Hypertension,PHASE2,COMPLETED,ClinicalTrials.gov
NCT04254458,Corneal Densitometry in Acute Primary Angle Closure Glaucoma,Corneal densitometry,Acute Primary Angle-closure Glaucoma,Not specified,COMPLETED,ClinicalTrials.gov
NCT07149740,Data Gathering for A10900,OCT,Retinal Disease; Healthy; Glaucoma; Corneal Diseases,Not specified,RECRUITING,ClinicalTrials.gov
NCT01261871,Intraocular Pressure During Robotic Assisted Laparoscopic Procedures Utilizing Steep Trendelenburg Positioning,Not specified,Ocular Hypertension,Not specified,COMPLETED,ClinicalTrials.gov
NCT03210571,Clinical Investigation of the eyeWatch Glaucoma Drainage Device,eyeWatch system,Open Angle Glaucoma,NA,COMPLETED,ClinicalTrials.gov
NCT04039464,Mono vs. Dual Therapy for Pediatric Pulmonary Arterial Hypertension,Mono-Therapy with Sildenafil; Duo-Therapy with Sildenafil + Bosentan,Pediatric Pulmonary Hypertension,PHASE3,ACTIVE_NOT_RECRUITING,ClinicalTrials.gov
NCT00911833,The Roles of Trust and Respect in Patient Reactions to Race-based and Personalized Medicine Vignettes: An Experimental Study,Not specified,Diabetes; Congenital Heart Disease; Hypertension,Not specified,COMPLETED,ClinicalTrials.gov
NCT03774147,24-hour Ambulatory Blood Pressure Monitoring in Patients With Blood Pressure Above Thresholds in General Practice,24-hour Ambulatory Blood Pressure Monitoring (ABPM),"Hypertension; Blood Pressure Monitoring, Ambulatory; Primary Health Care",Not specified,UNKNOWN,ClinicalTrials.gov
NCT03267849,Lamina Cribrosa Depth Change With Change in Eye Pressure,wearing swimming goggles or having laser suturelysis,"Glaucoma, Open-Angle",NA,COMPLETED,ClinicalTrials.gov
NCT06504849,Instant Message-delivered Personalised Lifestyle Modification Intervention for Pre-hypertension Adults,Receiving LSM messages.; Receiving brief pre-HTN messages.,Pre-hypertension; Lifestyle Modification; Blood Pressure Management; Mobile Phone Use,NA,RECRUITING,ClinicalTrials.gov
NCT03423758,"Investigating the Genetic Basis of Pseudoexfoliation Syndrome, Angle-closure Glaucoma and Primary Open-angle Glaucoma",Blood sample,Glaucoma,Not specified,RECRUITING,ClinicalTrials.gov
NCT02933658,Study of Multiple Oral Dosing to Evaluate the Safety and the Pharmacokinetic Drug-drug Interaction of Telmisartan/Amlodipine and Rosuvastatin in Healthy Male Volunteers,Telmisartan; Amlodipine; Rosuvastatin,Hypertension and Dyslipidemia,PHASE1,COMPLETED,ClinicalTrials.gov
NCT03316443,A Comparative Study of Glidescope Versus Macintosh Laryngoscope in Adult Hypertensive Patients,Glidescope; Macintosh,Hypertensive Patients,NA,COMPLETED,ClinicalTrials.gov
NCT06445543,Nutrition Optimization and Community Upliftment for Postpartum Recovery: Hypertension,MFeast ENHANCED; MFeast Usual Care,"Obesity, Maternal; Pre-Eclampsia; Complicating Pregnancy; Gestational Hypertension; Eclampsia; Complicating Pregnancy",NA,WITHDRAWN,ClinicalTrials.gov
NCT02603809,Dose-finding Study With ACT-132577 (Aprocitentan) in Participants With Essential Hypertension,Aprocitentan 5 mg; Aprocitentan 10 mg; Aprocitentan 25 mg; Aprocitentan 50 mg; Lisinopril 20 mg; Placebo,Essential Hypertension,PHASE2,COMPLETED,ClinicalTrials.gov
NCT02305914,Follow-up Study of Complications of Acute Pancreatitis,Not specified,"Pancreatitis; Pancreatic Neoplasms; Metabolic Diseases; Hypertension, Portal; Respiratory Failure; Quality of Life",Not specified,UNKNOWN,ClinicalTrials.gov
NCT01753648,Non-invasive Measurement of Retinal Blood Flow Based on Vessel Analysis and Fourier Domain Optical Coherence Tomography in Patients With Hypertensive Retinopathy,Dynamic Vessel Analyzer; FDOCT; Ocular perfusion pressure,Hypertensive Retinopathy,NA,UNKNOWN,ClinicalTrials.gov
NCT06489717,"High Altitude Residents With High Altitude Pulmonary Hypertension (HAPH), SDB Assessed at HA (3200 m) vs LA (760 m)",SDB assessment,High Altitude Pulmonary Hypertension,NA,COMPLETED,ClinicalTrials.gov
NCT04448249,Advanced Practice Nurse Intervention Versus Usual Care for Hypertension Control,APN intervention,Hypertension,NA,UNKNOWN,ClinicalTrials.gov
NCT01967355,Prolongation of Pregnancy in Preeclampsia by Therapeutic Lipid Apheresis,lipid apheresis,Preeclampsia; Dyslipidemia; Proteinuria; Hypertension,NA,COMPLETED,ClinicalTrials.gov
NCT03267108,A Study to Assess Pulsed Inhaled Nitric Oxide in Subjects With Pulmonary Fibrosis at Risk for Pulmonary Hypertension,INOpulse®; Placebo; Open Label Extension,Pulmonary Fibrosis; Pulmonary Hypertension,PHASE3,TERMINATED,ClinicalTrials.gov
NCT05452889,PET Image in PAH Patients,18F-FGLN PET Imaging; (18F)FPGLU,Pulmonary Arterial Hypertension,EARLY_PHASE1,RECRUITING,ClinicalTrials.gov
NCT01699126,The Endothelium Dysfunction in Patients of Obstructive Sleep Apnea Syndrome,CPAP; Statin,"Sleep Apnea, Obstructive",PHASE4,COMPLETED,ClinicalTrials.gov
NCT05466526,Microinvasive Glaucoma Surgery -The Lowering Effect of Intraocular Pressure on Glaucoma Patients With High Frequency Deep Sclerotomy,High frequency deep sclerotomy (HFDS),Primary Open Angle Glaucoma; Intraocular Pressure; Glaucoma Surgery,NA,UNKNOWN,ClinicalTrials.gov
NCT00966576,Efficacy and Safety of Adding Azarga to Prostaglandin Monotherapy,Brinzolamide/Timolol Maleate Fixed Combination (AZARGA),Glaucoma,PHASE4,COMPLETED,ClinicalTrials.gov
NCT02088450,Systolic Hypertension in Europe Placebo-Controlled Trial,Active treatment with nitrendipine (10-40 mg/day).,Isolated Systolic Hypertension,PHASE2,TERMINATED,ClinicalTrials.gov
NCT05402410,An AI Model Based on Smartphone-derived Multimodality Images to Evaluate Portal Hypertension in Patients With Cirrhosis (CHESS2203),Hepatic venous pressure gradient,Portal Hypertension,Not specified,UNKNOWN,ClinicalTrials.gov
NCT03461913,"Can Shorter Time Intervals Help the Baby Survive the Triad Effect of Maternal Hypertension, Caesarean Section and Spinal Anesthesia?",Cesarean section,Neonatal Hypoxia and Asphyxia,NA,COMPLETED,ClinicalTrials.gov
NCT02214459,Dietary Approaches to Stopping Hypertension (DASH) Mobile App Pilot,DASH Mobile mhealth enhanced coaching,Hypertension,NA,COMPLETED,ClinicalTrials.gov
NCT04618952,Effect of Calcium- D Supplement on Hypertension,Calcium D; Placebo,Hypertension,PHASE4,COMPLETED,ClinicalTrials.gov
NCT00753285,Renal Denervation in Patients With Refractory Hypertension,Renal Denervation,Hypertension,NA,COMPLETED,ClinicalTrials.gov
NCT05828615,Breathing Exercise in Pregnancy-induced Hypertension,Group A; Group B,Pregnancy Induced Hypertension,NA,COMPLETED,ClinicalTrials.gov
NCT06865235,Efficacy and Safety of Gonioscopy Assisted Transluminal Trabeculotomy in Patients with Primary Open-angle Glaucoma and Cataract.,360º goniotomy assisted transluminal trabeculotomy; Phacoemulsification; 180º gonioscopy assisted transluminal trabeculotomy,Open Angle Glaucoma (OAG),NA,RECRUITING,ClinicalTrials.gov
NCT04397289,Anticoagulation Therapy After Splenectomy in Cirrhosis Patient,Heparin and Rivaroxaban,Liver Cirrhosis; Portal Hypertension; Anticoagulant-induced Bleeding; Thrombosis,"PHASE1, PHASE2",COMPLETED,ClinicalTrials.gov
NCT04206852,Safety and Efficacy of Balloon Pulmonary Angioplasty in China,Balloon pulmonary angioplasty,Chronic Thromboembolic Pulmonary Hypertension,Not specified,RECRUITING,ClinicalTrials.gov
NCT06295874,"The Effect of Aromatherapy Massage on Pain, Anxiety and Comfort","Effect of aromatherapy massage on vital signs, pain, anxiety and comfort level","Respiratory Insufficiency; Pulmonary Disease, Chronic Obstructive; Diabetes Mellitus, Type 2; High Blood Pressure; Stroke, Ischemic",NA,RECRUITING,ClinicalTrials.gov
NCT04975490,Characterization and Pathogenesis of ACLF,Not specified,Liver Cirrhosis; Acute-On-Chronic Liver Failure; Portal Hypertension,Not specified,UNKNOWN,ClinicalTrials.gov
NCT03680313,Cardio-ankle Vascular Index (CAVI) in Hypertension Patients After One Year of Treatment,Hypertension outpatient treatment,Hypertension,Not specified,COMPLETED,ClinicalTrials.gov
NCT01096160,"A Study to Evaluate the Safety, Tolerability, Pharmacokinetics and Pharmacodynamics of MK8266 in Hypertensive Men (MK-8266-002)","MK-8226 BID, 1 mg; MK-8266 BID, 1.8 mg; MK-8266 TID, 1.8 mg; MK-8266 TID, 2.4 mg; MK-8266 TID, 2.4 mg; Placebo BID (Panel A); Placebo BID (Panel B); Placebo TID (Panel C); Placebo TID (Panel D); Placebo TID (Panel E)",Hypertension,PHASE1,COMPLETED,ClinicalTrials.gov
NCT06229379,The Effects of a Large Language Model on Clinical Questioning Skills,"""Digital twin patient""; Interaction with real patients",Cataract; Glaucoma; Diabetic Retinopathy; Keratitis; Conjunctivitis,NA,COMPLETED,ClinicalTrials.gov
NCT02355990,Minimally Invasive Micro Sclerostomy First in Man Safety and Preliminary Performance Study,Minimally Invasive Micro Sclerostomy,Primary Open Angle Glaucoma; Pigmentary Glaucoma; Pseudoexfoliative Glaucoma,NA,COMPLETED,ClinicalTrials.gov
NCT00477724,Latent Pulmonary Hypertension (PH) in Chronic Thromboembolic Pulmonary Hypertension (CTEPH )After Endarterectomy and Influence of Exercise and Respiratory Therapy,exercise and respiratory therapy; sedentary control group,Pulmonary Hypertension; Chronic Thromboembolic Pulmonary Hypertension,NA,UNKNOWN,ClinicalTrials.gov
NCT06362382,Mobile Internet-based Remote Home Rehabilitation Improves Prognostic Function and Life Quality in Pulmonary Hypertension,tele-rehabilitation training; health propaganda and education,Pulmonary Hypertension,NA,RECRUITING,ClinicalTrials.gov
NCT02295852,Increasing Calcium Dietary Intake Helps to Control Blood Presure and Body Weight,LOW-SODIUM LOW LIPID CALCIUM RICH DIET; LOW-SODIUM LOW LIPID DIET,Hypertension; Body Weight,NA,UNKNOWN,ClinicalTrials.gov
NCT03972852,Establishment of an Anaesthetic Protocol for Examinations for Children With Glaucoma or Suspected Glaucoma,Not specified,"Anesthesia; Intraocular Pressure; Glaucoma, Suspect; Pediatric Glaucoma",Not specified,COMPLETED,ClinicalTrials.gov
NCT02419235,The Effect of a Homoeopathic Complex on Blood Pressure in Refractory Hypertension,20% ethanol; Homoeopathic complex,Essential Hypertension,PHASE2,COMPLETED,ClinicalTrials.gov
NCT04791618,MECA Clinical Intervention ( MECA Health360x),Health360x plus health coach; Health360x only (High tech),Cardiovascular Health; Self-management,NA,UNKNOWN,ClinicalTrials.gov
NCT05256082,Impact of Face Masks on 6MWD in Patients With Pulmonary Hypertension,six-minutes-walking test,Pulmonary Hypertension,NA,COMPLETED,ClinicalTrials.gov
NCT01138124,Gabapentin and Risk of Pancreatic Cancer and Renal Cancer (GPRD),Gabapentin prescriptions,Renal Pelvis Cancer; Restless Legs Syndrome; Epilepsy; Neuropathic Pain; Chronic Pancreatitis; Hypertension; Pancreatic Cancer; Diabetes; Renal Cancer; Renal Cell Carcinoma,Not specified,COMPLETED,ClinicalTrials.gov
NCT02136758,Cardiovascular Risk Clinic,CRC lifestyle modification program,Cardiovascular Disease; Coronary Artery Disease; Hypertension; Diabetes; Obesity,NA,TERMINATED,ClinicalTrials.gov
NCT00416468,Bioavailability of Aliskiren and Valsartan Combined as a Single Tablet vs. the Same Medications Given Separately to Healthy Subjects.,Aliskiren; Valsartan,Healthy,PHASE1,COMPLETED,ClinicalTrials.gov
NCT05114291,"From Micro- to Macro-vessels : Water, Salt, Heart and Kidneys",Explorations are planned as part of the one-day hospitalization,Hypertension,Not specified,COMPLETED,ClinicalTrials.gov
NCT01934582,A Pharmacokinetic Substudy of the TDE-PH-304 Protocol,UT-15C SR; treprostinil diethanolamine,Pulmonary Arterial Hypertension,PHASE3,COMPLETED,ClinicalTrials.gov
NCT04401982,Measuring the Effects of Rhopressa on Episcleral and Retinal Blood Flow in Ocular Hypertension and Glaucoma Suspects,Netarsudil ophthalmic solution 0.02% one drop nightly for 1-2 weeks,Ocular Hypertension; Suspect Glaucoma,Not specified,COMPLETED,ClinicalTrials.gov
NCT05269680,STAR-LIFE: a Post-market Registry on MINIject,Not specified,Open Angle Glaucoma,Not specified,RECRUITING,ClinicalTrials.gov
NCT02232880,Treatment of Resistant Hypertension by Prevention of T-Cell Co-Stimulation,Abatacept; Placebo,Hypertension,PHASE2,TERMINATED,ClinicalTrials.gov
NCT00844389,Near to Infrared (NIR) Light Neuroprotection in Glaucomatous Optic Neuropathy,Near to infrared light retinal stimulation; Green light stimulation,Open Angle Glaucoma,EARLY_PHASE1,UNKNOWN,ClinicalTrials.gov
NCT04295889,Towards HOMe-based Albuminuria Screening: an Implementation Study Testing Two Approaches,Approach A (PeeSpot urine collection device).; Approach B (ACR | EU Test kit).,Albuminuria,NA,UNKNOWN,ClinicalTrials.gov
NCT06046924,Dietary Acid Reduction and Progression of Chronic Kidney Disease,Fruits and vegetables (F+V); NaHCO3 Tablets; Usual Care,Chronic Kidney Diseases; Cardiovascular Diseases; Hypertension,NA,COMPLETED,ClinicalTrials.gov
NCT01961323,Effect of Nebivolol on the Blood Flow in Hearts of Adults With High Blood Pressure and Abnormal Filling of Heart,Nebivolol,Hypertension; Left Ventricular Diastolic Dysfunction,PHASE4,COMPLETED,ClinicalTrials.gov
NCT00875940,Right Ventricular Hypertrophy and Pulmonary Hypertension: A Correlation Analysis,Diagnostic imaging procedures.,Pulmonary Hypertension,Not specified,COMPLETED,ClinicalTrials.gov
NCT06373289,Pulmonary Hypertension and Oxygen Saturation Targeting in Preterm Infants,higher oxygen saturation target using Nellcor pulse oximetry sensors; lower oxygen saturation target using Nellcor pulse oximetry sensors,Bronchopulmonary Dysplasia; Pulmonary Hypertension,NA,NOT_YET_RECRUITING,ClinicalTrials.gov
NCT02938910,Study of Myocardial Interstitial Fibrosis in Hyperaldosteronism,non interventional study,Primary Hyperaldosteronism; Secondary Hyperaldosteronism; Essential Hypertension; Healthy,Not specified,COMPLETED,ClinicalTrials.gov
NCT06015620,Comorbidities Resolution After MGB Surgery and Change in Body Composition,Mini gastric bypass surgery,Morbid Obesity; Type2diabetes; Sleep Apnea; Hypothyroidism; Hypertension; Lipid Disorder; Non-Alcoholic Fatty Liver Disease; Chronic Venous Hypertension With Ulcer,Not specified,RECRUITING,ClinicalTrials.gov
NCT02846220,Promoting Medication Adherence Among Older Adults With Hypertension,Overcoming Immunity to Change health coaching,Hypertension,NA,COMPLETED,ClinicalTrials.gov
NCT07074782,Retinal Ganglion Cell Neuroprotection Under Prostaglandin Analogues,Not specified,Glaucoma,Not specified,NOT_YET_RECRUITING,ClinicalTrials.gov
NCT01703780,"The Diagnosis and Treatment of Resistant Hypertension, the Prevalence and the Prognosis",Not specified,"Hypertension, Resistant to Conventional Therapy",Not specified,UNKNOWN,ClinicalTrials.gov
NCT02691455,The American Glaucoma Society (AGS) Second Aqueous Shunt Implant vs. Transscleral Cyclophotocoagulation Treatment Study (ASSISTS),Baerveldt Glaucoma Implant 350-mm2 / BG101-350; Transscleral Diode Laser Cyclophotocoagulation; Ahmed Model FP7 Flexible Plate; Baerveldt Glaucoma Implant 250-mm2 / BG103-250,Glaucoma,NA,TERMINATED,ClinicalTrials.gov
NCT00727168,"Screening for Glaucoma in Namil Area, South Korea",Not specified,Glaucoma; Intraocular Pressure; Optic Nerve Head; Visual Field,Not specified,COMPLETED,ClinicalTrials.gov
NCT01932450,Radiofrequency Ablation for ADPKD Blood Pressure and Disease Progression Control,renal sympathetic denervation; antihypertensive drugs,Autosomal Dominant Polycystic Kidney Disease; Hypertension,PHASE2,UNKNOWN,ClinicalTrials.gov
NCT01061450,Simvastatin and Diastolic Dysfunction,Simvastatin; Placebo,Diastolic Dysfunction; Hypertension,PHASE4,COMPLETED,ClinicalTrials.gov
NCT00060918,Glycemic Control Of Carvedilol Versus Metoprolol In Patients With Type II Diabetes Mellitus And Hypertension,carvedilol; metoprolol,Hypertension,PHASE4,COMPLETED,ClinicalTrials.gov
NCT06327373,A Feasibility Study of Supplemental Oxygen to Improve Pulmonary Hypertension in People With Intradialytic Hypoxemia,Oxygen; Room air,Pulmonary Hypertension,"PHASE1, PHASE2",NOT_YET_RECRUITING,ClinicalTrials.gov
NCT02128386,"Medication Adherence and ""True"" Resistance in Patients With Resistant Hypertension",Not specified,"Hypertensive Disease; Hypertension, Resistant to Conventional Therapy",Not specified,UNKNOWN,ClinicalTrials.gov
NCT05462405,Evaluation of Sympathetic Activity Effects by the BackBeat Medical Cardiac Neuromodulation Therapy (CNT).,Experimental group,Hypertension,NA,UNKNOWN,ClinicalTrials.gov
NCT02050529,Randomized Controlled Trial of Labetalol Versus Hydralazine for Severe Hypertension in Obstetric Patients.,Labetalol; Hydralazine,"Hypertension, Pregnancy Induced; Hydralazine Adverse Reaction; Pre-eclampsia; Pre-eclampsia Superimposed Pre-existing Hypertension",PHASE2,COMPLETED,ClinicalTrials.gov
NCT04409431,Effects of Adrenal Artery Ablation and Spironolactone in Patients With Primary Aldosteronism,Endovascular chemical Ablation of Adrenal Gland,Primary Aldosteronism; Hypertension,NA,RECRUITING,ClinicalTrials.gov
NCT03298802,Postpartum Management of Hypertension in Pregnancy With Hydrochlorothiazide,Hydrochlorothiazide 50mg Tablet; Placebo Tablet,"Pre-Eclampsia; Gestational Hypertension; Superimposed Pre-Eclampsia; Hypertension, Pregnancy-Induced; Postpartum Pregnancy-Induced Hypertension; Postpartum Preeclampsia",PHASE3,UNKNOWN,ClinicalTrials.gov
NCT01577030,Hypotensive Effects of Conventional Dairy Products: Role of Arterial Stiffness,Non-fat dairy; Add 4 servings fruit,Prehypertension; Stage-1 Hypertension,NA,COMPLETED,ClinicalTrials.gov
NCT01749930,Comparing the Safety and Efficacy of BOL-303259-X Ophthalmic Solution With Timolol Maleate Ophthalmic Solution in Subjects With Open-Angle Glaucoma or Ocular Hypertension,BOL-303259-X; Timolol; BOL-303259-X,Open-Angle Glaucoma; Ocular Hypertension,PHASE3,COMPLETED,ClinicalTrials.gov
NCT05910242,Efficacy and Safety of Remote Ischemic Conditioning in the Treatment of Essential Hypertension (RICBP-EH),Remote ischemic conditioning; Sham remote ischemic conditioning,Essential Hypertension,NA,COMPLETED,ClinicalTrials.gov
NCT05925569,Electronic Alert to Improve Testing For Primary Aldosteronism in Patients With Hypertension,Best Practice Advisory Computerized Alert,Primary Aldosteronism; Resistant Hypertension; Secondary Hypertension; Hyperaldosteronism; Mineralocorticoid Excess; Hypertension,NA,ACTIVE_NOT_RECRUITING,ClinicalTrials.gov
NCT00865683,DHA Supplements to Improve Insulin Sensitivity in Obese Pregnant Women (The Omega-3 Pregnancy Study),DHA Supplements; Placebo Supplements,"Overweight and Obesity; Insulin Resistance; Diabetes, Gestational; Hypertension in Pregnancy; Pre-Eclampsia",PHASE1,UNKNOWN,ClinicalTrials.gov
NCT03901183,Plant-based Nutrition for Patients With Cardiovascular Risk Factors,Plant-based Diet,"Metabolic Syndrome; Cardiovascular Risk Factor; Overweight and Obesity; Hypertension,Essential",NA,COMPLETED,ClinicalTrials.gov
NCT02709941,Inspiratory Muscle Strength Training for Sleep-related Breathing Disorders,Inspiratory muscle strength training; Placebo,Obstructive Sleep Apnea,NA,COMPLETED,ClinicalTrials.gov
NCT07183137,Metabolic Surgery for Metabolic Syndrome,Not specified,Metabolic Syndrome (MetS); Hypertension (HTN); Obesity; T2; T2DM; Bariatric Surgery; Metabolic Surgery,Not specified,COMPLETED,ClinicalTrials.gov
NCT02021019,Renal Denervation to Improve Outcomes in Patients With End-stage Renal Disease,Renal Denervation,End-stage Renal Disease; Hypertension,NA,COMPLETED,ClinicalTrials.gov
NCT01022619,The Association Between High Risk Pregnancy and Sleep-disordered Breathing,Not specified,Preeclampsia; Gestational Diabetes; Premature Labor,Not specified,UNKNOWN,ClinicalTrials.gov
NCT01918111,"Effects of REnal Denervation for Resistant Hypertension on Exercise Diastolic Function and Regression of Atherosclerosis and the Evaluation of NEW Methods Predicting A successfuL Renal Sympathetic Denervation (RENEWAL-EXERCISE, -REGRESS, and -PREDICT Trial From RENEWAL RDN Registry)",Renal denervation; adenosine infusion treatment,Resistant Hypertension,PHASE4,TERMINATED,ClinicalTrials.gov
NCT01659411,Adult Congenital Heart Disease Registry (QuERI),Observational,Pulmonary Arterial Hypertension,Not specified,COMPLETED,ClinicalTrials.gov
NCT07381452,Virtual Reality-Enhanced Rehabilitation for Cognitive Recovery in Acute Post-Stroke Patients: Pilot Study,Virtual reality-enhanced rehabilitation; Conventional rehabilitation therapy (CRT),Acute Stroke Intervention; Rehabilitation Exercise; Cognitive Assessment,NA,COMPLETED,ClinicalTrials.gov
NCT06541015,Effect of Transcutaneous Electrical Nerve Stimulation on Post-stroke Patients,InTENSity 10 TENS Stimulator,Hemiplegia and/or Hemiparesis Following Stroke; Anterior Circulation Stroke of Uncertain Pathology,NA,RECRUITING,ClinicalTrials.gov
NCT05953415,pBFS-guided iTBS Over the Left DLPFC for Chronic PSCI,active iTBS; sham iTBS,Chronic Stroke; Cognitive Impairment,NA,RECRUITING,ClinicalTrials.gov
NCT05851989,Study on Prognosis of Acutely Ruptured Intracranial Aneurysms,Not specified,Aneurysmal Subarachnoid Hemorrhage; Endovascular Procedures; Craniotomy; Patient Outcome Assessment; Treatment Outcome,Not specified,RECRUITING,ClinicalTrials.gov
NCT01195350,Blood Pressure Level and Prognosis in Acute Stroke,Not specified,Stroke,Not specified,UNKNOWN,ClinicalTrials.gov
NCT04459091,Effects of Supplementation With Amino Essential Acids on Circulating Albumin Levels in Stroke in Rehabilitation Phase,Amino Essential Acid; placebo,Stroke Rehabilitation,NA,COMPLETED,ClinicalTrials.gov
NCT04661891,Real-time Neuromuscular Control of Exoskeletons,Isometric contractions; Isokinetic contractions; Dynamic contractions; Isometric contraction with muscle fatigue; Multi-joint functional activities while wearing exoskeleton; Clinical Assessments,Stroke,NA,ACTIVE_NOT_RECRUITING,ClinicalTrials.gov
NCT03668990,"Feasability, Validty and Reliability of Inertial Sensors","IMUs (Xsens, MVN Studio)",Multiple Sclerosis; CVA,NA,COMPLETED,ClinicalTrials.gov
NCT01472926,Alteplase-Tenecteplase Trial Evaluation for Stroke Thrombolysis- (ATTEST),Tenecteplase; alteplase,Stroke,PHASE2,COMPLETED,ClinicalTrials.gov
NCT02321917,Rheoparin-coated Tubing System for Minimized Extracorporeal Circulation (MECC),MECC system with rheoparin coating,Extracorporeal Circulation; Inflammation; Blood Coagulation; Intracranial Embolism,NA,COMPLETED,ClinicalTrials.gov
NCT03203291,Reducing Asymmetry During Gait Using the TPAD (Tethered Pelvic Assist Device) for Stroke Patients,TPAD (Tethered Pelvic Assist Device),Stroke,NA,COMPLETED,ClinicalTrials.gov
NCT06978348,Research on Early Prediction Model of Ischemic Cerebrovascular Disease Based on Artificial Intelligence Technology.,Not specified,Ischemic Cerebrovascular Disease; Artificial Intelligence; Prediction Model,Not specified,RECRUITING,ClinicalTrials.gov
NCT01717755,Basilar Artery International Cooperation Study,Intra-arterial treatment,Basilar Artery Thrombosis; Basilar Artery Embolism; Stroke of Basilar Artery; Stroke; Cerebrovascular Disorders; Basilar Artery Occlusion,NA,UNKNOWN,ClinicalTrials.gov
NCT05868525,Stroke Rate in Patients With Blunt Cerebrovascular Injury (BCVI) Treated With Oral Acetylsalicylic Acid (ASA) 81 mg Versus ASA 325 mg (BASA).,"Aspirin 325Mg Tab, Aspirin 81Mg Tab",Blunt Cerebrovascular Injury,PHASE4,RECRUITING,ClinicalTrials.gov
NCT01336517,Evaluation of the Effect of an Ankle Foot Orthoses for Ambulatory Function,Not specified,"Hemiplegia, Spastic",Not specified,COMPLETED,ClinicalTrials.gov
NCT06240468,Dynamic Changes in Human Microbiome Predict the Risk of Adverse Outcomes in Patients With Acute Ischemic Stroke: a Multicenter Prospective Cohort Study,not have,Acute Ischemic Stroke,Not specified,UNKNOWN,ClinicalTrials.gov
NCT03941678,Creatine Supplementation During Resistance Training for People Recovering From Stroke,Creatine monohydrate; Placebo,Stroke,NA,COMPLETED,ClinicalTrials.gov
NCT04307108,Magic Glass Evaluation in People With Stroke,Magic Glass,Stroke,NA,UNKNOWN,ClinicalTrials.gov
NCT03367091,Energy Consumption and Cardiorespiratory Load During Overground Gait Training With a Wearable Exoskeleton After Stroke,Ekso GT gait training with high swing assistance; Ekso GT gait training with neutral swing assistance; Ekso GT gait training with high swing resistance,Stroke,NA,TERMINATED,ClinicalTrials.gov
NCT04502290,Synchronized Brain and Hand Stimulation After Stroke,Combined Non-invasive brain stimulation and functional electrical hand stimulation,Stroke; Upper Extremity Paresis,NA,COMPLETED,ClinicalTrials.gov
NCT03699397,EEG Controlled Triage in the Ambulance for Acute Ischemic Stroke,Dry electrode EEG,"Stroke, Ischemic",NA,COMPLETED,ClinicalTrials.gov
NCT04963114,Art Therapy Program in the Chronic Phase of Stroke,art therapy,Stroke,NA,COMPLETED,ClinicalTrials.gov
NCT06857916,Cycle and Stroke With Biofeedback for Power Symmetry,Traditional; cycle with biofeedback,Stroke,NA,RECRUITING,ClinicalTrials.gov
NCT06207552,"Evaluation of the Safety, Tolerability and Efficacy of a Gene Therapy Drug for the Treatment of Pediatric Fabry Disease",BBM-F101 injection,Fabry Disease,EARLY_PHASE1,RECRUITING,ClinicalTrials.gov
NCT02427126,Apixaban for Treatment of Embolic Stroke of Undetermined Source,Apixaban; Aspirin,Embolic Stroke of Undetermined Source,PHASE3,COMPLETED,ClinicalTrials.gov
NCT05060185,The Flow Diverter for Treating Patients With Intracranial Aneurysms,the Flow Diverter,Intracranial Aneurysm,NA,UNKNOWN,ClinicalTrials.gov
NCT06576089,Optimizing Recruitment to Drive Equitable Research Opportunity in Stroke Rehabilitation Trials in Canada,"Supported, women-centred and aphasia-friendly recruitment and enrollment process (ORDER); Traditional recruitment and enrollment processes (TRAD)",Stroke,NA,RECRUITING,ClinicalTrials.gov
NCT03006731,High Intensity Interval Training for People With Stroke Deficits,High Intensity Interval Training; Moderate Intensity Continuous Exercise,Stroke,NA,UNKNOWN,ClinicalTrials.gov
NCT03162653,Effect of Allopurinol for Hypoxic-ischemic Brain Injury on Neurocognitive Outcome,Allopurinol; Mannitol,"Encephalopathy, Hypoxic-Ischemic; Infant, Newborn, Diseases",PHASE3,UNKNOWN,ClinicalTrials.gov
NCT03065153,Interaction Between Trunk and Gait Performance in Both Healthy Adults and Stroke Patients,Not specified,"Stroke; Healthy; Gait, Hemiplegic",Not specified,COMPLETED,ClinicalTrials.gov
NCT03886675,Intervention With Cerebral Embolic Protection in TEVAR: Gaseous Protection,CO2 flushing; Saline flushing,Stroke; Silent Cerebral Infarction; Neurocognitive Dysfunction; Vascular Brain Injury,NA,UNKNOWN,ClinicalTrials.gov
NCT05490875,Carotid Ultrasound to Identify Head and Neck Cancer Survivors With High Cardiovascular Risk After Radiation Therapy,Carotid ultrasound; Blood draw; Survey,Head and Neck Cancer; Carotid Artery Stenosis; Cardiovascular Complication,Not specified,COMPLETED,ClinicalTrials.gov
NCT01967212,Swallowing Training Combined With Game-based Biofeedback in Post-stroke Dysphagia,Game-based swallow biofeedback; Swallow training without biofeedback,Dysphagia,NA,UNKNOWN,ClinicalTrials.gov
NCT05114681,Oral Health Care in Stroke Patients in Tertiary Care Hospital,Assessment of Oral care as per patient personal choice,Gingivitis; Periodontitis; Dental Hygiene,Not specified,COMPLETED,ClinicalTrials.gov
NCT02224209,Comparison of Staged Angioplasty and Routine Single-stage Stenting (CAS) in the Treatment of Carotid Artery Stenosis,"Abbott EPD systems (Accunet/Emboshield), a balloon, stent; a balloon, stent",Carotid Artery Stenosis,PHASE4,UNKNOWN,ClinicalTrials.gov
NCT03647787,White Matter Integrity According to BDNF Genotype After Stroke,observational study,Stroke,Not specified,COMPLETED,ClinicalTrials.gov
NCT05606393,Establishment of Virtual Reality System for Stroke Patients With Aphasia,virtual reality speech training; traditional speech therapy,Aphasia,NA,UNKNOWN,ClinicalTrials.gov
NCT06530693,Optimizing the Prehospital Use of Stroke Systems of Care-Reacting to Changing Paradigms-Implementation (OPUS-i),OPUS-i algorithm,Stroke,NA,RECRUITING,ClinicalTrials.gov
NCT04011514,Querying Stroke Unit Nursing Interventions in the Emergency Department,Dedicated stroke nurse care in ED,Stroke; TIA,Not specified,UNKNOWN,ClinicalTrials.gov
NCT05076747,Exercise and Genotype in Sub-acute Stroke,Cardiovascular training; Standard Therapy,Stroke,NA,COMPLETED,ClinicalTrials.gov
NCT04957355,Effect of NMES on Balance and Fall Risk in Chronic Stroke,Neuromuscular electrical stimulation (NMES) or Functional electrical stimulation (FES),Chronic Stroke,NA,RECRUITING,ClinicalTrials.gov
NCT06538025,Correlation Between Family Functioning and PSF,Not specified,Stroke,Not specified,COMPLETED,ClinicalTrials.gov
NCT06090968,Umbilical Cord Milking Versus Immediate Cord Clamping in Full Term Neonates (≥ 37 Weeks) Requiring Resuscitation,Umbilical cord milking; Immediate cord clamping,Hypoxic-Ischemic Encephalopathy; Perinatal Asphyxia,NA,COMPLETED,ClinicalTrials.gov
NCT05865106,The Efficacy and Feasibility of Smartphone-Based Speech Therapy for People with Post-Stroke Dysarthria,Smartphone-based speech therapy; Traditional speech therapy,Dysarthria As Late Effect of Stroke,NA,COMPLETED,ClinicalTrials.gov
NCT03666806,"Preventing Stroke Triggers in Children With Sickle Cell Anaemia in Mulago Hospital, Kampala (PREST ): a Randomized Control Trial",Influenza vaccine,Preventing Stroke in Sickle Cell Anaemia,"PHASE2, PHASE3",UNKNOWN,ClinicalTrials.gov
NCT06794749,Action Observation Therapy in Chronic Stroke,Action Observation Therapy; Control,Stroke,NA,COMPLETED,ClinicalTrials.gov
NCT06954155,Tenecteplase Reperfusion Therapy in Acute Ischemic Cerebrovascular Events-BEYOND,Tenecteplase (0.25mg/kg); Standard medical treatment,Stroke,PHASE3,RECRUITING,ClinicalTrials.gov
NCT02835443,Electrical Stimulation of the Dentate Nucleus for Upper Extremity Hemiparesis Due to Ischemic Stroke,Deep Brain Stimulation,Stroke,NA,COMPLETED,ClinicalTrials.gov
NCT06288243,"Functionality, Cognition And Swallowing Skills In Patients With AcuteSTROKE",Clinician-observed assessment tests,"Stroke, Acute; Swallowing Disorder; Cognitive Impairment; Stroke; Movement Disorders; Dysphagia",Not specified,COMPLETED,ClinicalTrials.gov
NCT07026331,Effect of Balloon Angioplasty vs Stenting Following Residual Stenosis After Endovascular Treatment of Intracranial Atherosclerotic Acute Ischemic Stroke,balloon angioplasty; Stent,Acute Ischemic Stroke,NA,ACTIVE_NOT_RECRUITING,ClinicalTrials.gov
NCT04378075,A Study to Evaluate Efficacy and Safety of Vatiquinone for Treating Mitochondrial Disease in Participants With Refractory Epilepsy,Vatiquinone; Placebo,Mitochondrial Diseases; Drug Resistant Epilepsy; Leigh Disease; Leigh Syndrome; Mitochondrial Encephalopathy (MELAS); Pontocerebellar Hypoplasia Type 6 (PCH6); Alpers Disease; Alpers Syndrome,"PHASE2, PHASE3",TERMINATED,ClinicalTrials.gov
NCT06883357,The Effects of Home-based Graded Repetitive Arm Supplementary Program Group on Stroke.,Graded repetitive arm supplementary program (GRASP),Stroke,NA,RECRUITING,ClinicalTrials.gov
NCT05095857,The Anaesthetic Ketamine as Treatment for Patients With Severe Acute Brain Injury,S-ketamine; Isotonic saline (placebo),"Subarachnoid Hemorrhage, Aneurysmal; Intracerebral Hemorrhage; Traumatic Brain Injury",PHASE4,RECRUITING,ClinicalTrials.gov
NCT02158312,Bihemispheric Modulation of the Motor Cortex by Transcranial Direct Current Stimulation in Subacute Stroke Patients,"Magstim Eldith DC-stimulator(Magstim Co., Whitland, UK)",Stroke,PHASE1,UNKNOWN,ClinicalTrials.gov
NCT01980511,Detection and Neurological Impact of CerebroVascular Events In Noncardiac Surgery PatIents: A COhort EvaluatioN,Not specified,Covert Postoperative Stroke,Not specified,COMPLETED,ClinicalTrials.gov
NCT00307671,Treatment of Necrotizing Vasculitides for Patients Older Than 65 Years,"prednisone, methylprednisolone,cyclophosphamides; Cyclophosphamide, Azathioprine,prednisone,methylprednisolone; Mycophenolate mofetil,methotrexate",Vasculitis; Wegener's Granulomatosis; Microscopic Polyangiitis; Churg-Strauss Syndrome; Polyarteritis Nodosa,PHASE4,COMPLETED,ClinicalTrials.gov
NCT02066493,Giant Intracranial Aneurysm Registry,Not specified,Intracranial Aneurysms,Not specified,UNKNOWN,ClinicalTrials.gov
NCT00351806,AISTCM-Outcome Measurement of Acute Ischemic Stroke With Traditional Chinese Medicine,Erigeron breviscapus injection; hua tuo zai zao wan (a herbal medicine pill); Compound stroke herbal medicine (8 herbal),Cerebral Infarction,PHASE4,COMPLETED,ClinicalTrials.gov
NCT02757404,Meditoxin® Treatment in Patients With Post Stroke Upper Limb Spasticity,Ultrasonography guidance injection of Meditoxin®.; Electrical stimulation guidance injection of Meditoxin®.; Manual needle placement injection of Meditoxin®.,Muscle Spasticity,PHASE4,COMPLETED,ClinicalTrials.gov
NCT05389748,NanO2 for Large Vessel Occlusion Stroke,Placebo; dodecafluoropentane emulsion (DDFPe),Ischemic Stroke,"PHASE2, PHASE3",UNKNOWN,ClinicalTrials.gov
NCT05687448,DIrect Oral Anticoagulation and Bioprothesis Aortic Valve,Apixaban 5 MG Oral Tablet; Aspirin 75 to 100mg once a day,Aortic Valve Disease,PHASE3,NOT_YET_RECRUITING,ClinicalTrials.gov
NCT04617548,tDCS and CO-OP in Chronic Stroke,tDCS and CO-OP Group,Chronic Stroke,PHASE1,COMPLETED,ClinicalTrials.gov
NCT06470815,ROADSTER 3 Extended Follow-up Sub-Study,Transcarotid Artery Revascularization (TCAR),Carotid Artery Diseases,Not specified,TERMINATED,ClinicalTrials.gov
NCT06327035,Evolution of Walking Abilities in Subacute Stroke Patients Hospitalized in Neurorehabilitation Center,Gait rehabilitation,"Stroke; Gait, Hemiplegic",Not specified,RECRUITING,ClinicalTrials.gov
NCT01470040,Does Discontinuation of Aspirin Treatment Following Head Trauma Decrease the Incidence of Chronic Subdural Hematoma?,discontinuation of aspirin therapy; continuation of aspirin therapy,Head Trauma; Traumatic Brain Injury; Chronic Subdural Hematoma,PHASE4,UNKNOWN,ClinicalTrials.gov
NCT05568264,Effects of a Physical Therapy Intervention on Motor Delay in Infants Admitted to a Neonatal Intensive Care Unit,Physical Therapy intervention,Motor Delay; Premature Birth; Intraventricular Hemorrhage; Hypoxic-Ischemic Encephalopathy; Bronchopulmonary Dysplasia,NA,RECRUITING,ClinicalTrials.gov
NCT05935709,DANIsh VASculitis Database (DANIVAS),Not specified,Giant Cell Arteritis; Polymyalgia Rheumatica,Not specified,RECRUITING,ClinicalTrials.gov
NCT00657163,Fluoxetine on Motor Rehabilitation After Ischemic Stroke,fluoxetine; placebo,Ischemic Stroke; Motor Impairment,PHASE2,COMPLETED,ClinicalTrials.gov
NCT00055016,Registry of Fabry Disease - A Multicenter Observational Study,Not specified,Fabry Disease,Not specified,COMPLETED,ClinicalTrials.gov
NCT06335316,Effect of Stellate Nerve Block in Dysphagia,Injection; Lidocaine Hydrochloride; Comprehensive therapy; placebo,Dysphagia,NA,COMPLETED,ClinicalTrials.gov
NCT03577847,Rural CT Examination and Thrombolytic Treatment for Stroke,Rural CT scanning,Stroke,Not specified,UNKNOWN,ClinicalTrials.gov
NCT02541578,Physiological Complexity of Gait Over the First Six Months Post Stroke,Not specified,"Stroke, Acute",Not specified,COMPLETED,ClinicalTrials.gov
NCT06050408,Assessment of LF-rTMS in Patients With Visual Neglect,1hz repetitive transcranial magnetic stimulation,"Neglect, Hemispatial",NA,UNKNOWN,ClinicalTrials.gov
NCT06635408,Cystatin c: a Biomarker of AKI in Aneurysmal Subarachnoid Haemorrhage Patients,cystatin c,Acute Kidney Injury,Not specified,COMPLETED,ClinicalTrials.gov
NCT03441932,Evaluation of Morbidity and Mortality Associated With Dysphagia in Stroke Patients Based on Pharyngeal Residue Severity,Fiberoptic endoscopic evaluation of swallowing (FEES),Dysphagia Following Cerebral Infarction,NA,UNKNOWN,ClinicalTrials.gov
NCT06805721,"This Three-year Observational Study Involves Patients of All Ages Undergoing Endovascular Treatment for Various Cerebral or Spinal Vascular Conditions. It Aims to Assess Pre- and Post-operative Clinical Conditions, Report Complications, and Identify Preoperative Indicators of Treatment Outcomes. Pat",Not specified,Aneurysm Cerebral; AVM; DAFV; ESDC,Not specified,RECRUITING,ClinicalTrials.gov
NCT04569643,Periodic Limb Movement Syndrome in Patients With Cerebral Small Vessel Disease.,Actigraphy; Cardiorespiratory monitoring; Neuroimaging; Assessment of cognitive function; Sleep quality and mood questionnaires,Periodic Limb Movement Disorder; Cerebral Small Vessel Diseases; Cognitive Dysfunction,Not specified,UNKNOWN,ClinicalTrials.gov
NCT06678425,This Study is About the Efficacy of Repetitive Peripheral Magnetic Stimulation on the Treatment of Shoulder Subluxation in Subacute Stroke Patients.,Peripheral magnetic stimulator; Peripheral magnetic stimulator,Shoulder Subluxation; Subacute Stroke; Magnetic Stimulation; Randomised Controlled Trial,"PHASE2, PHASE3",NOT_YET_RECRUITING,ClinicalTrials.gov
NCT02900833,Impact of Neutrophil Activation in Acute Ischemic Stroke Patients Treated With Endovascular Therapy,Not specified,Acute Stroke,Not specified,ACTIVE_NOT_RECRUITING,ClinicalTrials.gov
NCT07237633,Evaluating the Feasibility of a Piezoelectric Smart Sensor as an Aid to Help Clinicians Screen for the Development of Pneumonia in an At-risk Population,Piezoelectric sensor,Stroke; End Stage Renal Failure on Dialysis,NA,RECRUITING,ClinicalTrials.gov
NCT05601115,The Effect of Combined Robotic Hand Therapy and Conventional Therapy in Stroke Patients,Robot assisted therapy; Conventional Therapy Group,Stroke; Robot Assisted Therapy; Robotic Rehabilitation,NA,COMPLETED,ClinicalTrials.gov
NCT06673771,Effects of Vestibular Rehabilitation on Balance and Post Stroke Fatigue :,Vestibular Rehabiliation Therapy; Conventional treatment,Stroke Patients,NA,RECRUITING,ClinicalTrials.gov
NCT02650609,Treatment of Chronic Subdural Hematoma by Corticosteroids,Methylprednisolone; Placebo,Chronic Subdural Hematomas,PHASE3,COMPLETED,ClinicalTrials.gov
NCT01970384,Transcranial Direct Current Stimulation for Dysphagia Therapy in Acute Stroke Patients,Transcranial direct current stimulation; Sham stimulation,Stroke; Dysphagia,NA,COMPLETED,ClinicalTrials.gov
NCT02120235,Investigating Lysosomal Storage Diseases in Minority Groups,Not specified,Lysosomal Storage Disorders; Gaucher Disease; Fabry Disease; Pompe Disease; Niemann-Pick Disease,Not specified,UNKNOWN,ClinicalTrials.gov
NCT03282968,Balance Training After Stroke With REWIRE,REWIRE; Balance exercises,Stroke,NA,COMPLETED,ClinicalTrials.gov
NCT05435404,Qualitative Study Patient & Physician Experiences Botox COVID-19,Not specified,Chronic Brain Injury; Cerebral Stroke; MS (Multiple Sclerosis),Not specified,COMPLETED,ClinicalTrials.gov
NCT01050049,The Effect of Implementing Hyper-acute Stroke Guidelines on Decision-Making for or Against Thrombolytic Therapy for Stroke in the Emergency Department,Not specified,Stroke,Not specified,COMPLETED,ClinicalTrials.gov
NCT05878626,Anodal Transcranial Direct Current Stimulation on Strength in Subacute Stroke,Transcranial Direct Current Stimulation,Stroke,NA,COMPLETED,ClinicalTrials.gov
NCT05192135,Influence of Hematocrit Level on the Visibility of the Venous Network in Magnetic Susceptibility Imaging,Not specified,Stroke,Not specified,UNKNOWN,ClinicalTrials.gov
NCT07242768,Follow-up Extension Study of Regular Physical Exercise in Patients With Symptomatic Intracranial Arterial Stenosis,Non-Interventional Study,Ischemic Stroke; Transient Ischemic Attack,Not specified,RECRUITING,ClinicalTrials.gov
NCT06290076,A Predictive Model and Scoring System for Severe Complications After Endovascular Thrombectomy,Not specified,Acute Ischemic Stroke; Endovascular Thrombectomy; Symptomatic Intracranial Hemorrhage; Malignant Cerebral Edema,Not specified,COMPLETED,ClinicalTrials.gov
NCT04369976,Short Arm Human Centrifuge Therapeutic Training and Rehabilitation (GRACER1),ARTIFICIAL GRAVITY COMBINED WITH EXERCISE,"Multiple Sclerosis; Stroke; Pulmonary Disease, Chronic Obstructive; Aged",NA,ACTIVE_NOT_RECRUITING,ClinicalTrials.gov
NCT04013750,Effect of mCIMT on Upper Extremity Functions of Stroke Patients With Right/Left Hemiplegia,Modified Constraint Induced Movement Therapy,Stroke Patients,NA,UNKNOWN,ClinicalTrials.gov
NCT06213597,Effects of Repetitive Transcranial Magnetic Stimulation on Patients With Dysphagia in Stroke Observed Based on Functional Near-infrared Spectroscopic,routine swallowing rehabilitation; real repetitive transcranial magnetic stimulation; sham repetitive transcranial magnetic stimulation,Stroke; Deglutition Disorders,NA,COMPLETED,ClinicalTrials.gov
NCT01445613,Carotid Artery Stenting Outcomes in the Standard Risk Population for Carotid Endarterectomy,RX Acculink Carotid Stent System (RX Acculink),Carotid Artery Disease; Stroke; Amaurosis Fugax; Transient Ischemic Attack (TIA),NA,COMPLETED,ClinicalTrials.gov
NCT07068620,Neurophysiological and Behavioral Study of the Cognitive Deficits Associated With Cerebral Small Vessel Disease in the SHIVA Cohort. SHIVA-CogNeurophys,Home-based cognitive training,Cerebral Small Vessel Disease; Stroke; Cognitive Complaint,NA,RECRUITING,ClinicalTrials.gov
NCT01988220,The Effects of Lower Extremity Sensory Retraining Treatment in Individuals With Post-stroke Sensory Impairment,sensory retraining; repeated sensory input,Stroke; Sensory Deficits,NA,COMPLETED,ClinicalTrials.gov
NCT01668420,Effect of Thermal Stimulation for Lower Extremity Movement and Function in Patients With Stroke,thermal stimulation,Stroke,NA,COMPLETED,ClinicalTrials.gov
NCT03913624,Effectiveness of Neuromuscular Electrical Stimulation After Stroke,Neuromuscular electrical stimulation,Stroke,NA,COMPLETED,ClinicalTrials.gov
NCT01529723,Validity of a New Stroke Dysphagia Screening Tool,Not specified,Stroke,Not specified,WITHDRAWN,ClinicalTrials.gov
NCT02817789,Safety Profile Evaluation of TICagrelor Alone Compared to a Combination of Lysine Acetylsalicylate-Clopidogrel in the Context of Transcatheter Aortic Valve Implantation (TAVI),Ticagrelor alone; Combination lysine acetylsalicylate - clopidogrel,Aortic Valve Stenosis,PHASE3,COMPLETED,ClinicalTrials.gov
NCT06011174,Validity and Reliability of the Turkish Version of the Post-Stroke Physical Activity Barriers Scale in Patients with Stroke,survey application,Stroke; Physical Inactivity,Not specified,COMPLETED,ClinicalTrials.gov
NCT05569720,First in Human Study to Compare Safety Between Intravenous Bolus Versus Infusion of ApTOLL,ApTOLL,Stroke,PHASE1,COMPLETED,ClinicalTrials.gov
NCT06696820,Efficacy and Safety of Early Combined Therapy with PCSK9 Inhibitors and Statins in Acute Ischemic Stroke,PCSK9 inhibitors combined with atorvastatin/rosuvastatin; Atorvastatin/Rosuvastatin,Acute Ischemic Stroke,PHASE4,RECRUITING,ClinicalTrials.gov
NCT00283933,A 24-Week Safety and Pharmacodynamic Study of AT1001 (Migalastat Hydrochloride) in Participants With Fabry Disease,migalastat HCl,Fabry Disease,PHASE2,COMPLETED,ClinicalTrials.gov
NCT03296852,Study: SONAS Ultrasound for Detecting Stroke SONAS Ultrasound for Detecting Stroke,SONAS Ultrasound Device; Lumason,"Stroke, Acute",EARLY_PHASE1,COMPLETED,ClinicalTrials.gov
NCT01727648,Effects of RAT in Sequential Combination With CIT in Stroke Rehabilitation,RT in sequential combination with dCIT; Distributed Constraint-Induced Therapy; Robot-Assisted Therapy; Dose-matched control therapy,Cerebrovascular Accident,NA,UNKNOWN,ClinicalTrials.gov
NCT06945185,Motor Imagery Training for Upper Limb Functional Strength in Chronic Stroke Patients,Intervention Group A Conventional Physical Therapy; Intervention Group B Motor Imagery with Conventional Physical Therapy,Chronic Stroke,NA,RECRUITING,ClinicalTrials.gov
NCT00763217,Clinical Biological and Pharmacological Factors Influencing Stroke Outcome,Not specified,Stroke,Not specified,COMPLETED,ClinicalTrials.gov
NCT04412850,Intravenous Magnesium Sulphate in Acute Ischemic Stroke,Magnesium Sulfate,Stroke; Ischemic Stroke,EARLY_PHASE1,UNKNOWN,ClinicalTrials.gov
NCT05465980,Development and Validation of the Prediction Model for Cognitive Impairment,Not specified,"Stroke, Acute",Not specified,UNKNOWN,ClinicalTrials.gov
NCT00428480,Walking Study for Stroke Rehabilitation,Daily reinforcement of walking speed (DRS); No reinforcement of walking speed (NRS),Stroke,PHASE1,COMPLETED,ClinicalTrials.gov
NCT04569279,Rivaroxaban vs. Warfarin in CVT Treatment,Rivaroxaban; Warfarin,Cerebral Vein Thrombosis,PHASE3,COMPLETED,ClinicalTrials.gov
NCT05990413,Periscapular Muscle Activation During Open and Closed Kinetic Chain in Stroke,Not specified,Hemiplegia,Not specified,COMPLETED,ClinicalTrials.gov
NCT02772510,Upper Extremity Rehabilitation Using Game Rehabilitation System With Functional Electrical Stimulation for Stroke Patients,Smart glove system with functional electrical stimulation; Functional electrical stimulation,Stroke,NA,UNKNOWN,ClinicalTrials.gov
NCT03823482,Lidocaine and Perioperative Cytokine Levels in Blood and Cerebrospinal Fluid in Cerebral Aneurysm Patients,Lidocaine,"Aneurysm, Cerebral",NA,UNKNOWN,ClinicalTrials.gov
NCT03890159,Effects of Computer Assisted Cognitive Rehabilitation on Patients With Stroke,Computer Assited Cognitive rehabilitation; Conventional Cognitive Rehabilitation,Stroke,NA,UNKNOWN,ClinicalTrials.gov
NCT03581162,Atherosclerosis in Juvenile Mixed Connective Tissue Disease (ACTID),Carotid Ultrasound and venous blood sampling,Carotid Atherosclerosis,Not specified,ACTIVE_NOT_RECRUITING,ClinicalTrials.gov
NCT06301633,Comparison of Oral and Nasal Tube Feeding on Stroke-related Dysphagia,Intermittent Oro-esophageal Tube Feeding; Nasogastric Tube Feeding; comprehensive rehabilitation therapy,Stroke,NA,COMPLETED,ClinicalTrials.gov
NCT04043052,Mobile Technologies and Post-stroke Depression,Psychological evaluation; Functional evaluation; Biological assessment; Ecological Momentary Assessment,Stroke; Depression,NA,COMPLETED,ClinicalTrials.gov
NCT03971552,Gadolinium-Enhanced Extracranial MRA Prior to Mechanical Thrombectomy Is Not Associated With an Improved Procedure Speed,gadolinium-enhanced extracranial magnetic resonance angiogram,Stroke,Not specified,COMPLETED,ClinicalTrials.gov
NCT06930638,MitoQ and Ischemic Conditioning To Assess Vascular Health Outcomes,Ischemic Conditioning; Antioxidant Supplement,Stroke,PHASE2,RECRUITING,ClinicalTrials.gov
NCT05907876,Test-Retest Reliability Of UULEX In Patients With Stroke,Functional Test,Stroke,Not specified,UNKNOWN,ClinicalTrials.gov
NCT01175876,The Effect Of Remote Limb Ischemic Preconditioning For Carotid Artery Stenting,remote limb ischemic preconditioning; Carotid Artery Stenting,Stroke; TIA; Coronary Stenosis,PHASE1,UNKNOWN,ClinicalTrials.gov
NCT04487340,Computer-based Online Database of Acute Stroke Patients for Stroke Management Quality Evaluation,Education,"Stroke, Acute",Not specified,RECRUITING,ClinicalTrials.gov
NCT06891690,Use of TDCS Stimulation in Neurological and Gynaecological Conditions,tDSC stimulation,Stroke; Spinal Cord Diseases; Nerve Root Disorder; Endometriosis; Dyspareunia; Painful Menstruation; Polycystic Ovary,NA,RECRUITING,ClinicalTrials.gov
NCT02734082,The Brain Heart Interaction in Acute Stroke,Not specified,Myocardial Infarction; Stroke,Not specified,COMPLETED,ClinicalTrials.gov
NCT01531868,Alternative Sensory Presentation Formats in Asymptomatic Carotid Stenosis,Video; Video; Video; Video; Video; Video,Carotid Stenosis,NA,WITHDRAWN,ClinicalTrials.gov
NCT01957774,THR-18's Pharmacokinetics and Pharmacodynamics in Subjects With Acute Ischemic Stroke Treated With tPA,THR-18; Placebo,"Stroke, Acute",PHASE2,COMPLETED,ClinicalTrials.gov
NCT02628418,Feasibility and Efficacy of a Robotic Device for Hand Rehabilitation,General Rehabilitation; Specific hand rehabilitation by Gloreha device; Specific hand rehabilitation performed by physiotherapist,Stroke; Upper Extremity Hemiplegia; Disorder of Hand,NA,COMPLETED,ClinicalTrials.gov
NCT06730490,ANS Function in HIE Infants Treated With Therapeutic Hypothermia,Not specified,Hypoxic-Ischemic Encephalopathy,Not specified,COMPLETED,ClinicalTrials.gov
NCT02896348,Assessment of a Physio-neuro Platform (SynPhNe) for Home-based Retraining of Hand Function in Stroke Survivors,SynPhNe platform; Conventional therapy,Stroke; Hemiparesis,NA,RECRUITING,ClinicalTrials.gov
NCT04737018,Impact of a Focal Muscle Vibration Protocol in Front of the the Anterior Tibial Muscle in the Subacute Post-stroke Period on Motor Recovery in Hemiplegic Patients.,Fugl-Meyer Assessment (FMA); Medical Research Concil (MRC); 2 Minute Walk Test (2MWT); Timed Up & Go Test; Modified Ashworth Scale; Postural Assessment Scale for Stroke; posturographic recording; vibration program; sham program,Stroke,NA,COMPLETED,ClinicalTrials.gov
NCT05714618,MR Evidence of Cardiac Inflammation Post-Stroke,Gadolinium-enhanced cardiac MRI; B Natriuretic Peptide; Systemic inflammatory markers,"Stroke, Ischemic; Inflammation; Myocardial Injury",Not specified,UNKNOWN,ClinicalTrials.gov
NCT02856035,Novel Brain Signal Feedback Paradigm to Enhance Motor Learning After Stroke,Neural feedback plus FES and motor training,Stroke,NA,COMPLETED,ClinicalTrials.gov
NCT03837717,The Impact of Holding on Stress and Bonding in Mother-Infant Pairs During Therapeutic Hypothermia,Holding; Saliva collection; No Holding,Hypoxic-Ischemic Encephalopathy; Neonatal Encephalopathy,NA,COMPLETED,ClinicalTrials.gov
NCT07017140,Immersive Functional Virtual Reality in People With Acquired Brain Injury and Unilateral Spatial Neglect,Immersive Functional Virtual Reality Intervention using a Head-Mounted Display System for Spatial Neglect Rehabilitation,Acquired Brain Injury Including Stroke; Unilateral Spatial Neglect (USN); Stroke; Traumatic Brain Injury,NA,NOT_YET_RECRUITING,ClinicalTrials.gov
NCT04377425,COVID-19 Prevalence and Cognitive Deficits in Neurological Patients,COVID-19 swap test PCR,"Neurological Diseases or Conditions; Stroke, Acute; Seizure Disorder",Not specified,WITHDRAWN,ClinicalTrials.gov
NCT04113525,Transcutaneous Spinal and Peripheral Stimulation and Wrist Robotic Therapy for Patients With Spastic Stroke,MyoRegulator™ System,"Spasticity as Sequela of Stroke; Stroke; Stroke Sequelae; Hemiplegia, Spastic; Hemiparesis; Upper Limb Hypertonia; CVA",NA,TERMINATED,ClinicalTrials.gov
NCT00831740,ACT NoW: Assessing the Effectiveness of Communication Therapy in the North West,Speech and Language Therapy (SLT); Attention Control,Stroke,NA,COMPLETED,ClinicalTrials.gov
NCT03442868,Non-invasive Brain Stimulation (NIBS) and Dual-task Walking After Stroke,high frequency rTMS,Stroke,NA,COMPLETED,ClinicalTrials.gov
NCT06139250,Development of a High-speed Multimodal Photoacoustic/Ultrasound System for Functional Imaging of the Neonatal Brain,Not specified,"Hypoxia-Ischemia, Brain",Not specified,UNKNOWN,ClinicalTrials.gov
NCT04893590,Adapting MHealth Technology to Improve Patient Activation,Fatigue self-management SMS intervention,Spinal Cord Injuries; Stroke; Multiple Sclerosis,NA,COMPLETED,ClinicalTrials.gov
NCT01790997,Efficacy of DLBS1033 in Patients With Acute Ischemic Stroke,DLBS1033; Aspirin; Clopidogrel,Acute Ischemic Stroke,PHASE3,COMPLETED,ClinicalTrials.gov
NCT01283620,Atlantic Canada Modified Constraint Induced Movement Therapy Trial,modified constraint induced movement therapy (mCIMT); Usual and Customary Care,Stroke,NA,COMPLETED,ClinicalTrials.gov
NCT06763796,Postural Decoding for Post-Stroke Shoulder Pain: A RCT.,Postural Decryption Technique; Traditional Chinese Medicine (TCM) Massage Therapy,Stroke; Sequelae,NA,ACTIVE_NOT_RECRUITING,ClinicalTrials.gov
NCT00574262,Quality Assessment in Acute Stroke Care,Not specified,Acute Ischemic Stroke,Not specified,UNKNOWN,ClinicalTrials.gov
NCT04122430,Risk of Venous Thromboembolism in Patients Receiving First-Line Chemotherapy for Disseminated Germ Cell Tumours,Review of Health Information,Testicular Neoplasms,Not specified,COMPLETED,ClinicalTrials.gov
NCT05499650,The Effects of Exercise on Quality of Life and Fluid Dynamics in Patients With Aortic Dissection,Supervised Exercise Regiment,Aortic Dissection,NA,WITHDRAWN,ClinicalTrials.gov
NCT06358248,Standardized Physician-modified Fenestrated Endograft Registry,"Physician-modification of Valiant Captivia Endograft (Medtronic, Minneapolis, MN-USA).","Aortic Aneurysm, Thoracoabdominal; Aortic Diseases",Not specified,RECRUITING,ClinicalTrials.gov
NCT00606190,Prospective Randomized Study of Brain Protection During Aortic Arch Replacement,Retrograde brain perfusion; Antegrade brain perfusion,Aneurysm of Aortic Arch,NA,COMPLETED,ClinicalTrials.gov
NCT04637997,Influence of Flat-knitted Compression Stockings Class I and II on Venous Malformations,compression stockings class I; compression stockings class II,Vascular Malformations; Vascular Malformation Peripheral; Venous Malformation; Vascular Diseases,NA,COMPLETED,ClinicalTrials.gov
NCT02160964,Using a Novel Algorithm to Improve the Retrieval Rate of Inferior Vena Cava Filters (iRetrieve Study),Not specified,"Venous Thromboembolism,; Pulmonary Embolism,; Deep Vein Thrombosis,",Not specified,UNKNOWN,ClinicalTrials.gov
NCT06201338,Pre-operative Screening of Functional Fragilities Before Open Aortic Surgery: a New Area,Screening of preoperative frailty,Aortic Aneurysm; Aortic Occlusion,Not specified,UNKNOWN,ClinicalTrials.gov
NCT05197543,AAA Rupture Risk Assessment in COVID-19 Pandemic,Biomechanical rupture risk assessment,Abdominal Aortic Aneurysm; COVID-19,Not specified,UNKNOWN,ClinicalTrials.gov
NCT04600089,Ketamine in Patients Undergoing TEVAR Procedures Receiving NCI,Saline; Ketamine,Descending Aortic Dissection; Postoperative Pain; Thoracoabdominal Aortic Aneurysm,PHASE2,RECRUITING,ClinicalTrials.gov
NCT03694652,Texting for Mobility in Overweight/Obese Adults With Peripheral Artery Disease,PACE; Diet; App; Face-to-face,Overweight and Obesity,NA,COMPLETED,ClinicalTrials.gov
NCT06284343,The Gynecological Cancer Associated Thrombosis (GynCAT) Study,Anticoagulant,Cancer-associated Thrombosis; Venous Thromboembolism; Gynecologic Cancer; Ovarian Cancer; Cervix Cancer; Endometrial Cancer; Vaginal Cancer,Not specified,RECRUITING,ClinicalTrials.gov
NCT00587977,Aortic Distensibility,Not specified,Abdominal Aortic Aneurysm,Not specified,COMPLETED,ClinicalTrials.gov
NCT01354119,Long-term Benefit of Aortic Stent-graft in Patients With Distal Aortic Dissection,Aortic stent-graft,Aortic Dissection; Aortic Aneurysm; Stent-graft,PHASE4,TERMINATED,ClinicalTrials.gov
NCT01711333,A Study to Evaluate the Efficacy and Safety of Pletaal SR Capsule (Cilostazol) in Subjects With Peripheral Arterial Disease Symptom Due to Chronic Occlusive Arterial Disease,Pletaal SR capsule,Chronic Occlusive Arterial Disease,PHASE4,COMPLETED,ClinicalTrials.gov
NCT00774748,Once Weekly Subcutaneous Ports for the Administration of Anticoagulants,Insuflon,Venous Thromboembolism,NA,COMPLETED,ClinicalTrials.gov
NCT02420626,Evaluation of the Short and Long Term Performance and Clinical Outcomes of the Crux Vena Cava Filter System,Not specified,Pulmonary Embolism; Venous Thromboembolism; Deep Vein Thrombosis,Not specified,WITHDRAWN,ClinicalTrials.gov
NCT04041843,Oral Anticoagulant Apixaban for Treatment of Venous Thromboembolism,Apixaban,Venous Thromboembolism,PHASE2,COMPLETED,ClinicalTrials.gov
NCT05654233,The Study of Reducing Adverse Effects After Radiofrequency Ablation Combined With Sclerotherapy,Sulodexide,"Vascular Diseases, Peripheral; Venous Insufficiency of Leg; Varicose Veins of Lower Limb",NA,UNKNOWN,ClinicalTrials.gov
NCT04066933,Forms of Cervical Brachial Syndrome Treated With Plasma Concentrate Enriched for A2M,A2M enriched plasma,Complex Regional Pain Syndromes; Neuralgia; Thoracic Outlet Neurologic Syndrome,Not specified,UNKNOWN,ClinicalTrials.gov
NCT07303816,Statins to Prevent Cancer Associated Blood Clots,Rosuvastatin; Placebo Drug,Venous Thromboembolism; Cancer; Cardiovascular Events,PHASE4,NOT_YET_RECRUITING,ClinicalTrials.gov
NCT04127149,Evaluation of Ultra-portable Ultrasound in General Practice,Ultrasound scan,Pneumonia; Pleural Effusion; Renal Colic; Hepatic Colic or Cholecystitis; Subcutaneous Abscess or Cyst; Fracture of Long Bones; Intra-uterine Pregnancy or Extra-uterine Pregnancy or Miscarriage; Phlebitis,NA,COMPLETED,ClinicalTrials.gov
NCT05399706,Sex-specific Differences in AAA Complexity,CTA Aorta,AAA - Abdominal Aortic Aneurysm,Not specified,UNKNOWN,ClinicalTrials.gov
NCT03780647,Assessment of the Impact of Thoracic Outlet Syndromes on the Performance at Work,questionnaire,Thoracic Outlet Syndrome,Not specified,TERMINATED,ClinicalTrials.gov
NCT06743568,Efficacy of Self-expandable and Balloon-expandable Valves in Patients With Ascending Aortic Dilation,Transcatheter aortic valve replacement,Aortic Stenosis; Ascending Aortic Dilatation,NA,RECRUITING,ClinicalTrials.gov
NCT02923115,"Study to Assess the Safety, Pharmacokinetics/Dynamics of DS-1040b in Subjects With Acute Submassive Pulmonary Embolism",DS-1040b; Placebo; Enoxaparin,Pulmonary Embolism; Thrombotic Disease,"PHASE1, PHASE2",COMPLETED,ClinicalTrials.gov
NCT01828697,Comparison of Low and Intermediate Dose Low-molecular-weight Heparin to Prevent Recurrent Venous Thromboembolism in Pregnancy,Low dose nadroparin; Intermediate dose nadroparin; Low dose enoxaparin; Intermediate dose enoxaparin; Low dose dalteparin; Intermediate dose dalteparin; Fixed low dose tinzaparin; Intermediate dose tinzaparin,Deep Venous Thrombosis; Pulmonary Embolism,PHASE4,COMPLETED,ClinicalTrials.gov
NCT00118560,Exercise Training for Patients With Poor Leg Circulation,Physical exercise; Physical walking,"Diabetes Mellitus, Type 2; Intermittent Claudication",NA,COMPLETED,ClinicalTrials.gov
NCT02412982,Evaluation of Venous Thromboembolism Prevention in High-Risk Trauma Patients,Enoxaparin 40 mg q12h; Enoxaparin 30 mg q8h,Traumatic Injury; Venous Thromboembolism,PHASE4,COMPLETED,ClinicalTrials.gov
NCT00594152,Anti-Nephropathic Effects of Chronic Intermittent Intravenous Insulin Therapy (CIIIT),CIIIT,Diabetic Nephropathy; Diabetic Retinopathy,PHASE3,COMPLETED,ClinicalTrials.gov
NCT05267548,Investigating the Safety and Clinical Performance of Seven iVascular Devices for Endovascular Intervention in the Popliteal and/or Infrapopliteal Arteries,Not specified,Peripheral Arterial Disease Below The Knee,Not specified,UNKNOWN,ClinicalTrials.gov
NCT04130048,Thrombus Elastography in Venous Thrombo-Embolism.,Ultrasound Elastography,Venous Thromboembolism,Not specified,UNKNOWN,ClinicalTrials.gov
NCT05643885,A Study to Compare Health Care Costs Between Apixaban and Low Molecular Weight Heparin in Patients With Venous Thromboembolism and Cancer,Not specified,Thromboembolism,Not specified,COMPLETED,ClinicalTrials.gov
NCT02017743,Effectiveness And Safety of LMWH Treatment in Cancer Patients Diagnosed With Non-High Risk Venous Thromboembolism,Not specified,Venous Thromboembolism,Not specified,UNKNOWN,ClinicalTrials.gov
NCT05618808,A Trial to Learn How Well REGN9933 Works for Preventing Blood Clots After Knee Replacement Surgery in Adult Participants,REGN9933; Enoxaparin; Apixiban,Venous Thromboembolism,PHASE2,COMPLETED,ClinicalTrials.gov
NCT03393325,Tadalafil-Delivra and Raynaud's Phenomenon,Observation of treatment with Tadalafil-Delivra,Raynaud Phenomenon,Not specified,WITHDRAWN,ClinicalTrials.gov
NCT02907762,Aorfix Intelliflex First in Human Study,Endovascular aneurysm repair EVAR,"Aortic Aneurysm, Abdominal",Not specified,UNKNOWN,ClinicalTrials.gov
NCT00302848,European Active Surveillance Study (EURAS),Drospirenone; Levonorgestrel; Other progestin containing oral contraceptive,Contraception,Not specified,COMPLETED,ClinicalTrials.gov
NCT05512117,Midline Catheters Versus Peripheral Catheters in Internal Medicine Unit,Midline insertion,Vascular Access Complication; Vascular Access Device Complications,NA,COMPLETED,ClinicalTrials.gov
NCT00300690,Choice of Material for Above-Knee Femoro-Popliteal Bypass Prosthetic Graft (PopUp),6 mm Uni-graft® (B-Braun); 6 mm Gore-Tex® (WL Gore),Intermittent Claudication; Critical Limb Ischemia,PHASE4,COMPLETED,ClinicalTrials.gov
NCT05777460,Mid- and Long-term Outcomes of Custom-made Aortic Devices,Thoracic endovascular aortic repair (TEVAR),Aortic Diseases; Thoracic Aortic Aneurysm,Not specified,RECRUITING,ClinicalTrials.gov
NCT01018082,"Longitudinal Study of Neurologic, Cognitive, and Radiologic Outcomes of PHACE Syndrome",Not specified,PHACE Syndrome,Not specified,COMPLETED,ClinicalTrials.gov
NCT03064126,RANGER™ Paclitaxel Coated Balloon vs Standard Balloon Angioplasty,RANGER™ Paclitaxel Coated Balloon; Paclitaxel; Standard Balloon Angioplasty,"Peripheral Artery Disease; Atherosclerosis; Artery Diseases, Peripheral; Plaque, Atherosclerotic; Occlusive Arterial Disease",PHASE3,COMPLETED,ClinicalTrials.gov
NCT01211925,Distal Venous Arterialisation of Ischemic Limb,distal venous arterialisation; Aspirin,Critical Limb Ischemia,"PHASE2, PHASE3",UNKNOWN,ClinicalTrials.gov
NCT03832582,Annexin Imaging in Dissection of the Descending Aorta,Annexin,Chronic Dissection of Thoracic Aorta (Disorder),PHASE2,UNKNOWN,ClinicalTrials.gov
NCT06041880,Passive Calf Stretching Therapy in Peripheral Artery Disease,Passive calf muscle stretching device,"Peripheral Artery Disease; Claudication, Intermittent",NA,RECRUITING,ClinicalTrials.gov
NCT02183779,PORH and Response to Cold in Raynaud's Phenomenon.,post-occlusive hyperemia; cooling box; L-NMMA and Fluconazole dermic injection,Raynaud Disease; Hyperemia; Cold,NA,UNKNOWN,ClinicalTrials.gov
NCT02732340,Triple-branch Stent Graft Placement for the Treatment of Acute DeBakey I Aortic Dissection,triple-branched stent graft,Acute Aortic Dissection,NA,COMPLETED,ClinicalTrials.gov
NCT00377091,Is Using Fondaparinux (Blood Thinner) to Treat Lung Clot Cheaper Than Traditional Therapy,Fondaparinux,Pulmonary Embolism,PHASE4,WITHDRAWN,ClinicalTrials.gov
NCT00423618,Randomised Trial of Volume of Post-operative Radiotherapy Given to Adult Patients With eXtremity Soft Tissue Sarcoma,radiotherapy,Sarcoma,PHASE3,COMPLETED,ClinicalTrials.gov
NCT00996359,Partially HLA-Matched Irradiated Allogeneic Cellular Therapy After Reduced Intensity Total Body Irradiation,Irradiated haploidentical allogeneic lymphocytes; total-body irradiation,Leukemia; Lymphoma; Multiple Myeloma and Plasma Cell Neoplasm; Myelodysplastic Syndromes,PHASE1,TERMINATED,ClinicalTrials.gov
NCT01541410,Evaluation of the Vascutek Hybrid Graft for Use in the Replacement of the Aortic Arch and Concomitant Treatment of an Aneurysm/Dissection of the Descending Aorta in the Frozen Elephant Trunk Procedure,Vascutek Hybrid Graft,"Aneurysmal Disease of the Ascending Aorta, the Arch and the Proximal Descending Aorta","PHASE1, PHASE2",COMPLETED,ClinicalTrials.gov
NCT02593110,Telmisartan Plus Exercise to Improve Functioning in Peripheral Artery Disease,"Supervised Treadmill Exercise Therapy; Telmisartan; ""No exercise"" control group; Placebo",Peripheral Artery Disease,NA,COMPLETED,ClinicalTrials.gov
NCT04710420,"Prospective Multicenter Registry on the Endovascular Treatment in Critical Limb Threatening Ischemia With Below the Knee Lesions With Wound, Ischemia, and Foot Infection (WIFI) Assessment",Endovascular therapy,Chronic Limb-threatening Ischemia; Endovascular Therapy,Not specified,COMPLETED,ClinicalTrials.gov
NCT06929780,A Prediction Model of Prolonged Mechanical Ventilation Following Acute Type A Aortic Dissection Surgery,Not specified,Acute Type A Aortic Dissection,Not specified,NOT_YET_RECRUITING,ClinicalTrials.gov
NCT01261247,Panobinostat in Treating Patients With Relapsed or Refractory Non-Hodgkin Lymphoma,panobinostat; laboratory biomarker analysis; western blotting; DNA analysis; flow cytometry; pharmacological study; immunohistochemistry staining method,Adult Nasal Type Extranodal NK/T-cell Lymphoma; Anaplastic Large Cell Lymphoma; Angioimmunoblastic T-cell Lymphoma; Extranodal Marginal Zone B-cell Lymphoma of Mucosa-associated Lymphoid Tissue; Hepatosplenic T-cell Lymphoma; Nodal Marginal Zone B-cell Lymphoma; Peripheral T-cell Lymphoma; Post-transplant Lymphoproliferative Disorder; Recurrent Adult Burkitt Lymphoma; Recurrent Adult Diffuse Large Cell Lymphoma; Recurrent Adult Lymphoblastic Lymphoma; Recurrent Adult T-cell Leukemia/Lymphoma; Recurrent Grade 1 Follicular Lymphoma; Recurrent Grade 2 Follicular Lymphoma; Recurrent Grade 3 Follicular Lymphoma; Recurrent Mantle Cell Lymphoma; Recurrent Mycosis Fungoides/Sezary Syndrome; Recurrent Small Lymphocytic Lymphoma; Small Intestine Lymphoma; Splenic Marginal Zone Lymphoma; Waldenstrom Macroglobulinemia,PHASE2,COMPLETED,ClinicalTrials.gov
NCT07239089,Oucomes of Endovascular Atherectomy in Femoropopliteal Arterial Disease,Endovascular Atherectomy,Chronic Threatening Limb Ischemia,Not specified,ACTIVE_NOT_RECRUITING,ClinicalTrials.gov
NCT02169791,Nonmyeloablative Haploidentical Transplant Followed by MLN9708,MLN9708,Acute Leukemia; Chronic Leukemia; Myelodysplastic Syndrome; Lymphomas; Multiple Myeloma,PHASE2,COMPLETED,ClinicalTrials.gov
NCT01176305,Venous Thromboembolism in Pregnant and Puerperal Women in Denmark 1995-2005,Not specified,Venous Thromboembolism,Not specified,COMPLETED,ClinicalTrials.gov
NCT03935451,Postoperative Extended Venous Thromboprophylaxis in Inflammatory Bowel Disease,Apixaban 2.5 milligram; Placebo Oral Tablet,IBD; Venous Thromboembolism; Crohn Disease; Ulcerative Colitis; Pulmonary Embolism; Colorectal Disorders,EARLY_PHASE1,UNKNOWN,ClinicalTrials.gov
NCT02529345,"Clear-Road Trial, Investigating the Efficacy of the RoadSaver Stent",RoadSaver stent,Peripheral Arterial Disease,"PHASE2, PHASE3",COMPLETED,ClinicalTrials.gov
NCT01019681,Efficacy and Safety of Umbilical Cord Blood Injection for Critical Limb Ischemia,Cord blood stem cell injection,Critical Limb Ischemia,PHASE1,TERMINATED,ClinicalTrials.gov
NCT05382481,Anti Xa Monitoring Low Molecular Weight Heparin on Prevention of Venous Thromboembolism,Peak value anti-Xa; Trough value anti-Xa; Control Group,Venous Thromboembolism,NA,UNKNOWN,ClinicalTrials.gov
NCT00103636,Peripheral Venous Catheter Trial: 3 Day Versus No Routine Change,Extending peripheral intravenous (IV) cannula dwell times,Phlebitis,"PHASE2, PHASE3",UNKNOWN,ClinicalTrials.gov
NCT00456105,The Effect of a Diabetes Action Team in Patients Post Infrainguinal Bypass Surgery With and Without Diabetes,Subjects with diabetes who plan to undergo elective infrainguinal bypass surgery will receive standard diabetes care by their admitting physician; Subjects with diabetes who plan to undergo elective infrainguinal bypass surgery will receive diabetes care under the direction of the Diabetes Action Team; Subjects without diabetes will have their blood glucose levels monitored while in the hospital,Type 2 Diabetes; Peripheral Vascular Disease,NA,TERMINATED,ClinicalTrials.gov
NCT00870051,Endurant Stent Graft Natural Selection Global Postmarket Registry,Endurant Stent Graft,"Aortic Aneurysm, Abdominal",Not specified,COMPLETED,ClinicalTrials.gov
NCT00399919,Safety and Efficacy of Propionyl-L-Carnitine in the Treatment of Peripheral Arterial Disease (Intermittent Claudication),Propionyl-L-Carnitine; PLC,Peripheral Vascular Diseases; Intermittent Claudication,PHASE3,COMPLETED,ClinicalTrials.gov
NCT05759130,Utility of Sortilin as a Biomarker of Restenosis After Lower Extremity Endovascular Revascularization,Not specified,Peripheral Artery Disease,Not specified,UNKNOWN,ClinicalTrials.gov
NCT03266783,Comparison of Bleeding Risk Between Rivaroxaban and Apixaban for the Treatment of Acute Venous Thromboembolism,Apixaban; Rivaroxaban,Venous Thromboembolism,PHASE4,COMPLETED,ClinicalTrials.gov
NCT07402005,The Correlation of Lewis Antigens With VTE,Not specified,Thromboembolic Disease,Not specified,NOT_YET_RECRUITING,ClinicalTrials.gov
NCT04277702,Cysteinyl Leukotriene Antagonist in Atherosclerosis Inhibition in Patients After Endovascular Treatment Due to Peripheral Arterial Disease,Montelukast 10mg; Endovascular treatment; Standard anti-platelet treatment,Peripheral Arterial Disease; Peripheral Vascular Diseases; Lower Limb Ischemia; Atherosclerosis of Artery,PHASE3,UNKNOWN,ClinicalTrials.gov
NCT01413139,4-EVER : a Trial Investigating the Safety of 4F Endovascular Treatment of Infra-Inguinal Arterial Stenotic Disease,4F portfolio products from Biotronik,Peripheral Vascular Disease; Claudication,PHASE4,COMPLETED,ClinicalTrials.gov
NCT02724072,Thoraflex™ Hybrid IDE Study,Thoraflex™ Hybrid Device,Aortic Aneurysm; Aortic Dissection; Aortic Rupture,NA,COMPLETED,ClinicalTrials.gov
NCT04753372,Rivaroxaban Plus Aspirin in Patients With Chronic Coronary Syndrome and High Ischemic Risk,Rivaroxaban 2.5 MG [Xarelto],Coronary Artery Disease (CAD); Peripheral Arterial Disease (PAD),Not specified,COMPLETED,ClinicalTrials.gov
NCT02879019,Walking Training in Peripheral Artery Disease (GrEnADa Sub-study),Stretching exercise group; Walking training group,Peripheral Artery Disease; Intermittent Claudication,NA,WITHDRAWN,ClinicalTrials.gov
NCT02365454,NEXUS™ Aortic Arch Stent Graft System First In Man Study,Stent Graft Placement (Nexus),Thoracic Aortic Arch Disease; Thoracic Aortic Aneurysm,NA,COMPLETED,ClinicalTrials.gov
NCT01518205,HELP-Apheresis in Diabetic Ischemic Foot Treatment (H.A.D.I.F),LDL-apheresis,Foot Ulcers; Arteriosclerosis Obliterans; Diabetes Mellitus,NA,COMPLETED,ClinicalTrials.gov
NCT06621329,Transnasal Sphenopalatine Ganglion Block for Treatment of Acute Subarachnoid Hemorrhage Associated Headache,Transnasal sphenopalatine ganglion block,SAH (Subarachnoid Hemorrhage); Headache,"PHASE2, PHASE3",RECRUITING,ClinicalTrials.gov
NCT05984953,Rosuvastatin and Evolocumab for Coronary Artery Disease,statin; evolocumab,Coronary Artery Disease,Not specified,COMPLETED,ClinicalTrials.gov
NCT00739401,Suprarenal Proximal Cuff Study for Treatment of Abdominal Aortic Aneurysm,Suprarenal Proximal Cuff Extension,Abdominal Aortic Aneurysm,NA,COMPLETED,ClinicalTrials.gov
NCT04753281,Feasibility of a Multi Site RCT to Establish the Effectiveness of a Health Behaviour Change Intervention for Patients With Peripheral Arterial Disease (PAD).,Lifestyle counselling,Health Behavior,NA,COMPLETED,ClinicalTrials.gov
NCT00676065,Long-term Active Surveillance Study for Oral Contraceptives (LASS),Not specified,Arterial Thromboembolism; Venous Thromboembolism; Breast Cancer,Not specified,COMPLETED,ClinicalTrials.gov
NCT06059144,Induced Hypertension in Acute PRogrESsive Perforating Artery Stroke Using Peripheral Dilute noREpinephrine,Peripheral intravenous norepinephrine,"Stroke, Acute; Stroke, Ischemic",PHASE3,RECRUITING,ClinicalTrials.gov
NCT06588634,The PERSEVERE Study,FlowTriever System; Standard of Care,Pulmonary Embolism; Pulmonary Thromboembolism,NA,RECRUITING,ClinicalTrials.gov
NCT02904967,Identification of New Genetic Markers of Risk of Venous Thromboembolism Recurrence by Analyzing Whole Genome,Extra Blood Draw,Venous Thromboembolism,NA,COMPLETED,ClinicalTrials.gov
NCT07117500,Research on the Development and Implementation of an Exercise Rehabilitation Program for Aortic Dissection Patients After Percutaneous Intervention Based on the Behavior Change Wheel Theory,Routine; BCW,Aortic Dissection,NA,ENROLLING_BY_INVITATION,ClinicalTrials.gov
NCT00180544,Safety and Effectiveness Study of the HERCULINK 14 Stent to Treat Renal Artery Disease,Stenting: Renal Artery,Renal Artery Obstruction,PHASE3,TERMINATED,ClinicalTrials.gov
NCT00542646,Pilot Study to Evaluate the Safety and Preliminary Efficacy of the Peritec Peritoneal Lined Stent and Delivery System,Endovascular Intervention,"Vascular Disease, Peripheral",EARLY_PHASE1,UNKNOWN,ClinicalTrials.gov
NCT06866769,Efficacy of Biomarkers and CEUS Versus CTA in AAA Follow-up Post-EVAR,CTA,Abdominal Aortic Aneurysm Without Rupture,Not specified,RECRUITING,ClinicalTrials.gov
NCT00695253,Physician-Sponsored IDE for Talent Endoluminal Spring Graft System in Patients With Abdominal Aortic Aneurysms (AAA),Talent Endoluminal Spring Graft System,Abdominal Aortic Aneurysms,NA,COMPLETED,ClinicalTrials.gov
NCT02178761,Imaging and Interventional Study for Erectile Dysfunction and Lower Urinary Tract Symptoms,drug-eluting balloon; biodegradable vascular scaffold stent; Apex™ PTCA Dilatation Catheter; Stent System,Erectile Dysfunction; Lower Urinary Tract Symptoms; Peripheral Arterial Disease,NA,UNKNOWN,ClinicalTrials.gov
NCT02310256,A Clinical Trial on the Effects of Home-based Five Plus Exercise Training,Five plus exercise training,Intermittent Claudication,NA,COMPLETED,ClinicalTrials.gov
NCT01408901,Treadmill Exercise and GM-CSF Study to Improving Functioning in Peripheral Artery Disease (PAD),Supervised Treadmill Exercise Therapy; Health education sessions (Control); granulocyte macrophage colony stimulating factor (GM-CSF),Peripheral Arterial Disease,NA,COMPLETED,ClinicalTrials.gov
NCT04706273,GORE® VIABAHN® Endoprosthesis Post-Marketing Surveillance Study (JPS 16-03),GORE® VIABAHN® Endoprosthesis,Peripheral Arterial Disease,Not specified,COMPLETED,ClinicalTrials.gov
NCT05990894,Steroid for Treatment of Acute/Subacute Severe Cerebral Venous Thrombosis.,Methylprednisolone,Cerebral Venous Thrombosis,Not specified,COMPLETED,ClinicalTrials.gov
NCT04007653,Long-term Outcome After Edoxaban Versus Vitamin K Antagonists for Acute VTE,Observation,Venous Thromboembolic Disease; Post Thrombotic Syndrome; Chronic Thromboembolic Pulmonary Hypertension; Quality of Life,Not specified,UNKNOWN,ClinicalTrials.gov
NCT05134545,Compare the Effectiveness and Safety of Genoss® DCB and IN.PACT Admiral® DCB in Patients With Peripheral Artery Disease,Genoss® DCB; IN.PACT Admiral® DCB,Peripheral Artery Disease; De Novo Stenosis,NA,COMPLETED,ClinicalTrials.gov
NCT01629381,Efficacy of RIvaroxaban for Prevention of Venous Thromboembolism After Knee Arthroscopy,Rivaroxaban; placebo,Venous Thromboembolism; Haemorrhage,PHASE2,COMPLETED,ClinicalTrials.gov
NCT00926081,Exercise Training Versus Best Medical Treatment Only in Peripheral Artery Disease,Supervised exercise training,Peripheral Artery Disease,NA,UNKNOWN,ClinicalTrials.gov
NCT05556681,Study of BD Sirolimus Drug Coated Catheter for Treatment of Femoropopliteal Arteries,BD™ Sirolimus Drug Coated Balloon Catheter percutaneous transluminal angioplasty,Peripheral Arterial Disease; Peripheral Artery Disease; Stenosis Artery,NA,COMPLETED,ClinicalTrials.gov
NCT03988231,"Enoxaparin Versus Placebo for Venous Thromboembolism Prevention in Low Risk Cancer Patients After Surgical Procedures: a Randomized, Double Blind, Placebo Controlled Clinical Trial Pilot Study",Receipt of enoxaparin; Placebo,Venous Thromboembolism; Bleeding as Surgical Complication (Treatment); Deep Venous Thrombosis; Pulmonary Embolism,PHASE4,WITHDRAWN,ClinicalTrials.gov
NCT05501145,"Clinical Features, Outcomes, and Therapeutics of Pregnancy-Related Aortic Dissection",cesarean section and aortic repair,Aortic Dissection; Pregnancy Related,Not specified,COMPLETED,ClinicalTrials.gov
NCT01589042,Chocolate Balloon Angioplasty Registry,Not specified,Peripheral Arterial Disease,Not specified,COMPLETED,ClinicalTrials.gov
NCT01116154,Vorinostat and Lenalidomide in Treating Patients With Relapsed or Refractory Hodgkin Lymphoma or Non-Hodgkin Lymphoma,lenalidomide; vorinostat; laboratory biomarker analysis,Adult Nasal Type Extranodal NK/T-cell Lymphoma; Anaplastic Large Cell Lymphoma; Angioimmunoblastic T-cell Lymphoma; Cutaneous B-cell Non-Hodgkin Lymphoma; Extranodal Marginal Zone B-cell Lymphoma of Mucosa-associated Lymphoid Tissue; Hepatosplenic T-cell Lymphoma; Intraocular Lymphoma; Nodal Marginal Zone B-cell Lymphoma; Peripheral T-Cell Lymphoma; Post-transplant Lymphoproliferative Disorder; Recurrent Adult Burkitt Lymphoma; Recurrent Adult Diffuse Large Cell Lymphoma; Recurrent Adult Diffuse Mixed Cell Lymphoma; Recurrent Adult Diffuse Small Cleaved Cell Lymphoma; Recurrent Adult Grade III Lymphomatoid Granulomatosis; Recurrent Adult Hodgkin Lymphoma; Recurrent Adult Immunoblastic Large Cell Lymphoma; Recurrent Adult Lymphoblastic Lymphoma; Recurrent Adult T-cell Leukemia/Lymphoma; Recurrent Cutaneous T-cell Non-Hodgkin Lymphoma; Recurrent Grade 1 Follicular Lymphoma; Recurrent Grade 2 Follicular Lymphoma; Recurrent Grade 3 Follicular Lymphoma; Recurrent Mantle Cell Lymphoma; Recurrent Marginal Zone Lymphoma; Recurrent Mycosis Fungoides/Sezary Syndrome; Recurrent Small Lymphocytic Lymphoma; Small Intestine Lymphoma; Splenic Marginal Zone Lymphoma; Testicular Lymphoma; Waldenstrom Macroglobulinemia,PHASE1,TERMINATED,ClinicalTrials.gov
NCT03568201,Systolic Ankle arteriaL Pressure and Transcutaneous oximetrY During a TURTLE Test in Athletes,Transcutaneous oximetry,Iliac Kinking,NA,COMPLETED,ClinicalTrials.gov
NCT01467583,Fondaparinux in Critically Ill Patients With Renal Failure,Fondaparinux,Venous Thromboembolism,PHASE4,COMPLETED,ClinicalTrials.gov
NCT02260622,Pilot Study to Examine the Use of Rivaroxaban After Angioplasty for Critical Limb Ischemia,rivaroxaban plus aspirin; clopidogrel plus aspirin,Critical Limb Ischemia,PHASE2,COMPLETED,ClinicalTrials.gov
NCT00071266,The Dose Response of Niacin ER/Lovastatin on Peak Walking Time (PWT) in Patients With Intermittent Claudication - TROPIC,Niacin Extended Release and Lovastatin Tablets,Intermittent Claudication; Peripheral Vascular Disease,PHASE3,COMPLETED,ClinicalTrials.gov
NCT01031901,Topical Rapamycin Therapy to Alleviate Cutaneous Manifestations of Tuberous Sclerosis Complex (TSC) and Neurofibromatosis I (NF1),Skincerity; Skincerity plus sirolimus/rapamycin; Skinercity plus sirolimus/rapamycin,Tuberous Sclerosis; Neurofibromatoses; Angiofibroma; Neurofibroma,PHASE1,COMPLETED,ClinicalTrials.gov
NCT05149261,Coagulopathy in Acute Aortic Syndrome,Not specified,Coagulopathy,Not specified,UNKNOWN,ClinicalTrials.gov
NCT06828172,Local or Systemic Effects: Mechanisms Related to Arm Crank Exercise - Comparison Between Individuals With and Without PAD,Exercise,Peripheral Arterial Disease,NA,ENROLLING_BY_INVITATION,ClinicalTrials.gov
NCT05031195,"Prognostic Impact of NLR, PLR, and MPV in Patients Undergoing AAA Open Repair","1st tertile, 2nd tertile, 3rd tertile",Abdominal Aortic Aneurysm,Not specified,COMPLETED,ClinicalTrials.gov
NCT00739557,A Pilot Study to Evaluate the Systemic Inflammatory Response of Thoracoabdominal Aortic Aneurysm Repair.,Not specified,"Aortic Aneurysm, Thoracic; Systemic Inflammatory Response Syndrome",Not specified,WITHDRAWN,ClinicalTrials.gov
NCT03743636,Nicotinamide Riboside With and Without Resveratrol to Improve Functioning in Peripheral Artery Disease,Nicotinamide riboside; Resveratrol; Placebo,Peripheral Artery Disease,PHASE3,COMPLETED,ClinicalTrials.gov
NCT00083564,"Study Comparing STR (Skeletal Targeted Radiotherapy) Plus Melphalan to Melphalan Alone, With Stem Cell Transplant in Multiple Myeloma","STR(TM) (Skeletal Targeted Radiotherapy, Holmium-166-DOTMP)",Multiple Myeloma,PHASE3,TERMINATED,ClinicalTrials.gov
NCT04710563,SCOPE-CLI: Shifting Care and Outcomes for Patients With Endangered Limbs,Not specified,Peripheral Arterial Disease,Not specified,ACTIVE_NOT_RECRUITING,ClinicalTrials.gov
NCT02989948,Physician-Modified Fenestrated and Branched Aortic Endografting for TAAA,Physician-modified aortic endograft,"Aortic Aneurysm, Thoracoabdominal",NA,ACTIVE_NOT_RECRUITING,ClinicalTrials.gov
NCT05422235,"The Effects of Different Exercises on Tissue Mechanics, Strength and Neuropathy Symptoms in Type 2 Diabetes Patients",Routine Medical Treatment; Aerobic Exercise; Aerobic Exercise+ Foot-Related Exercise,Diabetic Foot; Peripheral Neuropathy with Type 2 Diabetes,NA,COMPLETED,ClinicalTrials.gov
NCT05757271,Serum Levels of Klotho as a Possible Biomarker of Peripheral Artery Disease,Not specified,Peripheral Arterial Disease,Not specified,UNKNOWN,ClinicalTrials.gov
NCT05868564,Atherectomy Followed With a Drug Coated Balloon in the Treatment of Long Femoropopliteal Lesions,Atherectomy+Drug-coated balloon; Drug-coated balloon,Peripheral Arterial Disease,NA,NOT_YET_RECRUITING,ClinicalTrials.gov
NCT03726814,A Clinical Study of iEPC Intervent Subjects With Cerebral Hemorrhagic Stroke,EPC treatment group,"Stroke, Ischemic",EARLY_PHASE1,UNKNOWN,ClinicalTrials.gov
NCT01325558,A Study of ALT-836 in Combination With Gemcitabine for Locally Advanced or Metastatic Solid Tumors,ALT-836 in combination with gemcitabine,Locally Advanced Malignant Neoplasm; Malignant Solid Tumour,PHASE1,COMPLETED,ClinicalTrials.gov
NCT00189111,Non-invasive Cardiac Screening in High Risk Patients -The GROUND Study,Cardiac Imaging + Treatment,Peripheral Arterial Disease,PHASE3,COMPLETED,ClinicalTrials.gov
NCT00004232,Bone Marrow and Peripheral Stem Cell Transplantation in Treating Patients With Hematologic Cancer,filgrastim; cyclosporine; methylprednisolone; prednisone; allogeneic bone marrow transplantation; peripheral blood stem cell transplantation,Chronic Myeloproliferative Disorders; Graft Versus Host Disease; Leukemia; Lymphoma; Multiple Myeloma and Plasma Cell Neoplasm; Myelodysplastic Syndromes; Precancerous/Nonmalignant Condition,PHASE1,COMPLETED,ClinicalTrials.gov
NCT07020611,First-In-Human Study Evaluating Aneurysm Sac Lining in AAA Patients,Cygnum Aneurysm Sac Management Device (ASMD),Abdominal Aortic Aneurysm,NA,RECRUITING,ClinicalTrials.gov
NCT03717844,Registry for Adults With Plasma Cell Disorders (PCD's),Not specified,Multiple Myeloma; Amyloidosis; Cryoglobulinemia; Castleman's Disease; Light Chain Deposition Disease; Heavy Chain Deposition Disease; Polyneuropathy Organomegaly Endocrinopathy Monoclonal Gammopathy and Skin Changes; Smoldering Multiple Myeloma; Plasma Cell Leukemia,Not specified,RECRUITING,ClinicalTrials.gov
NCT05206032,Blood Biomarker Discovery by Raman Spectroscopy in Acute Aortic Dissection,Raman spectroscopy,Acute Aortic Dissection,Not specified,UNKNOWN,ClinicalTrials.gov
NCT06947707,Safety and Efficacy of Edoxaban and Rivaroxaban to Cerebral Venous Thrombosis in Chinese Patients,Not specified,Cerebral Venous Thrombosis; Anticoagulants and Thrombotic Disorders; Anticoagulation Treatment; Anticoagulant Therapy; Anticoagulant Drugs; NOACs; Anticoagulant Prophylaxis/Therapy; Anticoagulation With NOAC; Anticoagulation With Direct Oral Anticoagulants,Not specified,RECRUITING,ClinicalTrials.gov
NCT02262949,A Prospective Study of the Bard® LifeStent® Solo Vascular Stent System,LifeStent Vascular Stent,Peripheral Artery Disease,NA,COMPLETED,ClinicalTrials.gov
NCT01332058,Motivational Interviewing (MI) for African Americans With Peripheral Arterial Disease (PAD) Pilot,Motivational Interviewing,Peripheral Arterial Disease,NA,COMPLETED,ClinicalTrials.gov
NCT01094678,Zilver® PTX™ Global Registry,Zilver® PTX™ Stent,Peripheral Arterial Disease; Peripheral Vascular Disease,NA,COMPLETED,ClinicalTrials.gov
NCT00588471,Effect of Acute Statin Treatment in Patients Undergoing Percutaneous Coronary Intervention,Simvastatin; Placebo,Coronary Artery Disease,NA,TERMINATED,ClinicalTrials.gov
NCT05566678,Effect of Switching From Cigarette Smoking to THS on Systemic Endothelial Function in Subjects With Established Atherosclerotic Disease,Cigarette; THS; Smoking Abstinence,Cardiovascular Diseases; Smoking; Tobacco Use; Peripheral Arterial Disease; Coronary Artery Disease,NA,WITHDRAWN,ClinicalTrials.gov
NCT05147363,Shockwave: Disruption for A Better Fit,Shockwave Intravenous lithotripsy with a Supera stent,Peripheral Arterial Disease,Not specified,UNKNOWN,ClinicalTrials.gov
NCT00068133,Trial of VLTS-589 in Subjects With Intermittent Claudication,Plasmid based Gene Transfer product-VLTS-589,Intermittent Claudication; Peripheral Vascular Disease,PHASE2,COMPLETED,ClinicalTrials.gov
NCT07279649,GORE® VIABAHN® VBX Balloon Expandable Endoprosthesis Post-Market Clinical Follow-Up (PMCF) Observational Registry,Reduced Profile GORE® VIABAHN® VBX Balloon Expandable Endoprosthesis (Reduced Profile VBX Stent Graft-BXB),Aorto-iliac Occlusive Disease (AIOD); Visceral Artery Occlusive Disease (VAOD); Isolated Artery Aneurysms (IAA); Trauma or Iatrogenic Vessel Injury,Not specified,NOT_YET_RECRUITING,ClinicalTrials.gov
NCT03646409,Venous Thromboembolism and Bleeding Risk in Patients With Esophageal Cancer,"Venous thromboembolic event, arterial thromboembolic event, bleeding events",Venous Thromboembolism; Esophagus Cancer; Bleeding; Chemotherapy Effect,Not specified,COMPLETED,ClinicalTrials.gov
NCT04100499,Evaluation of Adjunctive EndoAnchors for EVAR and TEVAR,ESAR (Endosutured Aneurysm Repair),Aortic Aneurysm; Thoracic Aortic Aneurysm,Not specified,UNKNOWN,ClinicalTrials.gov
NCT02013193,Comparison of the Ranger™ Paclitaxel-Coated PTA Balloon Catheter and Uncoated PTA Balloons in Femoropopliteal Arteries,Ranger DCB; uncoated PTA balloon,Peripheral Artery Disease; Claudication; Atherosclerosis; Arteriosclerosis,NA,COMPLETED,ClinicalTrials.gov
NCT00064311,Ravuconazole in Preventing Fungal Infections in Patients Undergoing Allogeneic Stem Cell Transplantation,ravuconazole,Breast Cancer; Chronic Myeloproliferative Disorders; Gestational Trophoblastic Tumor; Infection; Leukemia; Lymphoma; Multiple Myeloma and Plasma Cell Neoplasm; Myelodysplastic Syndromes; Myelodysplastic/Myeloproliferative Neoplasms; Neuroblastoma; Ovarian Cancer; Testicular Germ Cell Tumor,"PHASE1, PHASE2",COMPLETED,ClinicalTrials.gov
NCT01803971,Cardiac Arrest and Intra Osseous Infusion,Obtention of vascular access in out-of-hospital cardiac arrest patients according to the current strategy,Cardiac Arrest,NA,COMPLETED,ClinicalTrials.gov
NCT04780295,Coronavirus Disease (COvid-)19 REgistry on THROMBOSIS Complications,Not specified,Covid19,Not specified,COMPLETED,ClinicalTrials.gov
NCT02965677,A Study of The Femoral Popliteal Artery Treated With LEGFLOW OTW,Paclitaxel Releasing Peripheral Balloon Dilatation Catheter; Peripheral Balloon Dilatation Catheter,Peripheral Arterial Disease,NA,UNKNOWN,ClinicalTrials.gov
NCT00427765,Busulfan Plus Melphalan Conditioning Regimen for Lymphoid Malignancies or Multiple Myeloma,Busulfan; Melphalan,Multiple Myeloma; Lymphoma,PHASE2,COMPLETED,ClinicalTrials.gov
NCT01941719,Enhancing Diabetic Foot Education by Viewing Personal Plantar Pressures,Enhanced foot care education; Standard Foot Care Education,Diabetes Mellitus; Diabetic Neuropathies; Foot Complications,NA,COMPLETED,ClinicalTrials.gov
NCT05823519,Neck Evolution With Ovation in Spain,Endologix Ovation Alto Endograft,Abdominal Aortic Aneurysm,Not specified,RECRUITING,ClinicalTrials.gov
NCT05058053,THE EFFECT OF COLD APPLICATION ON THE DEVELOPMENT OF PHLEBITIS IN PATIENTS RECEIVING INTRAVENOUS AMIODARONE TREATMENT.,Cold application,Phlebitis,NA,COMPLETED,ClinicalTrials.gov
NCT03538392,Serranator® Alto Post Market Clinical Follow Up (PMCF) Study,Serranator® Alto,Peripheral Arterial Disease; Arterio-venous Fistula; Arteriovenous Graft,Not specified,WITHDRAWN,ClinicalTrials.gov
NCT01153698,Pradaxa (Dabigatran Etexilate) VTE Prevention After Elective Total Hip or Knee Replacement Surgery,dabigatran,"Venous Thromboembolism; Arthroplasty, Replacement",Not specified,TERMINATED,ClinicalTrials.gov
NCT02260557,Effects of Selexipag in Adults With Raynaud's Phenomenon Secondary to Systemic Sclerosis,Selexipag; Placebo,Raynaud's Phenomenon Secondary to Systemic Sclerosis,PHASE2,COMPLETED,ClinicalTrials.gov
NCT01809730,Pilot Study: Cardiovascular Events in High Risk Orthopedic Surgical Patients,Not specified,Coronary Artery Disease; Cerebral Vascular Disease; Peripheral Artery Disease; Renal Insufficiency; Diabetes; COPD; Hypertension; Active Smoker; Cancer; CHF; Prior DVT/PE,Not specified,WITHDRAWN,ClinicalTrials.gov
NCT02280200,Ankle-foot Orthoses for Peripheral Artery Disease,AFO to improve outcomes,Peripheral Artery Disease,NA,COMPLETED,ClinicalTrials.gov
NCT06190392,Effect of a Global Simplified Strategy on Thromboembolic Events in Emergency Department Patients with Suspected Pulmonary Embolism,MODS Modified simplified diagnostic strategy,Pulmonary Embolism,NA,COMPLETED,ClinicalTrials.gov
NCT06250998,Prediction of Abdominal Aortic Aneurysm Shrinkage After Stent-placement With Artificial Intelligence,Not specified,AAA - Abdominal Aortic Aneurysm,Not specified,RECRUITING,ClinicalTrials.gov
NCT05718401,The Diagnostic Pattern and Prognosis of Multiple Myeloma Patients With Myocardial Amyloidosis Were Evaluated by NMR Based Metabolomics,NMR,Multiple Myeloma; Amyloidosis Cardiac,Not specified,UNKNOWN,ClinicalTrials.gov
NCT07129811,Stellate Ganglion Block in Complex Regional Pain Syndrome,Stellate Ganglion Block,Stellate Ganglion Block,NA,RECRUITING,ClinicalTrials.gov
NCT05449275,Effects Of Faradic Current Versus Ankle-Foot Orthosis In Patients With Foot Drop,Faradic current; Ankle foot orthosis,Foot Drop,NA,COMPLETED,ClinicalTrials.gov
NCT06565819,Important Parameters of NIR-II Imaging in the Early Diagnosis of Lower Extremity Peripheral Artery Disease,The second near-infrared region (NIR-II) imaging for lower extremity peripheral artery disease (PAD),Peripheral Artery Disease,Not specified,COMPLETED,ClinicalTrials.gov
NCT06195267,Protective Effect of Sivelestat Against Negative Pulmonary Function and Organ Dysfunction After Cardiovascular Surgery (PANDA VI),Sivelestat; Blank control,Aortic Dissection; Systemic Inflammatory Response Syndrome; Cardiovascular Diseases (CVD),NA,RECRUITING,ClinicalTrials.gov
NCT01119300,EUropean Pharmacogenetics of AntiCoagulant Therapy - Warfarin,Genotype-guided dosing algorithm; Standard care,Venous Thromboembolism; Atrial Fibrillation,PHASE4,COMPLETED,ClinicalTrials.gov
NCT01234064,Graduated Compression Stockings (GCS) Pilot Substudy,Anti-Embolism Graduated Pressure Stockings (by BSN-Jobst); No Graduated Compression Stockings,Venous Thromboembolism,PHASE3,COMPLETED,ClinicalTrials.gov
NCT05941533,Infrared Thermal Imaging in Evaluating the Percutaneous Transluminal Angioplasty for Peripheral Artery Disease,Not specified,Peripheral Artery Disease (PAD),Not specified,UNKNOWN,ClinicalTrials.gov
NCT01402128,Efficacy and Safety of Fermented Barley on Decrement of Body Fat in Obese Subjects,Barley beta-glucan(3.0g); Placebo,Overweight; Hyperlipidemia,"PHASE2, PHASE3",COMPLETED,ClinicalTrials.gov
NCT06925100,A Study to Investigate the Effectiveness and Safety of Bempedoic Acid in Patients With Primary Hypercholesterolemia or Mixed Dyslipidemia in Taiwan,Bempedoic acid 180 mg tablet,Primary Hypercholesterolemia or Mixed Hyperlipidemia,PHASE4,COMPLETED,ClinicalTrials.gov
NCT05923281,A Phase III Confirmatory Study of K-877 (Pemafibrate) in Patients With Hypercholesterolemia and Statin Intolerance,K-877 0.2 mg/day (once daily); K-877 0.4 mg/day (once daily); Placebo (once daily),Hypercholesterolemia,PHASE3,COMPLETED,ClinicalTrials.gov
NCT03515460,Acute Effects of Oral Carbohydrate and Fat Loads on Systemic Microvascular Endothelial Function in Healthy Individuals.,sugar oral load; fat oral load; sugar and fat oral load,Metabolic Syndrome,NA,COMPLETED,ClinicalTrials.gov
NCT00673660,Observational Study On Compliance Of Statin Treatment Of Patients With High Blood Cholesterol Levels,Patient Compliance,Dyslipidemia,Not specified,COMPLETED,ClinicalTrials.gov
NCT01478789,Efficacy of Plant Sterol-Fortified Dairy Product on Plasma Lipid and Plant Sterol Concentrations in Humans,WD-PS intervention phase; PS-Ester intervention phase; placebo,Hypercholesterolemia,NA,COMPLETED,ClinicalTrials.gov
NCT02011789,Metabolism And Health Effects Of Citrus Limonoids in Hypercholesterolemic Humans,Citrus Limonoid Beverage; Placebo beverage,Hypercholesterolemia,NA,COMPLETED,ClinicalTrials.gov
NCT01164397,Efficiency of Rosuvastatin Versus the Fixed Combination of Ezetimibe/Simvastatin in Outpatients,Not specified,Dyslipidemia,Not specified,COMPLETED,ClinicalTrials.gov
NCT00299884,Atorvastatin Versus Ezetimibe and Fenofibrate as a Lipid-lowering Strategy,Lipitor 20 mg; Combination Ezetrol 10 mg and Lipidil Supra 160 mg,Dyslipidemia; Vascular Disease,Not specified,COMPLETED,ClinicalTrials.gov
NCT03832985,Pediatric Reporting of Adult-Onset Genomic Results,Receive an adult-onset result; Receive a pediatric-onset result; Control - No Result,Hereditary Breast and Ovarian Cancer Syndrome; Lynch Syndrome; Familial Hypercholesterolemia,EARLY_PHASE1,COMPLETED,ClinicalTrials.gov
NCT02072837,Dyslipidemia-related Risk Factors in Dialysis,Not specified,Chronic Renal Disease; Cardiovascular Disease; Dyslipidemia,Not specified,COMPLETED,ClinicalTrials.gov
NCT06692777,Evaluation of the Hypolipidemic Effect of Bergavit by a Human Trial.,Bergavit; Placebo,Hyperlipidemia,NA,COMPLETED,ClinicalTrials.gov
NCT01997268,The Efficacy of EPA+DHA (SC401B) for Lowering Triglyceride Levels (≥ 500 mg/dL),Placebo; SC401B 2 capsules; SC401B 4 capsules; SC401B 6 capsules,Severe Hypertriglyceridemia,PHASE3,WITHDRAWN,ClinicalTrials.gov
NCT05743868,Metabolic Heterogeneity Underlying Hypertriglyceridemia: Hepatic Triglyceride Biosynthesis in Humans With Different Insulin Resistance Phenotypes,Standardized Dinner; Premeal exercise,Insulin Resistance; Hypertriglyceridemia,NA,RECRUITING,ClinicalTrials.gov
NCT02107898,Efficacy and Safety Evaluation of Alirocumab in Patients With Heterozygous Familial Hypercholesterolemia or High Cardiovascular Risk Patients With Hypercholesterolemia on Lipid Modifying Therapy (ODYSSEY JAPAN),Placebo (for alirocumab); Alirocumab; Lipid-Modifying Therapy (LMT),Hypercholesterolemia,PHASE3,COMPLETED,ClinicalTrials.gov
NCT04802525,"A Low-fat Diet Combined With Moderate-intensity Aerobic Exercise Versus Low-fat Diet, Aerobic Exercise Alone on Dyslipidemia and Depression Status in Obese Patients",Moderate-intensity aerobic exercise training,Dyslipidemias,NA,COMPLETED,ClinicalTrials.gov
NCT00945737,A Study on the Effects of Soy Protein on Blood Lipids in Men and Women With Mild to Moderate Hypercholesterolemia,Soy protein; 25 grams/day; Control protein,Hypercholesterolemia,NA,COMPLETED,ClinicalTrials.gov
NCT04320719,Optimizing Statin Tratment in People Living With Diabetes,Not specified,Diabetes,Not specified,COMPLETED,ClinicalTrials.gov
NCT00330876,Study of Pitavastatin in Elderly Patients With Primary Hypercholesterolemia or Combined Dyslipidemia,Pitavastatin,Hypercholesterolemia; Dyslipidemias,PHASE3,COMPLETED,ClinicalTrials.gov
NCT00092833,Investigational Drug in Patients With Hypercholesterolemia or in Patients With Sitosterolemia (0653-026)(COMPLETED),Comparator: ezetimibe,"Hypercholesterolemia, Familial; Lipid Metabolism, Inborn Errors",PHASE3,TERMINATED,ClinicalTrials.gov
NCT06504043,A Study on Evaluating the Safety of HST101 in Healthy Chinese Participants,HST101,Hypercholesterolemia; Healthy Volunteers; LDL-Cholesterol,PHASE1,ENROLLING_BY_INVITATION,ClinicalTrials.gov
NCT00286234,"Niacin, N-3 Fatty Acids and Insulin Resistance",omega-3 acid ethyl esters; extended release niacin; placebo; omega-3 acid ethyl esters; combined treatment,Metabolic Syndrome; Hypertriglyceridemia,PHASE4,COMPLETED,ClinicalTrials.gov
NCT00895193,Alternative Options to Minimize Niacin-Induced Flushing,Apple pectin; Aspirin 325 mg; Placebo,Hypercholesterolemia; Flushing,NA,COMPLETED,ClinicalTrials.gov
NCT02500147,Metformin for Ectopic Fat Deposition and Metabolic Markers in Polycystic Ovary Syndrome (PCOS),Metformin; Placebo,Polycystic Ovary Syndrome; Non-Alcoholic Fatty Liver Disease; Metabolic Syndrome,PHASE4,TERMINATED,ClinicalTrials.gov
NCT00462748,A Study to Determine the Number of Patients Who Reach Optimal Cholesterol Levels on Each of Three Different Treatments (0653A-121),ezetimibe (+) simvastatin; Comparator: atorvastatin; Comparator: rosuvastatin,Hypercholesterolemia,PHASE3,COMPLETED,ClinicalTrials.gov
NCT06772168,Evaluate the Efficacy and Safety of CMG190303 in Patients With Type 2 Diabetes and Dyslipidemia,CMG190303(Dapagliflozin/Rosuvastatin); Comparator 1: Dapagliflozin/Rosuvastatin placebo; Rosuvastatin/Dapagliflozin placebo,Dyslipidemia; Type 2 Diabetes,PHASE3,RECRUITING,ClinicalTrials.gov
NCT00603876,Efficacy of Almonds Added to Chronic Statin Therapy,Almonds,Hyperlipidemia,PHASE4,COMPLETED,ClinicalTrials.gov
NCT00078091,Genetics and Clinical Characteristics of Bardet-Biedl Syndrome,Not specified,Bardet-Biedl Syndrome,Not specified,TERMINATED,ClinicalTrials.gov
NCT02976818,Lp(a) and Aortic Valve Calcification,Not specified,Heterozygous Familial Hypercholesterolemia,Not specified,COMPLETED,ClinicalTrials.gov
NCT01353820,Effects of Lactobacillus Delbruckii Lactis DN111244 Fermented Milk Consumption on Plasma Lipids Levels in Hypercholesterolaemic Adults,1- Low fat drinkable fermented by Lactobacillus Delbruckii lactis (DN111244) - >10E8 <5.10E9 cfu/mL; 2- Low fat drinkable fermented by S. thermophilus and L. bulgaricus,Hypercholesterolemia,NA,COMPLETED,ClinicalTrials.gov
NCT02354079,HYPOCHOL : A Genetically-based Strategy to Identify New Targets in Cholesterol Metabolism,hypobetalipoproteinemia genetic and genotypic screening,Hypobetalipoproteinemia,NA,ACTIVE_NOT_RECRUITING,ClinicalTrials.gov
NCT02715726,Evaluation of Alirocumab Versus Ezetimibe on Top of Statin in Asia in High Cardiovascular Risk Patients With Hypercholesterolemia,Alirocumab; Placebo for alirocumab; ezetimibe; placebo for ezetimibe; atorvastatin; rosuvastatin; simvastatin,Hypercholesterolemia,PHASE3,COMPLETED,ClinicalTrials.gov
NCT06863935,A Pilot Study of High-Dose Omega-3 (Soloways ™) Polyunsaturated Fatty Acids in Patients with Dyslipidemia Carrying FADS1/FADS2 Variants,High-dose omega-3 PUFA supplementation; High-dose omega-3 PUFA supplementation,Dyslipidemia,NA,COMPLETED,ClinicalTrials.gov
NCT00966225,LIP-01 in Hypercholesterolemia,LIP-01,Hypercholesterolemia,PHASE1,COMPLETED,ClinicalTrials.gov
NCT06482476,Medical Students' Evaluation of Dyslipidemia and LIPoprotein(a) Study,Measurement of Lp(a) levels,Insight Into the Prevalence of Elevated Lp(a) Among Greek Medical Students,Not specified,RECRUITING,ClinicalTrials.gov
NCT01730040,Study of the Efficacy and Safety of Alirocumab (REGN727/SAR236553) in Combination With Other Lipid-modifying Treatment (LMT) (ODYSSEY OPTIONS I),Alirocumab; Atorvastatin; Ezetimibe; Rosuvastatin; Placebo,Hypercholesterolemia,PHASE3,COMPLETED,ClinicalTrials.gov
NCT02065024,Food Matrix and Genetic Variability as Determinants of Bioavailability and Biological Effects of Beta-cryptoxanthin and Phytosterols,b-cryptoxanthin plus phytosterols,Hypercholesterolemia; Osteoporosis,PHASE1,COMPLETED,ClinicalTrials.gov
NCT00569959,Assessment of Non-Fasting vs. Fasting Lipid Measures in Diabetes Patients,fasting 12+ hours; Non-fasting,Diabetes Mellitus; Normal Glucose Metabolism; Hyperlipidemia,NA,COMPLETED,ClinicalTrials.gov
NCT00409773,Ezetimibe/Simvastatin in Patients With Metabolic Syndrome (0653A-107)(COMPLETED),ezetimibe (+) simvastatin; Comparator: atorvastatin calcium; Comparator: Placebo (unspecified),Hypercholesterolemia; Metabolic Syndrome,PHASE3,COMPLETED,ClinicalTrials.gov
NCT06183307,Effects of Nattokinase on Inflammation and Cardiovascular Risk Markers in Patients With Dyslipidemia,Nattokinase; Placebo,Cardiovascular Diseases; Dyslipidemias; Inflammation,NA,RECRUITING,ClinicalTrials.gov
NCT07269795,Advanced Strategy of Food Supplements for the Optimization of Satiety and Lipid Metabolism in Maturity (SACIANS),Food Supplement Combination (SACIANS Formula),Dyslipidemia; Lipid Metabolism; Satiety Response; Overweight and/or Obesity,NA,COMPLETED,ClinicalTrials.gov
NCT00767130,DNA Diagnostic System for Statin Safety and Efficacy,Not specified,Hypercholesterolemia; Myopathy,Not specified,UNKNOWN,ClinicalTrials.gov
NCT00329173,PULSAR - A Prospective Study to Evaluate the Utility of Low Doses of the Statins Atorvastatin and Rosuvastatin.,Rosuvastatin; Atorvastatin,Hypercholesterolaemia,PHASE3,COMPLETED,ClinicalTrials.gov
NCT04031469,A Non-Interventional Pilot Study to Explore the Role of Gut Flora in Disease,There is no intervention in this study,"Gut Microbiome; Gastrointestinal Microbiome; Autism; Autism Spectrum Disorder; Autism Spectrum Disorder High-Functioning; Alzheimer Disease; Alzheimer Dementia (AD); Alzheimer Dementia; Alzheimer Disease (AD); Crohn; Crohn Colitis; Crohn Disease (CD); Crohn Disease Colon; Myalgic Encephalomyelitis; ME/CFS; Myalgic Encephalomyelitis (ME); Myalgic Encephalomyelitis/Chronic Fatigue Syndrome; Psoriasis; Psoriasis Annularis; Psoriasis Chronic; Chronic Urinary Tract Infection; Ulcerative Colitis (Disorder); Ulcerative Colitis (UC); Ulcerative Colitis Acute; Ulcerative Colitis Chronic; Multiple Sclerosis; Multiple Sclerosis (MS) - Relapsing-remitting; Multiple Sclerosis (MS) Primary Progressive; Constipation Chronic Idiopathic; Constipation; Celiac; Celiac Disease; Celiac Sprue; Lyme Arthritis; Lyme Borreliosis, Nervous System; Lyme Disease, Chronic; Cholesterol; Cholesterol Level, High; Cancer; Colon Cancer; Amyotrophic Lateral Sclerosis (ALS); Amyotrophic Lateral Sclerosis; Rheumatoid Arthritis (RA); Rheumatoid Arthritis - Rheumatism; Chronic Fatigue Syndrome (CFS); PARKINSON DISEASE (Disorder); Parkinson Disease; Parkinson Disease (PD); Depression; Major Depressive Disorder (MDD); Depression Disorder; Depression in Adults; Anxiety; Anxiety Disorder Generalized; Obsessive Compulsive Disorder (OCD); Obsessive Compulsive Disorder OCD; Obsessive - Compulsive Disorder; Bipolar; Bipolar 1 Disorder; Bipolar Disorder (BD); Bipolar Disorder I and II; Bipolar and Related Disorders; Migraine; Migraine Disorder; Diabetes (DM); Diabetes; Lupus; Lupus Erythematosus; Epidermolysis Bullosa (EB); Mesothelioma; Mesothelioma Malignant; IBS (Irritable Bowel Syndrome); Irritable Bowel; IBS - Irritable Bowel Syndrome; Irritable Bowel Syndrome (IBS); Eczema; Eczema Atopic Dermatitis; Acne; Myasthaenia Gravis; Gout",Not specified,SUSPENDED,ClinicalTrials.gov
NCT06750341,Study of QLC7401 in the Treatment of Primary Hypercholesterolemia or Mixed Hyperlipidemia With Elevated LDL Cholesterol,QLC7401; Placebo,Primary Hypercholesterolemia or Mixed Hyperlipidemia,PHASE2,NOT_YET_RECRUITING,ClinicalTrials.gov
NCT01954472,Enhanced Multicenter Dietary Portfolio Study,Enhanced portfolio plus structured exercise; High fiber diet plus routine exercise,Cardiovascular Diseases; Type 2 Diabetes; Hypercholesterolemia,NA,WITHDRAWN,ClinicalTrials.gov
NCT00166530,EASEGO Study: Doubling of Atorvastatin/Simvastatin or INEGY in Patients With Hypercholesterolemia and Coronary Artery Disease(CAD)(0653A-089),ezetimibe (+) simvastatin; simvastatin; atorvastatin,Atherosclerosis,PHASE4,COMPLETED,ClinicalTrials.gov
NCT02380534,Use of Apheretic Technologies in Cardiovascular Disease,H.E.L.P. apheresis,Dyslipidemia,NA,WITHDRAWN,ClinicalTrials.gov
NCT00194402,SLIM: Combined Effects of Slo-Niacin and Atorvastatin on Lipoproteins and Inflammatory Markers in Hyperlipidemia,"Slo-Niacin, atorvastatin",Dyslipidemia,PHASE4,COMPLETED,ClinicalTrials.gov
NCT00908011,Addition of Ezetimibe (Ezetrol®) to Ongoing Therapy With Rosuvastatin (Crestor®) in HIV Positive Patients Not Reaching Cholesterol Targets,Ezetimibe; Rosuvastatin (standard care),Hypercholesterolemia; HIV Infections,NA,COMPLETED,ClinicalTrials.gov
NCT05786534,Therapeutic Effect of Green Seaweed Against Metabloc Syndrome,Green Seaweed,Metabolic Syndrome,NA,UNKNOWN,ClinicalTrials.gov
NCT02168803,A Study of Evacetrapib in Participants With Abnormal Cholesterol,Evacetrapib,Dyslipidemia,PHASE1,COMPLETED,ClinicalTrials.gov
NCT01600703,Sitagliptin Regulation of Intestinal and Hepatic Lipoprotein Particle and Hepatic Glucose Production in Humans,Sitagliptin; Placebo,Hyperlipidemia,"PHASE2, PHASE3",COMPLETED,ClinicalTrials.gov
NCT00267254,A Clinical Trial Comparing Torcetrapib/Atorvastatin To Simvastatin In Subjects With High Cholesterol.,torcetrapib/atorvastatin; simvastatin,Hyperlipidemia; Dyslipidemia; Hypercholesterolemia,PHASE3,COMPLETED,ClinicalTrials.gov
NCT00001142,Metabolism and Body Shape of Healthy Children and Children With Chronic Infections,Not specified,HIV Infections; Healthy; Hyperlipidemia; Lipodystrophy,Not specified,COMPLETED,ClinicalTrials.gov
NCT03994575,North American Acute Coronary Syndrome (ACS) Reflective III Pilot,Guideline recommended feedback,Dyslipidemias; Acute Coronary Syndrome,Not specified,COMPLETED,ClinicalTrials.gov
NCT00897975,Red Yeast Rice and Phytosterols In Statin Intolerance,red yeast rice; phytosterol; therapeutic lifestyle program; placebo,Hyperlipidemia,"PHASE2, PHASE3",COMPLETED,ClinicalTrials.gov
NCT00327054,Effectiveness of Nigella Sativa (Kalonji) Seed in Dyslipidemia,Nigella sativa seed,Hypercholesterolemia; Hypertension; Diabetes Mellitus; Metabolic Syndrome X,"PHASE1, PHASE2",COMPLETED,ClinicalTrials.gov
NCT02481466,The Combined Portfolio Diet and Exercise Study,Portfolio diet and structured exercise; DASH-like diet and structured exercise; Portfolio diet and routine exercise; DASH-like diet and routine exercise,Cardiovascular Diseases; Hypercholesterolemia; Type 2 Diabetes; Metabolic Syndrome,NA,COMPLETED,ClinicalTrials.gov
NCT04133805,The Effect of Viscous Dietary Fibers on LDL-cholesterol,viscous fiber,Cardiovascular Risk Factor; Hypercholesterolemia,Not specified,UNKNOWN,ClinicalTrials.gov
NCT01271751,Pilot Study With GFT505 (80mg) in Atherogenic Dyslipidaemic Patients With Abdominal Obesity,GFT505 80mg; Placebo,Atherogenic Dyslipidaemia; Abdominal Obesity,PHASE2,COMPLETED,ClinicalTrials.gov
NCT06541457,"A Study on Safety, Tolerability, Pharmacokinetics and Pharmacodynamics of HRS-7249 Injection in Healthy Subjects",HRS-7249 injection; Placebo,Hyperlipidemia,PHASE1,COMPLETED,ClinicalTrials.gov
NCT00404001,Study of Oral MD-0727 Administered to Patients With Primary Hypercholesterolemia,MD-0727,Hypercholesterolemia,PHASE2,COMPLETED,ClinicalTrials.gov
NCT01931241,Safety Study of Bile Acid to Treat Hypercholesteremia,AHRO-001,Hypercholesterolemia,PHASE1,UNKNOWN,ClinicalTrials.gov
NCT02390375,Phase 3 Study to Evaluate the Efficacy and Safety of the DW0929 in Patients With Primary Hypercholesterolemia,DW-0929; DW-0929; DW-0929; Rosuvastatin; Rosuvastatin; Rosuvastatin,Hypercholesterolemia,PHASE3,COMPLETED,ClinicalTrials.gov
NCT03004001,Effect of PCSK9-Antibody (Alirocumab) on Dyslipidemia Secondary to Nephrotic Syndrome,Alirocumab; Alirocumab placebo; Atorvastatin,Nephrotic Syndrome,PHASE2,TERMINATED,ClinicalTrials.gov
NCT03207945,Effect of PCSK9 Inhibition on Cardiovascular Risk in Treated HIV Infection (EPIC-HIV Study),Alirocumab; Placebo,Dyslipidemias; Cardiovascular Diseases; HIV Infections,PHASE3,COMPLETED,ClinicalTrials.gov
NCT03939039,From Known to New Genes in Dyslipidemia,Not specified,Dyslipidemias,Not specified,UNKNOWN,ClinicalTrials.gov
NCT02380911,Statins at the Primary Care Level,Educational Intervention,Dyslipidemia,NA,COMPLETED,ClinicalTrials.gov
NCT07123844,Pumpkin Seeds or Oil Lower Serum Triglyceride Levels in Individuals With Hyperlipidaemia,low cholesterol diet,Hyperlipidemia; Overweight,NA,COMPLETED,ClinicalTrials.gov
NCT06954649,"Evaluation of the Functionality of an Extract Rich in Phytosterols and Phytostanols on Parameters Related to the Lipid Profile of Individuals With Hypercholesterolemia, Mainly in the Levels of Total Cholesterol, LDL Cholesterol and Oxidized LDL",Plant based extract rich in phytosterols and phytostanols resveratrol and hydroxytyrosol.; Placebo,Cholesterol Lowering; LDL Level,NA,COMPLETED,ClinicalTrials.gov
NCT03872232,Evaluating the Efficacy and Safety of Co-administrated Rosuvastatin/Ezetimibe and Telmisartan,Ezetimibe/Rosuvastatin; Telmisartan,Hypercholesterolemia; Hypertension,PHASE3,COMPLETED,ClinicalTrials.gov
NCT02408055,ADME Study in Healthy Male Subjects With TA-8995,TA-8995,Dyslipidemia,PHASE1,COMPLETED,ClinicalTrials.gov
NCT00363233,The Potential Effects and Mechanisms of Flax Lignans on Type 2 Diabetes Mellitus,flax lignans,Type 2 Diabetes; Hypercholesterolemia,"PHASE2, PHASE3",COMPLETED,ClinicalTrials.gov
NCT03214211,Prospective Observational Study of Pravafenix Cap,Not specified,Dyslipidemias,Not specified,UNKNOWN,ClinicalTrials.gov
NCT07102628,Evaluation of Efficacy and Safety of Early in Hospital Initiation of Inclisiran Treatment in Patients With Acute Coronary Syndromes,Placebo; Inclisiran,Acute Coronary Syndrome,PHASE3,RECRUITING,ClinicalTrials.gov
NCT03110432,Prospective German Very High Cardiovascular Risk Patients Dyslipidemia Treatment Indication Registry,PCSK9 Inhibitor [EPC]; Standard lipid lowering therapy,"Dyslipoproteinemias; Hypercholesterolemia, Familial; Familial Hypercholesterolemia - Homozygous; Familial Combined Hyperlipidemia",Not specified,COMPLETED,ClinicalTrials.gov
NCT06008912,Effect of Calisthenic Exercise Training Combined With Aerobic Exercise in Patients With Dyslipidemia,Calisthenic Exercises; Aerobic Exercises,Dyslipidemias,NA,COMPLETED,ClinicalTrials.gov
NCT02827630,Proteus Discover in Subjects With Uncontrolled Hypertension and Type 2 Diabetes,Proteus Discover; Usual Care,"Hypertension; Diabetes Mellitus, Type 2; Hypercholesterolemia",NA,COMPLETED,ClinicalTrials.gov
NCT05432544,Safety and Tolerability of SHR-1918 in Healthy Subjects,SHR-1918; SHR-1918 placebo,Hyperlipemia,PHASE1,UNKNOWN,ClinicalTrials.gov
NCT04641299,A Study of AZD8233 in Participants With Dyslipidemia,AZD8233; Placebo,Dyslipidaemia,PHASE2,COMPLETED,ClinicalTrials.gov
NCT00296400,Prospective Evaluation of Proteinuria and Renal Function in Non-diabetic Patients With Progressive Renal Disease,Rosuvastatin; Atorvastatin,Hyperlipidemia,PHASE2,COMPLETED,ClinicalTrials.gov
NCT01670734,Pharmacokinetic and Tolerability of Alirocumab SAR236553 (REGN727) in Patients With Hepatic Impairment and in Healthy Subjects,alirocumab SAR236553 (REGN727),Hypercholesterolemia,PHASE1,COMPLETED,ClinicalTrials.gov
NCT02166593,Clinical Trial to Evaluate the Efficacy and Safety of Pravafenix Cap to Verify the Superiority Than Atorvastatin,Pravastatin40mg/Fenofibrate160mg; Atorvastatin Sodium 10mg,Combined Dyslipidemia,PHASE3,COMPLETED,ClinicalTrials.gov
NCT03663465,The Effect of Hawthorn on Lipoprotein Cholesterol Ratio in Schizophrenics With Antipsychotics,Hawthorn; SGAs,Schizophrenia,NA,COMPLETED,ClinicalTrials.gov
NCT06676046,"Natural History of Uncommon Dyslipidemias, Rare Lipid Disorders and Unusual Atherosclerotic Conditions",Not specified,Dyslipidemia; Atherosclerosis,Not specified,RECRUITING,ClinicalTrials.gov
NCT00938249,Effects of Monascus Garlic Fermented Extract on Serum Triglyceride Level,Monascus Garlic Fermented Extract; Placebo,Hypertriglyceridemias,NA,COMPLETED,ClinicalTrials.gov
NCT01113099,Improving Adherence to Prescribing Guidelines for Cholesterol Lowering in Hospitalized Diabetic Patients,Academic detailing,Diabetes; Dyslipidemia,NA,COMPLETED,ClinicalTrials.gov
NCT01556906,"Safety, Tolerability and Efficacy of Microsomal Triglyceride Protein (MTP) Inhibitor",Lomitapide,Homozygous Familial Hypercholesterolemia,PHASE2,COMPLETED,ClinicalTrials.gov
NCT02524106,Bococizumab HIV Evaluation (B-HIVE) Study,Bococizumab; Placebo,Dyslipidemia; Cardiovascular Disease,PHASE3,TERMINATED,ClinicalTrials.gov
NCT03097107,Evaluate the Safety and Efficacy of Saroglitazar Mg in Patients With Fasting Triglyceride ≥500 mg/dL and ≤1500 mg/dL,Saroglitazar Magnesium 1 mg; Saroglitazar Magnesium 2 mg; Saroglitazar Magnesium 4 mg; Placebo,Dyslipidemias,PHASE2,SUSPENDED,ClinicalTrials.gov
NCT04075032,Pomegranate Consumption by Poly-medicated Metabolic Syndrome Patients,Pomegranate extract; Placebo,Metabolic Syndrome,NA,COMPLETED,ClinicalTrials.gov
NCT03958734,Postprandial Monocyte Maturation and Vascular Dysfunction Following High-Fat Meals - Study 1,High-fat meal,Cardiovascular Risk Factor; Lipemia,NA,COMPLETED,ClinicalTrials.gov
NCT01442987,Efficacy and Safety of Irbesartan and Atorvastatin in Hypertension and Hyperlipidemia,Irbesartan/Atorvastatin A; Irbesartan; Atorvastatin A; Placebo; Irbesartan/Atorvastatin B; Atorvastatin B,Hypertension; Hyperlipidemia,PHASE3,COMPLETED,ClinicalTrials.gov
NCT02587416,Effect of Gemcabene on the Pharmacokinetics of Atorvastatin in Healthy Volunteers,Gemcabene 300 mg; Gemcabene 900 mg; Atorvastatin,Hypercholesteremia,PHASE1,COMPLETED,ClinicalTrials.gov
NCT03415152,A Prospective Observational Program Using Digital Technology Tools to Enhance Patient Adherence to Omacor Therapy,Omacor (Omega-3-acid ethyl esters),History of Myocardial Infarction; Hypertriglyceridemia,Not specified,COMPLETED,ClinicalTrials.gov
NCT00242944,Japan Assessment of Pitavastatin and Atorvastatin in Acute Coronary Syndrome (JAPAN-ACS),Pitavastatin; Atorvastatin,Coronary Disease; Hypercholesterolemia,PHASE4,COMPLETED,ClinicalTrials.gov
NCT00222833,The Effect of Switching to Aripiprazole on Heart Health in Overweight and Obese Patients With Schizophrenia,Aripiprazole,Overweight; Hyperlipidemia; Cardiovascular Diseases,PHASE4,COMPLETED,ClinicalTrials.gov
NCT03640234,Return of Actionable Variants Empirical Study,Not specified,Familial Hypercholesterolemia,Not specified,COMPLETED,ClinicalTrials.gov
NCT04312698,Clinical Trial to Evaluate the Efficacy and Safety of CKD-386,"D013, D326, D337; placebo of D013, D326, D337; D013, placebo of D326, placebo of D337",Dyslipidemia Patients With Hypertension,PHASE3,COMPLETED,ClinicalTrials.gov
NCT03428061,The ZWOlle Transmural Integrated Care for CArdiovaScular Risk Management Study,Integrated care for cardiovascular risk management,Cardiovascular Diseases; Hypercholesterolemia; Hypertension,Not specified,UNKNOWN,ClinicalTrials.gov
NCT03279770,Circulating Non-coding RNAs and Cardiovascular Outcomes in Patients With Dyslipidemia and Atherosclerosis,Not specified,Cardiovascular Diseases,Not specified,UNKNOWN,ClinicalTrials.gov
NCT07023445,Patterns of Inclisiran Use in the Real World: An Analysis of US Databases,Not specified,Atherosclerotic Cardiovascular Disease; Familial Hypercholesterolemia,Not specified,COMPLETED,ClinicalTrials.gov
NCT03657472,Bioequivalence Study of CJ-30061 in Healthy Male Volunteers,CJ-30061; Exforge® 5/160mg & Lipitor® 20mg,Hypertension; Hyperlipidemia,PHASE1,COMPLETED,ClinicalTrials.gov
NCT00421005,Fluvastatin After Heart Transplantation,fluvastatin,Heart Transplantation; Hypercholesterolemia,PHASE4,UNKNOWN,ClinicalTrials.gov
NCT03294369,Cardiovascular Risk in Toledo Population,Observational,Cardiovascular Risk Factor; Cardiovascular Diseases,Not specified,UNKNOWN,ClinicalTrials.gov
NCT06671405,An Open-label Study in Healthy Participants to Evaluate AZD0780 as an Object or Precipitant of CYP3A4-mediated Drug-drug Interactions,AZD0780; Itraconazole; Carbamazepine; Midazolam; Ethinyl estradiol/levonorgestrel,Dyslipidaemia,PHASE1,COMPLETED,ClinicalTrials.gov
NCT06894251,Effect of LIMICOL®-NG on Plasma LDL-cholesterol Concentration in Subjects with Moderate Hypercholesterolemia,LIMICOL® NG,Healthy Volunteer,NA,RECRUITING,ClinicalTrials.gov
NCT02942602,Effect of Lipid Modifying Drugs on HDL Function in Patients With Hyperlipidemia,Atorvastatin 20 mg; Cholestyramine 8 g; Omega-3 2g; Concurrent with Atorvastatin 5 mg + Ezetimibe 10 mg; Lifestyle modification,Hyperlipidemia,NA,COMPLETED,ClinicalTrials.gov
NCT02990637,The Effect of Olive Leaf Extract Administration on Cardiovascular Health,OLECOL; Placebo,Overweight and Obesity; Elevated Cholesterol,NA,COMPLETED,ClinicalTrials.gov
NCT00316641,The Clinical Evaluation of Efficacy of Lipid-Lowing Tea on Hyperlipidemia Patients' Lipid Profiles,Lipid-lowing Tea,Hyperlipidemia,PHASE3,UNKNOWN,ClinicalTrials.gov
NCT01057654,A Study Comparing the Mechanisms of Action of Lifibrol and Pravastatin,Pravastatin; Lifibrol,Hypercholesterolemia; Hyperlipoproteinemia,PHASE3,COMPLETED,ClinicalTrials.gov
NCT02215694,Supplementation of Dual Probiotic Strains Reduced Fasting Triglyceride and Enhanced Apolipoprotein A-V Levels,dual probiotics; placebo,Hypertriglyceridemia,PHASE3,COMPLETED,ClinicalTrials.gov
NCT03618797,A Clinical Trial to Evaluate the Efficacy and Safety of Pitavastatin/Fenofibrate in Complex-dyslipidemia,HL-PIF cap.160/2mg + Placebo; Livalo tab. 2mg + Placebo,Complex-dyslipidemia,PHASE3,COMPLETED,ClinicalTrials.gov
NCT00776841,A Phase 1 Single and Multiple-Dose Study of Aramchol in Healthy Male Volunteers,Aramchol; Aramchol; Aramchol,Healthy,PHASE1,COMPLETED,ClinicalTrials.gov
NCT05686954,Cottonseed Oil Dose Response,CSO LOW; CSO MID; CSO HIGH; CONTROL,"Dyslipidemias; Overweight and Obesity; Nutrition, Healthy",NA,RECRUITING,ClinicalTrials.gov
NCT03643705,A Nurse-led Intervention to Extend the HIV Treatment Cascade for Cardiovascular Disease Prevention,Multi-component intervention; General prevention education,HIV/AIDS; Hypertension; Hyperlipidemias,NA,COMPLETED,ClinicalTrials.gov
NCT01514461,"A Randomized, Double-blind, Placebo Controlled Study to Assess Efficacy, Safety and Tolerability of LCQ908 in Subjects With Familial Chylomicronemia Syndrome",LCQ908; Placebo,Familial Chylomicronemia Syndrome (FCS),PHASE3,COMPLETED,ClinicalTrials.gov
NCT00004266,Drugs for High Blood Pressure and High Cholesterol in American Indians With Type 2 Diabetes,Lisinopril; Nifedipine; Simvastatin,Diabetic Nephropathy,PHASE3,COMPLETED,ClinicalTrials.gov
NCT00395473,Ezetimibe Added to Statin Therapy (EASY) Study (0653-087)(COMPLETED),"MK0653, ezetimibe / Duration of Treatment: 6 Weeks",Hypercholesterolemia,PHASE3,COMPLETED,ClinicalTrials.gov
NCT00001742,The Role of Cyclooxygenase Activity in the Endothelial Function of Hypertensive and Hypercholesterolemic Patients,Not specified,Healthy; Hypercholesterolemia; Hypertension,Not specified,COMPLETED,ClinicalTrials.gov
NCT05749874,Effects of Berberine on Preventing Cardiovascular Disease and Diabetes Mellitus,Berberine plus lifestyle intervention; Placebo plus lifestyle intervention,PreDiabetes; Abdominal Obesity; Hypertension; Dyslipidemias; Atherosclerotic Cardiovascular Disease,PHASE4,ACTIVE_NOT_RECRUITING,ClinicalTrials.gov
NCT02462655,Effects of LDL Apheresis System on the Expression of Genes Involved in Lipoprotein Metabolism and Inflammation in Homozygotes for Familial Hypercholesterolemia,Pre-lipid apheresis; Post-lipid apheresis,Familial Hypercholesterolemia,NA,COMPLETED,ClinicalTrials.gov
NCT03483155,Compliance With The European Society Of Cardiology Prevention Guidelines In Patients at High Cardiovascular Disease Risk,Not specified,Hypertension; Diabetes; Dyslipidemias,Not specified,UNKNOWN,ClinicalTrials.gov
NCT00848276,Sex Hormones and Blood PCSK9 Levels,Not specified,Hypercholesterolemia,Not specified,COMPLETED,ClinicalTrials.gov
NCT06114576,Effects of Biofunctional Orange Juice on Cardiometabolic Risk Markers,Orange juice enriched with vitamin D3 and encapsulated probiotics; Conventional orange juice,Overweight and Obesity; Prediabetes; Hypertension; Dyslipidemias,NA,COMPLETED,ClinicalTrials.gov
NCT06020950,Chia Seeds Consumption in Hypertriglyceridemia,Control; Omega-3 supplementation; Chia seed,Hypertriglyceridemia,NA,COMPLETED,ClinicalTrials.gov
NCT01391585,Expanding Comparative Effectiveness Research (CER) Capability Through Complex Patient Relationship Management,Text Message prompts,Diabetes; Hyperlipidemia,NA,COMPLETED,ClinicalTrials.gov
NCT01322035,Erythrocyte and Adipocyte G6PD Activity Levels in Obesity,Not specified,Diabetes; Obesity,Not specified,COMPLETED,ClinicalTrials.gov
NCT01047176,Observational Study to Estimate the Rates of Outcomes in Patients Undergoing Percutaneous Coronary Intervention (PCI) With Drug Eluting Stent (DES) Implantation Who Take Statins,Not specified,Dyslipidemia; Coronary Heart Disease,Not specified,COMPLETED,ClinicalTrials.gov
NCT00650689,Ezetimibe Plus Atorvastatin Versus Atorvastatin in Untreated Subjects With Primary Hypercholesterolemia and Coronary Heart Disease (P03396),Ezetimibe + Atorvastatin; Atorvastatin,Hypercholesterolemia; Atherosclerosis; Coronary Artery Disease,PHASE3,COMPLETED,ClinicalTrials.gov
NCT02037321,Meta-Analyses of the Effect of Plant Protein Versus Animal Protein on Cardiometabolic Risk,Not specified,Diabetes; Prediabetes; Metabolic Syndrome; Dysglycemia; Overweight; Obesity; Dyslipidemia; Hypertension; Gout; Non-alcoholic Fatty Liver Disease (NAFLD); Kidney Disease; Kidney Injury; Cardiovascular Disease; Inflammation,Not specified,ACTIVE_NOT_RECRUITING,ClinicalTrials.gov
NCT03932721,EXpanded Combination of Evolocumab Plus Empagliflozin on Diabetes: EXCEED-BHS3 Trial,Evolocumab 140 MG/ML,"Dyslipidemia Associated With Type II Diabetes Mellitus; Diabetes Mellitus, Type 2; Hypertension Arterial",PHASE4,COMPLETED,ClinicalTrials.gov
NCT01460784,"STAGES Trial: Study of Adiposity, Growth and Endocrine Stages",Not specified,Obesity,Not specified,COMPLETED,ClinicalTrials.gov
NCT00748852,Safety Study of JTT-302 in Subjects With Low HDL-C Levels,JTT-302,Dyslipidemia,PHASE2,COMPLETED,ClinicalTrials.gov
NCT07101263,Whey Protein Comparisons for Blood Lipid Effects,Standard whey; Hydrolyzed whey,Cholesterol,NA,RECRUITING,ClinicalTrials.gov
NCT04874142,Phase 1 to Evaluate the Safety and Pharmacokinetic Durg-drug Interaction of YYC506-T and YYC506-A,YYC506-T; YYC506-A; YYC506-T + YYC506-A; YYC506-A + YYC506-T,Dyslipidemias,PHASE1,COMPLETED,ClinicalTrials.gov
NCT00797186,Less Invasive Detection and Treatment of Very Early Coronary Artery Disease in Patients With Diabetes Mellitus,Intensive risk factor management,Type 2 Diabetes; Microvascular Dysfunction,NA,UNKNOWN,ClinicalTrials.gov
NCT00726856,Retrospective Survey Evaluating the Effectiveness and Safety of Dual Inhibition Lipid-lowering in the Treatment of Dyslipidemia (Study P05171)(COMPLETED),Ezetimibe 10 mg plus statin or ezetimibe 10 mg plus fenofibrate,Dyslipidemia,Not specified,COMPLETED,ClinicalTrials.gov
NCT00286429,Efficacy and Safety Study of Alogliptin and Insulin in the Treatment of Type 2 Diabetes.,Alogliptin and insulin; Alogliptin and insulin; Insulin,Diabetes Mellitus,PHASE3,COMPLETED,ClinicalTrials.gov
NCT04223557,A Cholesterol Lowering Therapy of Focused Power Ultrasound Mediated Perirenal Fat Ablation,focused power ultrasound treatment; Sham treatment,Visceral Obesity; Ultrasound Therapy; Dyslipidemias,NA,COMPLETED,ClinicalTrials.gov
NCT04245319,Combined Effect of Acitretin and Narrow Band Ultraviolet B on Vitiligo Repigmentation,Acitretin; Narrow band ultraviolet B,Hyperlipidemias; Xerosis; Depression; Liver Diseases,NA,UNKNOWN,ClinicalTrials.gov
NCT06858865,A Study to Evaluate the Safety and Pharmacokinetics of AD-228A Compared to Coadministration of AD-2281 and AD-2282,AD-228A; AD-2281 and AD-2282,Primary Hypercholesterolaemia,PHASE1,COMPLETED,ClinicalTrials.gov
NCT01288469,Efficacy and Safety Evaluation of Alirocumab (SAR236553/REGN727) When Co-administered With High Dose of Atorvastatin in Patients With Primary Hypercholesterolemia,Alirocumab; Placebo (for alirocumab); Atorvastatin; Placebo (for atorvastatin),Hypercholesterolemia,PHASE2,COMPLETED,ClinicalTrials.gov
NCT04761861,Vildagliptin for Treatment of Antipsychotic-induced Dyslipidemia,Vildagliptin 50 MG; Placebo,Schizophrenia; Dyslipidemias,PHASE2,WITHDRAWN,ClinicalTrials.gov
NCT05532800,The Efficacy and Safety of JS002 PFS and AI in Patients With Primary Hypercholesterolemia and Mixed Hyperlipidemia,JS002; Placebo,Hyperlipemia,PHASE3,COMPLETED,ClinicalTrials.gov
NCT00093899,A Study to Evaluate an Investigational Drug in Patients With Mixed Hyperlipidemia (0653A-071)(COMPLETED),ezetimibe (+) simvastatin,Hyperlipidemia; Hypercholesterolemia; Hypertriglyceridemia,PHASE3,COMPLETED,ClinicalTrials.gov
NCT00000471,Lifestyle Heart Trial,"diet, vegetarianism; diet, fat-restricted; exercise; smoking cessation",Cardiovascular Diseases; Coronary Arteriosclerosis; Coronary Disease; Heart Diseases; Hypercholesterolemia; Hypertension; Myocardial Ischemia,PHASE2,COMPLETED,ClinicalTrials.gov
NCT04846231,"Supplements, Placebo, or Rosuvastatin Study","Fish Oil, Cinnamon, Garlique,Turmeric, Plant Sterol, Red Yeast Rice; Rosuvastatin; Placebo",Hypercholesterolemia,PHASE2,COMPLETED,ClinicalTrials.gov
NCT02205567,Bergamot and Cardio-Metabolic Risk Factors,Bergamot-derived product,Dyslipidemia,Not specified,COMPLETED,ClinicalTrials.gov
NCT01941836,"Evaluation of ETC-1002, Ezetimibe, and the Combination in Hypercholesterolemic Patients",ETC-1002; Ezetimibe,Hypercholesterolemia,PHASE2,COMPLETED,ClinicalTrials.gov
NCT01408719,Effect of Beta-Glucan on Cholesterol Lowering,Control; 3g LMW beta-glucan; 5g LMW beta-glucan; 3g HMW beta-glucan,Hypercholesterolemia,NA,COMPLETED,ClinicalTrials.gov
NCT03452228,Safety and Efficacy Following Repeat-Dose of Evinacumab (Anti-ANGPTL3) in Patients With Severe Hypertriglyceridemia (sHTG) at Risk for Acute Pancreatitis,evinacumab; Placebo,Severe Hypertriglyceridemia (sHTG),PHASE2,COMPLETED,ClinicalTrials.gov
NCT06258005,PocDoc Lipids Out-of-Surgery Study,PocDoc,Dyslipidemias,Not specified,COMPLETED,ClinicalTrials.gov
NCT03739034,Evaluation of a Lifestyle Medicine Practice,Lifestyle Medicine,Chronic Lifestyle Related Disease; Diabetes; Overweight and Obesity; Dyslipidemias; Hypertension; Cardiovascular Diseases,NA,COMPLETED,ClinicalTrials.gov
NCT06323252,A Study on the Effects of Mastiha Oil in Adults With Hypertriglyceridemia,MastihaOil; nutritional counsel,Hypertriglyceridemia,NA,NOT_YET_RECRUITING,ClinicalTrials.gov
NCT06840964,Effect of Omega 3 in Hypertensive Patients,omega 3 ethyl esters at 90%; Placebo,Hypertension; Dyslipidemia,NA,COMPLETED,ClinicalTrials.gov
NCT06693934,Jockey Club Precision Prevention Programme on Young Onset Diabetes,"Risk assessment with biogenetic and clinical test to predict diabetes risk; Oral glucose tolerance test (OGTT) and cardiovascular-kidney-metabolic (CKM) risk factors; Medication; Continuous glucose monitoring (CGM) devices and/or weighing scale; Visit to family doctor with nurse education; Joint Asia Diabetes Evaluation (JADE) assessment; Education webinars, workshops and health messages",Diabetes; Pre Diabetes; Hypertension; Dyslipidemia; Obesity,NA,RECRUITING,ClinicalTrials.gov
NCT02979704,A Comparative Study of Rosuvastatin and Atorvastatin in Patients With Hyperlipidemia,Rosuvastatin; Atorvastatin,Hyperlipidemia,"PHASE2, PHASE3",UNKNOWN,ClinicalTrials.gov
NCT00249899,Efficacy of Lapaquistat Acetate Alone or Combined With High-Dose Statin Therapy in Subjects With Hypercholesterolemia,Lapaquistat acetate and stable statin therapy; Stable statin therapy,Hypercholesterolemia,PHASE3,TERMINATED,ClinicalTrials.gov
NCT06301906,Red Yeast Rice for Primary Prevention of Hypercholesterolemia,LipoCol Forte Capsule 600mg bid,Hypercholesterolemia,Not specified,RECRUITING,ClinicalTrials.gov
NCT01148004,"The Influence of Ritonavir, Alone and in Combination With Lopinavir, on Fenofibric Acid Pharmacokinetics in Healthy Volunteers",Fenofibrate; Ritonavir; Lopinavir/Ritonavir,HIV; Fenofibrate; Protease Inhibitors; Hypertriglyceridemia; Glucuronosyltransferase,PHASE1,COMPLETED,ClinicalTrials.gov
NCT01554800,"Effect of ACP-501 on Safety, Tolerability, Pharmacokinetics and Pharmacodynamics in Subjects With Coronary Artery Disease",ACP-501,Coronary Artery Disease; Atherosclerosis,PHASE1,COMPLETED,ClinicalTrials.gov
NCT02121314,HRZE Fasted/Fed in Newly Diagnosed TB,"intravenous administration of 1st line TB drugs, day 1",Tuberculosis,PHASE2,COMPLETED,ClinicalTrials.gov
NCT02748057,A Clinical Trial to Assess the Long Term Safety and Tolerability of MK-0653H in Japanese Participants With Hypercholesterolemia (MK-0653H-833),Ezetimibe; Rosuvastatin,Hypercholesterolemia; Familial Hypercholesterolemia,PHASE3,COMPLETED,ClinicalTrials.gov
NCT07206875,Observational Study for the Characterisation of Patients Affected by Any Type of Diabetes and Endocrine Disorders,Not specified,Diabetes; Metabolic Disorders; Arterial Hypertension; Dyslipidemia; Liver Disease (Alcoholic or Not),Not specified,NOT_YET_RECRUITING,ClinicalTrials.gov
NCT00463606,A Multicenter Study Comparing the Safety and Efficacy of ABT-335 and Rosuvastatin Calcium Combination Therapy to Monotherapy in Subjects With Dyslipidemia,ABT-335 and rosuvastatin calcium; ABT-335; rosuvastatin calcium,Hypercholesterolemia; Dyslipidemia,PHASE3,COMPLETED,ClinicalTrials.gov
NCT05883865,Safety Study of Fenofibrate During Pregnancy,Fenofibrate,Severe Hypertriglyceridemia During Pregnancy,Not specified,UNKNOWN,ClinicalTrials.gov
NCT04073134,The CHORAL Flow Study,Evolocumab; Placebo,Coronary Artery Disease; Atherosclerosis; Hyperlipidemias,PHASE4,TERMINATED,ClinicalTrials.gov
NCT00331487,Study to Compare Pioglitazone and Rosiglitazone in Subjects With Type 2 Diabetes Mellitus and Dyslipidemia,Pioglitazone; Rosiglitazone,Diabetes Mellitus,PHASE3,COMPLETED,ClinicalTrials.gov
NCT01634906,Erythrocyte-bound Apolipoprotein B After Withdrawal of Statin Therapy,Temporary discontinuation of statin therapy,Hyperlipidemia; Atherosclerosis,NA,COMPLETED,ClinicalTrials.gov
NCT00770952,Efficacy of Pioglitazone and Glimepiride Combination Therapy in Treating Subjects With Type 2 Diabetes Mellitus.,Pioglitazone and Glimepiride; Glimepiride,Diabetes Mellitus,PHASE3,COMPLETED,ClinicalTrials.gov
NCT06568471,A Study on Efficacy and Safety of HST101 in Chinese Patients with Hypercholesterolemia,Lerodalcibep; matching placebo,Hypercholesterolemia; Dyslipidemias; Primary Hypercholesterolemia; Heterozygous Familial Hypercholesterolemia; Hyperlipidemia; Mixed; Metabolic Disease; ASCVD,PHASE3,RECRUITING,ClinicalTrials.gov
NCT00408824,Investigation of Genetic Risk of Metabolic Syndrome in Company Employee (NGK Study),Not specified,Healthy; Metabolic Syndrome X; Hyperlipidemia; Hypertension; Diabetes Mellitus,Not specified,UNKNOWN,ClinicalTrials.gov
NCT01588496,Trial Evaluating PCSK9 Antibody in Subjects With LDL Receptor Abnormalities,Evolocumab; Placebo,Homozygous Familial Hypercholesterolemia,"PHASE2, PHASE3",COMPLETED,ClinicalTrials.gov
NCT05834673,VICTORION-ASCERTAIN: Implementation Study (v-ASCERTAIN),SMS messages; Telephone-based support calls; GP Education,Atherosclerotic Cardiovascular Disease (ASCVD); Coronary Heart Disease (CHD); Cerebrovascular Disease; Peripheral Arterial Disease (PAD),NA,TERMINATED,ClinicalTrials.gov
NCT06985550,Effect of Adding Additional Elastic Band Resistance Training to Waltz Dance on Dyslipidemia in Middle-aged and Elderly Women: a Randomized Controlled Trial,Multicomponent Exercise; daily activity,Dyslipaemia,NA,COMPLETED,ClinicalTrials.gov
NCT05594979,Effects of 6 Weeks TOTUM-070 on Lipid Metabolism and Cardiovascular Health in Individuals at Increased Cardio-metabolic Risk,TOTUM-070,Hypercholesterolemia; Cardiovascular Risk Factor; Dyslipidemias; Atherosclerosis; Cardio-metabolic Risk,NA,TERMINATED,ClinicalTrials.gov
NCT01011127,Different Metabolic Effects of Statins,"pravastatin, rosuvastatin",Hypercholesterolemia,Not specified,COMPLETED,ClinicalTrials.gov
NCT01644474,Efficacy and Safety of Alirocumab (SAR236553/REGN727) Versus Ezetimibe in Patients With Hypercholesterolemia,Alirocumab; Ezetimibe; Placebo (for Alirocumab); Placebo (for Ezetimibe),Hypercholesterolemia,PHASE3,COMPLETED,ClinicalTrials.gov
NCT05221346,Effect of Oleactiv® on LDL Oxidability,Plant food supplement; Maltodextrin,Hypercholesterolemia,NA,COMPLETED,ClinicalTrials.gov
NCT05430191,Equitable Implementation of Cascade Screening for Familial Hypercholesterolemia,Cascade Screening,Familial Hypercholesterolemia,Not specified,COMPLETED,ClinicalTrials.gov
NCT05000996,Gut Microbiota in Metabolic Surgery,Bariatric Surgery,Bariatric Surgery Candidate; Cardiovascular Diseases; Type 2 Diabetes; Dyslipidemias; Hypertension; Morbid Obesity,Not specified,RECRUITING,ClinicalTrials.gov
NCT02808403,Long Term Post Marketing Specified Drug Use Result Survey for Evolocumab in Japan,No intervention,Hypercholesterolemia; Familial Hypercholesterolemia,Not specified,COMPLETED,ClinicalTrials.gov
NCT05393882,Impact of Cholesterol Level on Long-term Coronary Bypass Graft Patency,Computed tomography coronary angiogram,Coronary Artery Disease; Bypass Graft Stenosis; Dyslipidemias; Bypass Graft Occlusion; Coronary Bypass Graft Stenosis; Coronary Artery Stenosis; Hyperlipidemia; Hypercholesterolemia,Not specified,WITHDRAWN,ClinicalTrials.gov
NCT02944383,A 12-Week Study to Assess the Efficacy Safety and Tolerability of Gemcabene in Subjects With Severe Hypertriglyceridemia,Gemcabene; Placebo,Severe Hypertriglyceridemia; Mixed Dyslipidaemia,PHASE2,COMPLETED,ClinicalTrials.gov
NCT01431690,Interaction of Epanova on Warfarin Pharmacokinetic and Anticoagulant Activity and Comparison of the Effects of Epanova and Lovaza on Eicosapentaenoic Acid (EPA) and Docosahexaenoic Acid (DHA) After Low-fat Meals,warfarin; omefas; omega-3-acid ethyl esters,Hypertriglyceridemia,PHASE1,COMPLETED,ClinicalTrials.gov
NCT06771024,Community Physical Exercise Program in Chronic Disease,Physical Exercise,"Osteoarthritis Pain; Myocardial Infarction (MI); Hypertension; Dyslipidemia; Diabetes Mellitus; Overweight , Obesity; Stroke",NA,NOT_YET_RECRUITING,ClinicalTrials.gov
NCT06001489,The Effects of 360-degree Virtual Reality on Pre-procedural Anxiety in Patients Awaiting Elective Cardiac Surgery Involving a Sternotomy,360-degree Virtual Reality Patient Tour; State Trait Anxiety Inventory; Amsterdam Preoperative Anxiety and Information Scale,Cardiac Valve Disease; Aortic Valve Disease; Mitral Valve Disease; Tricuspid Valve Disease,NA,RECRUITING,ClinicalTrials.gov
NCT01808274,Safety and Performance Study of the Edwards CENTERA Self-Expanding Transcatheter Heart Valve,Edwards CENTERA Self-Expanding Transcatheter Heart Valve,Aortic Valve Disease,NA,COMPLETED,ClinicalTrials.gov
NCT06706635,Impact of Enhanced Information on Subjective Information Level and PROMs in Patients with Aortic Stenosis,Application of App,Aortic Stenosis Disease,NA,RECRUITING,ClinicalTrials.gov
NCT01107990,Global and Regional Myocardial Strain and Power Output In Patients With Single Ventricles Using Novel MRI Techniques,Not specified,Fontan Procedure; Hypoplastic Left Heart Syndrome; Tricuspid Atresia; Double Inlet Left Ventricle,Not specified,TERMINATED,ClinicalTrials.gov
NCT05052684,The Leaflex™ Brazilian Standalone Study,Leaflex™ Performer,Aortic Valve Stenosis,NA,TERMINATED,ClinicalTrials.gov
NCT04067635,Primary Mitral Regurgitation Repair,Not specified,Mitral Valve Insufficiency; Mitral Valve Prolapse; Chronic Mitral Disease; Mitral Regurgitation; Mitral Valve Disease; Degenerative Mitral Valve Disease; Myxomatous Mitral Valve Degeneration; Ventricular Remodeling,Not specified,UNKNOWN,ClinicalTrials.gov
NCT04823364,"Evaluation of Brain Neurotransmitter Levels in Adults With ADHD, Before and After Stimulant Treatment",Neurotransmitters evaluation by MRS,Attention Deficit Disorder With Hyperactivity,NA,TERMINATED,ClinicalTrials.gov
NCT06991517,A Study of Transcatheter Aortic Valve Replacement Case Selection and Valve Sizing Using the ABC Bicuspid Sizing Algorithm,The ABC Bicuspid Sizing Algorithm,Aortic Stenosis,Not specified,RECRUITING,ClinicalTrials.gov
NCT04517955,TAVI in Intermediate Risk Septuagenarians With Risk Factors Not Captured by the Traditional Surgical Risk Scores,Transcatheter Aortic Valve Implantation (TAVI),Transcatheter Aortic Valve Replacement,Not specified,UNKNOWN,ClinicalTrials.gov
NCT02241109,Predicting Aortic Stenosis Progression by Measuring Serum Calcification Propensity,no intervention,Aortic Valve Sclerosis; Aortic Valve Stenosis; Stenosis Progression; Valvular Heart Disease,NA,COMPLETED,ClinicalTrials.gov
NCT03827525,Cognitive and Behavioral Therapy of Anxiety in Williams Syndrome,Cognitive and Behavioral Therapy,Williams Syndrome; Anxiety,Not specified,UNKNOWN,ClinicalTrials.gov
NCT05820516,Patients With Severe TrIcuspid Regurgitation After triCvALve System Implantation,TricValve implantation,Severe Tricuspid Valve Regurgitation,Not specified,RECRUITING,ClinicalTrials.gov
NCT06381271,Transcatheter Aortic Valve Replacement for Pure Severe Aortic Valve Regurgitation,Transcatheter aortic valve replacement,Aortic Valve Regurgitation,Not specified,RECRUITING,ClinicalTrials.gov
NCT01809626,Proton MRS Study of SSRI-Zolpidem Interactions,Zolpidem; Placebo,Depression,EARLY_PHASE1,COMPLETED,ClinicalTrials.gov
NCT07019935,Afterload Mismatch Predictive modLE for Transcatheter Edge-to-Edge Repair (AMPLE-TEER),Not specified,Mitral Insufficiency,Not specified,RECRUITING,ClinicalTrials.gov
NCT07285720,Phonological Constraints on Language Development in Individuals With Williams Syndrome,EEG-NIRS protocol; Questionnaire,Williams Syndrome; Language; Phonological Short-Term Memory; EEG-NIRS,NA,RECRUITING,ClinicalTrials.gov
NCT06552689,Sutra Hemi-valve First-in-Human Study,Sutra Hemi-valve Transcatheter Mitral Valve Replacement (TMVR) System,Mitral Regurgitation,NA,RECRUITING,ClinicalTrials.gov
NCT02536196,The REFLECT Trial: Cerebral Protection to Reduce Cerebral Embolic Lesions After Transcatheter Aortic Valve Implantation,Embolic Protection Device; Transcatheter aortic valve implantation (TAVI),Symptomatic Aortic Stenosis,NA,COMPLETED,ClinicalTrials.gov
NCT03466918,China S3: Safety and Effectiveness of Edwards Lifesciences SAPIEN 3 THV in the Chinese Population,SAPIEN 3 THV with the Commander delivery system,Aortic Stenosis; Symptomatic Aortic Stenosis; Aortic Regurgitation,NA,COMPLETED,ClinicalTrials.gov
NCT02128841,Comparison of Antithrombotic Treatments After Aortic Valve Replacement. Rivaroxaban: A New Antithrombotic Treatment for Patients With Mechanical Prosthetic Aortic Heart Valve.,Rivaroxaban,Aortic Valve Disease; Heart Valve Prosthesis Implantation; Anticoagulants,PHASE2,TERMINATED,ClinicalTrials.gov
NCT02764645,Performance of the CARDIOGARD Cannula,CardioGard Cannula; 22Fr curved Cannula,Heart Valve Diseases; Coronary Artery Disease,NA,UNKNOWN,ClinicalTrials.gov
NCT05607667,Clinical Trial in China for Aortic Valve Stenosis,Transcatheter aortic valve replacement,Diseases of Aortic Valve; Aortic Stenosis Disease,NA,COMPLETED,ClinicalTrials.gov
NCT05682066,TVMR With the Innovalve System Trial - Pilot in Georgia,Innovalve MR system,Mitral Valve Regurgitation (Degenerative or Functional),NA,COMPLETED,ClinicalTrials.gov
NCT05267067,Impact of Positive End Maximum Voluntary Ventilation and Dyspnea Index in Patients After Valvular Heart Surgery,respiratory exercises,Respiration Disorders,NA,COMPLETED,ClinicalTrials.gov
NCT02070731,"DEFLECT III: A Prospective, Randomized Evaluation of the TriGuard™ HDH Embolic Deflection Device During TAVI",TriGuard HDH,Aortic Valve Stenosis,NA,COMPLETED,ClinicalTrials.gov
NCT03869164,Multi-center Trial of ValveClamp,ValveClamp,Evaluate the Safety and Efficacy of the ValveClamp,NA,UNKNOWN,ClinicalTrials.gov
NCT03826264,Transpacific TAVR Registry,TAVR,Heart Valve Diseases; Aortic Valve Insufficiency,Not specified,RECRUITING,ClinicalTrials.gov
NCT01144546,Passive Leg Raising Test to Predict Hypotension During Induction of Anesthesia in Patients Undergoing Cardiac Surgery,passive leg raising (45 degree leg elevation for 1-2 min),Ischemic Heart Disease; Cardiac Valve Disease,PHASE2,COMPLETED,ClinicalTrials.gov
NCT03013075,General Plus Spinal Anesthesia and General Anesthesia Alone on Right Ventricular Function,Spinal anesthesia with Bupivacaine heavy and Morphine; Bupivacaine heavy and Morphine; General Anesthetics,Right Ventricular Dysfunction,PHASE4,UNKNOWN,ClinicalTrials.gov
NCT00415701,Effect of Etomidate on Hemodynamics and Adrenocortical Function After Cardiac Surgery,Etomidate; Propofol; Hydrocortisone; NaCl 0.9%; Tetracosactin,Coronary Artery Disease; Mitral Valve Regurgitation,PHASE4,COMPLETED,ClinicalTrials.gov
NCT06112561,"Cardiac Index, SVR/SVRI During Weaning From ECC- Data Obtained From Femoral and Radial Artery Transducer",CO/CI/SVR,Coronary Artery Disease; Aortic Valve Disease; Mitral Valve Disease,NA,UNKNOWN,ClinicalTrials.gov
NCT06920745,TriClip CED RWE Study,The TriClip System,Tricuspid Regurgitation,Not specified,RECRUITING,ClinicalTrials.gov
NCT03314857,China XT: Safety and Effectiveness of Edwards Lifesciences SAPIEN XT THV in the Chinese Population,SAPIEN XT THV with the NovaFlex+ delivery system,Aortic Stenosis; Symptomatic Aortic Stenosis; Aortic Regurgitation,NA,COMPLETED,ClinicalTrials.gov
NCT05417945,"A Prospective, Multicenter Study to Evaluate the JensClip Transcatheter Valve Repair System",JensClip transcatheter valve repair system,Degenerative Mitral Valve Disease; Mitral Valve Regurgitation,NA,UNKNOWN,ClinicalTrials.gov
NCT01156272,"Post Market ATS 3f® Aortic Bioprosthesis, Model 1000, Size 19mm","ATS Medical 3f® Aortic Bioprosthesis, Model 1000 19mm",Heart Valve Diseases,Not specified,WITHDRAWN,ClinicalTrials.gov
NCT05493657,Aspirin vs Clopidogrel After TAVR,Aspirin single antiplatelet therapy; Clopidogrel single antiplatelet therapy,Severe Aortic Stenosis,NA,RECRUITING,ClinicalTrials.gov
NCT05580237,Pressure Gradient vs. Flow Relationships in Patients With Symptomatic Valvular Aortic Stenosis,Simultaneous right and left heart catheterization,Aortic Valve Stenosis,Not specified,COMPLETED,ClinicalTrials.gov
NCT01623193,The ABC Trial Does All-Blood Cardioplegia Prevent Blood Transfusion in Cardiac Surgery? A Single Centre Pilot Study,All-blood cardioplegia; Standard cardioplegia,Coronary Artery Disease; Valvular Heart Disease,NA,COMPLETED,ClinicalTrials.gov
NCT06804148,MYVAL Transcatheter Heart Valve System - Prospective German Multicenter Registry,Myval Transcatheter Heart Valve,Aortic Valve Stenosis,Not specified,RECRUITING,ClinicalTrials.gov
NCT01972555,Cardiac Function After Minimally Invasive Aortic Valve Implantation,Minimally invasive aortic valve replacement; Conventional aortic valve replacement,Aortic Valve Stenosis; Heart Valve Diseases,NA,COMPLETED,ClinicalTrials.gov
NCT05895487,"Study on Efficacy, Safety and Durability of the UniLine Prosthesis in the Treatment of Aortic and Mitral Valve Disease",Not specified,Diseases of Mitral and Aortic Valves; Rheumatic Disorders of Mitral and Aortic Valves; Other Congenital Malformations of Aortic and Mitral Valves; Valvular Heart Disease (Aortic and Mitral Valves); Mitral Valve Insufficiency and Aortic Valve Insufficiency,Not specified,RECRUITING,ClinicalTrials.gov
NCT01276444,Comparison of Goal-directed Algorithms of Hemodynamic Therapy After Combined Valve Repair,Swan-Ganz catheter; transpulmonary thermodilution + central venous saturation,Valvular Heart Disease,NA,COMPLETED,ClinicalTrials.gov
NCT03571906,Pre-habilitation of Patients Scheduled for Cardiac Valve Surgery,Tele - Cardiac Pre-Rehabilitation,Valvular Heart Disease,NA,UNKNOWN,ClinicalTrials.gov
NCT01932411,Factors Affect Outcomes in Cardiovascular Surgery,Not specified,Coronary Artery Disease; Valvular Diseases; Vascular Diseases,Not specified,RECRUITING,ClinicalTrials.gov
NCT01755338,Effect of Steroids on Cerebral Inflammation and Neuronal Damage After Surgical Aortic Valve Replacement,Methylprednisolone; Placebo,Aortic Stenosis,NA,COMPLETED,ClinicalTrials.gov
NCT03025971,Safety & Efficacy of the J-Valve Ausper System in Patients With Severe Aortic Stenosis and/or Aortic Regurgitation,J-Valve Transcatheter Aortic valve replacement,Aortic Valve Disease,NA,COMPLETED,ClinicalTrials.gov
NCT01991444,CGA-TAVI Registry to Evaluate the Predictive Value of a CGA in Predicting TAVI Outcomes,TAVI,Aortic Valve Stenosis,Not specified,COMPLETED,ClinicalTrials.gov
NCT02308293,The Role of Endogenous Lactate in Brain Preservation and Counterregulatory Defenses Against Hypoglycemia,High intensity exercise; Lay down comfortably,Type 1 Diabetes Mellitus; Hypoglycemia Unawareness,NA,COMPLETED,ClinicalTrials.gov
NCT04445012,Cardiovascular Acoustics and an Intelligent Stethoscope,Not specified,Heart Valve Diseases,Not specified,UNKNOWN,ClinicalTrials.gov
NCT03993171,31P-MRS Imaging to Assess the Effects of CNM-Au8 on Impaired Neuronal Redox State in Multiple Sclerosis.,gold nanocrystals,Multiple Sclerosis,PHASE2,COMPLETED,ClinicalTrials.gov
NCT01342757,Magnetic Resonance Spectroscopy Imaging in Predicting Response to Vorinostat and Temozolomide in Patients With Recurrent or Progressive Glioblastoma,vorinostat; temozolomide; magnetic resonance spectroscopic imaging; survey administration,Adult Glioblastoma; Depression; Recurrent Adult Brain Tumor,NA,COMPLETED,ClinicalTrials.gov
NCT03923530,Pressure Assessment to Improve Outcomes After TAVR: a Registry,Eplerenone,"Hypertension; Aortic Stenosis, Calcific; Quality of Life; Heart Failure With Preserved Ejection Fraction",EARLY_PHASE1,COMPLETED,ClinicalTrials.gov
NCT03004599,Safety and Efficacy of SYM-SV/DS-002 in Patients With Severe Aortic Stenosis,SYM-SV-002 Aortic Bioprosthesis and SYM-DS-002 Transfemoral Delivery System,Severe Aortic Stenosis,NA,TERMINATED,ClinicalTrials.gov
NCT04570098,Prevalence and Prognostic Relevance of Tricuspid Regurgitation in Different Heart Failure Entities,Not specified,Tricuspid Regurgitation; Heart Failure,Not specified,COMPLETED,ClinicalTrials.gov
NCT04029363,Expanded Study of the HighLife 28mm Trans-septal Trans-catheter Mitral Valve in Patients With Moderate-severe or Severe Mitral Regurgitation and at High Surgical Risk,HighLife Transcatheter Mitral Valve Replacement,Mitral Regurgitation,NA,RECRUITING,ClinicalTrials.gov
NCT02080299,Protection by Remote Ischemic Preconditioning During Transcatheter Aortic Valve Implantation,Remote ischemic preconditioning (RIPC); Placebo,Aortic Valve Stenosis,PHASE2,UNKNOWN,ClinicalTrials.gov
NCT05038228,High Gastrointestinal Bleed Risk Outcomes in Patients With Non-valvular Atrial Fibrillation (NVAF) in France,Apixaban; Rivaroxaban; Dabigatran; Vitamin K antagonist (VKA),Atrial Fibrillation,Not specified,ACTIVE_NOT_RECRUITING,ClinicalTrials.gov
NCT03305536,Decalcification of the Aortic Valve by Vitamin K2 (Menaquinone-7),Vitamin K2 (Menaquinone 7) + Vitamin D3,Aortic Valve Disease,PHASE2,UNKNOWN,ClinicalTrials.gov
NCT04011501,Erector Spinae Plane Block for Minimal Invasive Cardiac Surgery (Heart-Port).,Continuous Erector spinae block,"Pain, Postoperative; Heart Valve Diseases",NA,UNKNOWN,ClinicalTrials.gov
NCT07379788,ARNI Combined With SGLT2 Inhibitors on Functional Mitral Regurgitation Remodeling,Sacubitril/Valsartan 49 MG-51 MG Oral Tablet [ENTRESTO]; Empagliflozin10Mg Tab,Heart Failure,Not specified,RECRUITING,ClinicalTrials.gov
NCT00157807,Clinical and Economic Consequences of Left Atrial Bipolar Radiofrequency Ablation of Persistent and Permanent Atrial Fibrillation During Cardiac Surgery,bipolar radiofrequency ablation of persistent and permanent AF,Atrial Fibrillation; Coronary Artery Disease,NA,TERMINATED,ClinicalTrials.gov
NCT04234087,Feasibility and Effectiveness of an Additional Resistance and Balance Training in Cardiac Rehabilitation of Older Patients After Valve Surgery or Intervention,Additional balance and resistance training,Frailty Syndrome; Quality of Life; Valve Heart Disease,NA,COMPLETED,ClinicalTrials.gov
NCT01800006,Xarelto for Prevention of Stroke in Patients With Atrial Fibrillation in Latinamerica and EMEA Region,"Rivaroxaban (Xarelto, BAY59-7939)",Atrial Fibrillation,Not specified,COMPLETED,ClinicalTrials.gov
NCT06870734,General Anesthesia Versus Loco-Regional Anesthesia for Transcarotid Trancatheter Aortic Valve Replacement,Not specified,Aortic Stenosis,Not specified,NOT_YET_RECRUITING,ClinicalTrials.gov
NCT01331863,Airway and/or Pulmonary Vessels Transplantation,Airway and/or pulmonary Vessels Transplantation,Lung Cancer; Tracheal Neoplasm; Tracheal Stenosis,"PHASE1, PHASE2",COMPLETED,ClinicalTrials.gov
NCT03617406,Volume Challenge Added to DSE in the Diagnosis of Severe LFLGAS,Volume Challenge,Aortic Valve Stenosis,NA,COMPLETED,ClinicalTrials.gov
NCT04982406,Transcatheter Aortic Valve Replacement (TAVR) Effects on Cardiac Conduction System,Transcatheter aortic valve replacement,Aortic Stenosis; Transcatheter Aortic Valve Replacement; Heart Block,Not specified,COMPLETED,ClinicalTrials.gov
NCT03815916,31P-MRS Imaging to Assess the Effects of CNM-Au8 on Impaired Neuronal Redox State in Parkinson's Disease,Gold Nanocrystals,Parkinson's Disease,PHASE2,COMPLETED,ClinicalTrials.gov
NCT06830499,Sapien 3 Transcatheter Aortic Valve Replacement in Young Aortic Valve Stenosis Patients From China,Transcatheter Aortic Valve Replacement (TAVR),AORTIC VALVE DISEASES; Bicuspid Aortic Valve (BAV),Not specified,RECRUITING,ClinicalTrials.gov
NCT02572999,Incidence and Risk Factors for Hospitalization-Associated Disability,Not applicable (observational design),Functional Decline; Hospitalization-associated Disability; Iatrogenic Disease,Not specified,COMPLETED,ClinicalTrials.gov
NCT05069987,Anxiety Reduction in TAVI Using Virtual Reality Trial,Virtual Reality Immersion,"Aortic Stenosis, Severe; Anxiety",NA,UNKNOWN,ClinicalTrials.gov
NCT05357404,Age and Sex-Specific PREValence of AcqUirEd VALVular Heart DiseasE,Not specified,Valvular Heart Disease,Not specified,ACTIVE_NOT_RECRUITING,ClinicalTrials.gov
NCT05629104,Prediction of Long-term Outcome in Aortic Stenosis After Valve Intervention,There is no intervention since it is an observational study patients are treated according to clinical praxis,Aortic Stenosis,Not specified,RECRUITING,ClinicalTrials.gov
NCT01621971,Effect of Brief Nebulization of Milrinone on Pulmonary Arterial Pressure Before Cardiopulmonary Bypass on Mitral Valve Surgery Patients,inhaled milrinone; intravenous milrinone,Pulmonary Hypertension; Mitral Regurgitation,PHASE3,COMPLETED,ClinicalTrials.gov
NCT03633383,Outcomes of Transcatheter Aortic Valve Implantation in Management of Severe Symptomatic Aortic Stenosis,Transcatheter aortic valve,Aortic Valve Stenosis,Not specified,UNKNOWN,ClinicalTrials.gov
NCT01188369,Effects of Levosimendan in Patients Eligible for Aortic Valve Replacement With Left Ventricular Hypertrophy,levosimendan; placebo drug,Diastolic Dysfunction; Left Ventricular Hypertrophy,PHASE4,TERMINATED,ClinicalTrials.gov
NCT01997905,Stroke Feasibility Study,AtriClip LAA Exclusion Device,Atrial Fibrillation; AFib,"PHASE1, PHASE2",COMPLETED,ClinicalTrials.gov
NCT06569602,Real World European Investigation of Safety and Clinical Efficacy of the EVOQUE System (TRISCEND III EU),Transcatheter Tricuspid Valve Replacement,Tricuspid Valve Regurgitation; Heart Valve Diseases; Cardiovascular Diseases,Not specified,RECRUITING,ClinicalTrials.gov
NCT03422770,Ultrasonic Markers for Myocardial Fibrosis and Prognosis in Aortic Stenosis,Echocardiography; MRI; Blood test; ECG and Holter-ECG; 6 min walking test,Aortic Valve Stenosis; Myocardial Fibrosis,NA,COMPLETED,ClinicalTrials.gov
NCT06822400,Investigation of Tetralogy of Fallot in Neonates,corrective surgery within 28 days of birth; corrective surgery between 3-6 months of age,Tetralogy of Fallot (TOF); Pulmonary Stenosis; Ventricular Septal Defects (VSD); Double Outlet Right Ventricle,NA,RECRUITING,ClinicalTrials.gov
NCT03745313,Edwards CLASP TR EFS,Edwards PASCAL Transcatheter Valve Repair System,Tricuspid Regurgitation,NA,COMPLETED,ClinicalTrials.gov
NCT02960880,Real-world Comparative Effectiveness of Stroke Prevention in Patients With Atrial Fibrillation Treated With Rivaroxaban vs. Vitamin k Antagonists,"Rivaroxaban (Xarelto, BAY597939); Phenprocoumon (branded and generics)",Atrial Fibrillation,Not specified,COMPLETED,ClinicalTrials.gov
NCT03887286,Focused Cardiac Ultrasound,Philips EPIQ 7 ultrasound machine; Philips Lumify Broadband sector array transducer,Ventricular Dysfunction; Pericardial Effusion; Valvular Disease; Septal Defect,NA,COMPLETED,ClinicalTrials.gov
NCT03515083,Better Outcomes for Anticoagulation Treatment Through Observation of Atrial Rhythm,Alive Cor Kardia mobile electrocardiogram monitor,Non-valvular Atrial Fibrillation,NA,COMPLETED,ClinicalTrials.gov
NCT02207569,Medtronic CoreValve Evolut R U.S. Clinical Study,CoreValve Evolut R TAVR system,Aortic Stenosis,NA,COMPLETED,ClinicalTrials.gov
NCT04795856,Understanding the Metabolic and Functional Derangement of Primary Mitral Regurgitation: a Feasibility Study Using Carbon 11(C-11) Acetate Cardiac Positron Emission Tomography Magnetic Resonance Imaging (PET-MRI),[11C] acetate,Mitral Valve Regurgitation,EARLY_PHASE1,WITHDRAWN,ClinicalTrials.gov
NCT01756222,Bicuspid Aortic Valve (BAV) Registry,Not specified,Bicuspid Aortic Valve,Not specified,RECRUITING,ClinicalTrials.gov
NCT05778773,OUTcomes Evaluation of Current Therapeutic STrategies for Severe Aortic Valve steNosis anD the agING Population in ITALY,TAVR (Transcatheter Aortic Valve Replacement); AVR (Aortic Valve Replacement),Aortic Valve Stenosis,Not specified,RECRUITING,ClinicalTrials.gov
NCT06204783,Real-time Pressure Volume Loop Monitoring as a Guide for Enhanced Understanding of Changes in Elemental Cardiovascular Physiology During Therapeutic Strategies Aiming for Hemodynamic Optimization. Cohort II: Structural Heart Interventions (PLUTO-II),Pressure volume (PV) loop measurement,Heart Failure; Valvular Heart Disease; Aortic Stenosis; Mitral Insufficiency; Tricuspid Insufficiency,Not specified,UNKNOWN,ClinicalTrials.gov
NCT02754154,Real-World Comparative Observational Study in Non-Valvular Atrial Fibrillation Patients Using Oral Anticoagulants,Warfarin; Apixaban; Dabigatran; Rivaroxaban,Atrial Fibrillation,Not specified,COMPLETED,ClinicalTrials.gov
NCT06937125,Evaluation of Valvular Heart Disease Using Cardiac CT,Not specified,Valvular Heart Disease,Not specified,RECRUITING,ClinicalTrials.gov
NCT03440268,Prevention of Acute Kidney Injury by N-Acetylcystein in Patients Undergone Cardiac Valve Replacement,N Acetyl Cysteine; Placebos,Surgery--Complications; Cardiac Valve Disease; Acute Kidney Injury; Oxygen Radical Damage; Post-Op Complication,PHASE4,UNKNOWN,ClinicalTrials.gov
NCT06777368,REdo tranScatheter Aortic Valve Replacement for Transcatheter aOrtic Valve failuRE,Medtronic TAV; Edwards TAV,Aortic Stenosis,Not specified,RECRUITING,ClinicalTrials.gov
NCT02678871,Combined Transcatheter Aortic Valve Implantation and Percutaneous Closure of the Left Atrial Appendage,Lotus or ACURATE neo Heart valve system (or subsequent CE marked iterations); WATCHMAN,Aortic Valve Disorder,NA,TERMINATED,ClinicalTrials.gov
NCT05086016,Growth Trial: Study of the Renata Minima Stent,Catheterized Stenting,Coarctation of the Aorta; Pulmonary Artery Stenosis,NA,ACTIVE_NOT_RECRUITING,ClinicalTrials.gov
NCT01452347,Dabigatran Etexilate in Patients With Mechanical Heart Valves,warfarin 1mg; dabigatran etexilate intermediate dose; dabigatran etexilate low dose; warfarin 5mg; dabigatran etexilate high dose; warfarin 3mg,Heart Valve Diseases,PHASE2,TERMINATED,ClinicalTrials.gov
NCT02626871,"Atrial Fibrillation, Stroke, and Bleeding in Patients Undergoing Aortic Biovalve Implantation",Not specified,Atrial Fibrillation; Stroke; Transient Ischemic Attack; Bleeding; Aortic Stenosis,Not specified,COMPLETED,ClinicalTrials.gov
NCT06757049,Clinical Outcomes of Edwards Lifesciences MITRIS RESLILA Mitral Valve in the Asian Population,Not specified,Mitral Valve Insufficiency,Not specified,RECRUITING,ClinicalTrials.gov
NCT01969071,The Effects of Levosimendan During Mitral Valve Surgery,Levosimendan; Dobutamine,Mitral Valve Stenosis With Incompetence or Regurgitation,PHASE4,COMPLETED,ClinicalTrials.gov
NCT05739253,Changes of Ascending Aortic Diameter in Patients Undergoing Transcatheter Aortic Valve Replacement,Transcatheter aortic valve replacement,Aortic Stenosis; Ascending Aortic Dilatation; Bicuspid Aortic Valve,Not specified,RECRUITING,ClinicalTrials.gov
NCT03596502,Direct Oral Anticoagulants in Patients with Atrial Fibrillation (DOACs Vs Warfarin),Direct oral anticoagulants (DOACs); Warfarin,Atrial Fibrillation; Ischemic Stroke; Systemic Embolization; Major Bleed; Myocardial Infarction; All-cause Mortality,Not specified,COMPLETED,ClinicalTrials.gov
NCT01368575,Surgical Treatment of Ischemic Mitral Regurgitation,CABG; CABG combined with MV repair with remodeling annuloplasty rigid ring; CABG combined with MV repair with remodeling annuloplasty rigid ring; CABG combined with MV repair with remodeling annuloplasty rigid ring and endoventricularplasty of subvalvular apparatus; CABG and MV replacement,Mitral Valve Insufficiency,PHASE4,UNKNOWN,ClinicalTrials.gov
NCT05804500,RecoveryPlus Telerehab Platform Pilot Study,Cardiac Telerehabilitation (CTR) via the RecoveryPlus platform,"Heart Diseases; Angina, Stable; Angina Pectoris; Myocardial Ischemia; Myocardial Infarction; Coronary Artery Disease; Coronary Artery Stenosis; Valve Heart Disease; Valve Disease, Heart",NA,COMPLETED,ClinicalTrials.gov
NCT02944019,Edoxaban Treatment in Routine Clinical Practice for Patients With Non Valvular Atrial Fibrillation,Edoxaban,Atrial Fibrillation,Not specified,COMPLETED,ClinicalTrials.gov
NCT04359030,Freestyle-Perimount Calcification Comparison,Multislice CT scanning for aortic wall calcification; Transthoracic stress echocardiography,Aortic Valve Disease; Valve Heart Disease,Not specified,COMPLETED,ClinicalTrials.gov
NCT03315832,Efficacy of Angiotensin Receptor Blocker Following aortIc Valve Intervention for Aortic STenOsis: a Randomized mulTi-cEntric Double-blind Phase II Study,Valsartan; Placebo Oral Tablet,"Aortic Valve Stenosis; Valsartan; Angiotensin Receptor Antagonists; Transcatheter Aortic Valve Replacement; Heart Valve Prosthesis Implantation; Hypertrophy, Left Ventricular","PHASE2, PHASE3",WITHDRAWN,ClinicalTrials.gov
NCT02321137,Left Atrial Appendage CLOSURE for the Prevention of Thromboembolisms in Patients Undergoing Aortic Bioprosthesis Surgery,Surgical closure of left atrial appendage; No closure of left atrial appendage,Aortic Stenosis,NA,ACTIVE_NOT_RECRUITING,ClinicalTrials.gov
NCT04968431,Three Dimensional Versus Two Dimensional Echocardiography in Assessment of Severity and Scoring of Rheumatic Mitral Stenosis.,2D Echocardiography; 3D Echocardiography,Mitral Valve Stenosis,Not specified,UNKNOWN,ClinicalTrials.gov
NCT05737264,TAVR in Adults With Pure Severe Aortic Regurgitation,Not specified,Transcatheter Aortic Valve Replacement; Aortic Regurgitation,Not specified,UNKNOWN,ClinicalTrials.gov
NCT00530894,THE PARTNER TRIAL: Placement of AoRTic TraNscathetER Valve Trial,Edwards SAPIEN Transcatheter Heart Valve; Surgical Valve Replacement; medical management and/or balloon aortic valvuloplasty,Critical Aortic Stenosis,NA,COMPLETED,ClinicalTrials.gov
NCT04802200,Short-term Clinical Follow-up of the Vascular Closure Device MANTATM in Minimally Invasive Cardiac Surgery,Data collect,Femoral Artery Injury; Aortic Valve Insufficiency,Not specified,COMPLETED,ClinicalTrials.gov
NCT05641064,Evaluation of Intraoperative Dexmedetomidine Use in Patients Undergoing Surgical Aortic Valve Replacement,Placebo; Dexmedetomidine 0.5mcg/kg/h; Dexmedetomidine 1 mcg/kg/h,Systemic Inflammatory Response; Aortic Valve Stenosis,PHASE3,COMPLETED,ClinicalTrials.gov
NCT03234114,"Optimal Antithrombotic Therapy for ACS Patients Concomitant With AF and Implanted With New-generation DES (OPTIMA-3, 4)",Triple antithrombotic therapy; Dual antithrombotc therapy-1; Dual antithrombotc therapy-2,Acute Coronary Syndrome (ACS); Non-valvular Atrial Fibrillation (NVAF),PHASE4,UNKNOWN,ClinicalTrials.gov
NCT04098328,Early Feasibility EXperience of Posterior Leaflet RestOration to REduce Mitral Regurgitation,Not specified,Mitral Regurgitation; Mitral Valve Disease; Mitral Valve Insufficiency,Not specified,TERMINATED,ClinicalTrials.gov
NCT01115907,Freedom SOLO Stentless Heart Valve Study,Freedom SOLO Stentless Heart Valve,Aortic Stenosis; Aortic Insufficiency,PHASE3,COMPLETED,ClinicalTrials.gov
NCT02174471,Regression of Myocardial Fibrosis After Aortic Valve Replacement,Not specified,Aortic Stenosis,Not specified,COMPLETED,ClinicalTrials.gov
NCT07090811,Streamlined One-wire Logistics Optimize Transcatheter Aortic Valve Replacement,Aortic valve repair/replacement,Aortic Valve Disease,NA,NOT_YET_RECRUITING,ClinicalTrials.gov
NCT02272621,Bleeding in Partial Upper Hemisternotomy Versus Full Sternotomy Aortic Valve Replacement,Minimally invasive aortic valve replacement; Full sternotomy aortic valve replacement,Aortic Valve Stenosis; Heart Valve Diseases,NA,COMPLETED,ClinicalTrials.gov
NCT07359898,International Multicenter Study of the Navitor/Navitor Vision Transcatheter Aortic Valve Platform,Not specified,Severe Native Aortic Stenosis,Not specified,RECRUITING,ClinicalTrials.gov
NCT07384871,AI-Based Shape and Function Analysis of Mitral Valve Prolapse Using 3D Ultrasound,Not specified,Mitral Valve Prolapse; Myxomatous Mitral Valve Degeneration,Not specified,RECRUITING,ClinicalTrials.gov
NCT05696509,Influence of Anesthetics on Clinical Outcome in Mitral and Aortic Valve Replacement in Adults,Propofol; Isoflurane; Sevoflurane,Mitral Valve Insufficiency; Aortic Valve Insufficiency,PHASE3,COMPLETED,ClinicalTrials.gov
NCT06039592,Study of Innovative Drug Strategies in Improving Left Ventricular Function After Mitral Repair,Captopril Tablets; Metoprolol Oral Tablet; Spironolactone Tablets; Torsemide Tablets; Potassium citrate powder,Congenital Mitral Insufficiency,Not specified,UNKNOWN,ClinicalTrials.gov
NCT07052071,Impact of Transcatheter Aortic Valve Implantation (TAVI) on the Gut Microbiota in Patients With Aortic Valve Stenosis,TAVI,Aortic Stenosis; Gut Microbiome; Gut Microbiota; TAVI; TAVI(Transcatheter Aortic Valve Implantation),Not specified,RECRUITING,ClinicalTrials.gov
NCT06040398,The JUMPSTART Program: Encouraging Early Mobilization and Optimizing Recovery of TAVR Patients' Post-hospital Discharge,JUMPSTART exercise program,Aortic Valve Stenosis; Transcatheter Aortic Valve Replacement,Not specified,UNKNOWN,ClinicalTrials.gov
NCT01392287,Treatment Resistant Geriatric Depression in Primary Care,Memantine,Major Depressive Disorder,PHASE1,COMPLETED,ClinicalTrials.gov
NCT01015612,CoreValve® System Australia/New Zealand Clinical Study,Medtronic CoreValve® System,Aortic Valve Stenosis,NA,COMPLETED,ClinicalTrials.gov
NCT01051310,Medtronic CoreValve REDO Study,Medtronic CoreValve System,Aortic Valve Stenosis,NA,COMPLETED,ClinicalTrials.gov
NCT05920824,Atrial Functional Mitral Regurgitation and Tricuspid Regurgitation,Echocardiogram,Atrial Fibrillation; Functional Mitral Regurgitation; Functional Tricuspid Regurgitation,Not specified,RECRUITING,ClinicalTrials.gov
NCT01727310,Filling Pressures of the Left Ventricle in Patients With Significant Aortic Stenosis,Not specified,Valvular Disease,Not specified,COMPLETED,ClinicalTrials.gov
NCT04347603,Sedation or General Anesthesia During TAVR,TAVR,"Stenoses, Aortic",NA,COMPLETED,ClinicalTrials.gov
NCT02023060,Functional and Quality of Life Improvement Following Transcatheter Heart Valve Implantation,Not specified,Trans Catheter Aortic Valve; Aortic Stenosis,Not specified,RECRUITING,ClinicalTrials.gov
NCT04770961,Erector Spinae Plane Block for Minimally Invasive Mitral Valve Surgery,Erector spinae plane catheter with 0.5% Ropivacaine; Erector spinae plane catheter with saline,Mitral Regurgitation; Mitral Valve Insufficiency; Mitral Valve Prolapse,NA,UNKNOWN,ClinicalTrials.gov
NCT05893082,Multicenter Feasibility Trial of the F2 Filter and Delivery System for Embolic Protection During TAVR,F2 Filter and Delivery System,Aortic Stenosis,NA,COMPLETED,ClinicalTrials.gov
NCT03473223,Study to Investigate CSL112 in Subjects With Acute Coronary Syndrome,Apolipoprotein A-I [human] (apoA-I); Placebo,Acute Coronary Syndrome,PHASE3,COMPLETED,ClinicalTrials.gov
NCT06379386,Long-term Prognosis and Valve Durability of TAVR,Transcatheter aortic valve replacement,Aortic Valve Stenosis and Insufficiency,Not specified,RECRUITING,ClinicalTrials.gov
NCT05750173,The EASE-IT CT Registry,Streamlining of the pre-procedural patient pathway,Transcatheter Aortic Valve Implantation (TAVI),Not specified,RECRUITING,ClinicalTrials.gov
NCT01707927,Comparison of Two Biological Aortic Valves. Mosaic Ultra and Trifecta.,Not specified,Aortic Valve Stenosis,Not specified,UNKNOWN,ClinicalTrials.gov
NCT07151989,Influence of Original Native Mitral Valve Lesion (Stenosis or Steno-insufficiency vs. Insufficiency) on Post-implant Structural Bioprosthetic Degeneration After Mitral Valve Replacement,Mitral valve replacement,Degeneration Mitral Bioprosthesis,Not specified,ENROLLING_BY_INVITATION,ClinicalTrials.gov
NCT03885180,Randomized Evaluation of D-dimer Guiding dUration of Oral antiCoagulation thErapy,Warfarin Sodium,Valve Heart Disease; Anticoagulants; Increased,NA,UNKNOWN,ClinicalTrials.gov
NCT01941420,Comparison of Blood and Crystalloid Cardioplegia,Not specified,Aortic Stenosis; Myocardial Protection,Not specified,COMPLETED,ClinicalTrials.gov
NCT06283940,Exercise-based Cardiac Rehabilitation in Patients With Aortic Stenosis After Transcatheter Aortic Valve Implantation,Physiotherapist-led exercise based cardiac rehabilitation (PT-X),Aortic Valve Stenosis,NA,RECRUITING,ClinicalTrials.gov
NCT02019797,Desflurane-induced Myocardial Protection,Desflurane,Aortic Valve Stenosis,PHASE4,UNKNOWN,ClinicalTrials.gov
NCT06664320,Mild ANH on Pre-bypass Coagulation Function During Cardiac Surgery,Acute normovolemic hemodilution (ANH); hydroxyethyl starch (HES 130/0.6),Mitral Regurgitation; Mitral Stenosis; Tricuspid Regurgitation,NA,NOT_YET_RECRUITING,ClinicalTrials.gov
