trial_id,title,intervention_name,condition,phase,status,source_database
NCT06415994,Multimodal Fetal and Placental Imaging and Biomarkers of Clinical Outcomes in Opioid Use Disorder,Buprenorphine or Methadone Treatment; Fetal and Placental MRI; Child Developmental Assessment; Questionnaires; Blood and Placental Samples,Opioid Use Disorder; Substance-Related Disorders; Pregnancy Related; Narcotic-Related Disorders; Buprenorphine Dependence; Methadone Dependence,Not specified,ENROLLING_BY_INVITATION,ClinicalTrials.gov
NCT05287438,Next Generation Sequencing Versus Traditional Cultures for Clinically Infected Penile Implants: Impact of Culture Identification on Outcomes,Next-Generation DNA Sequencing; Standard Culture,Penile Implantation; Infections,NA,UNKNOWN,ClinicalTrials.gov
NCT01302626,Radiomics: a Study of Outcome in Lung Cancer,Not specified,Lung Cancer,Not specified,COMPLETED,ClinicalTrials.gov
NCT06684418,Artificial Intelligence-based Model for the Prediction of Occult Lymph Node Metastasis and Improvement of Clinical Decision-making in Non-small Cell Lung Cancer,chest enhanced CT,NSCLC (Non-small Cell Lung Cancer); Artificial Intelligence (AI); Lymphnode Metastasis,Not specified,RECRUITING,ClinicalTrials.gov
NCT00005018,Safety and Effectiveness of a Combination Anti-HIV Drug Treatment,Hydroxyurea; Abacavir sulfate; Efavirenz; Didanosine,HIV Infections,PHASE4,COMPLETED,ClinicalTrials.gov
NCT02797262,Measuring and Monitoring Adherence to ART With Pill Ingestible Sensor System,Proteus digital health feedback (PDHF) system,HIV/AIDS; Medication Adherence,NA,COMPLETED,ClinicalTrials.gov
NCT03980691,Effect of Chidamide Combined With CAT-T or TCR-T Cell Therapy on HIV-1 Latent Reservoir,Chidamide with CAR-T or TCR-T cell therapy,HIV/AIDS,PHASE1,COMPLETED,ClinicalTrials.gov
NCT00683579,Neurocognitive Assessment in Youth Initiating HAART,Early Treatment with HAART; No treatment; HAART Treatment - standard care,HIV Infections,Not specified,COMPLETED,ClinicalTrials.gov
NCT04523389,Contents of Circulating Extracellular Vesicles: Biomarkers in Colorectal Cancer Patients,"analysis (protein, lipid, RNA ...) of circulating exosomes, size and number; Gathering additional information about the patient's cancer; Diagnostic test",Colorectal Cancer,Not specified,UNKNOWN,ClinicalTrials.gov
NCT01371578,"Oral Antivirals (GS-5885, Tegobuvir, and/or GS-9451) With Peginterferon Alfa 2a and Ribavirin in Treatment Experienced Subjects With Chronic Genotype 1 Hepatitis C Virus Infection",GS-5885 tablet; GS-9451 tablet; peginterferon alfa-2a; ribavirin tablet,"Hepatitis C, Chronic",PHASE2,COMPLETED,ClinicalTrials.gov
NCT06311214,Personalized Antibody-Drug Conjugate Therapy Based on RNA and Protein Testing for the Treatment of Advanced or Metastatic Solid Tumors (The ADC MATCH Screening and Treatment Trial),Biopsy Procedure; Biospecimen Collection; Computed Tomography; Echocardiography Test; Electronic Health Record Review; Enfortumab Vedotin; Immunohistochemistry Staining Method; Magnetic Resonance Imaging; Multigated Acquisition Scan; Sacituzumab Govitecan; Trastuzumab Deruxtecan,Advanced Malignant Solid Neoplasm; Metastatic Malignant Solid Neoplasm,PHASE2,RECRUITING,ClinicalTrials.gov
NCT02975115,Evaluating True PCR-negative Rate of Frontline Dasatinib in Early Chronic Phase CML for Therapeutic Harmonization,RQ-PCR RNA Analysis,Chronic Myelocytic Leukemia,Not specified,UNKNOWN,ClinicalTrials.gov
NCT05906407,COGNITION: Genomics-Guided Precision Oncology in Early High-Risk Breast Cancer,Genomic Profiling / Sequencing,Early-Stage Breast Cancer; Neoadjuvant Therapy,Not specified,RECRUITING,ClinicalTrials.gov
NCT03196609,Characteristics of the Intestinal Microbiota in Patients With Cancer,Collection of stool and serum samples,Oncology,NA,COMPLETED,ClinicalTrials.gov
NCT01168167,Impact of Raltegravir on HIV-1 cDNA Slope Following Antiretroviral Therapy (ART) Initiation,Not specified,HIV-1,Not specified,COMPLETED,ClinicalTrials.gov
NCT05754112,JAK-i on RA B-lymphocytes Tolerance and Disease Resolution Through JAK Signaling In Rheumatoid Arthritis,B lymphocyte profiling,Rheumatoid Arthritis,Not specified,UNKNOWN,ClinicalTrials.gov
NCT04230785,Circulating Non-coding RNA in Acute Ischemic Stroke with Endovascular Treatment (EVTRNA),Sequencing of circRNA/lncRNA/miRNA,"Stroke, Acute; Stroke, Ischemic; Endovascular Treatment",Not specified,RECRUITING,ClinicalTrials.gov
NCT02115724,Nitric Oxide Bioavailability and Early Life Stress (NO-Stress),Antioxidant cocktail; Biopsy; Placebo; NMD; 0.4mg sub-lingual nitroglycerin spray,Cardiovascular Disease,NA,ACTIVE_NOT_RECRUITING,ClinicalTrials.gov
NCT06016868,Identification of a MOLecuLar Signature in Locally Advanced Cervical Cancer Patients,Tumor tissue; Blood sample,Cervical Cancer,Not specified,UNKNOWN,ClinicalTrials.gov
NCT04548700,"Liposomal Mitoxantrone Hydrochloride Injection,Cyclophosphamide, Vincristine and Prednisone in the Treatment of PTCL","Dose-finding stage: Liposomal mitoxantrone hydrochloride, Cyclophosphamide, Vincristine and Prednisone; Dose-expansion stage: Liposomal mitoxantrone hydrochloride, Cyclophosphamide, Vincristine and Prednisone",Treatment-naïve; Peripheral T Cell Lymphoma,PHASE1,TERMINATED,ClinicalTrials.gov
NCT03537664,Adjunctive Steps for Disinfection of Teeth With Primary Endodontic Infections,Root canal preparation; Intracanal medication,Periapical Periodontitis; Bacterial Infections,NA,COMPLETED,ClinicalTrials.gov
NCT00833781,A Pilot Study of a Dendritic Cell Vaccine in HIV-1 Infected Subjects,mRNA-transfected autologous dendritic cells; autologous dendritic cells with no mRNA transfection,HIV-1 Infection; HIV Infections,"PHASE1, PHASE2",COMPLETED,ClinicalTrials.gov
NCT01714414,A Trial to Confirm a Sustained Virological Suppression Defined as HIV-RNA <50 Copies/ml of 3 Different Doses of Fozivudine in Context to a Standard Zidovudine Based Antiretroviral Therapy Regimen,FZD; 3TC; EFV; AZT,HIV-1 Infection,PHASE2,COMPLETED,ClinicalTrials.gov
NCT02597127,Trial to Evaluate the Effect of ALN-PCSSC Treatment on Low Density Lipoprotein Cholesterol (LDL-C),ALN-PCSSC; Normal Saline,Atherosclerotic Cardiovascular Disease; Familial Hypercholesterolemia; Diabetes,PHASE2,COMPLETED,ClinicalTrials.gov
NCT00002220,Indinavir Plus Efavirenz Plus Adefovir Dipivoxil in HIV-Infected Patients Who Have Not Had Success With Nelfinavir,Indinavir sulfate; Efavirenz; Levocarnitine; Adefovir dipivoxil,HIV Infections,PHASE3,COMPLETED,ClinicalTrials.gov
NCT04008927,A Community-based Intervention Among Active Drug Users in Montpellier,HCV screening; Diagnosis of hepatitis C; HCV treatment,Drug Use; HCV Infection,NA,COMPLETED,ClinicalTrials.gov
NCT04783727,PredictEndTB Signature for Individualizing Treatment in Multidrug-Resistant Tuberculosis,Individualised treatment duration based on RNA transcriptomic model,"Tuberculosis, Pulmonary; Tuberculosis, Multidrug-Resistant; Bacterial Infections; Mycobacterial Infection",NA,TERMINATED,ClinicalTrials.gov
NCT00343941,Tucaresol As Add-On To HAART (Highly Active Antiretroviral Therapy) In Chronic HIV-1 Infected Adults,Tucaresol tablets 25 mg,HIV Infection,PHASE2,COMPLETED,ClinicalTrials.gov
NCT03166254,Personalized Therapeutic Anti-tumor Vaccine With Pembrolizumab and Standard of Care Chemotherapy in Squamous Non-Small Cell Lung Cancer and Extensive Stage Small Cell Lung Cancer,Pembrolizumab; NEO-PV-01 vaccine; Biopsy; Poly ICLC; Leukapheresis; Peripheral blood samples,Non Small Cell Lung Cancer; NSCLC; Non-small Cell Lung Cancer; Small Cell Lung Extensive Stage,PHASE1,WITHDRAWN,ClinicalTrials.gov
NCT07285434,"Clinical Study of the Therapeutic Effectiveness of In-silico-Designed, Machine Learning Inspired, and Quantum-molecularly Coupled Personalized Neoantigenic Vaccines Microlyvaq™ in Patients With Advanced Non-small Cell Lung Cancer",Microlyvaq™ (Personalized Multi-Epitope Immunotherapeutic),NSCLC (Non-small Cell Lung Cancer); Squamous Lung Cancer With FGFR1 Amplification; Non-Squamous Non Small Cell Lung Cancer,EARLY_PHASE1,ENROLLING_BY_INVITATION,ClinicalTrials.gov
NCT05168709,Investigating COVID-19 Vaccine Immunity in Children in the Melbourne Infant Study of BCG for Allergy and Infection Reduction,Tozinameran,COVID-19; Vaccine Reaction; Immunization; Infection,PHASE4,COMPLETED,ClinicalTrials.gov
NCT06467344,Study to Evaluate ACDN-01 in ABCA4-related Stargardt Retinopathy (STELLAR),ACDN-01,Stargardt Disease; Cone Rod Dystrophy; Juvenile Macular Degeneration; Stargardt Disease 1,"PHASE1, PHASE2",RECRUITING,ClinicalTrials.gov
NCT00830609,"High Dose Versus Standard Dose of Ribavirin in Patients With Chronic Hepatitis C, Genotype 3","Peginterferon alfa 2 A; Peginterferon alfa 2 A, ribavirin + Epo Beta; ribavirin; ribavirin; Peginterferon alfa 2; ribavirin",Chronic Hepatitis C,PHASE4,COMPLETED,ClinicalTrials.gov
NCT02500849,Safety Study of Zinc Finger Nuclease CCR5-modified Hematopoietic Stem/Progenitor Cells in HIV-1 Infected Patients,SB-728mR-HSPC Infusion 3 days following busulfan conditioning,HIV,PHASE1,ACTIVE_NOT_RECRUITING,ClinicalTrials.gov
NCT02674867,CLEAC (Comparison of Late Versus Early Antiretroviral Therapy in HIV-infected Children),Blood draw,HIV Infection,NA,UNKNOWN,ClinicalTrials.gov
NCT01309230,A Trial of FANG™ Vaccine for Participants With Ovarian Cancer,Vigil™,Ovarian Cancer,PHASE2,COMPLETED,ClinicalTrials.gov
NCT06040021,Distinct Metastatic Phenotypes Between Early-onset and Late-onset Colorectal Cancer,standardized treatment,Early-onset Colorectal Cancer; Late-onset Colorectal Cancer,Not specified,COMPLETED,ClinicalTrials.gov
NCT05158296,Study to Evaluate the Efficacy Safety and Tolerability of Ultevursen in Subjects With RP Due to Mutations in Exon 13 of the USH2A Gene (Sirius),Ultevursen; Sham-procedure,"Retinitis Pigmentosa; Usher Syndrome Type 2; Deaf Blind; Retinal Disease; Eye Diseases; Eye Diseases, Hereditary; Eye Disorders Congenital; Vision Disorders","PHASE2, PHASE3",TERMINATED,ClinicalTrials.gov
NCT00185783,Impact of Hydrocortisone Administration on White Blood Cell Gene Expression in Patients With Severe Sepsis,Hydrocortisone Administration (Standard of Care Therapy),Sepsis; Relative Adrenal Insufficiency,Not specified,COMPLETED,ClinicalTrials.gov
NCT01923311,"Two Part Study to Evaluate Pharmacokinetics, Safety, and Antiviral Activity of Elvitegravir Administered With a PI/r Background Regimen for ARV Treatment-Experienced Pediatric Participants",EVG; Background regimen,Acquired Immune Deficiency Syndrome (AIDS); HIV Infections,"PHASE2, PHASE3",TERMINATED,ClinicalTrials.gov
NCT02363387,Suppression of HIV 1 RNA in People Living With HIV,Incentives for Viral Suppression; Standard HIV Medical Care,HIV,NA,COMPLETED,ClinicalTrials.gov
NCT03549312,Switch to Genvoya Followed by HCV Therapy With Epclusa Followed by Simplification of HIV Therapy With Biktarvy in Patients With HIV-HCV Co-Infected Subjects on Opioid Substitution Therapy,Genvoya; Epclusa; Biktarvy,"HIV-1-infection; Hepatitis C, Chronic; Methadone Dependence; Opioid Dependence; Bone Diseases, Metabolic; HIV/AIDS; Co-infection; Buprenorphine Dependence; HCV Coinfection",PHASE4,UNKNOWN,ClinicalTrials.gov
NCT03454893,"Open Label, Study Of Efficacy and Safety Of AVR-RD-01 for Treatment-Naive Subjects With Classic Fabry Disease",AVR-RD-01,Fabry Disease,"PHASE1, PHASE2",TERMINATED,ClinicalTrials.gov
NCT04819347,Albuvirtide in Combination With 3BNC117 in Virologically Suppressed Subjects With HIV-1 Infection,Albuvirtide; 3BNC117,HIV/AIDS,PHASE2,UNKNOWN,ClinicalTrials.gov
NCT00553930,"Low Dose Peginterferon-α 2a for Chronic Hepatitis C, Genotypes 2 or 3, in HIV-coinfected Patients",Pegylated interferon alfa-2a and Ribavirin; Pegylated interferon alfa 2a and Ribavirin,"Hepatitis C, Chronic; HIV Infections",PHASE4,COMPLETED,ClinicalTrials.gov
NCT04036045,Approaches to Identify Early Biomarkers and Pathogenesis of Anthracycline Cardiotoxicity,Cardiac MRI; Echocardiogram; Blood Draw,Childhood Cancer,Not specified,WITHDRAWN,ClinicalTrials.gov
NCT05248555,The National Australian HCV Point-of-Care Testing Program - Minimal Dataset,Point-of-Care Testing,Hepatitis C,Not specified,RECRUITING,ClinicalTrials.gov
NCT06946225,ACTengine® IMA203 Combined With mRNA-4203,IMA203; mRNA-4203,Cutaneous Melanoma; Synovial Sarcoma,PHASE1,RECRUITING,ClinicalTrials.gov
NCT05179174,The Role of Genetic Mutations and of Circulating mRNAs in Uveal Melanoma,blood sample examination,Uveal Melanoma,Not specified,UNKNOWN,ClinicalTrials.gov
NCT02608047,"Studies on the Pathogen, Vector Control and Clinical Treatment of Dengue Fever in Guangzhou",Not specified,Dengue Fever,Not specified,UNKNOWN,ClinicalTrials.gov
NCT00002184,"A Phase II, Stratified, Randomized, Double-Blind, Multi-Center Study of the Safety and Efficacy of Adefovir Dipivoxil (ADF) at Two Dose Levels in Triple Combination Therapies With Protease Inhibitors (PI) and Nucleoside Reverse Transcriptase Inhibitors (RTI) for the Treatment of HIV-Infected Patient",Nelfinavir mesylate; Levocarnitine; Adefovir dipivoxil; Saquinavir; Lamivudine; Stavudine; Zidovudine,HIV Infections,PHASE2,COMPLETED,ClinicalTrials.gov
NCT04193670,"Sensory Nociceptive Nerve Fibers, Key Regulator of Immune Response Type 2 in Atopic Dermatitis",Clinical examination; Biopsies; Blood test,Atopic Dermatitis,NA,COMPLETED,ClinicalTrials.gov
NCT04489953,Comparison of Treatment Failure Criteria in HIV-Infected Children in Uganda,Viral Load,HIV,NA,COMPLETED,ClinicalTrials.gov
NCT00000939,A Study to Compare the Effectiveness of Different Anti-HIV Drug Regimens in Keeping Levels of HIV in the Blood as Low as Possible,Hydroxyurea; Efavirenz; Stavudine; Didanosine,HIV Infections,PHASE2,COMPLETED,ClinicalTrials.gov
NCT05927142,Combining Anti-PD-L1 Immune Checkpoint Inhibitor Durvalumab With TLR-3 Agonist Rintatolimod in Patients With Metastatic Pancreatic Ductal Adenocarcinoma for Therapy Efficacy,Durvalumab; Rintatolimod,Metastatic Pancreatic Cancer,"PHASE1, PHASE2",RECRUITING,ClinicalTrials.gov
NCT04227886,Study on Predictive Biomarkers of Neoadjuvant Chemoradiotherapy for Rectal Cancer,Radiation; Capecitabine-Irinotecan Combination,Rectal Neoplasm Malignant Carcinoma; Chemoradiotherapy; Neoadjuvant Therapy; Predictive Biomarkers; Adenocarcinoma,Not specified,UNKNOWN,ClinicalTrials.gov
NCT04060537,Identification of Novel Biomarkers of Response to Systemic Treatments in Renal Cell Cancer,Laboratory analysis of samples; Application of machine learning,"Carcinoma, Renal Cell",Not specified,UNKNOWN,ClinicalTrials.gov
NCT05348161,Dynamic Multiomics Evaluation of Anti-HER2 and Immunotherapy in HER2 Positive Gastric Cancer,Samples including blood and tissue collection; CTC detection; ctDNA detection; 10×genomics single cell RNA sequence; Whole exon sequence; Proteomics detection,HER2 Positive Advanced Gastric Cancer,NA,UNKNOWN,ClinicalTrials.gov
NCT02757586,Treatment of Chronic Lymphocytic Leukemia,shRNA,"Leukemia, Lymphocytic, Chronic, B-Cell",Not specified,UNKNOWN,ClinicalTrials.gov
NCT00010127,Vaccine Therapy in Treating Patients With Metastatic Prostate Cancer,therapeutic autologous dendritic cells,Prostate Cancer,PHASE1,TERMINATED,ClinicalTrials.gov
NCT00708500,Boceprevir in Subjects With Chronic Hepatitis C Genotype 1 Who Failed Prior Treatment With Peginterferon/Ribavirin (Study P05101AM3)(COMPLETED),Boceprevir (SCH 503034); Pegylated interferon alfa-2b (SCH 54031); Ribavirin (SCH 18908); Boceprevir placebo,"Hepatitis C, Chronic",PHASE3,COMPLETED,ClinicalTrials.gov
NCT01190111,Study on Interleukin-7 (CYT107) in HIV Patients,Interleukin-7,HIV,PHASE2,TERMINATED,ClinicalTrials.gov
NCT02112630,Boceprevir in End Stage Renal Disease (ESRD),P-IFN alfa 2a; P-IFN alfa 2b; Ribavirin; Boceprevir,Hepatitis C Infection; End Stage Renal Disease,NA,WITHDRAWN,ClinicalTrials.gov
NCT05029258,Biomarkers for Clinical Hypoxia Evaluation in Cervical Cancer,Biopsy of tumour; MRI scans,Cervical Cancer,Not specified,RECRUITING,ClinicalTrials.gov
NCT00433056,Long Term Treatment Interruptions,STI; stable HAART,HIV Infections; AIDS,PHASE3,COMPLETED,ClinicalTrials.gov
NCT04553081,2DR Versus 3DR in a Prospective Randomized Controlled Switch Trial,Dual versus triple therapy in treatment of HIV-1 infection.,HIV-1-infection,PHASE4,RECRUITING,ClinicalTrials.gov
NCT00623428,A Study of Combination Therapy With PEGASYS (Pegylated Interferon Alfa-2a (40KD)) and Copegus (Ribavirin) in Patients With Chronic Hepatitis C Genotype 2 or 3 Who Do Not Achieve a Rapid Viral Response,peginterferon alfa-2a; Ribavirin,"Hepatitis C, Chronic",PHASE3,COMPLETED,ClinicalTrials.gov
NCT03197805,Assessment of the Impact of RNA Genomic Profile on Treatment Decision-making in HER2 Equivocal Breast Cancer Patients,PAM 50 test,Breast Cancer,NA,TERMINATED,ClinicalTrials.gov
NCT05934045,Deciphering the Role of Circular RNAs in ALKpositive Anaplastic Large-cell Lymphoma,RNAseq,ALK-Positive Anaplastic Large Cell Lymphoma,Not specified,UNKNOWN,ClinicalTrials.gov
NCT04163094,Ovarian Cancer Treatment With a Liposome Formulated mRNA Vaccine in Combination With (Neo-)Adjuvant Chemotherapy,W_ova1 Vaccine,Ovarian Cancer,PHASE1,TERMINATED,ClinicalTrials.gov
NCT01290731,"A Study of TMC435 in Genotype 1, Hepatitis C-infected Patients Who Relapsed After Previous Interferon (IFN)-Based Therapy",TMC435; Pegylated interferon (pegIFN alpha-2a); Ribavirin (RBV),"Hepatitis C, Chronic",PHASE3,COMPLETED,ClinicalTrials.gov
NCT00454337,Efficacy and Tolerance of the Switch From Enfuvirtine to Raltegravir in Antiretroviral Therapy Regimen in HIV Patients With Undetectable Viral Load,FTC/TDF + EFV or LPV/R +T20; FTC/TDF + EFV or LPV/R,HIV Infections,PHASE3,COMPLETED,ClinicalTrials.gov
NCT00002179,The Effectiveness of Indinavir Plus Zidovudine Plus Lamivudine in HIV-Infected Patients With No Symptoms of Infection,Indinavir sulfate; Lamivudine; Zidovudine,HIV Infections,PHASE4,COMPLETED,ClinicalTrials.gov
NCT00433069,Retreatment of Chronic Hepatitis C Non-responders With Pegylated Interferon Alpha Plus Ribavirin Plus Pioglitazone,Pioglitazone; Interferon Alfa-2a; Ribavirin,Chronic Hepatitis C,PHASE2,COMPLETED,ClinicalTrials.gov
NCT00746473,Assessment of Cytokine Values in Serum and by RT-PCR in HIV-1 Individuals With and Without HAART,Not specified,HIV Infections,Not specified,COMPLETED,ClinicalTrials.gov
NCT05121350,A Clinical Trial to Evaluate the Efficacy and Safety of Anotinib Hydrochloride Capsule Combined With Epirubicin Hydrochloride Versus Placebo Combined With Epirubicin Hydrochloride in First-line Treatment of Advanced Soft Tissue Sarcoma,Anlotinib hydrochloride capsule; Epirubicin; Arotinib hydrochloride capsule placebo,Soft Tissue Sarcoma,PHASE3,UNKNOWN,ClinicalTrials.gov
NCT02556333,Emtricitabine/Tenofovir Alafenamide as Salvage ART,FTC/TAF,HIV,PHASE2,TERMINATED,ClinicalTrials.gov
NCT04154735,Autologous Transplant Targeted Against Crohn's,Fludarabine; Cyclophosphamide; Mesna; Alemtuzumab; G-CSF; Rifaximin; Tacrolimus,Crohn's Disease,PHASE2,WITHDRAWN,ClinicalTrials.gov
NCT01435226,"GS-5885, GS-9451, Tegobuvir and Ribovirin in Treatment-Experienced Subjects With Chronic Genotype 1a Or 1b Hepatitis C Virus (HCV) Infection",GS-5885; GS-9451; tegobuvir; placebo to match tegobuvir; placebo to match RBV; Ribavirin,"Hepatitis C, Chronic",PHASE2,COMPLETED,ClinicalTrials.gov
NCT03521245,Molecular Pathway Activation Markers Predicting Efficacy of Trastuzumab Therapy for HER2-positive Breast Cancer,RNA sequencing; Transcriptome analysis; Trastuzumab; Chemotherapy,HER2-positive Breast Cancer,Not specified,UNKNOWN,ClinicalTrials.gov
NCT04026867,The DETECT HCV Linkage to Care Trial,Linkage Navigation; Clinician Referral,Hepatitis C,NA,COMPLETED,ClinicalTrials.gov
NCT06539052,MIGrant Reflex Test HDV (MIGRED) Project,anti-HDV positive with the reflex testing methodology,Hepatitis D Virus Infection,Not specified,NOT_YET_RECRUITING,ClinicalTrials.gov
NCT05373758,A Randomized Clinical Trial to Evaluate Solutions for the Management of Virologic Failure on TLD in Sub-Saharan Africa,Standard of Care treatment strategy; Individualized Care treatment strategy; Immediate Switch,HIV Infections; AIDS; Virologic Failure,NA,RECRUITING,ClinicalTrials.gov
NCT03935906,Reaching mEthadone Users Attending Community pHarmacies With HCV,Reach Pathway; Education-only Pathway,Hepatitis C,NA,COMPLETED,ClinicalTrials.gov
NCT00001132,Effectiveness of the Early Addition of Abacavir to an Anti-HIV Drug Combination,Abacavir sulfate,HIV Infections,PHASE2,COMPLETED,ClinicalTrials.gov
NCT06031727,CRISPR/cas13-medIated RNA TarGeting THerapy for the Treatment of Neovascular Age-related Macular Degeneration Investigator-initiated Trial (SIGHT-I),HG202,Neovascular Age-related Macular Degeneration(nAMD),EARLY_PHASE1,RECRUITING,ClinicalTrials.gov
NCT06923280,Sequential PEG-IFN for HBV After Ending RNA-targeted Regimens,Pegylated Interferon-alpha (IFN),"Hepatitis B, Chronic",NA,NOT_YET_RECRUITING,ClinicalTrials.gov
NCT03899480,Adoptive Transfer of Haploidentical NK Cells and N-803,Haploidentical Natural Killer (NK) Cells,Hiv; HIV Infections; Immune Deficiency,PHASE1,COMPLETED,ClinicalTrials.gov
NCT02823327,Clinical and Genomic Factors for Prognosis of AIDS Primary Effusion Lymphoma,Laboratory Biomarker Analysis; Medical Chart Review,AIDS-Related Primary Effusion Lymphoma,Not specified,TERMINATED,ClinicalTrials.gov
NCT05052957,hSTAR GBM (Hematopoetic Stem Cell (HPC) Rescue for GBM),P140K-MGMT; O6-benzylguanine; Photon Based Radiotherapy; temozolomide; Filgrastim; carmustine,"Glioblastoma Multiforme; Glioblastoma Multiforme, Adult; Supratentorial Glioblastoma; Supratentorial Gliosarcoma",PHASE2,RECRUITING,ClinicalTrials.gov
NCT01336010,Treatment of Recently Acquired Hepatitis C Virus Infection,Peginterferon alfa-2a; Ribavirin,Acute Hepatitis C,PHASE4,COMPLETED,ClinicalTrials.gov
NCT06336395,Ma-Spore ALL 2020 Study,Prednisolone; Dexamethasone; Vincristine; Methotrexate; L-Asparaginase; Pegylated asparaginase; Erwinase; Dasatinib; Imatinib; Cyclophosphamide; Cytarabine; Mercaptopurine; Thioguanine; Rituximab; Doxorubicin; Fludarabine,B Lymphoblastic Leukemia,PHASE2,RECRUITING,ClinicalTrials.gov
NCT06987396,Clinical Investigation to Assess the Effect of Betaglucan Administration in HPV Patients,1000 mg Betaglucans (daily),HPV,NA,COMPLETED,ClinicalTrials.gov
NCT04809246,Prisons Evaluation of a One-stop-shop InterVentiOn,'One-stop-shop' hepatitis clinic,Hepatitis C,NA,COMPLETED,ClinicalTrials.gov
NCT01225380,"A Study of Response-Guided Duration of Combination Therapy With GS-9190, GS-9256, Pegasys® and Copegus® in Previously Untreated Subjects With Genotype 1 Chronic Hepatitis C",GS-9190; GS-9256; Pegasys®; Copegus®; GS-9190 placebo; GS-9256; Pegasys®; Copegus®; GS-9190 placebo; GS-9256 placebo; Pegasys®; Copegus®,Chronic Hepatitis C Infection,PHASE2,COMPLETED,ClinicalTrials.gov
NCT00488059,A Study of Fuzeon (Enfuvirtide) With an Integrase Inhibitor Plus Optimized Background in Treatment-Experienced HIV-1 Infected Patients,enfuvirtide [Fuzeon]; Optimized background ARV; Integrase inhibitor; enfuvirtide [Fuzeon],HIV Infections,PHASE4,TERMINATED,ClinicalTrials.gov
NCT05712980,Transcriptomic Profile of Patients Treated With Different Modalities of Spinal Cord Stimulation,Implanted pulse generator for SCS with different programming modalities,Spinal Cord Stimulation; Failed Back Surgery Syndrome; Genetic Change,Not specified,UNKNOWN,ClinicalTrials.gov
NCT03529409,Effectiveness & Implementation of a Behavioral Intervention for Adherence and Substance Use in HIV Care in South Africa,Project Khanya,Human Immunodeficiency Virus; Alcohol-Related Disorders; Drug Use,NA,COMPLETED,ClinicalTrials.gov
NCT00001085,A Study of 141W94 Used Alone or in Combination With Zidovudine Plus 3TC in HIV-Infected Patients,Amprenavir; Lamivudine; Zidovudine,HIV Infections,PHASE2,COMPLETED,ClinicalTrials.gov
NCT00000874,A Pilot Study of the Short-Term Effects of Antiretroviral Management Based on Plasma Genotypic Antiretroviral Resistance Testing (GART) Compared With Antiretroviral Management Without Plasma GART,Not specified,HIV Infections,Not specified,COMPLETED,ClinicalTrials.gov
NCT04035980,Telemedicine for Linkage to Care People Who Injected Drugs With Hepatitis C,Telemedicine based healthcare programme,Hepatitis C Virus Infection,NA,UNKNOWN,ClinicalTrials.gov
NCT04575896,Kidney Transplants in Hepatitis C Negative Recipients With Hepatitis C Viremic Donors,Glecaprevir/pibrentasvir,End Stage Renal Disease; Hepatitis C,PHASE4,COMPLETED,ClinicalTrials.gov
NCT00028067,"A Comparison of Atazanavir and Nelfinavir, Each in Combination With 2 NRTIs, in Patients Who Have Failed Treatments Without a Protease Inhibitor",Atazanavir; Nelfinavir mesylate,HIV Infections,PHASE3,TERMINATED,ClinicalTrials.gov
NCT03001128,Biomarkers to Predict Time to Plasma HIV RNA Rebound,Antiretroviral treatment pause,HIV-1 Infection,Not specified,COMPLETED,ClinicalTrials.gov
NCT01482767,"Evaluating the Effectiveness of Boceprevir, Pegylated-Interferon Alfa 2b and Ribavirin in Treating Hepatitis C Virus (HCV) Infection in Adults With HIV and HCV Infection",Pegylated-Interferon Alfa 2b (PEG-IFN); Ribavirin (RBV); Boceprevir (BOC),HIV Infections; Hepatitis C,PHASE3,COMPLETED,ClinicalTrials.gov
NCT06314971,Predicting Local and Distant Recurrence in T1 Colorectal Cancer,Tw1CE,Colorectal Cancer; Colorectal Neoplasms; Colorectal Adenocarcinoma; Colorectal Cancer Stage I; Colorectal Neoplasms Malignant; Colorectal Cancer Recurrent,Not specified,COMPLETED,ClinicalTrials.gov
NCT02309918,HepNet Acute HCV IV - LDV/SOF FDC in Acute Genotype 1 Hepatitis C Virus Infection,LDV/SOF FDC,Acute Hepatitis C,PHASE2,COMPLETED,ClinicalTrials.gov
NCT02050009,"Metformin Hydrochloride, Carboplatin, and Paclitaxel in Treating Patients With Recurrent Ovarian, Fallopian Tube, or Primary Peritoneal Cancer",metformin hydrochloride; carboplatin; paclitaxel; laboratory biomarker analysis,Ovarian Papillary Serous Carcinoma; Ovarian Serous Cystadenocarcinoma; Recurrent Fallopian Tube Cancer; Recurrent Ovarian Epithelial Cancer; Recurrent Ovarian Germ Cell Tumor; Recurrent Primary Peritoneal Cavity Cancer,PHASE1,WITHDRAWN,ClinicalTrials.gov
NCT01443013,Analysis of Foxp3 and Vimentin Expression in Renal Transplant Recipient,Renal Transplant,Function of Renal Transplant,Not specified,COMPLETED,ClinicalTrials.gov
NCT06906016,New HBV Infection Biomarkers: Clinical Characterization and Impact on Management,Collection of blood samples for the study of HBV biomarkers,Chronic Hepatitis B Virus (HBV) Infection,Not specified,RECRUITING,ClinicalTrials.gov
NCT01827228,Transmission Reduction Intervention Project,Assays; HIV medical care; Social network and venue tracing; Community alerts; Community education; HIV counseling,HIV,NA,UNKNOWN,ClinicalTrials.gov
NCT04719338,Occult HCV Infection After DAAD Treatment in Haemodialysis Patients,presence of HCV RNA in peripheral blood mononuclear cells (PBMCs) .,Hepatitis C,NA,COMPLETED,ClinicalTrials.gov
NCT03619278,Evaluating a Combination of Immune-based Therapies to Achieve a Remission of HIV Infection,HIVACAR; placebo,HIV Infections,"PHASE1, PHASE2",WITHDRAWN,ClinicalTrials.gov
NCT00004985,"Combination Treatment Using Capravirine (AG1549), Nelfinavir, and Two Nucleoside Reverse Transcriptase Inhibitors in HIV Patients Who Failed Initial Combination Therapy",Capravirine; Nelfinavir mesylate,HIV Infections,PHASE2,COMPLETED,ClinicalTrials.gov
NCT04312308,A Study for Identification of Predictive Immune Biomarker for Atezolizumab Therapy in NSCLC Patients,Sample collection,Non Small Cell Lung Cancer,Not specified,COMPLETED,ClinicalTrials.gov
NCT06031714,Fetal Cell Receptors Repertoire,Saliva sampling; Blood sampling; Interviews; Clinical examination,Venous Ulcer; Sickle Cell Ulcer; Diabetic Ulcer; Post-partum Women; Mixed Ulcer,NA,RECRUITING,ClinicalTrials.gov
NCT03472326,Study to Evaluate the Efficacy of GS-9131 Functional Monotherapy in Human Immunodeficiency Virus (HIV)-1-Infected Adults Failing a Nucleos(t)Ide Reverse Transcriptase Inhibitor-Containing Regimen With Nucleos(t)Ide Reverse Transcriptase Inhibitor Resistant Virus,GS-9131; BIC; TAF; ARV regimen; DRV; RTV,HIV-1-infection,PHASE2,TERMINATED,ClinicalTrials.gov
NCT06351904,A Study of RAG-01 in Patients With Non-muscle-invasive Bladder Cancer (NMIBC) Who Have Failed Bacillus Calmette Guérin (BCG) Therapy,RAG-01,Non-Muscle-Invasive Bladder Cancer (NMIBC),PHASE1,RECRUITING,ClinicalTrials.gov
NCT03653247,"A Study to Assess the Safety, Tolerability, and Efficacy of BIVV003 for Autologous Hematopoietic Stem Cell Transplantation in Patients With Severe Sickle Cell Disease",Plerixafor; Busulfan; BIVV003,Sickle Cell Disease,"PHASE1, PHASE2",COMPLETED,ClinicalTrials.gov
NCT04025515,Molecular Profiling Project,Not specified,Lung Cancer; Non-Small Cell Lung Cancer,Not specified,RECRUITING,ClinicalTrials.gov
NCT04278768,Dose Escalation/ Expansion Study of CA-4948 as Monotherapy in Patients With Acute Myelogenous Leukemia (AML) or Myelodysplastic Syndrome (MDS),Emavusertib; Venetoclax; Emavusertib,Acute Myelogenous Leukemia; Myelodysplastic Syndrome,"PHASE1, PHASE2",RECRUITING,ClinicalTrials.gov
NCT00351403,Individually Adapted Therapy Duration for the Treatment of Chronic Hepatitis C Genotype 1 Infection,Ribavirin; Peginterferon alfa 2b,"Hepatitis C, Chronic",PHASE4,COMPLETED,ClinicalTrials.gov
NCT04792320,"Oral Absorbent and Probiotics in CKD Patients With PAD on Gut Microbiota, IncRNA, Metabolome, and Vascular Function",Active bamboo charcoal; probiotics,CKD; PAD - Peripheral Arterial Disease,NA,RECRUITING,ClinicalTrials.gov
NCT02853097,Cell-Free DNA and RNA in Blood fromMetastatic Prostate Cancer Patients,Cytology Specimen Collection Procedure; Laboratory Biomarker Analysis,Hormone-Resistant Prostate Cancer; Metastatic Prostate Carcinoma; Prostate Adenocarcinoma,Not specified,TERMINATED,ClinicalTrials.gov
NCT05556720,Bringing Optimised COVID-19 Vaccine Schedules To ImmunoCompromised Populations (BOOST-IC): an Adaptive Randomised Controlled Clinical Trial,Pfizer Bivalent COVID-19 Vaccine; Moderna Bivalent mRNA vaccine,"HIV; Organ Transplantation; Lymphoma, Non-Hodgkin; Chronic Lymphocytic Leukemia; Multiple Myeloma; COVID-19 Vaccines",PHASE3,ACTIVE_NOT_RECRUITING,ClinicalTrials.gov
NCT00691652,Clofarabine and Rituximab in Treating Patients With Relapsed Non-Hodgkin Lymphoma,rituximab; clofarabine; DNA methylation analysis; gene expression analysis; microarray analysis; polymerase chain reaction; high performance liquid chromatography; laboratory biomarker analysis,Lymphoma,"PHASE1, PHASE2",TERMINATED,ClinicalTrials.gov
NCT05046652,Effectiveness of Convalescent Plasma Therapy in 8 Non-Intubated COVID-19 Patients in Indonesia: A Case Series,Convalescent Plasma Therapy,Infectious Disease,Not specified,COMPLETED,ClinicalTrials.gov
NCT01353547,Genes and Environment in Multiple Sclerosis,Not specified,Multiple Sclerosis,Not specified,RECRUITING,ClinicalTrials.gov
NCT00007449,Safety and Effectiveness of the Drug DPC 083 in Combination With Nucleoside Analogue Reverse Transcriptase Inhibitors in HIV-1-Infected Patients Who Are Failing Treatment With Nonnucleoside Reverse Transcriptase Inhibitors,DPC 083,HIV Infections,PHASE2,UNKNOWN,ClinicalTrials.gov
NCT06381648,Detecting Lymph Node Metastasis in Intrahepatic Cholangiocarcinoma (LyMIC),LyMIC (Lymph Node Metastasis in Intrahepatic Cholangiocarcinoma),"Cholangiocarcinoma; Cholangiocarcinoma, Intrahepatic; Cholangiocarcinoma Resectable; Cholangiocarcinoma; Liver",Not specified,COMPLETED,ClinicalTrials.gov
NCT07150598,Immune-Marker Platform for Patients With Advanced Lung Cancer,Not specified,NSCLC (Advanced Non-small Cell Lung Cancer); NSCLC Stage IIIB~IV; NSCLC Non-small Cell Lung Cancer,Not specified,NOT_YET_RECRUITING,ClinicalTrials.gov
NCT06987916,Efficacy and Safety Evaluation of U01(ssCART-19) in B-Cell Lymphoma,ssCART-19,B Cell Lymphoma,"PHASE1, PHASE2",RECRUITING,ClinicalTrials.gov
NCT01684241,RBL001/RBL002 Phase I Clinical Trial,RBL001/RBL002,Melanoma,PHASE1,COMPLETED,ClinicalTrials.gov
NCT06397677,Defining the Molecular and Radiologic Phenotype of Progressive RA Interstitial Lung Disease,Research Testing Performed (Laboratory); Information Collected as Standard of Care; Research Testing Performed,Rheumatoid Arthritis; Interstitial Lung Disease,Not specified,RECRUITING,ClinicalTrials.gov
NCT06751251,The Exploration of OX40 (CD134) Expression Levels in Sarcoma Specimens and Its Clinical Application in Prognosis Determination,IHC: Immunohistochemistry; RNA-seq,Sarcoma; Biomarkers; Progression,Not specified,ACTIVE_NOT_RECRUITING,ClinicalTrials.gov
NCT01189695,Maintenance Boosted Lopinavir Monotherapy Following Salvage Protease-inhibitor (PI) Based Regimen in HIV With Non-nucleoside Reverse Transcriptase Inhibitors (NNRTI) Based Regimen Failure,Ritonavir-boosted lopinavir; optimized background regimens (OBRs),HIV; AIDS; Lopinavir; Treatment Failure,PHASE4,COMPLETED,ClinicalTrials.gov
NCT00001129,A Study of Two Adherence Plans to Help HIV-Positive Patients Take Their Medications Correctly,Electronic Medication Reminder System; Medication Manager,HIV Infections,NA,COMPLETED,ClinicalTrials.gov
NCT06952842,Safety and Efficacy of ZVS203e in the Treatment of Retinitis Pigmentosa Caused by RHO Gene Mutation,ZVS203e,Retinitis Pigmentosa,"PHASE1, PHASE2",NOT_YET_RECRUITING,ClinicalTrials.gov
NCT04125472,Expanded Access Protocol to Provide Lumasiran to Patients With Primary Hyperoxaluria Type 1,Lumasiran,Primary Hyperoxaluria,Not specified,APPROVED_FOR_MARKETING,ClinicalTrials.gov
NCT04053114,MOLecular Characterization and Treatment of THYroid Carcinoma on Struma Ovarii,DNA and RNA extraction from FFPE or frozen tissue sample,Ovarian Cancer,Not specified,WITHDRAWN,ClinicalTrials.gov
NCT07000890,Rheumatoid Arthritis Synovial Tissue Biopsy Study,Synovial Biopsy,Rheumatoid Arthritis,NA,COMPLETED,ClinicalTrials.gov
NCT06271980,Early-Onset Colorectal Cancer Recurrence,ENCORE,Colorectal Cancer Recurrent; Colorectal Cancer; Colorectal Neoplasms; Colorectal Adenocarcinoma; Colorectal Cancer Stage I; Colorectal Cancer Stage II; Colorectal Cancer Stage III,Not specified,COMPLETED,ClinicalTrials.gov
NCT01079741,Safety Study of Adjuvant Vaccine to Treat Melanoma Patients,NY-ESO-1 protein; Poly-ICLC; Montanide,Melanoma,"PHASE1, PHASE2",COMPLETED,ClinicalTrials.gov
NCT06556394,"A Study to Evaluate the Safety, Tolerability, Pharmacokinetics, and Pharmacodynamics of RAG-17 in Subjects With Amyotrophic Lateral Sclerosis (ALS) With Superoxide Dismutase Type 1 (SOD1) Gene Mutation",RAG-17; Placebo,Amyotrophic Lateral Sclerosis,PHASE1,RECRUITING,ClinicalTrials.gov
NCT03776760,Strategies for Hepatitis C Testing and Treatment in Aboriginal Communities That Lead to Elimination,Fingerstick GeneXpert HCV RNA quantitative assay; sofosbuvir/velpatesvir; glecaprevir/pibrentasvir,"Hepatitis C; Hepatitis; Liver Diseases; Hepatitis, Viral, Human; RNA Virus Infections; Digestive System Diseases",Not specified,UNKNOWN,ClinicalTrials.gov
NCT04533282,Epitranscriptomic Blood Biomarkers for Coronary Artery Disease - A Prospective Cohort Study (IHD-EPITRAN),"Blood samples.; Collection of right atrial appendage tissue sample.; Health Survey, Clinical symptom scaling; Transthoracic echocardiography (TTE)",Ischemic Heart Disease; Coronary Artery Disease; Aortic Valve Stenosis; Acute Myocardial Infarction,Not specified,UNKNOWN,ClinicalTrials.gov
NCT00002224,Comparison of Two Anti-HIV Regimens That Include One of Two Forms of Didanosine (ddI),Nelfinavir mesylate; Stavudine; Didanosine,HIV Infections,PHASE3,COMPLETED,ClinicalTrials.gov
NCT05883254,"Pumilio1 (PUM1) Expression, Sickle Cell Anemia, β-thalassemia Intermedia",RNA Binding Protein Pumilio1 (PUM1) Expression by reverse transcriptase quantatative PCR,"Sickle Cell Disease, Beta Thalassemia Intermedia",Not specified,NOT_YET_RECRUITING,ClinicalTrials.gov
NCT03984123,The Acute and Chronic Effects of Remote Ischemic Conditioning on Cardiovascular Function,"Brachial cuff, in order to achieve ischemic stimuli",Acute Myocardial Infarction,NA,UNKNOWN,ClinicalTrials.gov
NCT00960427,Studying Biomarkers in Tumor Tissue and Blood Samples From Patients Undergoing Chemotherapy and Radiation Therapy for Stage II or Stage III Rectal Cancer That Can Be Removed By Surgery,systemic chemotherapy; RNA analysis; gene expression analysis; reverse transcriptase-polymerase chain reaction; immunohistochemistry staining method; laboratory biomarker analysis; endoscopic biopsy; neoadjuvant therapy; sigmoidoscopy; radiation therapy,Colorectal Cancer,PHASE1,WITHDRAWN,ClinicalTrials.gov
NCT04253496,Mathematic Modeling at Micro and Macroscopic Level of Primary Central Nervous System Lymphomas (PCNSL),Tumor samples and MRI,Primary Central Nervous System Lymphoma (PCNSL),Not specified,UNKNOWN,ClinicalTrials.gov
NCT01849588,HCV-RNA Kinetics During Sorafenib for Hepatocellular Carcinoma (HCC),Sorafenib,Hepatocellular Cancer,PHASE4,TERMINATED,ClinicalTrials.gov
NCT06427278,Implication of Long Non-coding RNA CCDC144NL-AS1/Micro RNA-143-3p Axis Expression Level as Novel Signature in Colorectal Cancer,Not specified,Colorectal Cancer,Not specified,COMPLETED,ClinicalTrials.gov
NCT06891443,Study to Evaluate Sepofarsen in Subjects With Leber Congenital Amaurosis (LCA) Type 10 (HYPERION),sepofarsen; Placebo IVT,"Leber Congenital Amaurosis 10; Blindness; Leber Congenital Amaurosis; Sensation Disorders; Vision Disorder; Neurological Manifestations; Eye Diseases, Hereditary; Eye Diseases; Eye Disorders Congenital; Retinal Disease",PHASE3,RECRUITING,ClinicalTrials.gov
NCT03495921,A Trial For Participants With Ewing's Sarcoma Treated With Vigil in Combination With Irinotecan and Temozolomide,Vigil; Irinotecan; Temozolomide,"Ewing Sarcoma; Ewing Family of Tumors; Ewing's Tumor Metastatic; Ewing's Sarcoma Metastatic; Ewing's Tumor Recurrent; Rare Diseases; Sarcoma; Neoplasms, Connective and Soft Tissue; Neoplasms by Histologic Type; Neoplasms, Bone Tissue; Neoplasms, Connective Tissue; Sarcoma, Ewing; Neoplasms",PHASE3,TERMINATED,ClinicalTrials.gov
NCT00710593,Impact of a Human Papilloma Virus (HPV) Vaccine in HIV-Infected Young Women,"HPV vaccine for strains -6, -11, -16, and -18",HIV Infection,PHASE2,COMPLETED,ClinicalTrials.gov
NCT00130247,Tuberculosis Treatment Shortening Trial,Ethambutol; Isoniazid; Pyrazinamide; Rifampin,Tuberculosis,PHASE3,COMPLETED,ClinicalTrials.gov
NCT03149289,Hepatitis C Virus Infection in Patients With Hemoglobinopathies,Antiviral drugs,"Hepatitis C, Chronic; Hemoglobinopathies",Not specified,COMPLETED,ClinicalTrials.gov
NCT03627546,"HCV Seek, Test and Rapid Treatment for Young PWID",Rapid Treatment strategy; Usual Care (facilitated referral),Hepatitis C; Drug Use,NA,COMPLETED,ClinicalTrials.gov
NCT01006031,Retreatment With High Doses of pegIFN Alfa-2a and Ribavirin of Previous Nonresponders HIV-coinfected Patients With Cirrhosis Due to HCV 1-4,Pegylated interferon alfa-2a and Ribavirin,Liver Cirrhosis; Hepatitis C Virus; HIV Infection,"PHASE2, PHASE3",COMPLETED,ClinicalTrials.gov
NCT06627179,Study to Evaluate Ultevursen in Subjects With Retinitis Pigmentosa (RP) Due to Mutations in Exon 13 of the USH2A Gene,"Intravitreal Injection of Ultevursen; No intervention, will not receive any active study intervention","Retinitis Pigmentosa (RP); Usher Syndrome Type 2; Deaf Blind; Retinal Disease; Eye Diseases, Hereditary; Eye Disorders Congenital; Vision Disorders",PHASE2,RECRUITING,ClinicalTrials.gov
NCT03895294,Effect of Strategies for the Treatment of Chronic Hepatitis C in Colombia,Health care under the strategic purchase-Clinical pathway; Usual care process prior strategic purchase-clinical pathway,Hepatitis C,NA,UNKNOWN,ClinicalTrials.gov
NCT04843761,ACTIV-3b: Therapeutics for Severely Ill Inpatients With COVID-19,Remdesivir; Remdesivir Placebo; Aviptadil; Aviptadil Placebo; Corticosteroid,Covid19,PHASE3,COMPLETED,ClinicalTrials.gov
NCT00593151,"Study of Safety, Tolerability, and Anti-Viral Effect of Locteron Compared to PEG-Intron in Patients With Chronic Hepatitis C",Locteron (controlled-release interferon alpha 2b); pegylated IFNa2b,Hepatitis C,"PHASE1, PHASE2",COMPLETED,ClinicalTrials.gov
NCT05780541,PF-07304814 for Inpatients With COVID-19 (An ACTIV-3/TICO Treatment Trial),PF-07304814; Placebo; Remdesivir,COVID-19,PHASE3,TERMINATED,ClinicalTrials.gov
NCT05769569,Safety and Efficacy of Neutralizing Antibodies and Vaccination for Induction of HIV Remission,VRC07-523LS; PGDM1400LS; N-803; Ad26.Mos4.HIV; MVA-BN-HIV; A244d11 gp120; ALFQ; Antiretroviral Therapy (ART),HIV-1-infection,PHASE1,WITHDRAWN,ClinicalTrials.gov
NCT06489431,Irrisept vs Traditional Antibiotic Irrigation for Virgin Penile Prosthesis Placement,Chlorhexidine; Gentamicin; Rifampin,"Erectile Dysfunction; Penile Prosthesis; Complications, Infection or Inflammation",PHASE3,ACTIVE_NOT_RECRUITING,ClinicalTrials.gov
NCT02316457,RNA-Immunotherapy of IVAC_W_bre1_uID and IVAC_M_uID,IVAC_W_bre1_uID; IVAC_W_bre1_uID/IVAC_M_uID,Breast Cancer (Triple Negative Breast Cancer (TNBC)),PHASE1,COMPLETED,ClinicalTrials.gov
NCT00967954,Study of Blood and Tissue Samples From Patients Receiving Androgen Deprivation for Newly Diagnosed Prostate Cancer,antiandrogen therapy; releasing hormone agonist therapy; DNA analysis; RNA analysis; comparative genomic hybridization; gene expression analysis; laboratory biomarker analysis; diffusion-weighted magnetic resonance imaging; magnetic resonance spectroscopic imaging,Prostate Cancer,NA,UNKNOWN,ClinicalTrials.gov
NCT02707601,"Efficacy, Safety, and Tolerability of Ledipasvir/Sofosbuvir (LDV/SOF) Treatment for HIV/HCV Co-infected Participants Who Switch to Elvitegravir/Cobicistat/Emtricitabine/Tenofovir Alafenamide (E/C/F/TAF) or Emtricitabine/Rilpivirine/Tenofovir Alafenamide (F/R/TAF) Prior to LDV/SOF HCV Treatment",E/C/F/TAF; F/R/TAF; LDV/SOF,HIV-1 Infection; HCV Infection,PHASE3,COMPLETED,ClinicalTrials.gov
NCT00689065,Safety Study of CALAA-01 to Treat Solid Tumor Cancers,CALAA-01,Cancer; Solid Tumor,PHASE1,TERMINATED,ClinicalTrials.gov
NCT01316237,"A Study Evaluating the Safety, Tolerability, Pharmacokinetics and Antiviral Activity of GS-6620 in Treatment Naïve Subjects With Chronic Hepatitis C Virus Infection","GS-6620; GS-6620; GS-6620; GS-6620; GS-6620; GS-6620; GS-6620 tablet, 450 mg BID; GS-6620 tablet; GS-6620 tablet","Hepatitis C, Chronic",PHASE1,COMPLETED,ClinicalTrials.gov
NCT00006064,The Effect of Anti-HIV Treatment on Body Characteristics of HIV-Infected Children,Not specified,HIV Infections; HIV Wasting Syndrome; Lipodystrophy,Not specified,COMPLETED,ClinicalTrials.gov
NCT01925183,Individualized Triple-therapy Using Boceprevir in HIV-positive Patients With Hepatitis C,Pegylated interferon alpha-2a; Ribavirin; Boceprevir,"Hepatitis C, Chronic; HIV",PHASE4,COMPLETED,ClinicalTrials.gov
NCT05504772,Precision Medicine for Every Child With Cancer,Whole Genome Sequencing; RNA seq; DNA Methylation; Targeted Panel Sequencing; High Throughput Sequencing (in vitro); Patient Derived Xenograft (PDX)(in vivo); Liquid Biopsy,Childhood Cancer; Childhood Solid Tumor; Childhood Brain Tumor; Childhood Leukemia; Refractory Cancer; Relapsed Cancer,Not specified,RECRUITING,ClinicalTrials.gov
NCT00004981,Safety and Effectiveness of Three Anti-HIV Drugs Combined in One Pill (Trizivir),"Abacavir sulfate, Lamivudine and Zidovudine; Lamivudine/Zidovudine; Abacavir sulfate",HIV Infections,PHASE3,UNKNOWN,ClinicalTrials.gov
NCT00000859,A Randomized Trial of the Efficacy and Safety of a Strategy of Starting With Nelfinavir Versus Ritonavir Added to Background Antiretroviral (AR) Nucleoside Therapy in HIV-Infected Individuals With CD4+ Cell Counts Less Than or Equal to 200/mm3,Indinavir sulfate; Ritonavir; Nelfinavir mesylate,HIV Infections,NA,COMPLETED,ClinicalTrials.gov
NCT00520273,"A Prospective Study to Evaluate the Specificity of the Cobas TaqScreen MPX Test for Use on the Cobas s 201 System for Screening Plasma Pools From Source Plasma Donors for the Presence of HBV DNA, HCV RNA, and HIV-1 RNA",cobas s 201 TaqScreen MPX Test,Healthy Volunteer,NA,COMPLETED,ClinicalTrials.gov
NCT01992029,Study of miRNA Expression Pattern as Diagnostic and Prognostic Biomarker in Amyotrophic Lateral Sclerosis,Clinical evaluation; Muscular biopsy; Lumbar puncture; Blood sampling; Neurological assessments; Neuro-muscular biopsy and lumbar puncture; Muscular biopsy; Blood sample; Cervical spinal cord and brain MRI,Amyotrophic Lateral Sclerosis; ALS,Not specified,TERMINATED,ClinicalTrials.gov
NCT02249962,"Option B+: Study on Safety, Viral Suppression, and Survival on Second Line ART",Not specified,HIV; Infant Exposure to Efavirenz,Not specified,COMPLETED,ClinicalTrials.gov
NCT00305383,Viral Kinetic Study With Viramidine in Therapy-Naive Patients With Chronic Hepatitis C,Viramidine; Peginterferon alfa-2b,"Hepatitis C, Chronic",PHASE2,TERMINATED,ClinicalTrials.gov
NCT06272864,BostonGene and Exigent Genomic INsight Study,Not specified,Breast Cancer; Non-small Cell Lung Cancer; Melanoma; Sarcoma,Not specified,RECRUITING,ClinicalTrials.gov
NCT00543244,Early Prediction of Successful Treatment for Chronic Hepatitis C Virus Infection in Taiwan,Pegylated interferon alfa and ribavirin,Chronic Hepatitis C,Not specified,UNKNOWN,ClinicalTrials.gov
NCT00002400,A Study of Two Anti-HIV Drug Combinations in HIV-Infected Patients,Indinavir sulfate; Delavirdine mesylate; Lamivudine; Zidovudine,HIV Infections,NA,COMPLETED,ClinicalTrials.gov
NCT05070234,Genetic Diagnosis and Human Growth Hormone Treatment in Small for Gestational Age Children With Short Stature,Blood collection for genetic analysis,"Small for Gestational Age Infant; Silver-Russell Syndrome; Genetic Diseases, Inborn",Not specified,UNKNOWN,ClinicalTrials.gov
NCT04835454,"Role of Piwi-protein Interacting RNA, miRNA-194 and Amino Acids in Patients With Prostate Cancer","piRNAs, miRNA-194, regucalcin and plasma aminoacids levels",Finding New Biomarkers That Could be Evaluated in Patients With Prostate Cancer and Clarify Their Role in Early Detection of Prostate Cancer,Not specified,UNKNOWN,ClinicalTrials.gov
NCT00494936,Effects of HIV and Hepatitis C Virus on the Brain,Not specified,HIV Infections; Hepatitis C,Not specified,COMPLETED,ClinicalTrials.gov
NCT06008392,"INTERogating Cancer for Etiology, Prevention and Therapy Navigation",Pan-genomic Testing,Cancer; Cancer Gene Mutation; PAN Gene Mutation; Hematopoietic and Lymphoid System Neoplasm; Malignant Solid Neoplasm,Not specified,RECRUITING,ClinicalTrials.gov
NCT07041671,Evaluation Viral RNA and Virus Infectivity in Exhaled Air Before and After Use of One Dose With ColdZyme Mouth Spray,ColdZyme,URTI - Viral Upper Respiratory Tract Infection,NA,NOT_YET_RECRUITING,ClinicalTrials.gov
NCT01293279,"HCV (Hepatitis C Virus) Viral and Host Genotyping (IL28B, Interleukin 28B) in China",Not specified,Hepatitis C,Not specified,COMPLETED,ClinicalTrials.gov
NCT00687544,Efficacy and Safety of PegIntron Plus Ribavirin for Treatment of Chronic Hepatitis C in HIV-Infected Subjects (Study P04469)(TERMINATED),Peginterferon alfa-2b (SCH 054031); Ribavirin (SCH 018908),"Hepatitis C, Chronic; Hepacivirus; HIV Infections",PHASE4,TERMINATED,ClinicalTrials.gov
NCT04782271,"Safety, Tolerability and Pharmacokinetic Profile of SYL1801 Eye Drops",SYL18001 sodium Low dose q.d; SYL18001 sodium Middle dose q.d; SYL18001 sodium High dose q.d; SYL18001 sodium High dose b.i.d,"Safety, Tolerability and Pharmacokinetic Profile in Healthy Volunteers; Choroidal Neovascularization",PHASE1,COMPLETED,ClinicalTrials.gov
NCT03161223,"Durvalumab in Different Combinations With Pralatrexate, Romidepsin and Oral 5-Azacitidine for Lymphoma",Durvalumab; Pralatrexate; Romidepsin; 5-Azacitidine,"Lymphoma, T-Cell","PHASE1, PHASE2",RECRUITING,ClinicalTrials.gov
NCT03935373,DNA Exome Sequencing TCM for Sjögren's Syndrome,"DNA Exome sequencing; Oral microbiome; Proteomics; RNA sequencing; Cytokine; Traditional Chinese Medicine pattern; Traditional Chinese Medicine tongue diagnosis; Traditional Chinese Medicine pulse diagnosis; Heart rate variability; Schirmer's test; Blood function test, liver function test, kidney function test, and immune function test",Sjögren's Syndrome,Not specified,UNKNOWN,ClinicalTrials.gov
NCT03492112,A TEst and Treat Intervention aMong Current People Who Inject Drugs With HCV Attending Needle and Syringe PrOgrams,HCV RNA Point of Care; Sofosbuvir/velpatasvir; Glecaprevir/pibrentasvir,Hepatitis C,NA,COMPLETED,ClinicalTrials.gov
NCT02580981,Acute Lymphoblastic Leukemia Therapies Informed by Genomic Analyses,Acute Lymphobastic Leukemia (ALL) Treatment Options,"Leukemia, Acute Lymphoblastic",NA,TERMINATED,ClinicalTrials.gov
NCT01319526,Biomarkers in Blood Samples From Patients With HIV Infection and Stage III or Stage IV Hodgkin Lymphoma Undergoing Chemotherapy,DNA analysis; RNA analysis; laboratory biomarker analysis,Lymphoma; Nonneoplastic Condition,Not specified,TERMINATED,ClinicalTrials.gov
NCT03577782,Vedolizumab Treatment in HIV-Infected Subjects Without Previous Antiretroviral Therapy,Entyvio (Vedolizumab),HIV Infections,"PHASE1, PHASE2",UNKNOWN,ClinicalTrials.gov
NCT04518410,ACTIV-2: A Study for Outpatients With COVID-19,"bamlanivimab 7000mg; BRII-196+BRII-198; AZD7442 (IV); AZD7442 (IM); SNG001; Camostat; BMS-986414 + BMS-986413; SAB-185 (3,840 Units/kg); SAB-185 (10,240 Units/kg); CASIRIVIMAB + IMDEVIMAB; Placebo for Bamlanivimab 7000mg; Placebo for Bamlanivimab 700mg; Placebo for BRII-196+BRII-198; Placebo for SNG001; Placebo for Camostat; Placebo for SAB-185 (low dose); Placebo for BMS-986414 + BMS-986413; Placebo for AZD7442 (IV); Placebo for AZD7442 (IM); Placebo for SAB-185 (high dose); bamlanivimab 700mg",Coronavirus; Covid19,"PHASE2, PHASE3",COMPLETED,ClinicalTrials.gov
NCT06471335,Fetal Alcohol Spectrum Disorder : Clinical Description and Search for Epigenetic Biomarker (EPI-TSAF),Extraction of microRNAs extracted from plasma (4 ml recovered as part of treatment); Extraction of microRNAs extracted from bucal swabs (act added for research).,Fetal Alcohol Spectrum Disorders,NA,COMPLETED,ClinicalTrials.gov
NCT05837455,"NeoTAILOR: ABiomarker-directed Approach to Guide Neoadjuvant Therapy for Patients With Stage II/III ER-positive, HER2-negative Breast Cancer",VENTANA MIB-1 Ki67 assay; Oncotype DX® Recurrence Score; PAM50-based Prosigna breast cancer gene signature assay; Anastrozole; Combination anthracycline and/or taxane based treatment,Breast Cancer; Cancer of the Breast,PHASE2,RECRUITING,ClinicalTrials.gov
NCT00004585,A Study of the Safety and Effectiveness of Combination Anti-HIV Therapy in HIV-Infected Adults,"Abacavir sulfate, Lamivudine and Zidovudine; Lamivudine/Zidovudine; Abacavir sulfate; Efavirenz",HIV Infections,PHASE4,COMPLETED,ClinicalTrials.gov
NCT00323440,Inflammatory Proteins in Familial Mediterranean Fever During Attack and Remission,Not specified,Familial Mediterranean Fever,Not specified,WITHDRAWN,ClinicalTrials.gov
NCT00002215,"A Randomized, Double-Blind Study of MKC-442 Combined With Viracept in Patients Who Are Epivir + Retrovir Experienced and Are Protease Inhibitor- and Non-Nucleoside Reverse Transcriptase Inhibitor-Naive",Emivirine; Nelfinavir mesylate,HIV Infections,NA,COMPLETED,ClinicalTrials.gov
NCT02190227,RNA Disruption Assay (RDA) Response Prediction in Neoadjuvant Chemotherapy Breast Cancer Treatment,Tumor RDA biopsy,Invasive Breast Cancer,PHASE2,COMPLETED,ClinicalTrials.gov
NCT06291623,Molecular Analysis of Intracanal Microbes After Chemomechanical Procedure and Root Canal Medication: A Randomized Controlled Trial,Glycyrrhizin,Bacterial Viability of Necrotic Pulp With Asymptomatic Apical Periodontitis,PHASE1,COMPLETED,ClinicalTrials.gov
NCT03140969,Study to Evaluate QR-110 in Leber's Congenital Amaurosis (LCA) Due to the c.2991+1655A>G Mutation (p.Cys998X) in the CEP290 Gene,QR-110,Leber's Congenital Amaurosis,"PHASE1, PHASE2",COMPLETED,ClinicalTrials.gov
NCT02652546,CC-11050 in Human Immunodeficiency Virus-1-Infected Adults With Suppressed Plasma Viremia on Antiretroviral Therapy (APHRODITE),Assess Safety; Effect of drug on viral load; Effect of drug on T-cell count; Effect of drug on inflammatory biomarkers,"HIV, Inflammation",PHASE1,COMPLETED,ClinicalTrials.gov
NCT03725280,Micro RNA Profile in the Ovarian Follicle Fluid of Transgender Men,IVF,IVF; Fertility Preservation; Infertility,Not specified,UNKNOWN,ClinicalTrials.gov
NCT02094872,Molecularly Targeted Therapy in Treating Patients With BRAF Wild-type Melanoma That is Metastatic,cytology specimen collection procedure; MEK 162 therapy or molecularly targeted therapy; therapeutic procedure; laboratory biomarker analysis; quality-of-life assessment,Recurrent Melanoma; Stage IIIA Melanoma; Stage IIIB Melanoma; Stage IIIC Melanoma; Stage IV Melanoma,PHASE2,COMPLETED,ClinicalTrials.gov
NCT01197157,Study of the Impact of Nitazoxanide on Chronic Hepatitis Patients,Placebo; Nitazoxanide,Hepatitis C,"PHASE2, PHASE3",COMPLETED,ClinicalTrials.gov
NCT05466981,HCV-Smoking Cessation Study,Cognitive Behavioral Counseling,Hepatitis C; Smoking Cessation,NA,COMPLETED,ClinicalTrials.gov
NCT01716156,A Study of Different Durations of Treatment With Grazoprevir (MK-5172) in Combination With Ribavirin in Participants With Chronic Hepatitis C (MK-5172-039),Grazoprevir; Ribavirin,Hepatitis C,PHASE2,COMPLETED,ClinicalTrials.gov
NCT03345576,Testosterone and Long Pulse Stimulation After SCI,Testosterone and LPWS; Testosterone and standard NMES,Spinal Cord Injury,PHASE2,COMPLETED,ClinicalTrials.gov
NCT00866879,Randomized Conversion of Calcineurin-Inhibitors in Renal Allograft Recipients,"Sirolimus; Demographic Data, Medical History, and Donor Data; Blood Draws for Control Group; Blood Draws for Experimental Group; Donor Blood Draws; Donor Information; Kidney Biopsy",Renal Transplant Rejection,PHASE4,COMPLETED,ClinicalTrials.gov
NCT05264558,Preparing for the Final Phase of Hepatitis C Elimination. Cairns Final 30%,Xpert HCV Viral load finger stick point of care test (Cepheid); Epclusa 400Mg-100Mg Tablet; Standard of care,Hepatitis C,PHASE4,COMPLETED,ClinicalTrials.gov
NCT02804659,Physiopathological and Therapeutic Value of microRNA in the Progression of Carotid Artery Plaques: Carotid Protocol and microRNA,microRNA,Carotid Arteries,Not specified,UNKNOWN,ClinicalTrials.gov
NCT00529243,Evaluating the Effect of CHanging EnfuvirtidE to Raltegravir in HIV Infected Subjects,raltegravir,HIV Infections,PHASE3,COMPLETED,ClinicalTrials.gov
NCT06781372,Patient's Derived Organoids for Drug Screening in Glioblastoma,Development and characterization of PDOs; Evaluation of the effects of epigenetic and splicing inhibitors on viability and gene expression signatures of GBM PDOs and GSCs,"Glioblastoma; Glioblastoma Multiforme (GBM); Glioblastoma Multiforme, Adult",NA,NOT_YET_RECRUITING,ClinicalTrials.gov
NCT03652402,Precision Risk Stratification in Kidney Transplant Patients - EU-TRAIN,kidney transplantation,Kidney Transplant Rejection; Kidney Transplantation; Risk Stratification; Prognosis,Not specified,COMPLETED,ClinicalTrials.gov
NCT05876312,"Safety, Tolerability, PK and PD of ADX-038 in Healthy Participants and Paroxysmal Nocturnal Hemoglobinuria (PNH) Patients",ADX-038; Placebo,Paroxysmal Nocturnal Hemoglobinuria (PNH),"PHASE1, PHASE2",ACTIVE_NOT_RECRUITING,ClinicalTrials.gov
NCT04302766,Expanded Access Remdesivir (RDV; GS-5734™),Remdesivir,Coronavirus Disease 2019,Not specified,NO_LONGER_AVAILABLE,ClinicalTrials.gov
NCT03797066,ATTIC - Access To Treat in the Community,ZEPATIER 50Mg-100Mg Tablet,"Hepatitis C, Chronic",PHASE4,TERMINATED,ClinicalTrials.gov
NCT06649253,Childhood B-acute Lymphoblastic Leukaemia and Role of CD9 Gene Regulation in Relapse,Sampling bone tissue and blood,"Leukemia, Lymphoblastic, Acute, Pediatric",NA,RECRUITING,ClinicalTrials.gov
NCT00007488,HIV in Specific Parts of the Body of Patients Who Are Changing or Starting Potent Anti-HIV Drugs,Not specified,HIV Infections,Not specified,COMPLETED,ClinicalTrials.gov
NCT01626170,Studying Mechanisms of Radiation Therapy Resistance in Samples From Younger Patients With Rhabdomyosarcoma,laboratory biomarker analysis,Alveolar Childhood Rhabdomyosarcoma; Embryonal Childhood Rhabdomyosarcoma; Previously Treated Childhood Rhabdomyosarcoma; Previously Untreated Childhood Rhabdomyosarcoma; Recurrent Childhood Rhabdomyosarcoma,Not specified,COMPLETED,ClinicalTrials.gov
NCT00743795,"Safety, Tolerability, and Antiviral Activity of 24 or 48 Weeks of GS-9190 in Combination With Peginterferon Alfa 2a and Ribavirin for the Treatment of Genotype-1 Chronic HCV Infection",placebo; GS-9190; Peginterferon Alfa 2a; Ribavirin,HCV Infection,PHASE2,COMPLETED,ClinicalTrials.gov
NCT03231930,Rapid Point-of-care Testing for Hepatitis C in Community Clinics (RAPID-EC) Pilot Study,OraQuick HCV Ab test; Xpert HCV viral load test,Hepatitis C,NA,COMPLETED,ClinicalTrials.gov
NCT00028366,"Dual Versus Triple Protease Inhibitor Combinations, Including Ritonavir, in HIV Infected People",Fosamprenavir; Lopinavir/Ritonavir; Ritonavir; Tenofovir disoproxil fumarate,HIV Infections,NA,COMPLETED,ClinicalTrials.gov
NCT05780463,MP0420 for Inpatients With COVID-19 (An ACTIV-3/TICO Treatment Trial),MP0420; Placebo; Remdesivir,COVID-19,PHASE3,COMPLETED,ClinicalTrials.gov
NCT07328087,"COLONYVAQ™, a Quantum-Classical Guided Personalized Neoantigen Vaccine for MSS Stage III Colorectal Cancer",Experimental: COLONYVAQ-CRC + mFOLFOX6 or CAPOX + Nivolumab,Colorectal Cancer Metastatic; Colorectal Cancer Stage III; Colorectal Cancer Stage IV,EARLY_PHASE1,RECRUITING,ClinicalTrials.gov
NCT04463264,Efficacy and Safety Study of Nitazoxanide (NTX) in the Treatment of Patients With SARS-CoV-2 Virus Infection (COVID-19),Nitazoxanide; Placebo,COVID-19,"PHASE2, PHASE3",UNKNOWN,ClinicalTrials.gov
NCT03524430,RNA Disruption Assay (RDA)-Breast Cancer Response Evaluation for Individualized Therapy,Core needle biopsy,Breast Neoplasm Female,NA,RECRUITING,ClinicalTrials.gov
NCT00074230,Vaccine Therapy in Treating Patients With Stage IV Cutaneous Melanoma,"Autologous Dendritic Cells loaded with MAGE-A3, MelanA and Survivin",Melanoma (Skin),"PHASE1, PHASE2",COMPLETED,ClinicalTrials.gov
NCT06018792,Molecular Culture for the Diagnosis of Pediatric Sepsis,Molecular Culture,"Sepsis; Sepsis Bacterial; Sepsis, Neonatal; Infection, Bacterial; Antibiotic Side Effect; Microbial Colonization",Not specified,RECRUITING,ClinicalTrials.gov
NCT00027339,Using Drug Levels and Drug Resistance Testing to Select Effective Anti-HIV Drug Combinations in Patients With Drug-resistant HIV,lopinavir/ritonavir; indinavir sulfate; tenofovir disoproxil fumarate; ritonavir; fosamprenavir,HIV Infections,PHASE2,COMPLETED,ClinicalTrials.gov
NCT01335529,Boceprevir in HIV-HCV Coinfected Patients Who Have Failed to a Previous Therapy With Peg-Interferon/Ribavirin,"Boceprevir, Peg-interferon alfa 2b and Ribavirin",HCV Coinfection; HIV-1 Infection,PHASE2,COMPLETED,ClinicalTrials.gov
NCT00001103,HIV Levels in Cerebrospinal Fluid and Brain Function in Patients Receiving Anti-HIV Drugs,Not specified,Cognitive Disorders; HIV Infections,Not specified,COMPLETED,ClinicalTrials.gov
NCT00632073,Effect of Vicriviroc on HIV Ribonucleic Acid (RNA) Levels in Cerebrospinal Fluid (Study P05241),Vicriviroc,HIV Infections,PHASE1,COMPLETED,ClinicalTrials.gov
NCT05545319,A Study to Learn About the Medicine Called Nirmatrelvir Used in Combination With Ritonavir in People With Weakened Immune Systems or at Increased Risk for Poor Outcomes Who Are Hospitalized Due to Severe COVID-19,Nirmatrelvir; Ritonavir; Placebo for nirmatrelvir,"Severe Acute Respiratory Syndrome Coronavirus 2 (SARS-CoV-2); Coronavirus Disease 2019 (COVID-19); Immunocompromised; Hospitalization; Child, Hospitalized",PHASE2,WITHDRAWN,ClinicalTrials.gov
NCT05703607,A Study to Learn About a Modified RNA Vaccine Against Shingles in Healthy Adults,Candidate 1: PF-07915234: VZV modRNA Powder for Suspension for Injection; Candidate 1: PF-07915234: VZV modRNA Suspension for Injection; Candidate 2: PF-07921188: VZV modRNA Suspension for Injection; Candidate 3: PF-07921186: VZV modRNA Suspension for Injection; Shingrix; Candidate 2: PF-07921188: VZV modRNA Powder for Suspension for Injection,Shingles; Herpes Zoster Infection; Human,PHASE2,TERMINATED,ClinicalTrials.gov
NCT07116044,Assessment of Response and Safety of Bulevirtide Treatment in Patients With Chronic Delta Virus Infection,virological tests diagnostic tests,Evaluate Response to Treatment Both Biochemically and Virologically to Determine the Safety and Effectiveness of Bulevirtide Therapy in HDV Patients,Not specified,COMPLETED,ClinicalTrials.gov
NCT02413645,"Phase I, Open Label Dose Escalation Study to Evaluate Safety of iHIVARNA-01 in Chronically HIV-infected Patients",TriMix_100; TriMix_300; 600μg mRNA (300 μg HIV mRNA+300 μg TriMix mRNA); 900μg mRNA (600 μg HIV mRNA+300 μg TriMix mRNA); 1200μg mRNA (900 μg HIV mRNA+300 μg TriMix mRNA),HIV-infection,PHASE1,COMPLETED,ClinicalTrials.gov
NCT06431763,A Study to Investigate LDL-cholesterol Lowering With Inclisiran Compared to Bempedoic Acid in Patients With Atherosclerotic Cardiovascular Disease.,Inclisiran sodium; BPA,Hypercholesterolemia,PHASE4,COMPLETED,ClinicalTrials.gov
NCT01836718,Assessment of Intrahepatic Hepatitis C Virus (HCV) RNA Levels at the Time of Liver Transplantation,Not specified,Hepatitis C Virus; Liver Transplantation,Not specified,UNKNOWN,ClinicalTrials.gov
NCT01212718,Response Prediction in Metastasized Colorectal Cancer Using Intratumoral Thymidylate Synthase,FUFA; systemic chemotherapy,Colorectal Cancer; Non Resectable Metastasis; Reference Lesion; Biopsy; Thymidylate Synthase Quantitation,PHASE2,COMPLETED,ClinicalTrials.gov
NCT02363647,Personalized Cancer Therapy for Patients With Metastatic Medullary Thyroid or Metastatic Colon Cancer,Tumor Genomic Analysis,Medullary Thyroid Cancer; Colon Cancer,NA,TERMINATED,ClinicalTrials.gov
NCT05091008,Treatment of Chronic Hepatitis C Infection by Ledipasvir/Sofosbuvir in Naïve Children,Ledipasvir-Sofosbuvir 90 Mg-400 Mg Oral Tablet,"Hepatitis C, Chronic",PHASE2,COMPLETED,ClinicalTrials.gov
NCT03424460,Venous Thromboembolism in Myotonic Dystrophy Type 1,Haemostasis tests; Monocytes and megacaryocytes culture and RNA extraction; RNA extraction,Myotonic Dystrophy 1,NA,COMPLETED,ClinicalTrials.gov
NCT00259753,Safety and Efficacy Study of Small Interfering Ribonucleic Acid (RNA) Molecule (Cand5) to Treat Wet Age-Related Macular Degeneration,Bevasiranib,Macular Degeneration,PHASE2,COMPLETED,ClinicalTrials.gov
NCT00458302,Treatment Simplification by Darunavir/Ritonavir 800/100 mg Once a Day Versus a Triple Combination Therapy With Darunavir/Ritonavir,"darunavir (DRV, TMC114); darunavir (DRV, TMC114)",HIV Infections; AIDS Virus; Human Immunodeficiency Virus; Acquired Immunodeficiency Syndrome Virus,PHASE3,COMPLETED,ClinicalTrials.gov
NCT02027493,Hansenula-Derived Pegylated-Interferon Alpha-2a in Egyptian Children With Chronic HCV,Reiferon R; Ribavirin,"Hepatitis C, Chronic",NA,COMPLETED,ClinicalTrials.gov
NCT04745975,Guided Treatment Based on Mini-PDX in Metastatic Triple Negative Breast Cancer,Personalized treatment guided by mini-PDX and RNA sequencing; Nab paclitaxel; Eribulin; Vinorelbine; Gemcitabine; Capecitabine,Triple Negative Breast Cancer,PHASE2,UNKNOWN,ClinicalTrials.gov
NCT06874257,Targeting Acute Myeloid Leukemia Immunosuppressive Microenvironment by combinedIDO1 Inhibition and PD-1 Blockade,Laboratory tests and in vitro studies,AML (Acute Myelogenous Leukemia),Not specified,RECRUITING,ClinicalTrials.gov
NCT03620734,Study to Determine Interaction Between the Use of Feminizing Hormone Therapy and Antiretroviral Agents Concomitantly Among Transgender Women,Not specified,PrEP and ART,Not specified,COMPLETED,ClinicalTrials.gov
NCT06846645,"Host Response to Infection by Direct Analysis of Leukocyte Single Cell-type Gene Expression/transcript Abundance, Direct LS-TA. a Prospective Study Will Evaluate the Performance of Direct LS-TA in Triage Febrile Patients Into Major Categories of Infections: Viral, Bacterial or Active Tuberculosis.",No intervention,Single Cell Sequencing Technology; Gene Expression Profiling; Gene Expression; Infection; Viral Diseases; Bacterial Diseases; Active Tuberculosis; Host Defense Mechanisms; Host Microbial Interactions; Transcriptome,Not specified,NOT_YET_RECRUITING,ClinicalTrials.gov
NCT02963311,A Study of ALN-PCSSC in Participants With Homozygous Familial Hypercholesterolemia (HoFH),ALN-PCSSC; Standard of Care,Homozygous Familial Hypercholesterolemia,PHASE2,COMPLETED,ClinicalTrials.gov
NCT06729606,Aviptadil for Severely Ill Inpatients With COVID-19 (An ACTIV-3b/TESICO Treatment Trial),Aviptadil; Aviptadil Placebo; Corticosteroid,Covid19,PHASE3,COMPLETED,ClinicalTrials.gov
NCT06249048,Phase 1/2 Study of Intratumoral Injection of STX-001 in Advanced Solid Tumors as Monotherapy or in Combination With Pembrolizumab,STX-001; Keytruda®,Advanced Solid Tumor,"PHASE1, PHASE2",RECRUITING,ClinicalTrials.gov
NCT01288209,"A Phase III Study of TMC435 in Genotype 1, Hepatitis C-infected Participants Who Failed to Respond to Previous IFN-based Therapy",TMC435; Peginterferon alfa-2a (PegIFNα-2a ); Ribavirin (RBV),"Hepatitis C, Chronic",PHASE3,COMPLETED,ClinicalTrials.gov
NCT06729593,Remdesivir for Severely Ill Inpatients With COVID-19 (An ACTIV-3b/TESICO Treatment Trial),Remdesivir; Remdesivir Placebo; Corticosteroid,Covid19,PHASE3,COMPLETED,ClinicalTrials.gov
NCT06831292,The Effects of Diet on Small Non-coding RNA I Sperm Cells and the Possible Effects on Reproductive Success: Diet Intervention Effects on Sperm,Diet intervention NMR,Changes in SncRNA in Sperm; Male Fertility; RNA Profile,NA,RECRUITING,ClinicalTrials.gov
NCT03318887,Impact of Sofosbuvir and Daclatasvir Concentration on HCV RNA,Sofosbuvir/daclatasvir with or without ribavirin,Hepatitis C,Not specified,COMPLETED,ClinicalTrials.gov
NCT04160455,"Study of Autophagy and the Effects of GALIG Gene Products in HIV-1 Infected Patients Who Are Under Antiretroviral Therapy Since Primary-infection, Chronic Phase, or Never Treated.",expression of a panel,Autophagy; Galectins; HIV Infections; Highly Active Antiretroviral Therapy,Not specified,RECRUITING,ClinicalTrials.gov
NCT00897845,Studying Tumor Samples From Women Who Have Undergone Chemotherapy for Breast Cancer,RNA analysis; microarray analysis; immunohistochemistry staining method; laboratory biomarker analysis,Breast Cancer,Not specified,COMPLETED,ClinicalTrials.gov
NCT00002376,The Effectiveness of HIV RNA Viral Load Testing in Determining Treatment Type in HIV-Infected Patients,Indinavir sulfate; Lamivudine; Stavudine; Zidovudine; Didanosine,HIV Infections,PHASE4,COMPLETED,ClinicalTrials.gov
NCT01093014,Novel Intervention to Influence Muscle Plasticity in Veterans,Low-force muscle stimulation; High-force muscle stimulation; Sequential low-force and high-force muscle stimulation,Spinal Cord Injuries,NA,COMPLETED,ClinicalTrials.gov
NCT01637233,MARCH Central Nervous System Substudy,Arm 1 TNucleotide Analogue Reverse Transcriptase Inhibitors and Boosted Protease Inhibitors; Arm 2 Maraviroc and Protease Inhibitors; Arm 3 Maraviroc and Nucleotide Analogue Reverse Transcriptase Inhibitors,HIV-1 Infection,Not specified,COMPLETED,ClinicalTrials.gov
NCT05479760,KP-Led Same Day HCV Test and Treat Study,KP-Led HCV test and treat service,"HCV, HIV",NA,COMPLETED,ClinicalTrials.gov
NCT01595074,Biomarkers in Predicting Treatment Response in Samples From Patients With Early-Stage Non-Small Cell Lung Cancer Previously Treated With Adjuvant Chemotherapy,medical chart review; laboratory biomarker analysis,Stage IA Non-small Cell Lung Cancer; Stage IB Non-small Cell Lung Cancer; Stage IIA Non-small Cell Lung Cancer; Stage IIB Non-small Cell Lung Cancer; Stage IIIA Non-small Cell Lung Cancer,Not specified,NOT_YET_RECRUITING,ClinicalTrials.gov
NCT06623279,Open-laBel Dose-escalation Study for CRISPR/cas13- Rna TargetInG THerapy for the Treatment of Neovascular Age-related Macular Degeneration in Phase I Trial,HG202,Neovascular Age-Related Macular Degeneration (nAMD),PHASE1,NOT_YET_RECRUITING,ClinicalTrials.gov
NCT00668876,Effects of Immunonutrition in Patients Undergoing Pancreaticoduodenectomy,Oral IMPACT; Oral IMPACT; Parenteral nutrition,Pancreaticoduodenectomy,PHASE4,COMPLETED,ClinicalTrials.gov
NCT01459913,"Efficacy of a 12-Week Regimen of Telaprevir, Pegylated Interferon, and Ribavirin in Treatment-Naive and Prior Relapser Subjects With Interleukin28B (IL28B) CC Genotype",Telaprevir; Pegylated Interferon Alfa-2a; Ribavirin,"Hepatitis C, Chronic",PHASE3,TERMINATED,ClinicalTrials.gov
NCT06869382,ICS+LABA Vs. ICS+LABA+Omalizumab: Impact on Asthma Control and Gene Expression,Foster BDP/Formoterol; Omalizimab,Asthma Patients,PHASE4,COMPLETED,ClinicalTrials.gov
NCT06823596,"The T Cell Activator of Cell Killing (""TACK"") IT ON"" STUDY",Efavirenz 600mg,Hiv,NA,RECRUITING,ClinicalTrials.gov
NCT06841861,Spermatogonial Differentiation Via Testicular Organoid,Stem cell; Genetic Screening; Genetic Reprogramming; Cell Maturation,"Infertility, Male; Gene Abnormality; Sterility, Male","PHASE1, PHASE2",RECRUITING,ClinicalTrials.gov
NCT00929604,HIV Viral Load Monitoring in Resource-Poor Settings,HIV-1 viral load testing,HIV; AIDS; HIV Infections,NA,COMPLETED,ClinicalTrials.gov
NCT01098552,"Participation in Procurement of Tissue, Serum, Plasma, Cell Bank, DNA and RNA Samples, and Urine for Biological Studies Related to Prostate Cancer and Prostate Cancer Treatment Follow Up",Not specified,Prostate Cancer,Not specified,COMPLETED,ClinicalTrials.gov
NCT01080352,Vitamin C as an Anti-cancer Drug,Ascorbic Acid (Vitamin C),Prostatic Neoplasms,PHASE2,COMPLETED,ClinicalTrials.gov
NCT03453346,Safety and Efficacy of Generic Sofosbuvir and Ribavirin for Treatment-naive Genotype 2 Chronic Hepatitis C,Sofosbuvir; Ribavirin,"Hepatitis C, Chronic; Hepatitis C Virus Infection, Response to Therapy of",NA,COMPLETED,ClinicalTrials.gov
NCT00078403,Pegylated Interferon Alfa-2a Maintenance Therapy and Liver Disease Progression in People Infected With Both HIV and Hepatitis C Virus (HCV),Peginterferon alfa-2a; Ribavirin,HIV Infections; Hepatitis C; Liver Disease,PHASE2,COMPLETED,ClinicalTrials.gov
NCT00816426,Measurement of Anti-TB Drugs in Lung Tissue From Patients Having Surgery to Treat Tuberculosis,Rifampicin; Isoniazid; Pyrazinamide; Kanamycin; Moxifloxacin,Tuberculosis,PHASE1,COMPLETED,ClinicalTrials.gov
NCT05250310,The Effect of Structured Lifestyle Modification and Yoga Practice on Metabolic Processes Associated With Cardiovascular Disease,Chair Yoga,Coronary Artery Disease,NA,RECRUITING,ClinicalTrials.gov
NCT07279896,Determination of RNA/DNA Damage Associated With Oxidative Stress in Periodontitis Patients,Not specified,Periodontitis (Stage 3); Smoking,Not specified,COMPLETED,ClinicalTrials.gov
NCT07067138,A Synthetic Lethality-Focused Algorithm to Identify Therapeutic Options in Advanced Metastatic Breast Cancer (SYNTHESIS-Breast),Expression Networks for highLIGHting Tumor vulnerabilities (ENLIGHT); TruSight(R) Oncology 500; TruSeq Matched Tumor Normal Whole Exome Sequencing Assay,Breast Cancer; Breast Carcinoma; Cancer of the Breast; Malignant Neoplasm of Breast,NA,RECRUITING,ClinicalTrials.gov
NCT05176717,Study to Evaluate the Efficacy Safety and Tolerability of QR-421a in Subjects With RP Due to Mutations in Exon 13 of the USH2A Gene With Early to Moderate Vision Loss (Celeste),QR-421a; Sham-procedure,"Retinitis Pigmentosa; Usher Syndrome Type 2; Deaf Blind; Retinal Disease; Eye Diseases; Eye Diseases, Hereditary; Eye Disorders Congenital; Vision Disorders","PHASE2, PHASE3",TERMINATED,ClinicalTrials.gov
NCT03999840,Eculizumab to Cemdisiran Switch in aHUS,cemdisiran; Placebos,Atypical Hemolytic Uremic Syndrome,PHASE2,WITHDRAWN,ClinicalTrials.gov
NCT04847050,"A Trial of the Safety and Immunogenicity of the COVID-19 Vaccine (mRNA-1273) in Participants With Hematologic Malignancies and Various Regimens of Immunosuppression, and in Participants With Solid Tumors on PD1/PDL1 Inhibitor Therapy",Messenger ribonucleic acid (mRNA)-1273 Vaccine; Messenger ribonucleic acid (mRNA)-1273 Vaccine Booster; ECG; Antibiotics; Anti-viral agents; Anti-fungal agent; Anti-emetics,Solid Tumor Malignancy; Hematologic Malignancy; Leukemia; Lymphoma; Multiple Myeloma,PHASE2,COMPLETED,ClinicalTrials.gov
NCT01734304,DC Vaccination for Postremission Therapy in AML,DC vaccination for postremission therapy in AML,Acute Myeloid Leukemia,"PHASE1, PHASE2",COMPLETED,ClinicalTrials.gov
NCT06834178,Non-interventional Study to Assess the Number of People With Untreated/Unknown HBV + HDV and HCV in South-East Austria,Not specified,HBV; HCV; HDV; Coinfection; Hepatitis B Coinfection; Hepatitis B,Not specified,NOT_YET_RECRUITING,ClinicalTrials.gov
NCT01709084,A Clinical Trial Comparing the Efficacy of Tenofovir Disoproxil Fumarate/Emtricitabine/Rilpivirine (TDF/FTC/RPV) Versus TDF/FTC/Efavirenz (TDF/FTC/EFV) in Patients With Undetectable Plasma HIV-1 RNA on Current First-line Treatment,Rilpivirine; Efavirenz; Tenofovir disoproxil fumarate; Emtricitabine,Human Immunodeficiency Virus-type 1 Infection,PHASE3,COMPLETED,ClinicalTrials.gov
NCT04457050,Effect of Hepatitis C Clearance on Insulin Resistance,Sofosbuvir 400 milligram; Daclatasvir 60 milligram; Ribavirin 400 milligram; Ledipasvir 90milligram/Sofosbuvir 400 milligram Tab,Insulin Resistance; Hepatitis C,PHASE4,COMPLETED,ClinicalTrials.gov
NCT00002211,Safety and Effectiveness of Giving Combinations of Three or Four Anti-HIV Drugs to HIV-Infected Patients,Nelfinavir mesylate; Delavirdine mesylate; Stavudine; Didanosine,HIV Infections,NA,COMPLETED,ClinicalTrials.gov
NCT03062436,To Study the Impact of Stopping Therapy in Patients of CML With Molecular Remission,Stopping the standard drug therpy; Quantitative bcrabl recording every month for first 6 months,Chronic Myeloid Leukemia; Treatment Free Remission,NA,UNKNOWN,ClinicalTrials.gov
NCT00006495,Immune Responses in HIV-Positive Patients Receiving an Anti-HIV Drug Combination When Given the HIV Vaccines Remune and vCP1452,"ALVAC(2)120(B,MN)GNP (vCP1452); HIV-1 Immunogen",HIV Infections,PHASE1,COMPLETED,ClinicalTrials.gov
NCT03281902,Genetic Analysis in Blood and Tumor Samples From Patients With Advanced or Metastatic Estrogen Receptor Positive and HER2 Negative Breast Cancer Receiving Palbociclib and Endocrine Therapy,Biopsy; Biospecimen Collection; Laboratory Biomarker Analysis,Advanced Breast Carcinoma; Locally Advanced Breast Carcinoma; Metastatic Breast Carcinoma; Recurrent Breast Carcinoma; Stage III Breast Cancer AJCC v7; Stage IIIA Breast Cancer AJCC v7; Stage IIIB Breast Cancer AJCC v7; Stage IIIC Breast Cancer AJCC v7; Stage IV Breast Cancer AJCC v6 and v7,Not specified,ACTIVE_NOT_RECRUITING,ClinicalTrials.gov
NCT02138331,Effect of Microvesicles and Exosomes Therapy on β-cell Mass in Type I Diabetes Mellitus (T1DM),MSC exosomes.,Diabetes Mellitus Type 1,"PHASE2, PHASE3",UNKNOWN,ClinicalTrials.gov
NCT03961828,Hyalornic Acid Level in β-Thalassemic Children Treated for Hepatitis C Virus,Ledipasvir 90 MG / Sofosbuvir 400 MG [Harvoni],Beta-Thalassemia; Hepatitis C,PHASE4,COMPLETED,ClinicalTrials.gov
NCT01937728,Tailored Regimens of PEGASYS® and Ribavirin for Genotype 1 Chronic Hepatitis C Patients Trial (TARGET-1),A: Peg-interferon alpha-2a & Ribavirin; B: Peg-interferon alpha-2a & Ribavirin; C: Peg-interferon alpha-2a & Ribavirin; D: Peg-interferon alpha-2a & Ribavirin; E: Peg-interferon alpha-2a & Ribavirin; F: Peg-interferon alpha-2a & Ribavirin,Hepatitis C,PHASE4,COMPLETED,ClinicalTrials.gov
NCT00492401,Decitabine in Treating Patients With Previously Untreated Acute Myeloid Leukemia,decitabine; laboratory biomarker analysis; pharmacological study; high performance liquid chromatography; microarray analysis; RNA analysis; mass spectrometry; DNA methylation analysis; matrix-assisted laser desorption/ionization time of flight mass spectrometry,Adult Acute Myeloid Leukemia With 11q23 (MLL) Abnormalities; Adult Acute Myeloid Leukemia With Del(5q); Adult Acute Myeloid Leukemia With Inv(16)(p13;q22); Adult Acute Myeloid Leukemia With t(15;17)(q22;q12); Adult Acute Myeloid Leukemia With t(16;16)(p13;q22); Adult Acute Myeloid Leukemia With t(8;21)(q22;q22); Secondary Acute Myeloid Leukemia; Untreated Adult Acute Myeloid Leukemia,PHASE2,COMPLETED,ClinicalTrials.gov
NCT00036465,Effects of Changing HIV Therapy at Lower Versus Higher Viral Loads,Treatment regimen change,HIV Infections,PHASE2,COMPLETED,ClinicalTrials.gov
NCT03253107,Predicting Biomarker of Gastric Cancer Chemotherapy Response,Chemotherapy,Gastric Cancer; Chemotherapy Effect; Predictive Cancer Model,Not specified,UNKNOWN,ClinicalTrials.gov
NCT04188275,CIRCULATING MICRO-RNA (miRNA) AND AR-V7 MUTATIONAL STATUS IN METASTATIC CASTRATION-RESISTANT PROSTATE CANCER (CRPC): PRIMERA+ STUDY (PROSTATE CANCER INNOVATING MARKERS OF EXPECTED RESPONSE TO AGONIST LHRH+ ANDROGEN RECEPTOR INHIBITION,Periodic ARV7 and miRNA evaluation,D011471; D064129; D035683; D009360; D014408,Not specified,UNKNOWN,ClinicalTrials.gov
NCT03980665,The Effect of Arsenic Trioxide on Eliminating HIV-1 Reservoir Combined With cART,Arsenic Trioxide,HIV/AIDS,PHASE1,UNKNOWN,ClinicalTrials.gov
NCT07230912,"Impact of Comorbidities, Some Biomarkers, Micro RNA in Childhood Asthma Phenotypes",Short Acting Beta 2 Agonist,Bronchial Asthma,Not specified,NOT_YET_RECRUITING,ClinicalTrials.gov
NCT02785731,Evaluation of Multiple Biomarkers to Estimate Risk of Ovarian Cancer in Patients With a Pelvic Mass.,Pelvic imaging; Blood draw; laparotomy or laparoscopy,Ovarian Neoplasms,Not specified,COMPLETED,ClinicalTrials.gov
NCT00000872,Treatment With Combinations of Several Antiviral Drugs in Infants and Young Children With HIV Infection,Abacavir sulfate; Nelfinavir mesylate; Nevirapine; Lamivudine; Stavudine; Zidovudine,HIV Infections,PHASE2,COMPLETED,ClinicalTrials.gov
NCT04885101,Comparison of Conservative Treatment Options in the Management of Erectile Dysfunction,LISWT Group; NARFT Group; Sham Group,Erectile Dysfunction,NA,UNKNOWN,ClinicalTrials.gov
NCT07266545,RNA Editing as a Biomarker of Antidepressant Response in Unipolar and Bipolar Depression (EDIT-ANDRE),Vortioxetine; Bupropion extended release; Cariprazine (Augmentation Phase),Unipolar Depression; Bipolar Depression,PHASE4,NOT_YET_RECRUITING,ClinicalTrials.gov
NCT03779022,miRNA and Relevant Biomarkers of BC Patients Undergoing Neoadjuvant Treatment,microRNA,Breast Cancer,Not specified,UNKNOWN,ClinicalTrials.gov
NCT00788918,Study of Cerebral Function in Patients With Chronic Hepatitis C Infection (HCV/CNS),Interferon and ribavirin,"Hepatitis C, Chronic; Cognition Disorders; Fatigue Syndrome, Chronic; Major Depressive Disorder",NA,COMPLETED,ClinicalTrials.gov
NCT02366494,Micro RNAs to Predict Response to Androgen Deprivation Therapy,Bicalutamide; Leuprolide; Goserelin; Triptorelin; Docetaxel; Abiraterone; Apalutamide; Enzalutamide,Prostate Cancer,Not specified,COMPLETED,ClinicalTrials.gov
NCT00854802,A Study of Debio 025 (Alisporivir) Combined With Peg-IFNα2a and Ribavirin in Treatment naïve Chronic Hepatitis C Genotype 1 Patients,Debio 025; Peg-IFNα2a; Ribavirin; Debio 025 placebo,Chronic Hepatitis C,NA,COMPLETED,ClinicalTrials.gov
NCT04943588,Treating Hepatitis C in Pakistan. Strategies to Avoid Resistance to Antiviral Drugs,HCV RNA (PCR); HCV Antibody test (Point of care); AST/ALT and platelets measurement,"Hepatitis C, Chronic",Not specified,RECRUITING,ClinicalTrials.gov
NCT06539273,Exosome Treatment in Androgenetic Alopecia,"Exosome Complex, RNA",Androgenetic Alopecia; Exosomes,PHASE3,COMPLETED,ClinicalTrials.gov
NCT03793439,"Tofacitinib Hypothesis-generating, Pilot Study for Corticosteroid-Dependent Sarcoidosis",Tofacitinib 5mg Oral Tablet [Xeljanz] 16 week trial; Spirometry; RNA Sequencing; Laboratory testing; Corticosteroid; Tofacitinib 5mg [Xeljanz] 1 year open-label extension,"Sarcoidosis, Pulmonary; Sarcoidosis Lung; Sarcoidosis",PHASE1,COMPLETED,ClinicalTrials.gov
NCT03903757,"Network Medicine, Epigenetics and Obesity",DNA methylome and total RNA sequencing,Obesity; Type2 Diabetes,Not specified,UNKNOWN,ClinicalTrials.gov
NCT03222531,Expanding the Pool in Orthotopic Heart Transplantation,sofosbuvir/velpatasvir,Hepatitis C; Heart Transplant; Cardiac Transplant,PHASE2,ACTIVE_NOT_RECRUITING,ClinicalTrials.gov
NCT04150068,Study to Evaluate the Safety and Efficacy of Lenacapavir (GS-6207) in Combination With an Optimized Background Regimen (OBR) in Heavily Treatment Experienced Participants Living With HIV-1 Infection With Multidrug Resistance,Oral Lenacapavir; Oral Lenacapavir Placebo; Subcutaneous Lenacapavir; Failing ARV Regimen; Optimized Background Regimen (OBR),HIV-1-infection,"PHASE2, PHASE3",ACTIVE_NOT_RECRUITING,ClinicalTrials.gov
NCT00318318,Beneficial Effects of Oral Premarin Estrogen Replacement Therapy Assessed by Human Genome Array,Premarin,Healthy; Estrogen Replacement Therapy,PHASE1,COMPLETED,ClinicalTrials.gov
NCT00000861,The Addition of Indinavir to Anti-HIV Treatment in HIV-Infected Patients,Indinavir sulfate,HIV Infections,NA,COMPLETED,ClinicalTrials.gov
NCT03430024,Nuclear Myosin VI - a Therapeutic Target in Breast Cancer,Association of Myosin VI with oestrogen receptor,Breast Cancer,Not specified,UNKNOWN,ClinicalTrials.gov
NCT06544005,Implication of Long Non-coding RNA HOTTIP Haplotype on Liver Cancer Metastasis,Not specified,Hepatocellular Carcinoma,Not specified,COMPLETED,ClinicalTrials.gov
NCT06744777,The Comparative Efficacy of Standard Treatment Plus Ribavirin vs Standard Treatment Alone in Preventing Clinically Significant Hemorrhage in Patients With Dengue Fever,Ribavirin; Standard Treatment,Dengue Fever; Dengue Hemorrhagic Fever; Severe Dengue,PHASE3,COMPLETED,ClinicalTrials.gov
NCT02185794,"Study to Evaluate Safety, Tolerability, Pharmacokinetics, and Antiviral Activity of Voxilaprevir in Adults With Chronic Hepatitis C Virus Infection",Voxilaprevir; Placebo to match voxilaprevir; SOF/VEL,Hepatitis C Virus Infection,PHASE1,COMPLETED,ClinicalTrials.gov
NCT03739372,Clinical Benefit of Using Molecular Profiling to Determine an Individualized Treatment Plan for Patients With High Grade Glioma,Specialized tumor board recommendation,Glioma; Glioma of Brain; Cancer; Pediatric Cancer; Pediatric Brain Tumor; Astrocytoma; Glioblastoma; Hemispheric,NA,ACTIVE_NOT_RECRUITING,ClinicalTrials.gov
NCT04071353,Observational Cohort Study of Clinical Outcomes After Antiviral Therapy for Chronic Hepatitis C,Interferon; ribavirin; DAAs,Chronic Hepatitis C,Not specified,UNKNOWN,ClinicalTrials.gov
NCT00001045,Comparison of Three Anti-HIV Drug Combinations in HIV-Infected Patients With No Symptoms of the Disease,Nevirapine; Zidovudine; Didanosine,HIV Infections,PHASE2,COMPLETED,ClinicalTrials.gov
NCT02828202,"Follow-up of a National Cohort of Melanoma Resectable Stage II, Stage III or IV Patients or Unresectable Primary",Biological; Tissular; Quality of life,Malignant Melanoma,Not specified,RECRUITING,ClinicalTrials.gov
NCT02613962,Proof -of -Concept Study To Stratify Targeted Therapies Adapted To Molecular Profiling,biopsy or surgical resection of tumor and blood sampling,Relapsed or Refractory Pediatric Tumor,NA,UNKNOWN,ClinicalTrials.gov
NCT03659786,Single-center Prospective Cumulus Cell Test Study,CC-Test,Pregnancy,NA,UNKNOWN,ClinicalTrials.gov
NCT00002429,Evaluation of an Anti-HIV Drug Combination That Includes a Coated Form of Didanosine (ddI EC) Compared to a Typical Anti-HIV Drug Regimen,Lamivudine/Zidovudine; Nelfinavir mesylate; Stavudine; Didanosine,HIV Infections,PHASE3,COMPLETED,ClinicalTrials.gov
NCT00350272,"Elvucitabine/Efavirenz/Tenofovir Versus Lamivudine/Efavirenz/Tenofovir in Human Immunodeficiency Virus (HIV)-1 Infected, Treatment-naive Participants",Elvucitabine; Lamivudine; Tenofovir; Efavirenz,HIV Infections,PHASE2,COMPLETED,ClinicalTrials.gov
NCT06981377,PRostate Cancer Plasma Integrative Multi-modal Evaluation,"Analysis of cell free DNA, and extracellular vesicles (EVs) and EV-associated molecular components (including RNA, DNA, proteins)",Metastatic Prostate Cancer,Not specified,RECRUITING,ClinicalTrials.gov
NCT07095192,Scaling Up Point-of-Care Hepatitis C Testing and Treatment in Canada,Preimplementation of HCV Point of care testing,HCV; HEPATITIS C VIRUS CHRONIC INFECTION,Not specified,RECRUITING,ClinicalTrials.gov
NCT04432571,ADAPT for Adolescents Adolescents,SOC-REC/SOC-OIC; SOC-REC/CCT; SOC-REC/IP-NAV; E-NAV/SOC-OIC; E-NAV/CCT; E-Nav/IP-NAV,HIV/AIDS,NA,ACTIVE_NOT_RECRUITING,ClinicalTrials.gov
NCT05998499,HIV-Infected Latin American Asylum Seekers in Europe: Insights From the EuroLatin HIV Cohort,Description,HIV-1-infection; Sexually Transmitted Diseases,Not specified,COMPLETED,ClinicalTrials.gov
NCT05632432,Atrial Appendage Micrograft Transplants to Assist Heart Repair After Cardiac Surgery,Epicardial AAMs-patch transplantation; RNA-stabilized whole blood sampling; Plasma sampling; Transthoracic echocardiography; Late-gadolinium enhancement cardiac magnetic resonance imaging (LGE-CMRI); Symptom-scaling; 6-minute walking test (6MWT); Blood sampling (NT-proBNP); Transesophageal echocardiography; Epicardial collagen-based patch transplantation,"Ischemic Heart Disease; Ischemic Cardiomyopathy; Heart Failure, Systolic; Heart Failure NYHA Class III; Heart Failure NYHA Class II; Heart Failure NYHA Class IV; Coronary Artery Disease",NA,RECRUITING,ClinicalTrials.gov
NCT07167732,CTNNB1 Neurodevelopmental Syndrome - Natural History Study,"A General Medical and Neurological Assessment; World Health Organisation (WHO) Motor Milestones; Burke-Fahn-Marsden Dystonia Rating Scale; Spastic Paraplegia Rating Scale; 5. CTNNB1-Related Neurodevelopmental Disorder (NEDSDV) Cardiac Health Questionnaire; 10m Walk-Run Test; The Nine Hole Peg Test; The Gross Motor Function Classification System; Bayley Scales of Infant and Toddler Development-4: Fine Motor, Gross Motor, Language, and Cognitive Scales; Wechsler Non-Verbal Scale of Ability; The Vineland Adaptive Behaviour Scales - 3; Aberrant Behaviour Checklist -Community; The Modified Checklist for Autism in Toddlers; The Autism Spectrum Quotient Questionnaire -Children's Version; The Autism-Spectrum Quotient (AQ)-Adolescent Version; Continuous Movement Monitoring (Actimyo/Syde); Sleep Disturbance Scale for Children; Seizure Diary; 30min EEG Recording; PedsQL Family Impact Module; PedsQL Core Module; Blood Sample Collection; Optical Coherence Tomography; Brain MRI",CTNNB1 Neurodevelopmental Syndrome,Not specified,RECRUITING,ClinicalTrials.gov
NCT01851330,Safety and Efficacy of Ledipasvir/Sofosbuvir Fixed-Dose Combination ± Ribavirin for the Treatment of HCV (ION-3),LDV/SOF; RBV,Chronic Hepatitis C Virus,PHASE3,COMPLETED,ClinicalTrials.gov
NCT00821964,Topical Imiquimod and Abraxane in Treating Patients With Advanced Breast Cancer,imiquimod; Abraxane; laboratory biomarker analysis; RNA analysis; immunoenzyme technique,Male Breast Cancer; Recurrent Breast Cancer; Skin Metastases; Stage IV Breast Cancer,PHASE2,COMPLETED,ClinicalTrials.gov
NCT05185414,Combining Exome and Transcriptome Data to Unravel the Genetic Basis of the Lissencephalies,Venipuncture and skin biopsy for RNA extraction,Classical Lissencephalies and Subcortical Band Heterotopias,NA,UNKNOWN,ClinicalTrials.gov
NCT05360264,tailOred dRug repurposIng of dEcitabine in KRAS-dependeNt refracTory pAncreaTic cancEr,Decitabine 50 MG [Dacogen],Pancreatic Adenocarcinoma Metastatic; Pancreatic Adenocarcinoma Recurrent,PHASE2,TERMINATED,ClinicalTrials.gov
NCT02436564,In Vitro Models of Liver and Pancreatic Cancer,Organoid in vitro culture,Cholangiocarcinoma; Hepatocellular Carcinoma; Pancreatic Neoplasm,Not specified,UNKNOWN,ClinicalTrials.gov
NCT04788914,lncRNAs as a Biomarker to Assess the Therapeutic Impact of Oral Absorbent ± Probiotics in CKD Patients With PAD,Active bamboo charcoal± probiotics,CKD; PAD,NA,RECRUITING,ClinicalTrials.gov
NCT00046033,Comparing Standard-Dose Versus Adjusted-Dose Lopinavir/Ritonavir Therapy in HIV-Infected Persons With Drug Resistance,Lopinavir/ritonavir; Ritonavir; Saquinavir; Tenofovir disoproxil fumarate; Amprenavir,HIV Infections,PHASE2,COMPLETED,ClinicalTrials.gov
NCT02663752,A Phase II Pilot Study to Assess the Presence of Molecular Factors Predictive for Hematologic Response in Myelodysplastic Syndrome Patients Receiving Deferasirox Therapy.,Bone marrow aspirate; Deferasirox,Myelodysplastic Syndrome,PHASE2,TERMINATED,ClinicalTrials.gov
NCT01705704,A Retrospective Biomarker Study of Stored Samples Obtained From Patients With Chronic Hepatitis B,Not specified,"Hepatitis B, Chronic",Not specified,COMPLETED,ClinicalTrials.gov
NCT05446090,Asthma: Phenotyping Exacerbations 3,"Spirometry including peak flow; Fractional Exhaled Nitric Oxide (FeNO); Forced Oscillation Technique (FOT); Sputum Induction; Bloods; Nasal lavage; Throat swab; Nasal Brush.; Nasal absorption; Medical History, Demographic, and Concomitant Medications; Sino-nasal Outcome Test; Gastroesophageal Reflux Disease Questionnaire; Pittsburgh Vocal Cord Dysfunction Index; Nijmegen Questionnaire.; Hospital Anxiety and Depression Scale; Compliance and adherence; Acute Asthma Quality of Life Questionnaire",Asthma Attack,Not specified,UNKNOWN,ClinicalTrials.gov
NCT01714440,Genomics of Kidney Transplantation,Not specified,KidneyTransplant Recipients; Simultaneous Kidney/Pancreas Recipients; Kidney Transplant Donor,Not specified,COMPLETED,ClinicalTrials.gov
NCT01153113,Human Telomerase Reverse Transcriptase Messenger RNA (hTERT mRNA) Transfected Dendritic Cell Vaccines,hTERT mRNA DC; hTERT mRNA DC,Metastatic Prostate Cancer,"PHASE1, PHASE2",WITHDRAWN,ClinicalTrials.gov
NCT04428346,A Trial to Assess the Effect of an Intervention Integrating Contingency Management (Financial Incentives) to Enhance Hepatitis C Treatment Uptake Following Dried Blood Spot Hepatitis C RNA Testing Among People With Recent Injecting Drug Use Attending Needle and Syringe Programs,Incentive payment,"Hepatitis C, Chronic",NA,UNKNOWN,ClinicalTrials.gov
NCT06574620,Using Tumour DNA and Proteins to Better Understand How Pancreatic Cancer Responds to Treatment,Genetic testing; Optional biopsy; Tissue collection,Pancreatic Ductal Adenocarcinoma; Resectable Pancreatic Ductal Adenocarcinoma; Borderline Resectable Pancreatic Ductal Adenocarcinoma; Locally Advanced Pancreatic Ductal Adenocarcinoma,NA,RECRUITING,ClinicalTrials.gov
NCT02363946,A Study of ARC-AAT in Healthy Volunteer Subjects and Patients With Alpha-1 Antitrypsin Deficiency (AATD),ARC-AAT Injection; Placebo; Diphenhydramine,Alpha-1 Antitrypsin Deficiency,PHASE1,TERMINATED,ClinicalTrials.gov
NCT00781274,"Efficacy and Safety of MP-424, Peginterferon Alfa-2b and Ribavirin in Chronic Hepatitis C Who Have Not Achieved an Undetectable HCV RNA Level With Previous Interferon Based Therapy",MP-424; Ribavirin; Peginterferon Alfa-2b,Hepatitis C,PHASE3,COMPLETED,ClinicalTrials.gov
NCT01476410,Brentuximab Vedotin and Combination Chemotherapy in Treating Older Patients With Previously Untreated Stage II-IV Hodgkin Lymphoma,brentuximab vedotin; doxorubicin hydrochloride; vinblastine; dacarbazine; quality-of-life assessment; DNA analysis; RNA analysis; fludeoxyglucose F 18; positron emission tomography; laboratory biomarker analysis; immunohistochemistry staining method; polymorphism analysis,Adult Lymphocyte Depletion Hodgkin Lymphoma; Adult Lymphocyte Predominant Hodgkin Lymphoma; Adult Mixed Cellularity Hodgkin Lymphoma; Adult Nodular Sclerosis Hodgkin Lymphoma; Stage II Adult Hodgkin Lymphoma; Stage III Adult Hodgkin Lymphoma; Stage IV Adult Hodgkin Lymphoma,PHASE2,UNKNOWN,ClinicalTrials.gov
NCT01448876,Incubation Time and Test of Cure of Chlamydia Trachomatis,Not specified,Chlamydia Trachomatis Infection,Not specified,COMPLETED,ClinicalTrials.gov
NCT03130452,Helicobacter Pylori Eradication Study,Lansoprazole 30mg; Amoxicillin 1.0g Tab; Clarithromycin 500mg; Metronidazole 500 mg,Helicobacter Pylori Infection,PHASE4,COMPLETED,ClinicalTrials.gov
NCT02532764,Dose Escalation Study of QR-010 in Homozygous ΔF508 Cystic Fibrosis Patients,QR-010; Placebo,Cystic Fibrosis,"PHASE1, PHASE2",COMPLETED,ClinicalTrials.gov
NCT01840306,Exosomal and Free Extracellular RNAs and Proteins as Predictive Biomarkers for HER2 Therapies in Breast Cancer,Biomarker Analysis,Breast Cancer; HER2 Positive Breast Cancer; HER2 Negative Breast Cancer,Not specified,COMPLETED,ClinicalTrials.gov
NCT00002371,The Safety and Effectiveness of Lamivudine Plus Stavudine or Zidovudine in HIV-Infected Patients Who Have Taken Zidovudine,Indinavir sulfate; Lamivudine; Stavudine; Zidovudine,HIV Infections,PHASE3,COMPLETED,ClinicalTrials.gov
NCT04526899,A Study to Investigate the Novel Agent BNT111 and Cemiplimab in Combination or as Single Agents in Patients With Advanced Melanoma That Has Not Responded to Other Forms of Treatment,BNT111; Cemiplimab,Melanoma Stage III; Melanoma Stage IV; Unresectable Melanoma,PHASE2,COMPLETED,ClinicalTrials.gov
NCT06551844,Adaptive Dengue Antiviral Platform Trial,Molnupiravir 400 mg; VIS513 (a monoclonal antibody),Dengue; Antiviral Drugs,PHASE2,NOT_YET_RECRUITING,ClinicalTrials.gov
NCT04279509,Selecting Chemotherapy With High-throughput Drug Screen Assay Using Patient Derived Organoids in Patients With Refractory Solid Tumours (SCORE),Tumor Core Biopsy; Blood sampling,Organoids; HNSCC; Epithelial Ovarian Cancer; Colorectal Cancer,NA,UNKNOWN,ClinicalTrials.gov
NCT05660408,RNA Lipid Particles Targeting Pediatric Recurrent Intracranial Malignancies and Other systEmic Solid Tumors,pp65 RNA LP (DP1); pp65/tumor mRNA RNA-LP (DP2); Surgical Biopsy/Resection,Recurrent Pulmonary Osteosarcoma; Recurrent High-grade Glioma,"PHASE1, PHASE2",RECRUITING,ClinicalTrials.gov
NCT01333644,The Role of Inflammation and Aging in HIV-Associated Cardiovascular Risk,Not specified,HIV Infection; Cardiovascular Disease; Inflammation,Not specified,COMPLETED,ClinicalTrials.gov
NCT00946595,Evaluation of a Lopinavir/Ritonavir Monotherapy vs a Triple Therapy as Maintenance Regimens in HIV-1 Infected Patients,efavirenz/emtricitabin/tenofovir; lopinavir/ritonavir,HIV Infections,"PHASE2, PHASE3",COMPLETED,ClinicalTrials.gov
NCT01187602,Short Non-coding RNA Biomarkers of Predisposition to Ovarian Cancer,Not specified,Ovarian Cancer,Not specified,UNKNOWN,ClinicalTrials.gov
NCT06717295,The CCANED-CIPHER Study: Early Cancer Detection and Treatment Response Monitoring Using AI-Based Platelet and Immune Cell Transcriptomic Profiling,DiNanoQ: A multi-cancer early detection (MCED) blood test; DiNanoTrack: Therapeutic Response Monitoring Blood Test,"Brest Cancer; Lung Cancer (NSCLC); Pancreatic Cancer, Adult; Prostate Cancers; Ovarian Cancer; Colorectal Cancer; Glioblastoma (GBM); Liver Carcinoma",Not specified,RECRUITING,ClinicalTrials.gov
NCT04199819,Detecting Occult HBV Infection in Liver Donors Positive for Antibody to Hepatitis B Core Antigen (Anti-HBc),entecavir,Occult Hepatitis B; Liver Transplant; Complications,NA,UNKNOWN,ClinicalTrials.gov
NCT00005918,Effectiveness and Safety of Two Forms of Stavudine in HIV-Infected Patients,Efavirenz; Lamivudine; Stavudine,HIV Infections,PHASE3,COMPLETED,ClinicalTrials.gov
NCT02422797,Regimen Switch to Dolutegravir + Rilpivirine From Current Antiretroviral Regimen in Human Immunodeficiency Virus Type 1 Infected and Virologically Suppressed Adults (SWORD-2),DTG 50 mg; RPV 25 mg; CAR,HIV Infections,PHASE3,COMPLETED,ClinicalTrials.gov
NCT01986595,A Pilot Study on ALK Gene Mutations in Neuroblastoma,Not specified,Neuroblastoma,Not specified,UNKNOWN,ClinicalTrials.gov
NCT06473740,The Endovascular Plus GENe Therapy Versus Only EndoVascular Therapy for Severe Limb ischaemiA Trial,Deoxyribonucleic acid supercoiled plasmid pCMV-VEGF165 (Neovasculgen),Severe Lower Limb Ischemia,PHASE4,RECRUITING,ClinicalTrials.gov
NCT00008866,"Effectiveness of Early or Delayed Addition of Hydroxyurea to a Three-Drug Anti-HIV Drug Combination Including Didanosine, in Advanced HIV Patients Who Failed a First or Second Anti-HIV Triple-Drug Therapy",Tetanus Toxoid Vaccine; Hydroxyurea; Didanosine,HIV Infections,PHASE2,WITHDRAWN,ClinicalTrials.gov
NCT04471961,Analyse of Tumour and Constitutional DNA for the Study of the Determinism in Child Neoplasia,Exome sequencing in pediatrics cancers,"Pediatric Tumor; Familial Cancer; Solid Tumor, Childhood; Hematological Tumor",NA,ACTIVE_NOT_RECRUITING,ClinicalTrials.gov
NCT00725842,Relapse Rate in Hepatitis C Patients Treated With Peginterferon Alfa-2b Plus Ribavirin in Common Clinical Practice in France (P05484)(Completed),Peg-IFN alfa-2b; Ribavirin,"Hepatitis C; Hepatitis C, Chronic",Not specified,TERMINATED,ClinicalTrials.gov
NCT03418480,HARE-40: HPV Anti-CD40 RNA vaccinE,BNT113,Human Papilloma Virus Related Carcinoma; Head and Neck Neoplasm; Cervical Neoplasm; Penile Neoplasms Malignant; Unknown Primary Tumors,"PHASE1, PHASE2",COMPLETED,ClinicalTrials.gov
NCT02641379,A Study of Peginterferon Alfa-2a (Pegasys) When Administered in Combination With Ribavirin in Patients With Chronic Hepatitis C (CHC),Peginterferon alfa-2a; Ribavirin,"Hepatitis C, Chronic",PHASE4,COMPLETED,ClinicalTrials.gov
NCT05202561,A Study of RNA Tumor Vaccine in Patients With Advanced Solid Tumors,RNA tumor vaccine; RNA tumor vaccine+Navuliumab,Advanced Solid Tumor,PHASE1,UNKNOWN,ClinicalTrials.gov
NCT01077310,Alcohol Pharmacotherapy for HIV+ Prisoners,Vivitrol- Intramuscular naltrexone (depot-formulation); Placebo,Alcohol Dependence; Problem Drinking; Hazardous Drinking; Human Immunodeficiency Virus; AIDS,NA,COMPLETED,ClinicalTrials.gov
NCT04609423,Cod Liver Oil for Covid-19 Prevention Study,Cod liver oil; Corn oil (placebo),Covid-19; Respiratory Tract Infections,PHASE4,COMPLETED,ClinicalTrials.gov
NCT01230580,Protease Inhibitor Monotherapy Versus Ongoing Triple-therapy in the Long Term Management of HIV Infection (PIVOT),Protease Inhibitor; Standard-of-care Antiretroviral therapy,HIV Infection; Acquired Immunodeficiency Syndrome,PHASE4,UNKNOWN,ClinicalTrials.gov
NCT05987189,Diagnostic Performance of Small RNA Blood Test in Patients Undergoing Follow-up Imaging After Positive Low Dose CT Screening for Cancer of the Lung,miLungDx,Lung Cancer,Not specified,UNKNOWN,ClinicalTrials.gov
NCT00909350,Micro-RNA (miR) Expression in Upper Gastrointestinal Mucosal Tissue,Not specified,Barrett's Esophagus; Esophageal Adenocarcinoma,Not specified,COMPLETED,ClinicalTrials.gov
NCT06079827,Impact of Therapeutic Plasma Exchange on RNA Biomarker Expression Levels in Alzheimer's Patients,Not specified,Alzheimer Disease,Not specified,UNKNOWN,ClinicalTrials.gov
NCT02339337,A Pilot Study To Evaluate the Efficacy of Response Guided Therapy of Peginterferon Alfa Plus Ribavirin in the Treatment of Patients With HCV/HBV Co-Infection,Abbreviation of treatment duration,HBV/HCV Co-infection,PHASE4,COMPLETED,ClinicalTrials.gov
NCT03546751,Extracellular microRNA: Biomarkers of Endothelial Dysfunction in Obese Adolescents & Adults With Obstructive Sleep Apnea,Continuous Positive Airway Pressure; Diet And Exercise,Obstructive Sleep Apnea,NA,UNKNOWN,ClinicalTrials.gov
NCT02761005,Eradication of H. Pylori Therapy Individualized by the Mutation of 23S rRNA of H. Pylori,Eradication of H. pylori,H. Pylori Infection,PHASE2,UNKNOWN,ClinicalTrials.gov
NCT01390844,Safety and Efficacy of Boceprevir in Asia Pacific Participants With Chronic Hepatitis C Genotype 1 (P07063),Boceprevir (BOC); Placebo to boceprevir; Peginterferon alfa-2b (PEG); Ribavirin (RBV); Cross-Over Boceprevir Treatment,"Hepatitis C, Chronic",PHASE3,COMPLETED,ClinicalTrials.gov
NCT03949764,The Kentucky Viral Hepatitis Treatment Study,Sofosbuvir/velpatasvir (Epclusa®),Hepatitis C; Opioid-Related Disorders; Injection Drug Use,PHASE4,COMPLETED,ClinicalTrials.gov
NCT05713136,The National Australian HCV Point-of-Care Testing Program - HCV Antibody Testing Minimal Dataset,Diagnostic Test: Point-of-Care Testing,Hepatitis C,Not specified,RECRUITING,ClinicalTrials.gov
NCT06829771,Clinical Trial of TQB2825 Injection Combined Immunochemotherapy in Subjects With Diffuse Large B Cell Lymphoma,TQB2825 injection +R-CHOP regimen; TQB2825 injection + GemOx,Diffuse Large B Cell Lymphoma,"PHASE1, PHASE2",RECRUITING,ClinicalTrials.gov
NCT06507787,Evaluation of the Impact of the EDIT-B® Blood Test on the Health Status of Patients Presenting a Major Depressive Episode. Clinical Utility and Medico-Economic Aspects,EDIT-B test; EDIT-B test (without giving result),Bipolar Disorder; Major Depressive Disorder,NA,RECRUITING,ClinicalTrials.gov
NCT00954993,Pharmacokinetics of Vaniprevir (MK-7009) and Hepatitis C Virus RNA Levels After Vaniprevir Treatment (MK-7009-029),Vaniprevir,Chronic Hepatitis C Infection,PHASE1,TERMINATED,ClinicalTrials.gov
NCT02337985,Gene Therapy and Combination Chemotherapy in Treating Patients With AIDS-Related Non-Hodgkin Lymphoma,Prednisone; Rituximab; Etoposide; Doxorubicin Hydrochloride; Vincristine Sulfate; Cyclophosphamide; Filgrastim; Lentivirus Vector rHIV7-shI-TAR-CCR5RZ-transduced Hematopoietic Stem/Progenitor Cells,AIDS-Related Burkitt Lymphoma; AIDS-Related Diffuse Large B-cell Lymphoma; AIDS-Related Plasmablastic Lymphoma; AIDS-Related Primary Effusion Lymphoma; HIV Infection; AIDS Related Non-Hodgkin Lymphoma,PHASE1,ACTIVE_NOT_RECRUITING,ClinicalTrials.gov
NCT00602082,Capecitabine and Streptozocin With or Without Cisplatin in Treating Patients With Unresectable or Metastatic Neuroendocrine Tumors,capecitabine; cisplatin; streptozocin; DNA analysis; RNA analysis; protein analysis; proteomic profiling; laboratory biomarker analysis,Gastrointestinal Carcinoid Tumor; Islet Cell Tumor,PHASE2,COMPLETED,ClinicalTrials.gov
NCT03707080,Direct Acting Antiviral-Post Authorization Safety Study,Not specified,Hepatitis C; Hepatocellular Carcinoma,Not specified,COMPLETED,ClinicalTrials.gov
NCT07108348,ADAR1 Expression Level in Rectal Cancer,Adenosine deaminase acting on RNA1,"Rectum Cancer, Adenocarcinoma",Not specified,RECRUITING,ClinicalTrials.gov
NCT01779518,Expanded Access Program of Sofosbuvir With Ribavirin and With or Without Pegylated Interferon in Aggressive Post-transplant Hepatitis C,Sofosbuvir; Ribavirin; Pegylated Interferon,Post-transplant Hepatitis C,Not specified,APPROVED_FOR_MARKETING,ClinicalTrials.gov
NCT01355393,Vaccine Therapy in Combination With Rintatolimod and/or Sargramostim in Treating Patients With Stage II-IV HER2-Positive Breast Cancer,HER-2/neu peptide vaccine; sargramostim; rintatolimod,HER2-positive Breast Cancer; Male Breast Cancer; Recurrent Breast Cancer; Stage II Breast Cancer; Stage IIIA Breast Cancer; Stage IIIB Breast Cancer; Stage IIIC Breast Cancer; Stage IV Breast Cancer,"PHASE1, PHASE2",COMPLETED,ClinicalTrials.gov
NCT02823184,Endoplasmic Reticulum Stress and Resistance to Treatments in Ph-negative Myeloproliferative Neoplasms,RNA sample of total leukocytes before start of treatment,Polycythemia Vera; Essential Thrombocythemia,Not specified,COMPLETED,ClinicalTrials.gov
NCT00423670,Safety and Efficacy of SCH 503034 in Previously Untreated Subjects With Chronic Hepatitis C Infected With Genotype 1 (Study P03523),boceprevir (SCH 503034); peginterferon-alfa 2b (PegIntron); ribavirin; ribavirin (low-dose),Chronic Hepatitis C,PHASE2,COMPLETED,ClinicalTrials.gov
NCT01121705,Efficacy Study of New Therapeutic Schedules in Naive Hepatitis C Virus (HCV) Patients Infected With Genotype 3 (HCV-3),Peg Interferon alpha2b + Ribavirin,Chronic Hepatitis,PHASE3,COMPLETED,ClinicalTrials.gov
NCT04664075,Predicting Severity and Disease Progression in Influenza-like Illness (Including COVID-19),Respiratory infections,"Influenza; SARS (Severe Acute Respiratory Syndrome); Respiratory Viral Infection; Respiratory Tract Infections; Infection, Bacterial; Infection Viral; Covid19; RNA Virus Infections",Not specified,TERMINATED,ClinicalTrials.gov
NCT04067882,Validation of the Genetic Signature 354849 as a Prognostic Method,Genetic signature,Cervix Cancer,Not specified,UNKNOWN,ClinicalTrials.gov
NCT05111249,A Dose Range Finding Study With Open-Label Extension to Evaluate the Safety of Oral LMI070/Branaplam in Early Manifest Huntington's Disease,Branaplam; Placebo,Early Manifest Huntington Disease,PHASE2,TERMINATED,ClinicalTrials.gov
NCT00000892,A Study of Several Anti-HIV Drug Combinations in HIV-Infected Patients Who Have Used Indinavir,Ritonavir; Nelfinavir mesylate; Levocarnitine; Adefovir dipivoxil; Saquinavir; Delavirdine mesylate,HIV Infections,NA,COMPLETED,ClinicalTrials.gov
NCT00893711,Lactobacillus Reuteri Versus Placebo in the Treatment and Prevention of Infantile Colic,Lactobacillus reuteri DSM 17938; Placebo; L.reuteri + Vit D; Vit D placebo,Infantile Colic,NA,UNKNOWN,ClinicalTrials.gov
NCT04837547,PEACH TRIAL- Precision Medicine and Adoptive Cellular Therapy,Tumor-specific ex vivo expanded autologous lymphocyte transfer (TTRNA-xALT),Neuroblastoma; Diffuse Intrinsic Pontine Glioma,PHASE1,RECRUITING,ClinicalTrials.gov
NCT01355965,Autologous Redirected RNA Meso-CIR T Cells,Autologous T cells,Malignant Pleural Mesothelioma,PHASE1,COMPLETED,ClinicalTrials.gov
NCT01290965,"Safety, PK and Efficacy of 15 Days of SCY-635 Treatment in Hepatitis C Patients",Placebo; SCY-635,Chronic Hepatitis C,PHASE1,COMPLETED,ClinicalTrials.gov
NCT00013663,Immune Therapies and Anti-HIV Therapy Withdrawal in Controlling Viral Load,"ALVAC(2)120(B,MN)GNP (vCP1452); Aldesleukin",HIV Infections,PHASE2,COMPLETED,ClinicalTrials.gov
NCT04373928,Personalized Precision Diagnosis and Treatment of Pancreatic Cancer,Drug guided by Mini-PDX/PDX,Pancreatic Cancer,NA,UNKNOWN,ClinicalTrials.gov
NCT06952036,The Epidemic Status and Development Trend of Hepatitis C Virus Infection in Pregnant Women in Xi'an,Standard Direct-acting antivirals (DAA) treatment procedures for patients with hepatitis C,HCV Infection; HCV Elimination,Not specified,NOT_YET_RECRUITING,ClinicalTrials.gov
NCT03429816,OPPOSITE: Outcome Prediction of Systemic Treatment in Esophagogastric Carcinoma,Biopsy,Gastric Neoplasm; Gastroesophageal Junction Adenocarcinoma; Esophageal Adenocarcinoma; Gastric Adenocarcinoma; Esophageal Neoplasms,NA,COMPLETED,ClinicalTrials.gov
NCT01781754,Changes in Mitochondrial Uncoupling Protein 2 (UCP2) Messenger RNA(mRNA) in Type 2 Diabetes (T2DM) Patients,Blood withdrawal,Diabetes,Not specified,UNKNOWN,ClinicalTrials.gov
NCT00000895,A Study to Learn More About MAC Disease and the Use of Anti-HIV Drugs in Patients With Advanced HIV Infection,Nelfinavir mesylate; Nevirapine; Azithromycin,Mycobacterium Avium-intracellulare Infection; HIV Infections,NA,COMPLETED,ClinicalTrials.gov
NCT00834002,Dendritic Cell Vaccination for Patients With Acute Myeloid Leukemia in Remission,injection of antigen-loaded cultured dendritic cells,Acute Myeloid Leukemia (AML),PHASE1,COMPLETED,ClinicalTrials.gov
NCT03240328,The Effect of Chimeric Antigen Receptor (CAR)-T Cell Therapy on the Reconstitution of HIV-specific Immune Function,CAR-T cells,HIV/AIDS,PHASE1,RECRUITING,ClinicalTrials.gov
NCT02926456,"Study in HIV1-Positive, Virosuppressed Patients Currently inTreatment With Ritonavir-Boosted Protease Inhibitors (PI/r) Starting Cobicistat-Boosted Darunavir (DRV/c - Rezolsta)",Not specified,Human Immunodeficiency Virus,Not specified,COMPLETED,ClinicalTrials.gov
NCT01701401,Safety and Efficacy of Ledipasvir/Sofosbuvir Fixed-Dose Combination (FDC) With and Without Ribavirin for the Treatment of HCV,LDV/SOF; RBV,Chronic Hepatitis C Virus,PHASE3,COMPLETED,ClinicalTrials.gov
NCT07050394,A Dose-Expansion Trial of Intravenous HNF4α srRNA for Unresectable or Metastatic Colorectal Cancer,CD-GA-102,Colorectal Cancer Metastatic; Colorectal Cancer Recurrent; Colorectal Cancer Stage IV,EARLY_PHASE1,RECRUITING,ClinicalTrials.gov
NCT07372261,Validation of a Prognostic Method for Assessing the Risk of Distant Metastasis in Early-stage Breast Cancer,Validation of Prognostic tool,Breast Cancer Early Stage Breast Cancer (Stage 1-3),Not specified,ENROLLING_BY_INVITATION,ClinicalTrials.gov
NCT00724672,A Study of Immune Cells in Patients With Rheumatoid Arthritis During Different Types of Anti-TNF Alpha Treatments (Study P05521),etanercept; infliximab; adalimumab,Rheumatoid Arthritis,Not specified,WITHDRAWN,ClinicalTrials.gov
NCT03819322,The Use of Hepatitis C Positive Livers in Hepatitis C Negative Liver Transplant Recipients,sofosbuvir/velpatasvir,Liver Transplant; Hepatitis C,PHASE2,COMPLETED,ClinicalTrials.gov
NCT05095727,A Study of mRNA-3745 in Adult and Pediatric Participants With Glycogen Storage Disease Type 1a (GSD1a),mRNA-3745,Glycogen Storage Disease,"PHASE1, PHASE2",ACTIVE_NOT_RECRUITING,ClinicalTrials.gov
NCT06611072,OveRcoming immunosupprEssion aNd rebAlancing the Immune reSponSe in ovAriaN CancEr Study,Bone marrow aspiration; Vena puncture; Peritoneal fluid; Spleen biopsy; Tumor biopsy; Omental biopsy,Ovarian Neoplasms; Ovarian Cancer; Ovarian Carcinoma; Immune Suppression; Immune System Suppression,NA,RECRUITING,ClinicalTrials.gov
NCT00001084,A Study of Three Treatment Combinations Using Zidovudine Plus Lamivudine Plus Indinavir in HIV-Infected Patients,Indinavir sulfate; Lamivudine; Stavudine; Zidovudine,HIV Infections,PHASE2,COMPLETED,ClinicalTrials.gov
NCT00005816,Vaccine Therapy in Treating Patients With Stage III or Stage IV Kidney Cancer,therapeutic autologous dendritic cells; conventional surgery,Kidney Cancer,PHASE1,COMPLETED,ClinicalTrials.gov
NCT05097911,"Phase I Study of RNA Oligonucleotide, MTL-CEBPA, Atezolizumab and Bevacizumab in Patients With Advanced Hepatocellular Carcinoma.",MTL-CEBPA; Atezolizumab; Bevacizumab,Advanced Hepatocellular Carcinoma,PHASE1,ACTIVE_NOT_RECRUITING,ClinicalTrials.gov
NCT00028301,Atazanavir Versus Lopinavir/Ritonavir (LPV/RTV) in Patients Who Have Not Had Success With Protease Inhibitor-Containing HAART Regimen(s),Atazanavir; Lopinavir/Ritonavir,HIV Infections,PHASE3,COMPLETED,ClinicalTrials.gov
NCT00118677,Long-Term Supervised Treatment Interruption in HIV-Infected Patients,Treatment interruption,HIV Infections,PHASE3,COMPLETED,ClinicalTrials.gov
NCT03152448,Prospective Prolaris Value and Efficacy,Prolaris,Prostate Cancer,Not specified,TERMINATED,ClinicalTrials.gov
NCT00001086,A Study of Abacavir Plus Indinavir Sulfate Plus Efavirenz in HIV-Infected Patients,Indinavir sulfate; Abacavir sulfate; Efavirenz,HIV Infections,PHASE2,COMPLETED,ClinicalTrials.gov
NCT01421862,Biomarkers in Samples From Adult Patients With Acute Myeloid Leukemia Who Failed Existing Standard-of-Care Treatment,DNA methylation analysis; RNA analysis; gene expression analysis; microarray analysis; mutation analysis; nucleic acid sequencing; laboratory biomarker analysis,Leukemia,Not specified,UNKNOWN,ClinicalTrials.gov
NCT04168073,Sodium Diet Effect on Aldosterone and Urinary RNA (SALTY),High-sodium diet 300 mmol sodium/day; Low-sodium diet 10 mmol sodium/day,Healthy,NA,COMPLETED,ClinicalTrials.gov
NCT05475366,Personalized First-line Chemotherapy Choice in Advanced Pancreatic Adenocarcinoma Using Transcriptomic Signatures (PACsign),Clinical value of 5 transcriptomic signatures to personalize the therapeutic decision for L1 in PDAC; Biomarkers of tumor signatures (translational studies),"Carcinoma, Pancreatic Ductal; Prognosis",NA,RECRUITING,ClinicalTrials.gov
NCT01591356,EphA2 siRNA in Treating Patients With Advanced or Recurrent Solid Tumors,EphA2-targeting DOPC-encapsulated siRNA; Laboratory Biomarker Analysis; Pharmacological Study,Advanced Malignant Solid Neoplasm,PHASE1,ACTIVE_NOT_RECRUITING,ClinicalTrials.gov
NCT00749580,"A Pilot,Raltegravir Versus NRTIs as a Backbone Switched From a Stable Boosted PI Regimen",Switch NRTIs as a Backbone to Raltegravir,Virus Diseases; HIV,NA,COMPLETED,ClinicalTrials.gov
NCT04248361,TEM-PCR™ Prospective Clinical Utility Study,TEM-PCR URI Panel; SOC/Empiric Diagnosis,Upper Resp Tract Infection,PHASE4,SUSPENDED,ClinicalTrials.gov
NCT00000850,The Effectiveness of GM-CSF in HIV-Positive Patients Who Are Also Receiving Anti-HIV Therapy,Indinavir sulfate; Sargramostim,HIV Infections,PHASE2,COMPLETED,ClinicalTrials.gov
NCT06293924,Pericardial Fluid Analysis in Recurrent Pericarditis,Pericardiocentesis; Pericardiotomy; Cytofluorometry and Gene expression analysis,Acute Pericarditis; Pericardial Effusion; Pericardial Disease; Pericardial Fluid Exudate; Autoinflammatory Disorders; Autoinflammatory Disease,Not specified,ENROLLING_BY_INVITATION,ClinicalTrials.gov
NCT04965688,Biology Guided Therapy for Breast Cancer for ER Positive,Biopsy-Guided Therapy Selection,Breast Cancer; Estrogen Receptor-positive Breast Cancer; HER2-negative Breast Cancer,PHASE2,TERMINATED,ClinicalTrials.gov
NCT00000882,Virologic and Immunologic Activity of Continued Lamivudine (3TC) vs Delavirdine (DLV) in Combination With Indinavir (IDV) and Zidovudine (ZDV) or Stavudine (d4T) in 3TC-Experienced Subjects,Indinavir sulfate; Delavirdine mesylate; Lamivudine; Stavudine; Zidovudine,HIV Infections,PHASE2,COMPLETED,ClinicalTrials.gov
NCT00883480,Individualized Treatment Based on Epidermal Growth Factor Receptor Mutations and Level of BRCA1 Expression in Advanced Adenocarcinoma,Docetaxel; Cisplatin; Gemcitabine; Erlotinib,Non-small Cell Lung Cancer,NA,COMPLETED,ClinicalTrials.gov
NCT01544920,Safety and Efficacy of Boceprevir/Peginterferon Alfa-2a/Ribavirin in Interleukin-28B CC Allele-Positive Chronic Hepatitis C Virus (HCV) Genotype 1 Participants (P07755),peg-Interferon alfa-2a; Ribavirin; Boceprevir,"Hepatitis C, Chronic",PHASE3,COMPLETED,ClinicalTrials.gov
NCT03252717,Predictive Role of New Biomarkers for Hypersensitive Patients to Radiation in Breast Cancer (BIORISE),Blood sample,Breast Cancer,NA,ACTIVE_NOT_RECRUITING,ClinicalTrials.gov
NCT07366008,The NorCUP Trial: Improving Prognosis and Personalized Treatment in Cancer of Unknown Primary (CUP),Comprehensive molecular profiling,Cancer of Unknown Primary Site,NA,NOT_YET_RECRUITING,ClinicalTrials.gov
NCT00975897,Study of Tumor Tissue Testing in Selecting Treatment for Patients With Metastatic or Locally Advanced Colorectal Cancer,bevacizumab; cetuximab; fluorouracil; irinotecan hydrochloride; leucovorin calcium; oxaliplatin; RNA analysis; cytogenetic analysis; fluorescence in situ hybridization; gene expression analysis; mutation analysis; protein expression analysis; diagnostic laboratory biomarker analysis; immunohistochemistry staining method; questionnaire administration; cognitive assessment,Colorectal Cancer,"PHASE2, PHASE3",COMPLETED,ClinicalTrials.gov
NCT01263860,A Randomized Trial of 24-Week Versus 48-Week Courses of Peginterferon Plus Ribavirin for HCV Genotype-6 Patients,Peginterferon alfa2a; Ribavirin; Peginterferon alfa2a; Ribavirin,Chronic Hepatitis C,PHASE3,COMPLETED,ClinicalTrials.gov
NCT04515225,COVID-19 Prevalence in HIV-infected Patients,Blood Sample,HIV Infections,Not specified,UNKNOWN,ClinicalTrials.gov
NCT04050449,Assess Therapeutic Efficacy and Emergence of HIV Drug Resistance Following Initiation of TLD,Not specified,HIV-1-infection,Not specified,COMPLETED,ClinicalTrials.gov
NCT03784014,Molecular Profiling of Advanced Soft-tissue Sarcomas,Nilotinib; Ceritinib; Capmatinib; Lapatinib; Trametinib; Trametinib and Dabrafenib; Olaparib and Durvalumab; Palbociclib; Glasdegib; TAS-120; Next Generation sequencing exome,Soft Tissue Sarcoma,PHASE3,ACTIVE_NOT_RECRUITING,ClinicalTrials.gov
NCT07137416,Testing the Safety of the Combination of Anti-Cancer Drugs CX-5461 (Pidnarulex) and Trastuzumab Deruxtecan (T-DXd) for Human Epidermal Growth Factor Receptor 2 (HER2)-Positive Solid Tumors and Breast Cancer,Biopsy Procedure; Biospecimen Collection; Echocardiography Test; Multigated Acquisition Scan; Pidnarulex; Radiologic Imaging Procedure; Trastuzumab Deruxtecan,Anatomic Stage III Breast Cancer AJCC v8; Anatomic Stage IV Breast Cancer AJCC v8; Invasive Breast Carcinoma; Locally Advanced Breast Carcinoma; Metastatic Breast Carcinoma; Metastatic HER2-Low Breast Carcinoma; Metastatic HER2-Positive Breast Carcinoma; Metastatic Hormone Receptor-Positive Breast Carcinoma; Metastatic Malignant Solid Neoplasm; Metastatic Triple-Negative Breast Carcinoma; Unresectable Breast Carcinoma; Unresectable HER2-Low Breast Carcinoma; Unresectable HER2-Positive Breast Carcinoma; Unresectable Hormone Receptor-Positive Breast Carcinoma; Unresectable Malignant Solid Neoplasm; Unresectable Triple-Negative Breast Carcinoma,PHASE1,RECRUITING,ClinicalTrials.gov
NCT06514898,"Adoptive T Cell Therapy, DC Vaccines, and Hematopoietic Stem Cells Combined With Immune checkPOINT Blockade in Patients With Medulloblastoma",TTRNA-DC vaccines with GM-CSF; TTRNA-xALT; Td vaccine; autologous HSCs; Pembrolizumab,Recurrent Group 3 Medulloblastoma; Recurrent Group 4 (Non-SHH/Non-WNT) Medulloblastoma,PHASE1,ACTIVE_NOT_RECRUITING,ClinicalTrials.gov
NCT05191849,Circulating EV Long RNA Profiles in SCLC,Blood sample collection,Small Cell Lung Cancer,NA,UNKNOWN,ClinicalTrials.gov
NCT00000890,A Study to Evaluate the Effect of Anti-HIV Therapy on Lean Tissue (Muscle) in HIV-Positive Patients,Not specified,HIV Infections,Not specified,COMPLETED,ClinicalTrials.gov
NCT03724097,Identification of Molecular Biomarkers for Cancer Target Therapy Efficacy,"RNA sequencing; Transcriptome analysis; target drug with the score above 0,1; target drug with the score equal or below 0,1; non-target drug; palliative care",Cancer,Not specified,UNKNOWN,ClinicalTrials.gov
NCT00013897,"A Comparison of BMS-232632 With Efavirenz, Each in Combination With Zidovudine-Lamivudine",Atazanavir; Lamivudine/Zidovudine; Efavirenz,HIV Infections,PHASE3,COMPLETED,ClinicalTrials.gov
NCT00006443,Effectiveness of Anti-HIV Drugs in Patients Who Have Not Received Previous Anti-HIV Drugs During Different Stages of HIV Infection,Indinavir sulfate; Nelfinavir mesylate; Lamivudine; Stavudine,HIV Infections,NA,COMPLETED,ClinicalTrials.gov
NCT01364090,A Collaborative Trial in Injectors of Individualized Treatment for Genotype 2/3,Pegylated interferon alfa 2b; Ribavirin,"Hepatitis C, Chronic",PHASE4,COMPLETED,ClinicalTrials.gov
NCT03702218,Hepatitis C Positive Donor Into Hepatitis C Negative Recipients,Direct Acting Antivirals,Hepatitis C,EARLY_PHASE1,WITHDRAWN,ClinicalTrials.gov
NCT05902520,Adoptive Cell Therapy Using Cancer Specific CD8+ Tumor Infiltrating Lymphocytes in Adult Patients With Solid Tumors,DP CD8 TIL; DP CD8 TIL KD; Low dose IL-2,HNSCC; Melanoma; Gynecologic Cancer; Colorectal Cancer; Lung Cancer; Urogenital Cancer,PHASE1,ACTIVE_NOT_RECRUITING,ClinicalTrials.gov
NCT05911906,"An Open-label, Clinical Feasibility Study of the Efficacy of Remdesivir for Long-COVID.",Remdesivir,SARS-CoV-2 Infection; COVID-19,PHASE4,COMPLETED,ClinicalTrials.gov
NCT01585584,Triple-Therapy in Patients With HCV Genotype 3 Who Previously Failed Treatment,Boceprevir,Hepatitis C,PHASE3,COMPLETED,ClinicalTrials.gov
NCT02121899,Registry Measuring Impact of RNA Expression Testing on Treatment Decisions in Early Stage Lung Cancer and Assessing the Disease-free Survival With Long-term Follow-up (ONC006),Not specified,Lung Cancer; NSCLC; NSCLC Adenocarcinoma,Not specified,TERMINATED,ClinicalTrials.gov
NCT00705432,Safety and Efficacy of Boceprevir in Previously Untreated Subjects With Chronic Hepatitis C Genotype 1 (Study P05216AM2) (COMPLETED),Peginterferon alfa-2b (PEG); Ribavirin (RBV); Placebo; Boceprevir,"Hepatitis C, Chronic",PHASE3,COMPLETED,ClinicalTrials.gov
NCT01607021,Pharmacogenomics Study on IL28B Genetic Variants in Chinese Children With Hepatitis C Virus Infection,Not specified,Chronic Hepatitis C,Not specified,UNKNOWN,ClinicalTrials.gov
NCT05924438,"A Randomised, Phase 3 Non-inferiority Study of DOR/3TC/TDF Compared to DTG/TAF/FTC in Participants Infected With HIV-1 Starting First-line Antiretroviral Therapy",Delstrigo; KOCITAF,HIV-1-infection,PHASE3,ACTIVE_NOT_RECRUITING,ClinicalTrials.gov
NCT00000885,Treatment Success and Failure in HIV-Infected Subjects Receiving Indinavir in Combination With Nucleoside Analogs: A Rollover Study for ACTG 320,Indinavir sulfate; Abacavir sulfate; Nelfinavir mesylate; Efavirenz; Levocarnitine; Adefovir dipivoxil; Lamivudine; Stavudine; Zidovudine; Didanosine,HIV Infections,PHASE2,COMPLETED,ClinicalTrials.gov
NCT00021762,Effects of Immunization With HIV-1 Immunogen Plus Anti-HIV Treatment Interruption on the Levels of HIV,HIV-1 Immunogen; Structured Treatment Interruption,HIV Infections,PHASE2,WITHDRAWN,ClinicalTrials.gov
NCT02960282,Gut Microbiome in Fecal Samples From Patients With Metastatic Cancer Undergoing Chemotherapy or Immunotherapy,Biospecimen Collection; Laboratory Biomarker Analysis,Metastatic Carcinoma; Stage IV Colorectal Cancer; Stage IVA Colorectal Cancer; Stage IVB Colorectal Cancer,Not specified,TERMINATED,ClinicalTrials.gov
NCT07042724,Exercise and Nutrition on Early-stage NSCLC Outcomes: the STARLighT Study,Physical exercise and nutrition intervention for the neoadjuvant setting; Physical exercise and nutrition for the adjuvant setting; Health educational material,Lung Cancer (NSCLC),NA,RECRUITING,ClinicalTrials.gov
NCT06185673,A Study to Evaluate the Safety and Clinical Activity of Intramuscular Doses of BB-301 Administered to Subjects With Oculopharyngeal Muscular Dystrophy With Dysphagia,BB-301: Dose escalation phase 1b cohort 1; BB-301: Dose escalation phase 1b cohort 2; BB-301: Dose escalation phase 1b cohort 3; BB-301: Dose expansion phase 2a,Oculopharyngeal Muscular Dystrophy,"PHASE1, PHASE2",RECRUITING,ClinicalTrials.gov
NCT04038320,Simplified Antiviral Treatment Strategy for Hepatitis C in Ukraine,Sofosbuvir/ledipasvir (SOF/LDV),Hepatitis C Virus,Not specified,COMPLETED,ClinicalTrials.gov
NCT02170389,Vaccine Therapy Before Surgery in Treating Patients With Localized Kidney Cancer,Laboratory Biomarker Analysis; Nephrectomy; Renal Cell Carcinoma/CD40L RNA-Transfected Autologous Dendritic Cell Vaccine AGS-003,Recurrent Renal Cell Carcinoma; Stage I Renal Cell Cancer; Stage II Renal Cell Cancer,NA,TERMINATED,ClinicalTrials.gov
NCT01391013,A Study to Compare Brachial Artery Reactivity and Cardiovascular Risk of a Treatment Simplification by Darunavir/Ritonavir (DRV/r) 800/100 mg Versus a Triple Combination Therapy Containing DRV/r in HIV-1 Infected Patients,Darunavir(DRV); Ritonavir; 2 nucleoside reverse transcriptase inhibitors (NRTIs),Human Immunodeficiency Virus 1,PHASE2,COMPLETED,ClinicalTrials.gov
NCT01684878,Pertuzumab in Platinum-Resistant Low Human Epidermal Growth Factor Receptor 3 (HER3) Messenger Ribonucleic Acid (mRNA) Epithelial Ovarian Cancer (PENELOPE),Gemcitabine (Chemotherapy); Paclitaxel (Chemotherapy); Pertuzumab; Placebo; Topotecan (Chemotherapy),Ovarian Cancer,PHASE3,COMPLETED,ClinicalTrials.gov
NCT02429791,Regimen Switch to Dolutegravir + Rilpivirine From Current Antiretroviral Regimen in Human Immunodeficiency Virus Type 1 Infected and Virologically Suppressed Adults (SWORD-1),DTG 50 mg; RPV 25 mg; CAR,HIV Infections,PHASE3,COMPLETED,ClinicalTrials.gov
NCT07372352,"Zeprumetostat, Azacitidine Combined With Lipo-MIT in R/R PTCL",Zeprumetostat; Azacitidine (AZA); Mitoxantrone Hydrochloride Liposome,Peripheral T Cells Lymphoma (PTCL),PHASE2,RECRUITING,ClinicalTrials.gov
NCT02098616,Rapid Hepatitis C Elimination Trial- A Pilot Study of Daclatasvir/Asunaprevir/BMS-791325 With or Without Ribavirin To Treat Hepatitis C Virus,DCV/ASV/BMS-791325; DCV/ASV/BMS-791325 + RBV,Hepatitis C,NA,COMPLETED,ClinicalTrials.gov
NCT06875336,A Multicentric Cohort and Biomarker Study for Improved Care of Patients with Extrapulmonary Tuberculosis,biomarker analysis,Extrapulmonary Tuberculosis,Not specified,RECRUITING,ClinicalTrials.gov
NCT05042544,The National Australian HCV Point-of-Care Testing Program,Point-of-Care Testing,Hepatitis C,Not specified,RECRUITING,ClinicalTrials.gov
NCT04478006,Advanced Translational Research on Childhood Leukemia,RNA-seq; whole exon sequencing; Cytogenetics test,Childhood Leukemia,Not specified,RECRUITING,ClinicalTrials.gov
NCT05264974,Novel RNA-lipid Particle (RNA-LP) Vaccine for Anti-PD-1 Antibody Therapy Sensitization,Autologous total tumor mRNA loaded DOTAP liposome vaccine,Melanoma; Soft Tissue Sarcoma,PHASE1,RECRUITING,ClinicalTrials.gov
NCT00466752,Sorafenib Tosylate and Gene Expression Analysis in Patients Undergoing Surgery For High-Risk Localized Prostate Cancer,sorafenib tosylate; microarray analysis; immunohistochemistry staining method; gene expression analysis; needle biopsy; therapeutic conventional surgery; laboratory biomarker analysis; western blotting; RNA analysis,Adenocarcinoma of the Prostate; Stage II Prostate Cancer; Stage III Prostate Cancer,PHASE2,COMPLETED,ClinicalTrials.gov
NCT04793750,Ending the HIV Epidemic Through Point-of-Care Technologies (EHPOC),Cepheid GeneXpert HIV-1 Qual POC HIV VL test; DPP HIV-Syphilis test system; OraQuick,HIV Infections; Syphilis,NA,COMPLETED,ClinicalTrials.gov
NCT07258784,RNA Sequencing of Discarded Tracheal Stenosis Tissue to Characterize Cellular and Molecular Pathogenesis,Biopsy or surgery,Tracheal Stenosis; Subglottic Stenosis,Not specified,RECRUITING,ClinicalTrials.gov
NCT02120274,Vitamin D and Vitamin B12 Supplementation With Pegylated Interferon-Alfa Plus Ribavirin for Treating Chronic Hepatitis C,Vitamin D; Vitamin B 12,"RNA Virus Infections; Flaviviridae Infections; Hepatitis C; Hepatitis C, Chronic",PHASE4,TERMINATED,ClinicalTrials.gov
NCT02087241,Ph II Trial of Carboplatin and Pemetrexed With or Without AZD1775 for Untreated Lung Cancer,AZD1775; AZD1775 Matching Placebo; pemetrexed; carboplatin,Previously Untreated Stage IV Non-Squamous Non Small Cell Lung Cancer,PHASE2,TERMINATED,ClinicalTrials.gov
NCT04019873,"'COMBINE-2': Real-world Evidence for Effectiveness of Two Drug Regimen, Antiretroviral Therapy With Integrase Inhibitors Plus a Reverse Transcriptase Inhibitor",Dolutegravir (DTG); Lamivudine (3TC); Rilpivirine (RPV),HIV Infections,Not specified,COMPLETED,ClinicalTrials.gov
NCT01641094,Effect of Teleprevir in Triple Therapy on Intrahepatic Immunological Mechanisms,Not specified,Chronic Hepatitis C,Not specified,COMPLETED,ClinicalTrials.gov
NCT03112044,"Lung Transplant HCV, Pilot Study",Sofosbuvir-velpatasvir (400 mg/100 mg); Ex Vivo Lung Perfusion (EVLP),Lung Transplant Infection; Hepatitis C,EARLY_PHASE1,ACTIVE_NOT_RECRUITING,ClinicalTrials.gov
NCT07245901,Safety and Tolerability of a mRNA Vaccine Encoding Tumor-Specific Circular RNA Antigens in Combination With Anti-PD-1 Monoclonal Antibody in Patients With Advanced Solid Tumors,circFAM53B mRNA vaccine; toripalimab,Solid Tumor,"PHASE1, PHASE2",NOT_YET_RECRUITING,ClinicalTrials.gov
NCT05799612,Phase I Study of TH1 Dendritic Cell Immunotherapy for the Treatment of Cutaneous Angiosarcoma,Paclitaxel; mRNA plus Lysate-loaded Dendritic Cell Vaccine; PEGYLATED-INTERFERON ALPHA-2A; Filgrastim,Angiosarcoma,PHASE1,WITHDRAWN,ClinicalTrials.gov
NCT04930861,Study of Codivir in Patients With COVID-19,Covidir injections; One Step Test; IgM and IgG dosage; RT-PCR SARS-CoV-2; Screening blood test; ECG; Medical evaluation; NEWS-2 score; WHO score,Covid19,PHASE1,COMPLETED,ClinicalTrials.gov
NCT02581202,The Effectiveness of Dual Therapy (Lopinavir/Ritonavir + LamivudinE) in Treatment-Experienced HIV Infected Patients in the Russian Federation,lopinavir/ritonavir; lamivudine,HIV-1 Infection,Not specified,COMPLETED,ClinicalTrials.gov
NCT02204475,Grazoprevir (MK-5172)/Elbasvir (MK-8742) Versus Boceprevir/Pegylated Interferon/Ribavarin for Chronic Hepatitis C Infection (MK-5172-066),Grazoprevir/Elbasvir; Boceprevir; PegIntron; Ribavarin,Hepatitis C,PHASE3,WITHDRAWN,ClinicalTrials.gov
NCT07098481,Access to Hepatitis C Treatment in Cameroon: Comparison of a Simplified Test and Treat Strategy to a Standard Strategy,ACCESS+ strategy Epclusa 400/100 Oral Tablet; ACCESS+ Strategy Vosevi 400/100/100 Oral Tablet; Standard Strategy Vosevi 400/100/100 Oral Tablet; Standard Strategy Epclusa 400/100 Oral Tablet,Hepatitis C Virus Infection,PHASE4,NOT_YET_RECRUITING,ClinicalTrials.gov
